GW,element,name,position,team,predicted_points
30,403,Nathan Redmond,MID,Southampton,0.20421103897348708
30,58,Junior Stanislas,MID,Bournemouth,0.20421103897348708
30,150,Armando Broja,FWD,Chelsea,0.2632643955247713
30,366,Fabian Schär,DEF,Newcastle,0.2210818910462079
30,742,Jeremiah Chilokoa-Mullen,DEF,Leeds,0.2210818910462079
30,249,Jonny Evans,DEF,Leicester,0.2210818910462079
30,724,Enzo Fernández,MID,Chelsea,0.20421103897348708
30,394,Brennan Johnson,FWD,Nott'm Forest,0.2632643955247713
30,514,Cheick Doucouré,MID,Crystal Palace,0.20421103897348708
30,553,Oliver Hammond,MID,Nott'm Forest,0.20421103897348708
30,485,Luke Cundle,MID,Wolves,0.20421103897348708
30,540,Fin Stevens,DEF,Brentford,0.2210818910462079
30,451,Brandon Austin,GK,Spurs,0.08531563522049046
30,158,Luka Milivojevic,MID,Crystal Palace,0.20421103897348708
30,747,George Wickens,GK,Fulham,0.08531563522049046
30,272,Wesley Fofana,DEF,Chelsea,0.2210818910462079
30,529,Gianluca Scamacca,FWD,West Ham,0.2632643955247713
30,281,Alisson Ramses Becker,GK,Liverpool,0.08531563522049046
30,411,Che Adams,FWD,Southampton,0.2632643955247713
30,237,Sam Greenwood,FWD,Leeds,0.2632643955247713
30,750,Charlie Robinson,DEF,Fulham,0.2210818910462079
30,203,Nathaniel Chalobah,MID,Fulham,0.20421103897348708
30,501,Nathaniel Phillips,DEF,Liverpool,0.2210818910462079
30,393,Loïc Mbe Soh,DEF,Nott'm Forest,0.2210818910462079
30,743,Diogo Pinheiro Monteiro,DEF,Leeds,0.2210818910462079
30,102,Jason Steele,GK,Brighton,0.08531563522049046
30,660,Shola Shoretire,FWD,Man Utd,0.2632643955247713
30,209,Tosin Adarabioyo,DEF,Fulham,0.2210818910462079
30,325,Kalvin Phillips,MID,Man City,0.20421103897348708
30,383,Carlos Ribeiro Dias,MID,Nott'm Forest,0.20421103897348708
30,213,Marek Rodák,GK,Fulham,0.08531563522049046
30,359,Ryan Fraser,MID,Newcastle,0.20421103897348708
30,702,Andrey Nascimento dos Santos,MID,Chelsea,0.20421103897348708
30,270,Luke Thomas,DEF,Leicester,0.2210818910462079
30,353,Karl Darlow,GK,Newcastle,0.08531563522049046
30,315,Rodrigo Hernandez,MID,Man City,0.20421103897348708
30,326,Cristiano Ronaldo dos Santos Aveiro,FWD,Man Utd,0.2632643955247713
30,426,Fraser Forster,GK,Spurs,0.08531563522049046
30,278,Alex Oxlade-Chamberlain,MID,Liverpool,0.20421103897348708
30,630,Ethan Nwaneri,MID,Arsenal,0.20421103897348708
30,305,Jack Grealish,MID,Man City,0.20421103897348708
30,317,James McAtee,MID,Man City,0.20421103897348708
30,415,Will Smallbone,MID,Southampton,0.20421103897348708
30,641,Martial Godo,MID,Fulham,0.20421103897348708
30,354,Chris Wood,FWD,Nott'm Forest,0.2632643955247713
30,571,Darren Randolph,GK,Bournemouth,0.08531563522049046
30,479,Leander Dendoncker,MID,Aston Villa,0.20421103897348708
30,729,Keylor Navas,GK,Nott'm Forest,0.08531563522049046
30,183,Allan Marques Loureiro,MID,Everton,0.20421103897348708
30,290,Ibrahima Konaté,DEF,Liverpool,0.2210818910462079
30,210,Aleksandar Mitrović,FWD,Fulham,0.2632643955247713
30,519,Christian Eriksen,MID,Man Utd,0.20421103897348708
30,373,Joe Willock,MID,Newcastle,0.20421103897348708
30,494,Yerson Mosquera Valdelamar,DEF,Wolves,0.2210818910462079
30,321,Roméo Lavia,MID,Southampton,0.20421103897348708
30,686,Ellis Simms,FWD,Everton,0.2632643955247713
30,84,Kristoffer Ajer,DEF,Brentford,0.2210818910462079
30,585,Emmanuel Dennis,FWD,Nott'm Forest,0.2632643955247713
30,681,Gustavo Henrique Furtado Scarpa,MID,Nott'm Forest,0.20421103897348708
30,163,Will Hughes,MID,Crystal Palace,0.20421103897348708
30,512,Joe Ayodele-Aribo,MID,Southampton,0.20421103897348708
30,536,Orel Mangala,MID,Nott'm Forest,0.20421103897348708
30,496,Luke Plange,FWD,Crystal Palace,0.2632643955247713
30,443,Cristian Romero,DEF,Spurs,0.2210818910462079
30,233,Jack Harrison,MID,Leeds,0.20421103897348708
30,575,Maxwel Cornet,MID,West Ham,0.20421103897348708
30,508,Luis Sinisterra Lucumí,MID,Leeds,0.20421103897348708
30,157,Nathaniel Clyne,DEF,Crystal Palace,0.2210818910462079
30,405,Stuart Armstrong,MID,Southampton,0.20421103897348708
30,402,Oriol Romeu Vidal,MID,Southampton,0.20421103897348708
30,229,Tyler Roberts,MID,Leeds,0.20421103897348708
30,638,Lamare Bogarde,DEF,Aston Villa,0.2210818910462079
30,555,Harrison Ashby,DEF,Newcastle,0.2210818910462079
30,273,Lewis Brunt,DEF,Leicester,0.2210818910462079
30,350,Matt Ritchie,DEF,Newcastle,0.2210818910462079
30,253,Jannik Vestergaard,DEF,Leicester,0.2210818910462079
30,118,Enock Mwepu,MID,Brighton,0.20421103897348708
30,141,Trevoh Chalobah,DEF,Chelsea,0.2210818910462079
30,530,Chris Richards,DEF,Crystal Palace,0.2210818910462079
30,649,Cameron Plain,GK,Bournemouth,0.08531563522049046
30,288,Diogo Teixeira da Silva,FWD,Liverpool,0.2632643955247713
30,355,Martin Dubravka,GK,Newcastle,0.08531563522049046
30,225,Rodrigo Moreno,MID,Leeds,0.20421103897348708
30,737,Ben Greenwood,DEF,Bournemouth,0.2210818910462079
30,490,Francisco Jorge Tomás Oliveira,MID,Wolves,0.20421103897348708
30,420,Mohammed Salisu,DEF,Southampton,0.2210818910462079
30,331,Frederico Rodrigues de Paula Santos,MID,Man Utd,0.20421103897348708
30,117,Jakub Moder,MID,Brighton,0.20421103897348708
30,603,Lucas Tolentino Coelho de Lima,MID,West Ham,0.20421103897348708
30,168,Jean-Philippe Mateta,FWD,Crystal Palace,0.2632643955247713
30,177,Salomón Rondón,FWD,Everton,0.2632643955247713
30,221,Liam Cooper,DEF,Leeds,0.2210818910462079
30,665,Ben Doak,MID,Liverpool,0.20421103897348708
30,594,Alexander Isak,FWD,Newcastle,0.2632643955247713
30,713,Arnaut Danjuma,MID,Spurs,0.20421103897348708
30,318,Erling Haaland,FWD,Man City,0.2632643955247713
30,745,Oliwier Zych,GK,Aston Villa,0.08531563522049046
30,706,Euan Pollock,FWD,Bournemouth,0.2632643955247713
30,726,Sasa Lukic,MID,Fulham,0.20421103897348708
30,67,Lewis Cook,MID,Bournemouth,0.20421103897348708
30,495,Remi Matthews,GK,Crystal Palace,0.08531563522049046
30,314,Phil Foden,MID,Man City,0.20421103897348708
30,676,David Ozoh,MID,Crystal Palace,0.20421103897348708
30,622,Juan Larios López,DEF,Southampton,0.2210818910462079
30,298,Calvin Ramsay,DEF,Liverpool,0.2210818910462079
30,650,Yegor Yarmolyuk,MID,Brentford,0.20421103897348708
30,703,Danilo dos Santos de Oliveira,MID,Nott'm Forest,0.20421103897348708
30,379,Steve Cook,DEF,Nott'm Forest,0.2210818910462079
30,250,Ryan Bertrand,DEF,Leicester,0.2210818910462079
30,692,Mislav Orsic,MID,Southampton,0.20421103897348708
30,528,Sékou Mara,FWD,Southampton,0.2632643955247713
30,338,Scott McTominay,MID,Man Utd,0.20421103897348708
30,390,Xande Nascimento da Costa Silva,MID,Nott'm Forest,0.20421103897348708
30,398,Dean Henderson,GK,Nott'm Forest,0.08531563522049046
30,65,Jack Stacey,DEF,Bournemouth,0.2210818910462079
30,192,Mason Holgate,DEF,Everton,0.2210818910462079
30,115,Steven Alzate,MID,Brighton,0.20421103897348708
30,223,Mateusz Klich,MID,Leeds,0.20421103897348708
30,671,Jimmy Morgan,FWD,Southampton,0.2632643955247713
30,423,Armel Bella-Kotchap,DEF,Southampton,0.2210818910462079
30,21,Ainsley Maitland-Niles,MID,Southampton,0.20421103897348708
30,274,James Milner,MID,Liverpool,0.20421103897348708
30,515,Keane Lewis-Potter,MID,Brentford,0.20421103897348708
30,301,Kevin De Bruyne,MID,Man City,0.20421103897348708
30,500,Sepp van den Berg,DEF,Liverpool,0.2210818910462079
30,242,Joe Gelhardt,FWD,Leeds,0.2632643955247713
30,50,Diego Carlos Santos Silva,DEF,Aston Villa,0.2210818910462079
30,431,Lucas Rodrigues Moura da Silva,MID,Spurs,0.20421103897348708
30,526,Ben Mee,DEF,Brentford,0.2210818910462079
30,659,Mateo Joseph Fernández,FWD,Leeds,0.2632643955247713
30,687,Kasey McAteer,MID,Leicester,0.20421103897348708
30,27,Marcus Oliveira Alencar,MID,Arsenal,0.20421103897348708
30,718,Matías Viña,DEF,Bournemouth,0.2210818910462079
30,231,Daniel James,MID,Fulham,0.20421103897348708
30,690,João Félix Sequeira,FWD,Chelsea,0.2632643955247713
30,306,João Cancelo,DEF,Man City,0.2210818910462079
30,333,Bruno Borges Fernandes,MID,Man Utd,0.20421103897348708
30,506,Tyler Adams,MID,Leeds,0.20421103897348708
30,352,Ciaran Clark,DEF,Newcastle,0.2210818910462079
30,598,Owen Bevan,DEF,Bournemouth,0.2210818910462079
30,72,Mark Travers,GK,Bournemouth,0.08531563522049046
30,76,Jordan Zemura,DEF,Bournemouth,0.2210818910462079
30,5,Rob Holding,DEF,Arsenal,0.2210818910462079
30,80,Ivan Toney,FWD,Brentford,0.2632643955247713
30,78,Pontus Jansson,DEF,Brentford,0.2210818910462079
30,41,Marvelous Nakamba,MID,Aston Villa,0.20421103897348708
30,252,Nampalys Mendy,MID,Leicester,0.20421103897348708
30,25,Fábio Ferreira Vieira,MID,Arsenal,0.20421103897348708
30,633,Matthew Cox,GK,Brentford,0.08531563522049046
30,666,Dale Taylor,FWD,Nott'm Forest,0.2632643955247713
30,59,Ryan Fredericks,DEF,Bournemouth,0.2210818910462079
30,560,Stanley Mills,MID,Everton,0.20421103897348708
30,583,Cheikhou Kouyaté,MID,Nott'm Forest,0.20421103897348708
30,461,Kurt Zouma,DEF,West Ham,0.2210818910462079
30,320,Luke Mbete-Tabu,DEF,Man City,0.2210818910462079
30,572,Armstrong Oko-Flex,MID,West Ham,0.20421103897348708
30,397,Taiwo Awoniyi,FWD,Nott'm Forest,0.2632643955247713
30,434,Harry Winks,MID,Spurs,0.20421103897348708
30,559,Levi Colwill,DEF,Brighton,0.2210818910462079
30,642,Kofi Balmer,DEF,Crystal Palace,0.2210818910462079
30,256,Ricardo Barbosa Pereira,DEF,Leicester,0.2210818910462079
30,418,Moussa Djenepo,MID,Southampton,0.20421103897348708
30,493,Morgan Gibbs-White,MID,Nott'm Forest,0.20421103897348708
30,99,Mads Bidstrup,MID,Brentford,0.20421103897348708
30,621,Loïc Badé,DEF,Nott'm Forest,0.2210818910462079
30,69,Ryan Christie,MID,Bournemouth,0.20421103897348708
30,586,Pervis Estupiñán,DEF,Brighton,0.2210818910462079
30,48,Carney Chukwuemeka,MID,Chelsea,0.20421103897348708
30,43,Matty Cash,DEF,Aston Villa,0.2210818910462079
30,311,Bernardo Veiga de Carvalho e Silva,MID,Man City,0.20421103897348708
30,363,Javier Manquillo Gaitán,DEF,Newcastle,0.2210818910462079
30,34,Bertrand Traoré,MID,Aston Villa,0.20421103897348708
30,584,Bobby Clark,MID,Liverpool,0.20421103897348708
30,329,Raphaël Varane,DEF,Man Utd,0.2210818910462079
30,735,Wanya Marçal-Madivadua,MID,Leicester,0.20421103897348708
30,547,Cody Drameh,DEF,Leeds,0.2210818910462079
30,194,Vitalii Mykolenko,DEF,Everton,0.2210818910462079
30,299,Kyle Walker,DEF,Man City,0.2210818910462079
30,502,Scott Carson,GK,Man City,0.08531563522049046
30,66,Dominic Solanke,FWD,Bournemouth,0.2632643955247713
30,86,Vitaly Janelt,MID,Brentford,0.20421103897348708
30,113,Robert Sánchez,GK,Brighton,0.08531563522049046
30,147,Edouard Mendy,GK,Chelsea,0.08531563522049046
30,222,Luke Ayling,DEF,Leeds,0.2210818910462079
30,339,Eric Bailly,DEF,Man Utd,0.2210818910462079
30,558,Hugo Bueno López,DEF,Wolves,0.2210818910462079
30,561,Lewis Warrington,MID,Everton,0.20421103897348708
30,433,Pierre-Emile Højbjerg,MID,Spurs,0.20421103897348708
30,601,Kaden Rodney,MID,Crystal Palace,0.20421103897348708
30,172,Jesurun Rak-Sakyi,MID,Crystal Palace,0.20421103897348708
30,164,Jairo Riedewald,MID,Crystal Palace,0.20421103897348708
30,467,Declan Rice,MID,West Ham,0.20421103897348708
30,257,Daniel Amartey,DEF,Leicester,0.2210818910462079
30,731,Kamaldeen Sulemana,MID,Southampton,0.20421103897348708
30,195,Anthony Gordon,MID,Newcastle,0.20421103897348708
30,81,David Raya Martin,GK,Brentford,0.08531563522049046
30,447,Dane Scarlett,FWD,Spurs,0.2632643955247713
30,510,Aaron Hickey,DEF,Brentford,0.2210818910462079
30,721,João Victor Gomes da Silva,MID,Wolves,0.20421103897348708
30,531,Rúben Nascimento Vinagre,DEF,Everton,0.2210818910462079
30,639,Sammy Braybrooke,MID,Leicester,0.20421103897348708
30,107,Solly March,MID,Brighton,0.20421103897348708
30,691,Maximilian Wöber,DEF,Leeds,0.2210818910462079
30,361,Dwight Gayle,FWD,Newcastle,0.2632643955247713
30,246,Brenden Aaronson,MID,Leeds,0.20421103897348708
30,254,Danny Ward,GK,Leicester,0.08531563522049046
30,165,Joachim Andersen,DEF,Crystal Palace,0.2210818910462079
30,542,Kjell Scherpen,GK,Brighton,0.08531563522049046
30,404,Jack Stephens,DEF,Bournemouth,0.2210818910462079
30,154,James McArthur,MID,Crystal Palace,0.20421103897348708
30,265,Wilfred Ndidi,MID,Leicester,0.20421103897348708
30,307,Ederson Santana de Moraes,GK,Man City,0.08531563522049046
30,456,Angelo Ogbonna,DEF,West Ham,0.2210818910462079
30,465,Jarrod Bowen,MID,West Ham,0.20421103897348708
30,492,Matija Šarkić,GK,Wolves,0.08531563522049046
30,708,Noni Madueke,MID,Chelsea,0.20421103897348708
30,143,Malang Sarr,DEF,Chelsea,0.2210818910462079
30,202,Anthony Knockaert,MID,Fulham,0.20421103897348708
30,647,Lewis Payne,MID,Southampton,0.20421103897348708
30,442,Joe Rodon,DEF,Spurs,0.2210818910462079
30,345,Anthony Martial,FWD,Man Utd,0.2632643955247713
30,499,Ben Davies,DEF,Liverpool,0.2210818910462079
30,410,Jan Bednarek,DEF,Southampton,0.2210818910462079
30,95,Bryan Mbeumo,FWD,Brentford,0.2632643955247713
30,287,Naby Keita,MID,Liverpool,0.20421103897348708
30,565,Archie Gray,MID,Leeds,0.20421103897348708
30,577,Amadou Onana,MID,Everton,0.20421103897348708
30,651,Andrew Moran,MID,Brighton,0.20421103897348708
30,550,Amad Diallo,MID,Man Utd,0.20421103897348708
30,739,Joseph Anang,GK,West Ham,0.08531563522049046
30,149,Billy Gilmour,MID,Brighton,0.20421103897348708
30,335,Marcus Rashford,MID,Man Utd,0.20421103897348708
30,694,Alexandre Moreno Lopera,DEF,Aston Villa,0.2210818910462079
30,319,Julián Álvarez,FWD,Man City,0.2632643955247713
30,421,Mateusz Lis,GK,Southampton,0.08531563522049046
30,14,Takehiro Tomiyasu,DEF,Arsenal,0.2210818910462079
30,364,Emil Krafth,DEF,Newcastle,0.2210818910462079
30,302,John Stones,DEF,Man City,0.2210818910462079
30,33,Lucas Digne,DEF,Aston Villa,0.2210818910462079
30,94,Shandon Baptiste,MID,Brentford,0.20421103897348708
30,308,Nathan Aké,DEF,Man City,0.2210818910462079
30,13,Bukayo Saka,MID,Arsenal,0.20421103897348708
30,73,Lloyd Kelly,DEF,Bournemouth,0.2210818910462079
30,720,Weston McKennie,MID,Leeds,0.20421103897348708
30,653,Omari Hutchinson,MID,Chelsea,0.20421103897348708
30,285,Trent Alexander-Arnold,DEF,Liverpool,0.2210818910462079
30,266,Kiernan Dewsbury-Hall,MID,Leicester,0.20421103897348708
30,283,Mohamed Salah,MID,Liverpool,0.20421103897348708
30,131,Ross Barkley,MID,Chelsea,0.20421103897348708
30,6,Thomas Partey,MID,Arsenal,0.20421103897348708
30,693,Carlos Alcaraz,MID,Southampton,0.20421103897348708
30,422,Gavin Bazunu,GK,Southampton,0.08531563522049046
30,581,Alex Smithies,GK,Leicester,0.08531563522049046
30,54,Cameron Archer,FWD,Aston Villa,0.2632643955247713
30,595,Mathias Jorgensen,DEF,Brentford,0.2210818910462079
30,184,André Tavares Gomes,MID,Everton,0.20421103897348708
30,413,Lyanco Silveira Neves Vojnovic,DEF,Southampton,0.2210818910462079
30,517,Thomas Strakosha,GK,Brentford,0.08531563522049046
30,675,Jordan Smith,GK,Nott'm Forest,0.08531563522049046
30,661,Lewis Hall,MID,Chelsea,0.20421103897348708
30,655,Karl Hein,GK,Arsenal,0.08531563522049046
30,139,Ben Chilwell,DEF,Chelsea,0.2210818910462079
30,106,Lewis Dunk,DEF,Brighton,0.2210818910462079
30,452,Alfie Devine,MID,Spurs,0.20421103897348708
30,399,Giulian Biancone,DEF,Nott'm Forest,0.2210818910462079
30,549,Dennis Praet,MID,Leicester,0.20421103897348708
30,612,Wout Faes,DEF,Leicester,0.2210818910462079
30,698,Mario Lemina,MID,Wolves,0.20421103897348708
30,26,William Saliba,DEF,Arsenal,0.2210818910462079
30,122,Haydon Roberts,DEF,Brighton,0.2210818910462079
30,710,Jakub Kiwior,DEF,Arsenal,0.2210818910462079
30,658,Harvey Griffiths,MID,Wolves,0.20421103897348708
30,459,Craig Dawson,DEF,Wolves,0.2210818910462079
30,554,Bryan Gil Salvatierra,MID,Spurs,0.20421103897348708
30,614,Willian Borges da Silva,MID,Fulham,0.20421103897348708
30,42,Emiliano Buendía Stati,MID,Aston Villa,0.20421103897348708
30,174,Nathan Ferguson,DEF,Crystal Palace,0.2210818910462079
30,428,Son Heung-min,MID,Spurs,0.20421103897348708
30,15,Aaron Ramsdale,GK,Arsenal,0.08531563522049046
30,170,Tyrick Mitchell,DEF,Crystal Palace,0.2210818910462079
30,640,Ed Turns,DEF,Brighton,0.2210818910462079
30,484,Max Kilman,DEF,Wolves,0.2210818910462079
30,323,Liam Delap,FWD,Man City,0.2632643955247713
30,534,Dwight McNeil,MID,Everton,0.20421103897348708
30,592,Harvey Davies,GK,Liverpool,0.08531563522049046
30,727,Harry Souttar,DEF,Leicester,0.2210818910462079
30,664,Dexter Lembikisa,DEF,Wolves,0.2210818910462079
30,134,N'Golo Kanté,MID,Chelsea,0.20421103897348708
30,719,Yasin Ayari,MID,Brighton,0.20421103897348708
30,523,Harry Toffolo,DEF,Nott'm Forest,0.2210818910462079
30,64,Jefferson Lerma Solís,MID,Bournemouth,0.20421103897348708
30,635,Marcus Bettinelli,GK,Chelsea,0.08531563522049046
30,44,Ezri Konsa Ngoyo,DEF,Aston Villa,0.2210818910462079
30,689,Benoît Badiashile,DEF,Chelsea,0.2210818910462079
30,71,Chris Mepham,DEF,Bournemouth,0.2210818910462079
30,616,Denis Zakaria,MID,Chelsea,0.20421103897348708
30,424,Willy Caballero,GK,Southampton,0.08531563522049046
30,395,Alex Mighten,MID,Nott'm Forest,0.20421103897348708
30,52,Keinan Davis,FWD,Aston Villa,0.2632643955247713
30,35,Robin Olsen,GK,Aston Villa,0.08531563522049046
30,83,Josh Dasilva,MID,Brentford,0.20421103897348708
30,279,Roberto Firmino,FWD,Liverpool,0.2632643955247713
30,277,Thiago Alcántara do Nascimento,MID,Liverpool,0.20421103897348708
30,673,Bashir Humphreys,DEF,Chelsea,0.2210818910462079
30,220,João Palhinha Gonçalves,MID,Fulham,0.20421103897348708
30,543,Matt Clarke,DEF,Brighton,0.2210818910462079
30,357,Kieran Trippier,DEF,Newcastle,0.2210818910462079
30,507,Moussa Niakhaté,DEF,Nott'm Forest,0.2210818910462079
30,2,Bernd Leno,GK,Fulham,0.08531563522049046
30,409,Kyle Walker-Peters,DEF,Southampton,0.2210818910462079
30,505,Joe Rothwell,MID,Bournemouth,0.20421103897348708
30,17,Nuno Varela Tavares,DEF,Arsenal,0.2210818910462079
30,548,Daniel Iversen,GK,Leicester,0.08531563522049046
30,437,Steven Bergwijn,MID,Spurs,0.20421103897348708
30,87,Saman Ghoddos,MID,Brentford,0.20421103897348708
30,620,Arthur Henrique Ramos de Oliveira Melo,MID,Liverpool,0.20421103897348708
30,567,Connor Ronan,MID,Wolves,0.20421103897348708
30,309,Aymeric Laporte,DEF,Man City,0.2210818910462079
30,609,Antony Matheus dos Santos,MID,Man Utd,0.20421103897348708
30,371,Joelinton Cássio Apolinário de Lira,MID,Newcastle,0.20421103897348708
30,566,Joseph Hodge,MID,Wolves,0.20421103897348708
30,186,Alex Iwobi,MID,Everton,0.20421103897348708
30,224,Adam Forshaw,MID,Leeds,0.20421103897348708
30,68,Ben Pearson,MID,Bournemouth,0.20421103897348708
30,276,Joel Matip,DEF,Liverpool,0.2210818910462079
30,695,Daniel Adu-Adjei,FWD,Bournemouth,0.2632643955247713
30,377,Sven Botman,DEF,Newcastle,0.2210818910462079
30,464,Saïd Benrahma,MID,West Ham,0.20421103897348708
30,282,Fabio Henrique Tavares,MID,Liverpool,0.20421103897348708
30,709,Victor Kristiansen,DEF,Leicester,0.2210818910462079
30,135,Hakim Ziyech,MID,Chelsea,0.20421103897348708
30,138,Robert Kenedy Nunes do Nascimento,DEF,Chelsea,0.2210818910462079
30,474,Willy Boly,DEF,Nott'm Forest,0.2210818910462079
30,468,Tomas Soucek,MID,West Ham,0.20421103897348708
30,243,Leo Fuhr Hjelde,DEF,Leeds,0.2210818910462079
30,90,Mads Roerslev Rasmussen,DEF,Brentford,0.2210818910462079
30,732,Paul Onuachu,FWD,Southampton,0.2632643955247713
30,606,Harvey Vale,MID,Chelsea,0.20421103897348708
30,160,Wilfried Zaha,MID,Crystal Palace,0.20421103897348708
30,370,Sean Longstaff,MID,Newcastle,0.20421103897348708
30,672,Kadan Young,MID,Aston Villa,0.20421103897348708
30,91,Mads Bech Sørensen,DEF,Brentford,0.2210818910462079
30,190,Tom Davies,MID,Everton,0.20421103897348708
30,3,Granit Xhaka,MID,Arsenal,0.20421103897348708
30,656,Nathan Bishop,GK,Man Utd,0.08531563522049046
30,533,Lisandro Martínez,DEF,Man Utd,0.2210818910462079
30,744,Sil Swinkels,DEF,Aston Villa,0.2210818910462079
30,450,Pape Matar Sarr,MID,Spurs,0.20421103897348708
30,239,Junior Firpo Adames,DEF,Leeds,0.2210818910462079
30,264,Harvey Barnes,MID,Leicester,0.20421103897348708
30,611,Idrissa Gueye,MID,Everton,0.20421103897348708
30,458,Michail Antonio,FWD,West Ham,0.2632643955247713
30,406,Mohamed Elyounoussi,MID,Southampton,0.20421103897348708
30,93,Frank Onyeka,MID,Brentford,0.20421103897348708
30,551,Zidane Iqbal,MID,Man Utd,0.20421103897348708
30,198,Niels Nkounkou,DEF,Everton,0.2210818910462079
30,440,Rodrigo Bentancur,MID,Spurs,0.20421103897348708
30,142,Mason Mount,MID,Chelsea,0.20421103897348708
30,472,Nayef Aguerd,DEF,West Ham,0.2210818910462079
30,562,Manor Solomon,MID,Fulham,0.20421103897348708
30,476,Raúl Jiménez,FWD,Wolves,0.2632643955247713
30,563,Luke Chambers,DEF,Liverpool,0.2210818910462079
30,715,Mateus Cardoso Lemos Martins,MID,Leicester,0.20421103897348708
30,145,Kai Havertz,FWD,Chelsea,0.2632643955247713
30,416,Ibrahima Diallo,MID,Southampton,0.20421103897348708
30,408,Adam Armstrong,FWD,Southampton,0.2632643955247713
30,388,Joe Worrall,DEF,Nott'm Forest,0.2210818910462079
30,103,Danny Welbeck,FWD,Brighton,0.2632643955247713
30,130,Jorge Luiz Frello Filho,MID,Arsenal,0.20421103897348708
30,137,Timo Werner,FWD,Chelsea,0.2632643955247713
30,613,Layvin Kurzawa,DEF,Fulham,0.2210818910462079
30,518,Wayne Hennessey,GK,Nott'm Forest,0.08531563522049046
30,700,Georginio Rutter,FWD,Leeds,0.2632643955247713
30,346,Andreas Hoelgebaum Pereira,MID,Fulham,0.20421103897348708
30,312,Rúben Gato Alves Dias,DEF,Man City,0.2210818910462079
30,667,Kristian Sekularac,MID,Fulham,0.20421103897348708
30,100,Ellery Balcombe,GK,Brentford,0.08531563522049046
30,187,Jean-Philippe Gbamin,MID,Everton,0.20421103897348708
30,313,Oleksandr Zinchenko,DEF,Arsenal,0.2210818910462079
30,605,Reece Welch,DEF,Everton,0.2210818910462079
30,445,Emerson Leite de Souza Junior,DEF,Spurs,0.2210818910462079
30,483,Daniel Castelo Podence,MID,Wolves,0.20421103897348708
30,171,Michael Olise,MID,Crystal Palace,0.20421103897348708
30,392,Richie Laryea,DEF,Nott'm Forest,0.2210818910462079
30,112,Marc Cucurella Saseta,DEF,Chelsea,0.2210818910462079
30,234,Jamie Shackleton,MID,Leeds,0.20421103897348708
30,40,Ollie Watkins,FWD,Aston Villa,0.2632643955247713
30,539,James Hill,DEF,Bournemouth,0.2210818910462079
30,57,Adam Smith,DEF,Bournemouth,0.2210818910462079
30,604,Killian Phillips,MID,Crystal Palace,0.20421103897348708
30,310,Zack Steffen,GK,Man City,0.08531563522049046
30,111,Leandro Trossard,MID,Arsenal,0.20421103897348708
30,471,Ben Johnson,DEF,West Ham,0.2210818910462079
30,207,Paulo Gazzaniga Farias,GK,Fulham,0.08531563522049046
30,740,Krisztián Hegyi,GK,West Ham,0.08531563522049046
30,527,Jesse Lingard,MID,Nott'm Forest,0.20421103897348708
30,197,Nathan Patterson,DEF,Everton,0.2210818910462079
30,365,Jacob Murphy,MID,Newcastle,0.20421103897348708
30,391,Sam Surridge,FWD,Nott'm Forest,0.2632643955247713
30,255,Jamie Vardy,FWD,Leicester,0.2632643955247713
30,10,Benjamin White,DEF,Arsenal,0.2210818910462079
30,292,Konstantinos Tsimikas,DEF,Liverpool,0.2210818910462079
30,599,Claudio Gomes,MID,Man City,0.20421103897348708
30,153,James Tomkins,DEF,Crystal Palace,0.2210818910462079
30,714,Antoine Semenyo,FWD,Bournemouth,0.2632643955247713
30,4,Mohamed Elneny,MID,Arsenal,0.20421103897348708
30,557,Jackson Smith,GK,Wolves,0.08531563522049046
30,47,Jacob Ramsey,MID,Aston Villa,0.20421103897348708
30,360,Jamaal Lascelles,DEF,Newcastle,0.2210818910462079
30,396,Braian Ojeda Rodríguez,MID,Nott'm Forest,0.20421103897348708
30,368,Allan Saint-Maximin,MID,Newcastle,0.20421103897348708
30,62,Kieffer Moore,FWD,Bournemouth,0.2632643955247713
30,707,Viljami Sinisalo,GK,Aston Villa,0.08531563522049046
30,696,Michael Dacosta Gonzalez,MID,Bournemouth,0.20421103897348708
30,124,Kaoru Mitoma,MID,Brighton,0.20421103897348708
30,509,Flynn Downes,MID,West Ham,0.20421103897348708
30,574,Norberto Murara Neto,GK,Bournemouth,0.08531563522049046
30,626,Loris Karius,GK,Newcastle,0.08531563522049046
30,486,Pedro Lomba Neto,MID,Wolves,0.20421103897348708
30,470,Issa Diop,DEF,Fulham,0.2210818910462079
30,597,Christian Saydee,FWD,Bournemouth,0.2632643955247713
30,12,Emile Smith Rowe,MID,Arsenal,0.20421103897348708
30,746,Kaelan Casey,DEF,West Ham,0.2210818910462079
30,85,Rico Henry,DEF,Brentford,0.2210818910462079
30,24,Matt Turner,GK,Arsenal,0.08531563522049046
30,212,Harry Wilson,MID,Fulham,0.20421103897348708
30,541,Halil Dervişoğlu,FWD,Brentford,0.2632643955247713
30,201,Tim Ream,DEF,Fulham,0.2210818910462079
30,82,Sergi Canós Tenés,DEF,Brentford,0.2210818910462079
30,156,Joel Ward,DEF,Crystal Palace,0.2210818910462079
30,481,Hwang Hee-chan,MID,Wolves,0.20421103897348708
30,196,Jarrad Branthwaite,DEF,Everton,0.2210818910462079
30,688,Kevin Schade,MID,Brentford,0.20421103897348708
30,588,Thilo Kehrer,DEF,West Ham,0.2210818910462079
30,294,Harvey Elliott,MID,Liverpool,0.20421103897348708
30,230,Robin Koch,DEF,Leeds,0.2210818910462079
30,263,Hamza Choudhury,MID,Leicester,0.20421103897348708
30,262,Kelechi Iheanacho,FWD,Leicester,0.2632643955247713
30,663,Sonny Perkins,FWD,Leeds,0.2632643955247713
30,414,Yan Valery,DEF,Southampton,0.2210818910462079
30,487,Rayan Aït-Nouri,DEF,Wolves,0.2210818910462079
30,568,Chem Campbell,MID,Wolves,0.20421103897348708
30,328,Phil Jones,DEF,Man Utd,0.2210818910462079
30,180,Michael Keane,DEF,Everton,0.2210818910462079
30,632,Ryan Trevitt,MID,Brentford,0.20421103897348708
30,63,Emiliano Marcondes,MID,Bournemouth,0.20421103897348708
30,269,Boubakary Soumaré,MID,Leicester,0.20421103897348708
30,716,James Bree,DEF,Southampton,0.2210818910462079
30,133,Kepa Arrizabalaga,GK,Chelsea,0.08531563522049046
30,384,Joe Lolley,MID,Nott'm Forest,0.20421103897348708
30,89,Yoane Wissa,MID,Brentford,0.20421103897348708
30,654,Jack Wells-Morrison,MID,Crystal Palace,0.20421103897348708
30,378,Harry Arter,MID,Nott'm Forest,0.20421103897348708
30,247,Darko Gyabi,MID,Leeds,0.20421103897348708
30,617,Pierre-Emerick Aubameyang,FWD,Chelsea,0.2632643955247713
30,460,Manuel Lanzini,MID,West Ham,0.20421103897348708
30,260,Ayoze Pérez,MID,Leicester,0.20421103897348708
30,175,Sam Johnstone,GK,Crystal Palace,0.08531563522049046
30,248,Kasper Schmeichel,GK,Leicester,0.08531563522049046
30,97,Marcus Forss,FWD,Brentford,0.2632643955247713
30,728,Marcel Sabitzer,MID,Man Utd,0.20421103897348708
30,108,Adam Webster,DEF,Brighton,0.2210818910462079
30,199,James Tarkowski,DEF,Everton,0.2210818910462079
30,564,Stefan Bajcetic,MID,Liverpool,0.20421103897348708
30,191,Dominic Calvert-Lewin,FWD,Everton,0.2632643955247713
30,489,Toti António Gomes,DEF,Wolves,0.2210818910462079
30,251,Marc Albrighton,MID,Leicester,0.20421103897348708
30,491,Adama Traoré Diarra,MID,Wolves,0.20421103897348708
30,206,Joe Bryan,DEF,Fulham,0.2210818910462079
30,429,Matt Doherty,DEF,Spurs,0.2210818910462079
30,101,Adam Lallana,MID,Brighton,0.20421103897348708
30,430,Eric Dier,DEF,Spurs,0.2210818910462079
30,136,Ruben Loftus-Cheek,MID,Chelsea,0.20421103897348708
30,110,Neal Maupay,FWD,Everton,0.2632643955247713
30,524,Lewis O'Brien,MID,Nott'm Forest,0.20421103897348708
30,19,Gabriel Martinelli Silva,MID,Arsenal,0.20421103897348708
30,439,Japhet Tanganga,DEF,Spurs,0.2210818910462079
30,96,Charlie Goode,DEF,Brentford,0.2210818910462079
30,596,Evan Ferguson,FWD,Brighton,0.2632643955247713
30,295,Neco Williams,DEF,Nott'm Forest,0.2210818910462079
30,37,John McGinn,MID,Aston Villa,0.20421103897348708
30,556,Conor Coventry,MID,West Ham,0.20421103897348708
30,322,Josh Wilson-Esbrand,DEF,Man City,0.2210818910462079
30,473,Alphonse Areola,GK,West Ham,0.08531563522049046
30,271,Patson Daka,FWD,Leicester,0.2632643955247713
30,128,Thiago Emiliano da Silva,DEF,Chelsea,0.2210818910462079
30,208,Terence Kongolo,DEF,Fulham,0.2210818910462079
30,185,Abdoulaye Doucouré,MID,Everton,0.20421103897348708
30,372,Jamal Lewis,DEF,Newcastle,0.2210818910462079
30,643,Kobbie Mainoo,MID,Man Utd,0.20421103897348708
30,521,Tyrese Francois,MID,Fulham,0.20421103897348708
30,238,Illan Meslier,GK,Leeds,0.08531563522049046
30,438,Sergio Reguilón,DEF,Spurs,0.2210818910462079
30,701,Wout Weghorst,FWD,Man Utd,0.2632643955247713
30,646,Tristan Crama,DEF,Brentford,0.2210818910462079
30,120,Moisés Caicedo Corozo,MID,Brighton,0.20421103897348708
30,511,Omar Richards,DEF,Nott'm Forest,0.2210818910462079
30,327,David De Gea Quintana,GK,Man Utd,0.08531563522049046
30,455,Lukasz Fabianski,GK,West Ham,0.08531563522049046
30,291,Curtis Jones,MID,Liverpool,0.20421103897348708
30,146,Reece James,DEF,Chelsea,0.2210818910462079
30,623,Duje Caleta-Car,DEF,Southampton,0.2210818910462079
30,216,Josh Onomah,MID,Fulham,0.20421103897348708
30,332,Luke Shaw,DEF,Man Utd,0.2210818910462079
30,669,Divin Mubama,FWD,West Ham,0.2632643955247713
30,591,Terry Ablade,FWD,Fulham,0.2632643955247713
30,258,Timothy Castagne,DEF,Leicester,0.2210818910462079
30,1,Cédric Alves Soares,DEF,Fulham,0.2210818910462079
30,18,Albert Sambi Lokonga,MID,Crystal Palace,0.20421103897348708
30,736,Odeluga Offiah,DEF,Brighton,0.2210818910462079
30,573,Rico Lewis,DEF,Man City,0.2210818910462079
30,697,Dominic Sadi,FWD,Bournemouth,0.2632643955247713
30,382,Brice Samba,GK,Nott'm Forest,0.08531563522049046
30,454,Richarlison de Andrade,FWD,Spurs,0.2632643955247713
30,176,Asmir Begović,GK,Everton,0.08531563522049046
30,525,Ludwig Augustinsson,DEF,Aston Villa,0.2210818910462079
30,215,Kenny Tete,DEF,Fulham,0.2210818910462079
30,356,Callum Wilson,FWD,Newcastle,0.2632643955247713
30,625,Diego Da Silva Costa,FWD,Wolves,0.2632643955247713
30,8,Kieran Tierney,DEF,Arsenal,0.2210818910462079
30,300,Ilkay Gündogan,MID,Man City,0.20421103897348708
30,227,Patrick Bamford,FWD,Leeds,0.2632643955247713
30,432,Ben Davies,DEF,Spurs,0.2210818910462079
30,475,Conor Coady,DEF,Everton,0.2210818910462079
30,9,Nicolas Pépé,MID,Arsenal,0.20421103897348708
30,39,Tyrone Mings,DEF,Aston Villa,0.2210818910462079
30,532,Kevin Mbabu,DEF,Fulham,0.2210818910462079
30,449,Harvey White,MID,Spurs,0.20421103897348708
30,478,José Malheiro de Sá,GK,Wolves,0.08531563522049046
30,189,Demarai Gray,MID,Everton,0.20421103897348708
30,204,Neeskens Kebano,MID,Fulham,0.20421103897348708
30,217,Antonee Robinson,DEF,Fulham,0.2210818910462079
30,341,Aaron Wan-Bissaka,DEF,Man Utd,0.2210818910462079
30,629,Boubacar Traoré,MID,Wolves,0.20421103897348708
30,98,Dominic Thompson,DEF,Brentford,0.2210818910462079
30,722,Illia Zabarnyi,DEF,Bournemouth,0.2210818910462079
30,570,James Garner,MID,Everton,0.20421103897348708
30,589,Matheus Luiz Nunes,MID,Wolves,0.20421103897348708
30,657,Nathan Fraser,FWD,Wolves,0.2632643955247713
30,182,Jordan Pickford,GK,Everton,0.08531563522049046
30,104,Pascal Groß,MID,Brighton,0.20421103897348708
30,121,Taylor Richards,MID,Brighton,0.20421103897348708
30,628,Serge Aurier,DEF,Nott'm Forest,0.2210818910462079
30,362,Paul Dummett,DEF,Newcastle,0.2210818910462079
30,610,Manuel Akanji,DEF,Man City,0.2210818910462079
30,578,Joel Robles,GK,Leeds,0.08531563522049046
30,22,Lucas Torreira di Pascua,MID,Arsenal,0.20421103897348708
30,480,Rúben da Silva Neves,MID,Wolves,0.20421103897348708
30,324,Stefan Ortega Moreno,GK,Man City,0.08531563522049046
30,31,Emiliano Martínez Romero,GK,Aston Villa,0.08531563522049046
30,754,Sebastian Revan,DEF,Aston Villa,0.2210818910462079
30,678,Isaac Price,MID,Everton,0.20421103897348708
30,74,Siriki Dembélé,MID,Bournemouth,0.20421103897348708
30,684,David Datro Fofana,FWD,Chelsea,0.2632643955247713
30,79,Christian Nørgaard,MID,Brentford,0.20421103897348708
30,462,Arthur Masuaku,DEF,West Ham,0.2210818910462079
30,704,Pablo Sarabia,MID,Wolves,0.20421103897348708
30,615,Matej Kovár,GK,Man Utd,0.08531563522049046
30,114,Tariq Lamptey,DEF,Brighton,0.2210818910462079
30,20,Pablo Marí Villar,DEF,Arsenal,0.2210818910462079
30,385,Scott McKenna,DEF,Nott'm Forest,0.2210818910462079
30,608,Sasa Kalajdzic,FWD,Wolves,0.2632643955247713
30,161,Jeffrey Schlupp,MID,Crystal Palace,0.20421103897348708
30,751,Reuell Walters,DEF,Arsenal,0.2210818910462079
30,348,Tom Heaton,GK,Man Utd,0.08531563522049046
30,699,Mykhailo Mudryk,MID,Chelsea,0.20421103897348708
30,546,Luke Harris,MID,Fulham,0.20421103897348708
30,723,Hamed Traorè,MID,Bournemouth,0.20421103897348708
30,46,Douglas Luiz Soares de Paulo,MID,Aston Villa,0.20421103897348708
30,498,Rhys Williams,DEF,Liverpool,0.2210818910462079
30,159,Jordan Ayew,MID,Crystal Palace,0.20421103897348708
30,351,Federico Fernández,DEF,Newcastle,0.2210818910462079
30,738,Max Kinsey-Wellings,DEF,Bournemouth,0.2210818910462079
30,457,Aaron Cresswell,DEF,West Ham,0.2210818910462079
30,730,Felipe Augusto de Almeida Monteiro,DEF,Nott'm Forest,0.2210818910462079
30,284,Andrew Robertson,DEF,Liverpool,0.2210818910462079
30,469,Pablo Fornals Malla,MID,West Ham,0.20421103897348708
30,129,Marcos Alonso,DEF,Chelsea,0.2210818910462079
30,712,Máximo Perrone,MID,Man City,0.20421103897348708
30,482,Nélson Cabral Semedo,DEF,Wolves,0.2210818910462079
30,427,Harry Kane,FWD,Spurs,0.2632643955247713
30,77,Will Dennis,GK,Bournemouth,0.08531563522049046
30,125,Julio Enciso,FWD,Brighton,0.2632643955247713
30,752,Michael Olakigbe,MID,Brentford,0.20421103897348708
30,28,Gabriel Fernando de Jesus,FWD,Arsenal,0.2632643955247713
30,38,Kortney Hause,DEF,Aston Villa,0.2210818910462079
30,193,Ben Godfrey,DEF,Everton,0.2210818910462079
30,705,Dango Ouattara,MID,Bournemouth,0.20421103897348708
30,219,Jay Stansfield,FWD,Fulham,0.2632643955247713
30,342,Diogo Dalot Teixeira,DEF,Man Utd,0.2210818910462079
30,343,Brandon Williams,DEF,Man Utd,0.2210818910462079
30,419,Tino Livramento,DEF,Southampton,0.2210818910462079
30,569,Alejandro Garnacho,MID,Man Utd,0.20421103897348708
30,634,John-Kymani Gordon,FWD,Crystal Palace,0.2632643955247713
30,386,Mohamed Dräger,DEF,Nott'm Forest,0.2210818910462079
30,749,George Shelvey,GK,Nott'm Forest,0.08531563522049046
30,680,Cody Gakpo,MID,Liverpool,0.20421103897348708
30,51,Anwar El Ghazi,MID,Aston Villa,0.20421103897348708
30,683,Garang Kuol,MID,Newcastle,0.20421103897348708
30,226,Stuart Dallas,DEF,Leeds,0.2210818910462079
30,167,Marc Guéhi,DEF,Crystal Palace,0.2210818910462079
30,232,Raphael Dias Belloli,MID,Leeds,0.20421103897348708
30,637,Kyle John,DEF,Everton,0.2210818910462079
30,580,Mikkel Damsgaard,MID,Brentford,0.20421103897348708
30,679,Facundo Buonanotte,MID,Brighton,0.20421103897348708
30,29,Philippe Coutinho Correia,MID,Aston Villa,0.20421103897348708
30,522,Djed Spence,DEF,Spurs,0.2210818910462079
30,358,Dan Burn,DEF,Newcastle,0.2210818910462079
30,162,Jack Butland,GK,Man Utd,0.08531563522049046
30,132,Mateo Kovacic,MID,Chelsea,0.20421103897348708
30,685,Nathan Butler-Oyedeji,FWD,Arsenal,0.2632643955247713
30,181,Dele Alli,MID,Everton,0.20421103897348708
30,228,Diego Llorente,DEF,Leeds,0.2210818910462079
30,717,Daniel Bentley,GK,Wolves,0.08531563522049046
30,173,Malcolm Ebiowei,MID,Crystal Palace,0.20421103897348708
30,126,Kacper Kozłowski,MID,Brighton,0.20421103897348708
30,466,Nikola Vlasic,MID,West Ham,0.20421103897348708
30,644,Owen Goodman,GK,Crystal Palace,0.08531563522049046
30,627,Eldin Jakupovic,GK,Everton,0.08531563522049046
30,453,Troy Parrott,FWD,Spurs,0.2632643955247713
30,60,David Brooks,MID,Bournemouth,0.20421103897348708
30,444,Yves Bissouma,MID,Spurs,0.20421103897348708
30,289,Caoimhin Kelleher,GK,Liverpool,0.08531563522049046
30,636,Stefan Parkes,DEF,Fulham,0.2210818910462079
30,497,Adrián San Miguel del Castillo,GK,Liverpool,0.08531563522049046
30,148,Conor Gallagher,MID,Chelsea,0.20421103897348708
30,631,Lino Sousa,DEF,Arsenal,0.2210818910462079
30,520,Kalidou Koulibaly,DEF,Chelsea,0.2210818910462079
30,677,Jack Hinshelwood,MID,Brighton,0.20421103897348708
30,109,Joël Veltman,DEF,Brighton,0.2210818910462079
30,53,Boubacar Kamara,MID,Aston Villa,0.20421103897348708
30,151,Ethan Ampadu,DEF,Chelsea,0.2210818910462079
30,725,Naouirou Ahamada,MID,Crystal Palace,0.20421103897348708
30,537,Kaine Kesler Hayden,DEF,Aston Villa,0.2210818910462079
30,407,James Ward-Prowse,MID,Southampton,0.20421103897348708
30,36,Morgan Sanson,MID,Aston Villa,0.20421103897348708
30,240,Crysencio Summerville,MID,Leeds,0.20421103897348708
30,330,Harry Maguire,DEF,Man Utd,0.2210818910462079
30,741,Lewis Miley,MID,Newcastle,0.20421103897348708
30,336,Donny van de Beek,MID,Man Utd,0.20421103897348708
30,127,César Azpilicueta,DEF,Chelsea,0.2210818910462079
30,340,Jadon Sancho,MID,Man Utd,0.20421103897348708
30,504,Tyrell Malacia,DEF,Man Utd,0.2210818910462079
30,241,Lewis Bate,MID,Leeds,0.20421103897348708
30,286,Joseph Gomez,DEF,Liverpool,0.2210818910462079
30,88,Mathias Jensen,MID,Brentford,0.20421103897348708
30,412,Nathan Tella,MID,Southampton,0.20421103897348708
30,674,Rhys Bennett,DEF,Man Utd,0.2210818910462079
30,544,Jan Paul van Hecke,DEF,Brighton,0.2210818910462079
30,448,Ivan Perišić,DEF,Spurs,0.2210818910462079
30,11,Eddie Nketiah,FWD,Arsenal,0.2632643955247713
30,144,Callum Hudson-Odoi,MID,Chelsea,0.20421103897348708
30,488,Fabio Silva,FWD,Wolves,0.2632643955247713
30,280,Virgil van Dijk,DEF,Liverpool,0.2210818910462079
30,188,Yerry Mina,DEF,Everton,0.2210818910462079
30,55,Jaden Philogene-Bidace,MID,Aston Villa,0.20421103897348708
30,582,Remo Freuler,MID,Nott'm Forest,0.20421103897348708
30,375,Jeff Hendrick,MID,Newcastle,0.20421103897348708
30,446,Dejan Kulusevski,MID,Spurs,0.20421103897348708
30,45,Leon Bailey,MID,Aston Villa,0.20421103897348708
30,261,James Maddison,MID,Leicester,0.20421103897348708
30,590,Joseph Whitworth,GK,Crystal Palace,0.08531563522049046
30,316,Cole Palmer,MID,Man City,0.20421103897348708
30,435,Davinson Sánchez,DEF,Spurs,0.2210818910462079
30,304,Raheem Sterling,MID,Chelsea,0.20421103897348708
30,275,Jordan Henderson,MID,Liverpool,0.20421103897348708
30,516,Nathan Collins,DEF,Wolves,0.2210818910462079
30,140,Christian Pulisic,MID,Chelsea,0.20421103897348708
30,75,Jaidon Anthony,MID,Bournemouth,0.20421103897348708
30,235,Pascal Struijk,DEF,Leeds,0.2210818910462079
30,367,Matt Targett,DEF,Newcastle,0.2210818910462079
30,748,Romaine Mundle,MID,Spurs,0.20421103897348708
30,401,Alex McCarthy,GK,Southampton,0.08531563522049046
30,600,Ben Knight,MID,Man City,0.20421103897348708
30,61,Jamal Lowe,MID,Bournemouth,0.20421103897348708
30,682,Matheus Santos Carneiro Da Cunha,FWD,Wolves,0.2632643955247713
30,387,Ryan Yates,MID,Nott'm Forest,0.20421103897348708
30,297,Darwin Núñez Ribeiro,FWD,Liverpool,0.2632643955247713
30,734,André Ayew,MID,Nott'm Forest,0.20421103897348708
30,32,Calum Chambers,DEF,Aston Villa,0.2210818910462079
30,178,Seamus Coleman,DEF,Everton,0.2210818910462079
30,624,Samuel Edozie,MID,Southampton,0.20421103897348708
30,218,Rodrigo Muniz Carvalho,FWD,Fulham,0.2632643955247713
30,400,Theo Walcott,MID,Southampton,0.20421103897348708
30,245,Marc Roca Junqué,MID,Leeds,0.20421103897348708
30,463,Vladimir Coufal,DEF,West Ham,0.2210818910462079
30,105,Shane Duffy,DEF,Fulham,0.2210818910462079
30,56,Frédéric Guilbert,DEF,Aston Villa,0.2210818910462079
30,244,Rasmus Kristensen,DEF,Leeds,0.2210818910462079
30,303,Riyad Mahrez,MID,Man City,0.20421103897348708
30,593,Carlos Henrique Casimiro,MID,Man Utd,0.20421103897348708
30,618,Carlos Vinícius Alves Morais,FWD,Fulham,0.2632643955247713
30,733,Pedro Porro,DEF,Spurs,0.2210818910462079
30,30,Danny Ings,FWD,West Ham,0.2632643955247713
30,179,Andros Townsend,MID,Everton,0.20421103897348708
30,602,Renan Augusto Lodi dos Santos,DEF,Nott'm Forest,0.2210818910462079
30,535,Marcus Tavernier,MID,Bournemouth,0.20421103897348708
30,214,Ivan Neves Abreu Cavaleiro,MID,Fulham,0.20421103897348708
30,349,Jonjo Shelvey,MID,Nott'm Forest,0.20421103897348708
30,337,Victor Lindelöf,DEF,Man Utd,0.2210818910462079
30,369,Miguel Almirón Rejala,MID,Newcastle,0.20421103897348708
30,166,Odsonne Edouard,FWD,Crystal Palace,0.2632643955247713
30,668,Amario Cozier-Duberry,MID,Arsenal,0.20421103897348708
30,652,James Furlong,DEF,Brighton,0.2210818910462079
30,155,Christian Benteke,FWD,Crystal Palace,0.2632643955247713
30,49,Tim Iroegbunam,MID,Aston Villa,0.20421103897348708
30,380,Lyle Taylor,FWD,Nott'm Forest,0.2632643955247713
30,381,Jack Colback,MID,Nott'm Forest,0.20421103897348708
30,552,Elliot Anderson,MID,Newcastle,0.20421103897348708
30,123,Deniz Undav,FWD,Brighton,0.2632643955247713
30,607,Matthew Smith,MID,Arsenal,0.20421103897348708
30,200,Tom Cairney,MID,Fulham,0.20421103897348708
30,619,Wilfried Gnonto,FWD,Leeds,0.2632643955247713
30,477,Jonathan Castro Otto,DEF,Wolves,0.2210818910462079
30,576,Marcos Senesi,DEF,Bournemouth,0.2210818910462079
30,259,Youri Tielemans,MID,Leicester,0.20421103897348708
30,753,James Wright,GK,Aston Villa,0.08531563522049046
30,389,Jonathan Panzo,DEF,Nott'm Forest,0.2210818910462079
30,648,Ryan Finnigan,MID,Southampton,0.20421103897348708
30,417,Romain Perraud,DEF,Southampton,0.2210818910462079
30,711,Jhon Durán,FWD,Aston Villa,0.2632643955247713
30,236,Kristoffer Klaesson,GK,Leeds,0.08531563522049046
30,211,Harrison Reed,MID,Fulham,0.20421103897348708
30,296,Fábio Freitas Gouveia Carvalho,MID,Liverpool,0.20421103897348708
30,513,Clément Lenglet,DEF,Spurs,0.2210818910462079
30,116,Alexis Mac Allister,MID,Brighton,0.20421103897348708
30,645,Joe Wormleighton,DEF,Leicester,0.2210818910462079
30,169,Eberechi Eze,MID,Crystal Palace,0.20421103897348708
30,344,Anthony Elanga,MID,Man Utd,0.20421103897348708
30,293,Luis Díaz,MID,Liverpool,0.20421103897348708
30,205,Bobby De Cordova-Reid,MID,Fulham,0.20421103897348708
30,334,Alex Telles,DEF,Man Utd,0.2210818910462079
30,587,Sergio Gómez,DEF,Man City,0.2210818910462079
30,374,Bruno Guimarães Rodriguez Moura,MID,Newcastle,0.20421103897348708
30,16,Gabriel dos Santos Magalhães,DEF,Arsenal,0.2210818910462079
30,670,Filip Marschall,GK,Aston Villa,0.08531563522049046
30,545,Emerson Palmieri dos Santos,DEF,West Ham,0.2210818910462079
30,7,Martin Ødegaard,MID,Arsenal,0.20421103897348708
30,503,João Filipe Iria Santos Moutinho,MID,Wolves,0.20421103897348708
30,92,Ethan Pinnock,DEF,Brentford,0.2210818910462079
30,347,Facundo Pellistri Rebollo,MID,Man Utd,0.20421103897348708
30,23,Reiss Nelson,MID,Arsenal,0.20421103897348708
30,579,Gonçalo Manuel Ganchinho Guedes,MID,Wolves,0.20421103897348708
30,152,Vicente Guaita,GK,Crystal Palace,0.08531563522049046
30,268,James Justin,DEF,Leicester,0.2210818910462079
30,662,Thomas Cannon,FWD,Everton,0.2632643955247713
30,267,Çaglar Söyüncü,DEF,Leicester,0.2210818910462079
30,425,Hugo Lloris,GK,Spurs,0.08531563522049046
30,376,Nick Pope,GK,Newcastle,0.08531563522049046
30,441,Oliver Skipp,MID,Spurs,0.20421103897348708
30,436,Ryan Sessegnon,DEF,Spurs,0.2210818910462079
30,538,Ashley Young,DEF,Aston Villa,0.2210818910462079
30,119,Jeremy Sarmiento Morante,MID,Brighton,0.20421103897348708
30,70,Philip Billing,MID,Bournemouth,0.20421103897348708
31,403,Nathan Redmond,MID,Southampton,0.20421103897348708
31,58,Junior Stanislas,MID,Bournemouth,0.20421103897348708
31,150,Armando Broja,FWD,Chelsea,0.2632643955247713
31,366,Fabian Schär,DEF,Newcastle,0.22108189104620796
31,742,Jeremiah Chilokoa-Mullen,DEF,Leeds,0.22108189104620796
31,249,Jonny Evans,DEF,Leicester,0.22108189104620796
31,724,Enzo Fernández,MID,Chelsea,0.20421103897348708
31,394,Brennan Johnson,FWD,Nott'm Forest,0.2632643955247713
31,514,Cheick Doucouré,MID,Crystal Palace,0.20421103897348708
31,553,Oliver Hammond,MID,Nott'm Forest,0.20421103897348708
31,485,Luke Cundle,MID,Wolves,0.20421103897348708
31,540,Fin Stevens,DEF,Brentford,0.22108189104620796
31,451,Brandon Austin,GK,Spurs,0.08531563522049049
31,158,Luka Milivojevic,MID,Crystal Palace,0.20421103897348708
31,747,George Wickens,GK,Fulham,0.08531563522049049
31,272,Wesley Fofana,DEF,Chelsea,0.22108189104620796
31,529,Gianluca Scamacca,FWD,West Ham,0.2632643955247713
31,281,Alisson Ramses Becker,GK,Liverpool,0.08531563522049049
31,411,Che Adams,FWD,Southampton,0.2632643955247713
31,237,Sam Greenwood,FWD,Leeds,0.2632643955247713
31,750,Charlie Robinson,DEF,Fulham,0.22108189104620796
31,203,Nathaniel Chalobah,MID,Fulham,0.20421103897348708
31,501,Nathaniel Phillips,DEF,Liverpool,0.22108189104620796
31,393,Loïc Mbe Soh,DEF,Nott'm Forest,0.22108189104620796
31,743,Diogo Pinheiro Monteiro,DEF,Leeds,0.22108189104620796
31,102,Jason Steele,GK,Brighton,0.08531563522049049
31,660,Shola Shoretire,FWD,Man Utd,0.2632643955247713
31,209,Tosin Adarabioyo,DEF,Fulham,0.22108189104620796
31,325,Kalvin Phillips,MID,Man City,0.20421103897348708
31,383,Carlos Ribeiro Dias,MID,Nott'm Forest,0.20421103897348708
31,213,Marek Rodák,GK,Fulham,0.08531563522049049
31,359,Ryan Fraser,MID,Newcastle,0.20421103897348708
31,702,Andrey Nascimento dos Santos,MID,Chelsea,0.20421103897348708
31,270,Luke Thomas,DEF,Leicester,0.22108189104620796
31,353,Karl Darlow,GK,Newcastle,0.08531563522049049
31,315,Rodrigo Hernandez,MID,Man City,0.20421103897348708
31,326,Cristiano Ronaldo dos Santos Aveiro,FWD,Man Utd,0.2632643955247713
31,426,Fraser Forster,GK,Spurs,0.08531563522049049
31,278,Alex Oxlade-Chamberlain,MID,Liverpool,0.20421103897348708
31,630,Ethan Nwaneri,MID,Arsenal,0.20421103897348708
31,305,Jack Grealish,MID,Man City,0.20421103897348708
31,317,James McAtee,MID,Man City,0.20421103897348708
31,415,Will Smallbone,MID,Southampton,0.20421103897348708
31,641,Martial Godo,MID,Fulham,0.20421103897348708
31,354,Chris Wood,FWD,Nott'm Forest,0.2632643955247713
31,571,Darren Randolph,GK,Bournemouth,0.08531563522049049
31,479,Leander Dendoncker,MID,Aston Villa,0.20421103897348708
31,729,Keylor Navas,GK,Nott'm Forest,0.08531563522049049
31,183,Allan Marques Loureiro,MID,Everton,0.20421103897348708
31,290,Ibrahima Konaté,DEF,Liverpool,0.22108189104620796
31,210,Aleksandar Mitrović,FWD,Fulham,0.2632643955247713
31,519,Christian Eriksen,MID,Man Utd,0.20421103897348708
31,373,Joe Willock,MID,Newcastle,0.20421103897348708
31,494,Yerson Mosquera Valdelamar,DEF,Wolves,0.22108189104620796
31,321,Roméo Lavia,MID,Southampton,0.20421103897348708
31,686,Ellis Simms,FWD,Everton,0.2632643955247713
31,84,Kristoffer Ajer,DEF,Brentford,0.22108189104620796
31,585,Emmanuel Dennis,FWD,Nott'm Forest,0.2632643955247713
31,681,Gustavo Henrique Furtado Scarpa,MID,Nott'm Forest,0.20421103897348708
31,163,Will Hughes,MID,Crystal Palace,0.20421103897348708
31,512,Joe Ayodele-Aribo,MID,Southampton,0.20421103897348708
31,536,Orel Mangala,MID,Nott'm Forest,0.20421103897348708
31,496,Luke Plange,FWD,Crystal Palace,0.2632643955247713
31,443,Cristian Romero,DEF,Spurs,0.22108189104620796
31,233,Jack Harrison,MID,Leeds,0.20421103897348708
31,575,Maxwel Cornet,MID,West Ham,0.20421103897348708
31,508,Luis Sinisterra Lucumí,MID,Leeds,0.20421103897348708
31,157,Nathaniel Clyne,DEF,Crystal Palace,0.22108189104620796
31,405,Stuart Armstrong,MID,Southampton,0.20421103897348708
31,402,Oriol Romeu Vidal,MID,Southampton,0.20421103897348708
31,229,Tyler Roberts,MID,Leeds,0.20421103897348708
31,638,Lamare Bogarde,DEF,Aston Villa,0.22108189104620796
31,555,Harrison Ashby,DEF,Newcastle,0.22108189104620796
31,273,Lewis Brunt,DEF,Leicester,0.22108189104620796
31,350,Matt Ritchie,DEF,Newcastle,0.22108189104620796
31,253,Jannik Vestergaard,DEF,Leicester,0.22108189104620796
31,118,Enock Mwepu,MID,Brighton,0.20421103897348708
31,141,Trevoh Chalobah,DEF,Chelsea,0.22108189104620796
31,530,Chris Richards,DEF,Crystal Palace,0.22108189104620796
31,649,Cameron Plain,GK,Bournemouth,0.08531563522049049
31,288,Diogo Teixeira da Silva,FWD,Liverpool,0.2632643955247713
31,755,Travis Patterson,MID,Aston Villa,0.20421103897348708
31,355,Martin Dubravka,GK,Newcastle,0.08531563522049049
31,225,Rodrigo Moreno,MID,Leeds,0.20421103897348708
31,737,Ben Greenwood,DEF,Bournemouth,0.22108189104620796
31,490,Francisco Jorge Tomás Oliveira,MID,Wolves,0.20421103897348708
31,420,Mohammed Salisu,DEF,Southampton,0.22108189104620796
31,331,Frederico Rodrigues de Paula Santos,MID,Man Utd,0.20421103897348708
31,117,Jakub Moder,MID,Brighton,0.20421103897348708
31,603,Lucas Tolentino Coelho de Lima,MID,West Ham,0.20421103897348708
31,168,Jean-Philippe Mateta,FWD,Crystal Palace,0.2632643955247713
31,177,Salomón Rondón,FWD,Everton,0.2632643955247713
31,221,Liam Cooper,DEF,Leeds,0.22108189104620796
31,665,Ben Doak,MID,Liverpool,0.20421103897348708
31,594,Alexander Isak,FWD,Newcastle,0.2632643955247713
31,713,Arnaut Danjuma,MID,Spurs,0.20421103897348708
31,318,Erling Haaland,FWD,Man City,0.2632643955247713
31,745,Oliwier Zych,GK,Aston Villa,0.08531563522049049
31,706,Euan Pollock,FWD,Bournemouth,0.2632643955247713
31,726,Sasa Lukic,MID,Fulham,0.20421103897348708
31,67,Lewis Cook,MID,Bournemouth,0.20421103897348708
31,495,Remi Matthews,GK,Crystal Palace,0.08531563522049049
31,314,Phil Foden,MID,Man City,0.20421103897348708
31,676,David Ozoh,MID,Crystal Palace,0.20421103897348708
31,622,Juan Larios López,DEF,Southampton,0.22108189104620796
31,298,Calvin Ramsay,DEF,Liverpool,0.22108189104620796
31,650,Yegor Yarmolyuk,MID,Brentford,0.20421103897348708
31,703,Danilo dos Santos de Oliveira,MID,Nott'm Forest,0.20421103897348708
31,379,Steve Cook,DEF,Nott'm Forest,0.22108189104620796
31,250,Ryan Bertrand,DEF,Leicester,0.22108189104620796
31,692,Mislav Orsic,MID,Southampton,0.20421103897348708
31,528,Sékou Mara,FWD,Southampton,0.2632643955247713
31,338,Scott McTominay,MID,Man Utd,0.20421103897348708
31,390,Xande Nascimento da Costa Silva,MID,Nott'm Forest,0.20421103897348708
31,398,Dean Henderson,GK,Nott'm Forest,0.08531563522049049
31,65,Jack Stacey,DEF,Bournemouth,0.22108189104620796
31,192,Mason Holgate,DEF,Everton,0.22108189104620796
31,115,Steven Alzate,MID,Brighton,0.20421103897348708
31,223,Mateusz Klich,MID,Leeds,0.20421103897348708
31,671,Jimmy Morgan,FWD,Southampton,0.2632643955247713
31,423,Armel Bella-Kotchap,DEF,Southampton,0.22108189104620796
31,21,Ainsley Maitland-Niles,MID,Southampton,0.20421103897348708
31,274,James Milner,MID,Liverpool,0.20421103897348708
31,515,Keane Lewis-Potter,MID,Brentford,0.20421103897348708
31,301,Kevin De Bruyne,MID,Man City,0.20421103897348708
31,500,Sepp van den Berg,DEF,Liverpool,0.22108189104620796
31,242,Joe Gelhardt,FWD,Leeds,0.2632643955247713
31,50,Diego Carlos Santos Silva,DEF,Aston Villa,0.22108189104620796
31,431,Lucas Rodrigues Moura da Silva,MID,Spurs,0.20421103897348708
31,526,Ben Mee,DEF,Brentford,0.22108189104620796
31,659,Mateo Joseph Fernández,FWD,Leeds,0.2632643955247713
31,687,Kasey McAteer,MID,Leicester,0.20421103897348708
31,27,Marcus Oliveira Alencar,MID,Arsenal,0.20421103897348708
31,718,Matías Viña,DEF,Bournemouth,0.22108189104620796
31,231,Daniel James,MID,Fulham,0.20421103897348708
31,690,João Félix Sequeira,FWD,Chelsea,0.2632643955247713
31,306,João Cancelo,DEF,Man City,0.22108189104620796
31,333,Bruno Borges Fernandes,MID,Man Utd,0.20421103897348708
31,506,Tyler Adams,MID,Leeds,0.20421103897348708
31,352,Ciaran Clark,DEF,Newcastle,0.22108189104620796
31,598,Owen Bevan,DEF,Bournemouth,0.22108189104620796
31,72,Mark Travers,GK,Bournemouth,0.08531563522049049
31,76,Jordan Zemura,DEF,Bournemouth,0.22108189104620796
31,5,Rob Holding,DEF,Arsenal,0.22108189104620796
31,80,Ivan Toney,FWD,Brentford,0.2632643955247713
31,78,Pontus Jansson,DEF,Brentford,0.22108189104620796
31,41,Marvelous Nakamba,MID,Aston Villa,0.20421103897348708
31,252,Nampalys Mendy,MID,Leicester,0.20421103897348708
31,25,Fábio Ferreira Vieira,MID,Arsenal,0.20421103897348708
31,633,Matthew Cox,GK,Brentford,0.08531563522049049
31,666,Dale Taylor,FWD,Nott'm Forest,0.2632643955247713
31,59,Ryan Fredericks,DEF,Bournemouth,0.22108189104620796
31,560,Stanley Mills,MID,Everton,0.20421103897348708
31,583,Cheikhou Kouyaté,MID,Nott'm Forest,0.20421103897348708
31,461,Kurt Zouma,DEF,West Ham,0.22108189104620796
31,320,Luke Mbete-Tabu,DEF,Man City,0.22108189104620796
31,572,Armstrong Oko-Flex,MID,West Ham,0.20421103897348708
31,397,Taiwo Awoniyi,FWD,Nott'm Forest,0.2632643955247713
31,434,Harry Winks,MID,Spurs,0.20421103897348708
31,559,Levi Colwill,DEF,Brighton,0.22108189104620796
31,642,Kofi Balmer,DEF,Crystal Palace,0.22108189104620796
31,256,Ricardo Barbosa Pereira,DEF,Leicester,0.22108189104620796
31,418,Moussa Djenepo,MID,Southampton,0.20421103897348708
31,493,Morgan Gibbs-White,MID,Nott'm Forest,0.20421103897348708
31,99,Mads Bidstrup,MID,Brentford,0.20421103897348708
31,621,Loïc Badé,DEF,Nott'm Forest,0.22108189104620796
31,69,Ryan Christie,MID,Bournemouth,0.20421103897348708
31,586,Pervis Estupiñán,DEF,Brighton,0.22108189104620796
31,48,Carney Chukwuemeka,MID,Chelsea,0.20421103897348708
31,43,Matty Cash,DEF,Aston Villa,0.22108189104620796
31,311,Bernardo Veiga de Carvalho e Silva,MID,Man City,0.20421103897348708
31,363,Javier Manquillo Gaitán,DEF,Newcastle,0.22108189104620796
31,34,Bertrand Traoré,MID,Aston Villa,0.20421103897348708
31,584,Bobby Clark,MID,Liverpool,0.20421103897348708
31,329,Raphaël Varane,DEF,Man Utd,0.22108189104620796
31,735,Wanya Marçal-Madivadua,MID,Leicester,0.20421103897348708
31,547,Cody Drameh,DEF,Leeds,0.22108189104620796
31,194,Vitalii Mykolenko,DEF,Everton,0.22108189104620796
31,299,Kyle Walker,DEF,Man City,0.22108189104620796
31,502,Scott Carson,GK,Man City,0.08531563522049049
31,66,Dominic Solanke,FWD,Bournemouth,0.2632643955247713
31,86,Vitaly Janelt,MID,Brentford,0.20421103897348708
31,113,Robert Sánchez,GK,Brighton,0.08531563522049049
31,147,Edouard Mendy,GK,Chelsea,0.08531563522049049
31,222,Luke Ayling,DEF,Leeds,0.22108189104620796
31,339,Eric Bailly,DEF,Man Utd,0.22108189104620796
31,558,Hugo Bueno López,DEF,Wolves,0.22108189104620796
31,561,Lewis Warrington,MID,Everton,0.20421103897348708
31,433,Pierre-Emile Højbjerg,MID,Spurs,0.20421103897348708
31,601,Kaden Rodney,MID,Crystal Palace,0.20421103897348708
31,172,Jesurun Rak-Sakyi,MID,Crystal Palace,0.20421103897348708
31,164,Jairo Riedewald,MID,Crystal Palace,0.20421103897348708
31,467,Declan Rice,MID,West Ham,0.20421103897348708
31,257,Daniel Amartey,DEF,Leicester,0.22108189104620796
31,731,Kamaldeen Sulemana,MID,Southampton,0.20421103897348708
31,195,Anthony Gordon,MID,Newcastle,0.20421103897348708
31,81,David Raya Martin,GK,Brentford,0.08531563522049049
31,447,Dane Scarlett,FWD,Spurs,0.2632643955247713
31,510,Aaron Hickey,DEF,Brentford,0.22108189104620796
31,721,João Victor Gomes da Silva,MID,Wolves,0.20421103897348708
31,531,Rúben Nascimento Vinagre,DEF,Everton,0.22108189104620796
31,639,Sammy Braybrooke,MID,Leicester,0.20421103897348708
31,107,Solly March,MID,Brighton,0.20421103897348708
31,691,Maximilian Wöber,DEF,Leeds,0.22108189104620796
31,361,Dwight Gayle,FWD,Newcastle,0.2632643955247713
31,246,Brenden Aaronson,MID,Leeds,0.20421103897348708
31,254,Danny Ward,GK,Leicester,0.08531563522049049
31,165,Joachim Andersen,DEF,Crystal Palace,0.22108189104620796
31,542,Kjell Scherpen,GK,Brighton,0.08531563522049049
31,404,Jack Stephens,DEF,Bournemouth,0.22108189104620796
31,154,James McArthur,MID,Crystal Palace,0.20421103897348708
31,265,Wilfred Ndidi,MID,Leicester,0.20421103897348708
31,307,Ederson Santana de Moraes,GK,Man City,0.08531563522049049
31,456,Angelo Ogbonna,DEF,West Ham,0.22108189104620796
31,465,Jarrod Bowen,MID,West Ham,0.20421103897348708
31,492,Matija Šarkić,GK,Wolves,0.08531563522049049
31,708,Noni Madueke,MID,Chelsea,0.20421103897348708
31,143,Malang Sarr,DEF,Chelsea,0.22108189104620796
31,202,Anthony Knockaert,MID,Fulham,0.20421103897348708
31,647,Lewis Payne,MID,Southampton,0.20421103897348708
31,442,Joe Rodon,DEF,Spurs,0.22108189104620796
31,345,Anthony Martial,FWD,Man Utd,0.2632643955247713
31,499,Ben Davies,DEF,Liverpool,0.22108189104620796
31,410,Jan Bednarek,DEF,Southampton,0.22108189104620796
31,95,Bryan Mbeumo,FWD,Brentford,0.2632643955247713
31,287,Naby Keita,MID,Liverpool,0.20421103897348708
31,565,Archie Gray,MID,Leeds,0.20421103897348708
31,577,Amadou Onana,MID,Everton,0.20421103897348708
31,651,Andrew Moran,MID,Brighton,0.20421103897348708
31,550,Amad Diallo,MID,Man Utd,0.20421103897348708
31,739,Joseph Anang,GK,West Ham,0.08531563522049049
31,149,Billy Gilmour,MID,Brighton,0.20421103897348708
31,335,Marcus Rashford,MID,Man Utd,0.20421103897348708
31,694,Alexandre Moreno Lopera,DEF,Aston Villa,0.22108189104620796
31,319,Julián Álvarez,FWD,Man City,0.2632643955247713
31,421,Mateusz Lis,GK,Southampton,0.08531563522049049
31,14,Takehiro Tomiyasu,DEF,Arsenal,0.22108189104620796
31,364,Emil Krafth,DEF,Newcastle,0.22108189104620796
31,302,John Stones,DEF,Man City,0.22108189104620796
31,33,Lucas Digne,DEF,Aston Villa,0.22108189104620796
31,94,Shandon Baptiste,MID,Brentford,0.20421103897348708
31,308,Nathan Aké,DEF,Man City,0.22108189104620796
31,13,Bukayo Saka,MID,Arsenal,0.20421103897348708
31,73,Lloyd Kelly,DEF,Bournemouth,0.22108189104620796
31,720,Weston McKennie,MID,Leeds,0.20421103897348708
31,653,Omari Hutchinson,MID,Chelsea,0.20421103897348708
31,285,Trent Alexander-Arnold,DEF,Liverpool,0.22108189104620796
31,266,Kiernan Dewsbury-Hall,MID,Leicester,0.20421103897348708
31,283,Mohamed Salah,MID,Liverpool,0.20421103897348708
31,131,Ross Barkley,MID,Chelsea,0.20421103897348708
31,6,Thomas Partey,MID,Arsenal,0.20421103897348708
31,693,Carlos Alcaraz,MID,Southampton,0.20421103897348708
31,422,Gavin Bazunu,GK,Southampton,0.08531563522049049
31,581,Alex Smithies,GK,Leicester,0.08531563522049049
31,54,Cameron Archer,FWD,Aston Villa,0.2632643955247713
31,595,Mathias Jorgensen,DEF,Brentford,0.22108189104620796
31,184,André Tavares Gomes,MID,Everton,0.20421103897348708
31,413,Lyanco Silveira Neves Vojnovic,DEF,Southampton,0.22108189104620796
31,517,Thomas Strakosha,GK,Brentford,0.08531563522049049
31,675,Jordan Smith,GK,Nott'm Forest,0.08531563522049049
31,661,Lewis Hall,MID,Chelsea,0.20421103897348708
31,655,Karl Hein,GK,Arsenal,0.08531563522049049
31,139,Ben Chilwell,DEF,Chelsea,0.22108189104620796
31,106,Lewis Dunk,DEF,Brighton,0.22108189104620796
31,452,Alfie Devine,MID,Spurs,0.20421103897348708
31,399,Giulian Biancone,DEF,Nott'm Forest,0.22108189104620796
31,549,Dennis Praet,MID,Leicester,0.20421103897348708
31,612,Wout Faes,DEF,Leicester,0.22108189104620796
31,698,Mario Lemina,MID,Wolves,0.20421103897348708
31,26,William Saliba,DEF,Arsenal,0.22108189104620796
31,122,Haydon Roberts,DEF,Brighton,0.22108189104620796
31,710,Jakub Kiwior,DEF,Arsenal,0.22108189104620796
31,658,Harvey Griffiths,MID,Wolves,0.20421103897348708
31,459,Craig Dawson,DEF,Wolves,0.22108189104620796
31,554,Bryan Gil Salvatierra,MID,Spurs,0.20421103897348708
31,614,Willian Borges da Silva,MID,Fulham,0.20421103897348708
31,42,Emiliano Buendía Stati,MID,Aston Villa,0.20421103897348708
31,174,Nathan Ferguson,DEF,Crystal Palace,0.22108189104620796
31,428,Son Heung-min,MID,Spurs,0.20421103897348708
31,15,Aaron Ramsdale,GK,Arsenal,0.08531563522049049
31,170,Tyrick Mitchell,DEF,Crystal Palace,0.22108189104620796
31,640,Ed Turns,DEF,Brighton,0.22108189104620796
31,484,Max Kilman,DEF,Wolves,0.22108189104620796
31,323,Liam Delap,FWD,Man City,0.2632643955247713
31,534,Dwight McNeil,MID,Everton,0.20421103897348708
31,592,Harvey Davies,GK,Liverpool,0.08531563522049049
31,727,Harry Souttar,DEF,Leicester,0.22108189104620796
31,664,Dexter Lembikisa,DEF,Wolves,0.22108189104620796
31,134,N'Golo Kanté,MID,Chelsea,0.20421103897348708
31,719,Yasin Ayari,MID,Brighton,0.20421103897348708
31,523,Harry Toffolo,DEF,Nott'm Forest,0.22108189104620796
31,64,Jefferson Lerma Solís,MID,Bournemouth,0.20421103897348708
31,635,Marcus Bettinelli,GK,Chelsea,0.08531563522049049
31,44,Ezri Konsa Ngoyo,DEF,Aston Villa,0.22108189104620796
31,689,Benoît Badiashile,DEF,Chelsea,0.22108189104620796
31,71,Chris Mepham,DEF,Bournemouth,0.22108189104620796
31,616,Denis Zakaria,MID,Chelsea,0.20421103897348708
31,424,Willy Caballero,GK,Southampton,0.08531563522049049
31,395,Alex Mighten,MID,Nott'm Forest,0.20421103897348708
31,52,Keinan Davis,FWD,Aston Villa,0.2632643955247713
31,35,Robin Olsen,GK,Aston Villa,0.08531563522049049
31,83,Josh Dasilva,MID,Brentford,0.20421103897348708
31,279,Roberto Firmino,FWD,Liverpool,0.2632643955247713
31,277,Thiago Alcántara do Nascimento,MID,Liverpool,0.20421103897348708
31,673,Bashir Humphreys,DEF,Chelsea,0.22108189104620796
31,220,João Palhinha Gonçalves,MID,Fulham,0.20421103897348708
31,543,Matt Clarke,DEF,Brighton,0.22108189104620796
31,357,Kieran Trippier,DEF,Newcastle,0.22108189104620796
31,507,Moussa Niakhaté,DEF,Nott'm Forest,0.22108189104620796
31,2,Bernd Leno,GK,Fulham,0.08531563522049049
31,409,Kyle Walker-Peters,DEF,Southampton,0.22108189104620796
31,505,Joe Rothwell,MID,Bournemouth,0.20421103897348708
31,17,Nuno Varela Tavares,DEF,Arsenal,0.22108189104620796
31,548,Daniel Iversen,GK,Leicester,0.08531563522049049
31,437,Steven Bergwijn,MID,Spurs,0.20421103897348708
31,87,Saman Ghoddos,MID,Brentford,0.20421103897348708
31,620,Arthur Henrique Ramos de Oliveira Melo,MID,Liverpool,0.20421103897348708
31,567,Connor Ronan,MID,Wolves,0.20421103897348708
31,309,Aymeric Laporte,DEF,Man City,0.22108189104620796
31,609,Antony Matheus dos Santos,MID,Man Utd,0.20421103897348708
31,371,Joelinton Cássio Apolinário de Lira,MID,Newcastle,0.20421103897348708
31,566,Joseph Hodge,MID,Wolves,0.20421103897348708
31,186,Alex Iwobi,MID,Everton,0.20421103897348708
31,224,Adam Forshaw,MID,Leeds,0.20421103897348708
31,68,Ben Pearson,MID,Bournemouth,0.20421103897348708
31,276,Joel Matip,DEF,Liverpool,0.22108189104620796
31,695,Daniel Adu-Adjei,FWD,Bournemouth,0.2632643955247713
31,377,Sven Botman,DEF,Newcastle,0.22108189104620796
31,464,Saïd Benrahma,MID,West Ham,0.20421103897348708
31,282,Fabio Henrique Tavares,MID,Liverpool,0.20421103897348708
31,709,Victor Kristiansen,DEF,Leicester,0.22108189104620796
31,758,George Abbott,MID,Spurs,0.20421103897348708
31,135,Hakim Ziyech,MID,Chelsea,0.20421103897348708
31,138,Robert Kenedy Nunes do Nascimento,DEF,Chelsea,0.22108189104620796
31,474,Willy Boly,DEF,Nott'm Forest,0.22108189104620796
31,468,Tomas Soucek,MID,West Ham,0.20421103897348708
31,243,Leo Fuhr Hjelde,DEF,Leeds,0.22108189104620796
31,90,Mads Roerslev Rasmussen,DEF,Brentford,0.22108189104620796
31,732,Paul Onuachu,FWD,Southampton,0.2632643955247713
31,606,Harvey Vale,MID,Chelsea,0.20421103897348708
31,160,Wilfried Zaha,MID,Crystal Palace,0.20421103897348708
31,370,Sean Longstaff,MID,Newcastle,0.20421103897348708
31,672,Kadan Young,MID,Aston Villa,0.20421103897348708
31,91,Mads Bech Sørensen,DEF,Brentford,0.22108189104620796
31,190,Tom Davies,MID,Everton,0.20421103897348708
31,3,Granit Xhaka,MID,Arsenal,0.20421103897348708
31,656,Nathan Bishop,GK,Man Utd,0.08531563522049049
31,533,Lisandro Martínez,DEF,Man Utd,0.22108189104620796
31,744,Sil Swinkels,DEF,Aston Villa,0.22108189104620796
31,450,Pape Matar Sarr,MID,Spurs,0.20421103897348708
31,239,Junior Firpo Adames,DEF,Leeds,0.22108189104620796
31,264,Harvey Barnes,MID,Leicester,0.20421103897348708
31,611,Idrissa Gueye,MID,Everton,0.20421103897348708
31,458,Michail Antonio,FWD,West Ham,0.2632643955247713
31,406,Mohamed Elyounoussi,MID,Southampton,0.20421103897348708
31,93,Frank Onyeka,MID,Brentford,0.20421103897348708
31,551,Zidane Iqbal,MID,Man Utd,0.20421103897348708
31,198,Niels Nkounkou,DEF,Everton,0.22108189104620796
31,440,Rodrigo Bentancur,MID,Spurs,0.20421103897348708
31,142,Mason Mount,MID,Chelsea,0.20421103897348708
31,472,Nayef Aguerd,DEF,West Ham,0.22108189104620796
31,562,Manor Solomon,MID,Fulham,0.20421103897348708
31,476,Raúl Jiménez,FWD,Wolves,0.2632643955247713
31,563,Luke Chambers,DEF,Liverpool,0.22108189104620796
31,715,Mateus Cardoso Lemos Martins,MID,Leicester,0.20421103897348708
31,145,Kai Havertz,FWD,Chelsea,0.2632643955247713
31,416,Ibrahima Diallo,MID,Southampton,0.20421103897348708
31,408,Adam Armstrong,FWD,Southampton,0.2632643955247713
31,388,Joe Worrall,DEF,Nott'm Forest,0.22108189104620796
31,103,Danny Welbeck,FWD,Brighton,0.2632643955247713
31,130,Jorge Luiz Frello Filho,MID,Arsenal,0.20421103897348708
31,137,Timo Werner,FWD,Chelsea,0.2632643955247713
31,613,Layvin Kurzawa,DEF,Fulham,0.22108189104620796
31,518,Wayne Hennessey,GK,Nott'm Forest,0.08531563522049049
31,700,Georginio Rutter,FWD,Leeds,0.2632643955247713
31,346,Andreas Hoelgebaum Pereira,MID,Fulham,0.20421103897348708
31,312,Rúben Gato Alves Dias,DEF,Man City,0.22108189104620796
31,667,Kristian Sekularac,MID,Fulham,0.20421103897348708
31,100,Ellery Balcombe,GK,Brentford,0.08531563522049049
31,187,Jean-Philippe Gbamin,MID,Everton,0.20421103897348708
31,313,Oleksandr Zinchenko,DEF,Arsenal,0.22108189104620796
31,605,Reece Welch,DEF,Everton,0.22108189104620796
31,445,Emerson Leite de Souza Junior,DEF,Spurs,0.22108189104620796
31,483,Daniel Castelo Podence,MID,Wolves,0.20421103897348708
31,171,Michael Olise,MID,Crystal Palace,0.20421103897348708
31,392,Richie Laryea,DEF,Nott'm Forest,0.22108189104620796
31,112,Marc Cucurella Saseta,DEF,Chelsea,0.22108189104620796
31,234,Jamie Shackleton,MID,Leeds,0.20421103897348708
31,40,Ollie Watkins,FWD,Aston Villa,0.2632643955247713
31,539,James Hill,DEF,Bournemouth,0.22108189104620796
31,57,Adam Smith,DEF,Bournemouth,0.22108189104620796
31,604,Killian Phillips,MID,Crystal Palace,0.20421103897348708
31,310,Zack Steffen,GK,Man City,0.08531563522049049
31,111,Leandro Trossard,MID,Arsenal,0.20421103897348708
31,471,Ben Johnson,DEF,West Ham,0.22108189104620796
31,207,Paulo Gazzaniga Farias,GK,Fulham,0.08531563522049049
31,740,Krisztián Hegyi,GK,West Ham,0.08531563522049049
31,527,Jesse Lingard,MID,Nott'm Forest,0.20421103897348708
31,197,Nathan Patterson,DEF,Everton,0.22108189104620796
31,365,Jacob Murphy,MID,Newcastle,0.20421103897348708
31,391,Sam Surridge,FWD,Nott'm Forest,0.2632643955247713
31,255,Jamie Vardy,FWD,Leicester,0.2632643955247713
31,10,Benjamin White,DEF,Arsenal,0.22108189104620796
31,292,Konstantinos Tsimikas,DEF,Liverpool,0.22108189104620796
31,599,Claudio Gomes,MID,Man City,0.20421103897348708
31,153,James Tomkins,DEF,Crystal Palace,0.22108189104620796
31,714,Antoine Semenyo,FWD,Bournemouth,0.2632643955247713
31,4,Mohamed Elneny,MID,Arsenal,0.20421103897348708
31,557,Jackson Smith,GK,Wolves,0.08531563522049049
31,47,Jacob Ramsey,MID,Aston Villa,0.20421103897348708
31,360,Jamaal Lascelles,DEF,Newcastle,0.22108189104620796
31,396,Braian Ojeda Rodríguez,MID,Nott'm Forest,0.20421103897348708
31,368,Allan Saint-Maximin,MID,Newcastle,0.20421103897348708
31,62,Kieffer Moore,FWD,Bournemouth,0.2632643955247713
31,707,Viljami Sinisalo,GK,Aston Villa,0.08531563522049049
31,696,Michael Dacosta Gonzalez,MID,Bournemouth,0.20421103897348708
31,124,Kaoru Mitoma,MID,Brighton,0.20421103897348708
31,509,Flynn Downes,MID,West Ham,0.20421103897348708
31,574,Norberto Murara Neto,GK,Bournemouth,0.08531563522049049
31,626,Loris Karius,GK,Newcastle,0.08531563522049049
31,486,Pedro Lomba Neto,MID,Wolves,0.20421103897348708
31,470,Issa Diop,DEF,Fulham,0.22108189104620796
31,597,Christian Saydee,FWD,Bournemouth,0.2632643955247713
31,12,Emile Smith Rowe,MID,Arsenal,0.20421103897348708
31,746,Kaelan Casey,DEF,West Ham,0.22108189104620796
31,85,Rico Henry,DEF,Brentford,0.22108189104620796
31,24,Matt Turner,GK,Arsenal,0.08531563522049049
31,212,Harry Wilson,MID,Fulham,0.20421103897348708
31,541,Halil Dervişoğlu,FWD,Brentford,0.2632643955247713
31,201,Tim Ream,DEF,Fulham,0.22108189104620796
31,82,Sergi Canós Tenés,DEF,Brentford,0.22108189104620796
31,156,Joel Ward,DEF,Crystal Palace,0.22108189104620796
31,481,Hwang Hee-chan,MID,Wolves,0.20421103897348708
31,196,Jarrad Branthwaite,DEF,Everton,0.22108189104620796
31,688,Kevin Schade,MID,Brentford,0.20421103897348708
31,588,Thilo Kehrer,DEF,West Ham,0.22108189104620796
31,294,Harvey Elliott,MID,Liverpool,0.20421103897348708
31,230,Robin Koch,DEF,Leeds,0.22108189104620796
31,263,Hamza Choudhury,MID,Leicester,0.20421103897348708
31,262,Kelechi Iheanacho,FWD,Leicester,0.2632643955247713
31,663,Sonny Perkins,FWD,Leeds,0.2632643955247713
31,414,Yan Valery,DEF,Southampton,0.22108189104620796
31,487,Rayan Aït-Nouri,DEF,Wolves,0.22108189104620796
31,568,Chem Campbell,MID,Wolves,0.20421103897348708
31,328,Phil Jones,DEF,Man Utd,0.22108189104620796
31,180,Michael Keane,DEF,Everton,0.22108189104620796
31,632,Ryan Trevitt,MID,Brentford,0.20421103897348708
31,63,Emiliano Marcondes,MID,Bournemouth,0.20421103897348708
31,269,Boubakary Soumaré,MID,Leicester,0.20421103897348708
31,716,James Bree,DEF,Southampton,0.22108189104620796
31,133,Kepa Arrizabalaga,GK,Chelsea,0.08531563522049049
31,384,Joe Lolley,MID,Nott'm Forest,0.20421103897348708
31,89,Yoane Wissa,MID,Brentford,0.20421103897348708
31,654,Jack Wells-Morrison,MID,Crystal Palace,0.20421103897348708
31,378,Harry Arter,MID,Nott'm Forest,0.20421103897348708
31,247,Darko Gyabi,MID,Leeds,0.20421103897348708
31,617,Pierre-Emerick Aubameyang,FWD,Chelsea,0.2632643955247713
31,460,Manuel Lanzini,MID,West Ham,0.20421103897348708
31,260,Ayoze Pérez,MID,Leicester,0.20421103897348708
31,175,Sam Johnstone,GK,Crystal Palace,0.08531563522049049
31,248,Kasper Schmeichel,GK,Leicester,0.08531563522049049
31,97,Marcus Forss,FWD,Brentford,0.2632643955247713
31,728,Marcel Sabitzer,MID,Man Utd,0.20421103897348708
31,108,Adam Webster,DEF,Brighton,0.22108189104620796
31,199,James Tarkowski,DEF,Everton,0.22108189104620796
31,564,Stefan Bajcetic,MID,Liverpool,0.20421103897348708
31,191,Dominic Calvert-Lewin,FWD,Everton,0.2632643955247713
31,489,Toti António Gomes,DEF,Wolves,0.22108189104620796
31,251,Marc Albrighton,MID,Leicester,0.20421103897348708
31,491,Adama Traoré Diarra,MID,Wolves,0.20421103897348708
31,206,Joe Bryan,DEF,Fulham,0.22108189104620796
31,429,Matt Doherty,DEF,Spurs,0.22108189104620796
31,101,Adam Lallana,MID,Brighton,0.20421103897348708
31,430,Eric Dier,DEF,Spurs,0.22108189104620796
31,136,Ruben Loftus-Cheek,MID,Chelsea,0.20421103897348708
31,110,Neal Maupay,FWD,Everton,0.2632643955247713
31,524,Lewis O'Brien,MID,Nott'm Forest,0.20421103897348708
31,19,Gabriel Martinelli Silva,MID,Arsenal,0.20421103897348708
31,439,Japhet Tanganga,DEF,Spurs,0.22108189104620796
31,96,Charlie Goode,DEF,Brentford,0.22108189104620796
31,596,Evan Ferguson,FWD,Brighton,0.2632643955247713
31,295,Neco Williams,DEF,Nott'm Forest,0.22108189104620796
31,37,John McGinn,MID,Aston Villa,0.20421103897348708
31,556,Conor Coventry,MID,West Ham,0.20421103897348708
31,322,Josh Wilson-Esbrand,DEF,Man City,0.22108189104620796
31,473,Alphonse Areola,GK,West Ham,0.08531563522049049
31,271,Patson Daka,FWD,Leicester,0.2632643955247713
31,128,Thiago Emiliano da Silva,DEF,Chelsea,0.22108189104620796
31,208,Terence Kongolo,DEF,Fulham,0.22108189104620796
31,185,Abdoulaye Doucouré,MID,Everton,0.20421103897348708
31,372,Jamal Lewis,DEF,Newcastle,0.22108189104620796
31,643,Kobbie Mainoo,MID,Man Utd,0.20421103897348708
31,521,Tyrese Francois,MID,Fulham,0.20421103897348708
31,238,Illan Meslier,GK,Leeds,0.08531563522049049
31,438,Sergio Reguilón,DEF,Spurs,0.22108189104620796
31,701,Wout Weghorst,FWD,Man Utd,0.2632643955247713
31,646,Tristan Crama,DEF,Brentford,0.22108189104620796
31,120,Moisés Caicedo Corozo,MID,Brighton,0.20421103897348708
31,511,Omar Richards,DEF,Nott'm Forest,0.22108189104620796
31,327,David De Gea Quintana,GK,Man Utd,0.08531563522049049
31,455,Lukasz Fabianski,GK,West Ham,0.08531563522049049
31,291,Curtis Jones,MID,Liverpool,0.20421103897348708
31,146,Reece James,DEF,Chelsea,0.22108189104620796
31,623,Duje Caleta-Car,DEF,Southampton,0.22108189104620796
31,216,Josh Onomah,MID,Fulham,0.20421103897348708
31,332,Luke Shaw,DEF,Man Utd,0.22108189104620796
31,669,Divin Mubama,FWD,West Ham,0.2632643955247713
31,591,Terry Ablade,FWD,Fulham,0.2632643955247713
31,258,Timothy Castagne,DEF,Leicester,0.22108189104620796
31,1,Cédric Alves Soares,DEF,Fulham,0.22108189104620796
31,18,Albert Sambi Lokonga,MID,Crystal Palace,0.20421103897348708
31,736,Odeluga Offiah,DEF,Brighton,0.22108189104620796
31,573,Rico Lewis,DEF,Man City,0.22108189104620796
31,697,Dominic Sadi,FWD,Bournemouth,0.2632643955247713
31,382,Brice Samba,GK,Nott'm Forest,0.08531563522049049
31,454,Richarlison de Andrade,FWD,Spurs,0.2632643955247713
31,176,Asmir Begović,GK,Everton,0.08531563522049049
31,525,Ludwig Augustinsson,DEF,Aston Villa,0.22108189104620796
31,215,Kenny Tete,DEF,Fulham,0.22108189104620796
31,356,Callum Wilson,FWD,Newcastle,0.2632643955247713
31,625,Diego Da Silva Costa,FWD,Wolves,0.2632643955247713
31,8,Kieran Tierney,DEF,Arsenal,0.22108189104620796
31,300,Ilkay Gündogan,MID,Man City,0.20421103897348708
31,227,Patrick Bamford,FWD,Leeds,0.2632643955247713
31,432,Ben Davies,DEF,Spurs,0.22108189104620796
31,475,Conor Coady,DEF,Everton,0.22108189104620796
31,9,Nicolas Pépé,MID,Arsenal,0.20421103897348708
31,39,Tyrone Mings,DEF,Aston Villa,0.22108189104620796
31,532,Kevin Mbabu,DEF,Fulham,0.22108189104620796
31,449,Harvey White,MID,Spurs,0.20421103897348708
31,478,José Malheiro de Sá,GK,Wolves,0.08531563522049049
31,189,Demarai Gray,MID,Everton,0.20421103897348708
31,204,Neeskens Kebano,MID,Fulham,0.20421103897348708
31,217,Antonee Robinson,DEF,Fulham,0.22108189104620796
31,341,Aaron Wan-Bissaka,DEF,Man Utd,0.22108189104620796
31,629,Boubacar Traoré,MID,Wolves,0.20421103897348708
31,98,Dominic Thompson,DEF,Brentford,0.22108189104620796
31,722,Illia Zabarnyi,DEF,Bournemouth,0.22108189104620796
31,570,James Garner,MID,Everton,0.20421103897348708
31,589,Matheus Luiz Nunes,MID,Wolves,0.20421103897348708
31,657,Nathan Fraser,FWD,Wolves,0.2632643955247713
31,182,Jordan Pickford,GK,Everton,0.08531563522049049
31,104,Pascal Groß,MID,Brighton,0.20421103897348708
31,121,Taylor Richards,MID,Brighton,0.20421103897348708
31,628,Serge Aurier,DEF,Nott'm Forest,0.22108189104620796
31,362,Paul Dummett,DEF,Newcastle,0.22108189104620796
31,610,Manuel Akanji,DEF,Man City,0.22108189104620796
31,578,Joel Robles,GK,Leeds,0.08531563522049049
31,22,Lucas Torreira di Pascua,MID,Arsenal,0.20421103897348708
31,480,Rúben da Silva Neves,MID,Wolves,0.20421103897348708
31,324,Stefan Ortega Moreno,GK,Man City,0.08531563522049049
31,31,Emiliano Martínez Romero,GK,Aston Villa,0.08531563522049049
31,754,Sebastian Revan,DEF,Aston Villa,0.22108189104620796
31,678,Isaac Price,MID,Everton,0.20421103897348708
31,74,Siriki Dembélé,MID,Bournemouth,0.20421103897348708
31,684,David Datro Fofana,FWD,Chelsea,0.2632643955247713
31,79,Christian Nørgaard,MID,Brentford,0.20421103897348708
31,462,Arthur Masuaku,DEF,West Ham,0.22108189104620796
31,704,Pablo Sarabia,MID,Wolves,0.20421103897348708
31,615,Matej Kovár,GK,Man Utd,0.08531563522049049
31,114,Tariq Lamptey,DEF,Brighton,0.22108189104620796
31,20,Pablo Marí Villar,DEF,Arsenal,0.22108189104620796
31,385,Scott McKenna,DEF,Nott'm Forest,0.22108189104620796
31,608,Sasa Kalajdzic,FWD,Wolves,0.2632643955247713
31,161,Jeffrey Schlupp,MID,Crystal Palace,0.20421103897348708
31,751,Reuell Walters,DEF,Arsenal,0.22108189104620796
31,348,Tom Heaton,GK,Man Utd,0.08531563522049049
31,699,Mykhailo Mudryk,MID,Chelsea,0.20421103897348708
31,546,Luke Harris,MID,Fulham,0.20421103897348708
31,723,Hamed Traorè,MID,Bournemouth,0.20421103897348708
31,46,Douglas Luiz Soares de Paulo,MID,Aston Villa,0.20421103897348708
31,498,Rhys Williams,DEF,Liverpool,0.22108189104620796
31,159,Jordan Ayew,MID,Crystal Palace,0.20421103897348708
31,351,Federico Fernández,DEF,Newcastle,0.22108189104620796
31,738,Max Kinsey-Wellings,DEF,Bournemouth,0.22108189104620796
31,457,Aaron Cresswell,DEF,West Ham,0.22108189104620796
31,730,Felipe Augusto de Almeida Monteiro,DEF,Nott'm Forest,0.22108189104620796
31,284,Andrew Robertson,DEF,Liverpool,0.22108189104620796
31,469,Pablo Fornals Malla,MID,West Ham,0.20421103897348708
31,129,Marcos Alonso,DEF,Chelsea,0.22108189104620796
31,712,Máximo Perrone,MID,Man City,0.20421103897348708
31,482,Nélson Cabral Semedo,DEF,Wolves,0.22108189104620796
31,427,Harry Kane,FWD,Spurs,0.2632643955247713
31,77,Will Dennis,GK,Bournemouth,0.08531563522049049
31,125,Julio Enciso,FWD,Brighton,0.2632643955247713
31,752,Michael Olakigbe,MID,Brentford,0.20421103897348708
31,28,Gabriel Fernando de Jesus,FWD,Arsenal,0.2632643955247713
31,38,Kortney Hause,DEF,Aston Villa,0.22108189104620796
31,193,Ben Godfrey,DEF,Everton,0.22108189104620796
31,705,Dango Ouattara,MID,Bournemouth,0.20421103897348708
31,219,Jay Stansfield,FWD,Fulham,0.2632643955247713
31,342,Diogo Dalot Teixeira,DEF,Man Utd,0.22108189104620796
31,343,Brandon Williams,DEF,Man Utd,0.22108189104620796
31,419,Tino Livramento,DEF,Southampton,0.22108189104620796
31,569,Alejandro Garnacho,MID,Man Utd,0.20421103897348708
31,634,John-Kymani Gordon,FWD,Crystal Palace,0.2632643955247713
31,386,Mohamed Dräger,DEF,Nott'm Forest,0.22108189104620796
31,749,George Shelvey,GK,Nott'm Forest,0.08531563522049049
31,680,Cody Gakpo,MID,Liverpool,0.20421103897348708
31,51,Anwar El Ghazi,MID,Aston Villa,0.20421103897348708
31,683,Garang Kuol,MID,Newcastle,0.20421103897348708
31,226,Stuart Dallas,DEF,Leeds,0.22108189104620796
31,167,Marc Guéhi,DEF,Crystal Palace,0.22108189104620796
31,232,Raphael Dias Belloli,MID,Leeds,0.20421103897348708
31,759,Marc Jurado Gomez,DEF,Man Utd,0.22108189104620796
31,637,Kyle John,DEF,Everton,0.22108189104620796
31,580,Mikkel Damsgaard,MID,Brentford,0.20421103897348708
31,679,Facundo Buonanotte,MID,Brighton,0.20421103897348708
31,29,Philippe Coutinho Correia,MID,Aston Villa,0.20421103897348708
31,522,Djed Spence,DEF,Spurs,0.22108189104620796
31,358,Dan Burn,DEF,Newcastle,0.22108189104620796
31,162,Jack Butland,GK,Man Utd,0.08531563522049049
31,132,Mateo Kovacic,MID,Chelsea,0.20421103897348708
31,685,Nathan Butler-Oyedeji,FWD,Arsenal,0.2632643955247713
31,181,Dele Alli,MID,Everton,0.20421103897348708
31,228,Diego Llorente,DEF,Leeds,0.22108189104620796
31,717,Daniel Bentley,GK,Wolves,0.08531563522049049
31,756,Tom McGill,GK,Brighton,0.08531563522049049
31,173,Malcolm Ebiowei,MID,Crystal Palace,0.20421103897348708
31,126,Kacper Kozłowski,MID,Brighton,0.20421103897348708
31,466,Nikola Vlasic,MID,West Ham,0.20421103897348708
31,644,Owen Goodman,GK,Crystal Palace,0.08531563522049049
31,627,Eldin Jakupovic,GK,Everton,0.08531563522049049
31,453,Troy Parrott,FWD,Spurs,0.2632643955247713
31,60,David Brooks,MID,Bournemouth,0.20421103897348708
31,444,Yves Bissouma,MID,Spurs,0.20421103897348708
31,289,Caoimhin Kelleher,GK,Liverpool,0.08531563522049049
31,636,Stefan Parkes,DEF,Fulham,0.22108189104620796
31,497,Adrián San Miguel del Castillo,GK,Liverpool,0.08531563522049049
31,148,Conor Gallagher,MID,Chelsea,0.20421103897348708
31,631,Lino Sousa,DEF,Arsenal,0.22108189104620796
31,520,Kalidou Koulibaly,DEF,Chelsea,0.22108189104620796
31,677,Jack Hinshelwood,MID,Brighton,0.20421103897348708
31,109,Joël Veltman,DEF,Brighton,0.22108189104620796
31,53,Boubacar Kamara,MID,Aston Villa,0.20421103897348708
31,151,Ethan Ampadu,DEF,Chelsea,0.22108189104620796
31,725,Naouirou Ahamada,MID,Crystal Palace,0.20421103897348708
31,537,Kaine Kesler Hayden,DEF,Aston Villa,0.22108189104620796
31,407,James Ward-Prowse,MID,Southampton,0.20421103897348708
31,36,Morgan Sanson,MID,Aston Villa,0.20421103897348708
31,240,Crysencio Summerville,MID,Leeds,0.20421103897348708
31,330,Harry Maguire,DEF,Man Utd,0.22108189104620796
31,741,Lewis Miley,MID,Newcastle,0.20421103897348708
31,336,Donny van de Beek,MID,Man Utd,0.20421103897348708
31,127,César Azpilicueta,DEF,Chelsea,0.22108189104620796
31,340,Jadon Sancho,MID,Man Utd,0.20421103897348708
31,504,Tyrell Malacia,DEF,Man Utd,0.22108189104620796
31,241,Lewis Bate,MID,Leeds,0.20421103897348708
31,286,Joseph Gomez,DEF,Liverpool,0.22108189104620796
31,88,Mathias Jensen,MID,Brentford,0.20421103897348708
31,412,Nathan Tella,MID,Southampton,0.20421103897348708
31,674,Rhys Bennett,DEF,Man Utd,0.22108189104620796
31,544,Jan Paul van Hecke,DEF,Brighton,0.22108189104620796
31,448,Ivan Perišić,DEF,Spurs,0.22108189104620796
31,11,Eddie Nketiah,FWD,Arsenal,0.2632643955247713
31,144,Callum Hudson-Odoi,MID,Chelsea,0.20421103897348708
31,488,Fabio Silva,FWD,Wolves,0.2632643955247713
31,280,Virgil van Dijk,DEF,Liverpool,0.22108189104620796
31,188,Yerry Mina,DEF,Everton,0.22108189104620796
31,55,Jaden Philogene-Bidace,MID,Aston Villa,0.20421103897348708
31,582,Remo Freuler,MID,Nott'm Forest,0.20421103897348708
31,375,Jeff Hendrick,MID,Newcastle,0.20421103897348708
31,446,Dejan Kulusevski,MID,Spurs,0.20421103897348708
31,45,Leon Bailey,MID,Aston Villa,0.20421103897348708
31,261,James Maddison,MID,Leicester,0.20421103897348708
31,590,Joseph Whitworth,GK,Crystal Palace,0.08531563522049049
31,316,Cole Palmer,MID,Man City,0.20421103897348708
31,435,Davinson Sánchez,DEF,Spurs,0.22108189104620796
31,304,Raheem Sterling,MID,Chelsea,0.20421103897348708
31,275,Jordan Henderson,MID,Liverpool,0.20421103897348708
31,516,Nathan Collins,DEF,Wolves,0.22108189104620796
31,140,Christian Pulisic,MID,Chelsea,0.20421103897348708
31,75,Jaidon Anthony,MID,Bournemouth,0.20421103897348708
31,235,Pascal Struijk,DEF,Leeds,0.22108189104620796
31,367,Matt Targett,DEF,Newcastle,0.22108189104620796
31,748,Romaine Mundle,MID,Spurs,0.20421103897348708
31,401,Alex McCarthy,GK,Southampton,0.08531563522049049
31,600,Ben Knight,MID,Man City,0.20421103897348708
31,61,Jamal Lowe,MID,Bournemouth,0.20421103897348708
31,682,Matheus Santos Carneiro Da Cunha,FWD,Wolves,0.2632643955247713
31,387,Ryan Yates,MID,Nott'm Forest,0.20421103897348708
31,297,Darwin Núñez Ribeiro,FWD,Liverpool,0.2632643955247713
31,734,André Ayew,MID,Nott'm Forest,0.20421103897348708
31,32,Calum Chambers,DEF,Aston Villa,0.22108189104620796
31,178,Seamus Coleman,DEF,Everton,0.22108189104620796
31,624,Samuel Edozie,MID,Southampton,0.20421103897348708
31,218,Rodrigo Muniz Carvalho,FWD,Fulham,0.2632643955247713
31,400,Theo Walcott,MID,Southampton,0.20421103897348708
31,245,Marc Roca Junqué,MID,Leeds,0.20421103897348708
31,463,Vladimir Coufal,DEF,West Ham,0.22108189104620796
31,105,Shane Duffy,DEF,Fulham,0.22108189104620796
31,56,Frédéric Guilbert,DEF,Aston Villa,0.22108189104620796
31,244,Rasmus Kristensen,DEF,Leeds,0.22108189104620796
31,303,Riyad Mahrez,MID,Man City,0.20421103897348708
31,593,Carlos Henrique Casimiro,MID,Man Utd,0.20421103897348708
31,618,Carlos Vinícius Alves Morais,FWD,Fulham,0.2632643955247713
31,733,Pedro Porro,DEF,Spurs,0.22108189104620796
31,30,Danny Ings,FWD,West Ham,0.2632643955247713
31,179,Andros Townsend,MID,Everton,0.20421103897348708
31,602,Renan Augusto Lodi dos Santos,DEF,Nott'm Forest,0.22108189104620796
31,535,Marcus Tavernier,MID,Bournemouth,0.20421103897348708
31,214,Ivan Neves Abreu Cavaleiro,MID,Fulham,0.20421103897348708
31,349,Jonjo Shelvey,MID,Nott'm Forest,0.20421103897348708
31,757,Ishé Samuels-Smith,DEF,Everton,0.22108189104620796
31,337,Victor Lindelöf,DEF,Man Utd,0.22108189104620796
31,369,Miguel Almirón Rejala,MID,Newcastle,0.20421103897348708
31,166,Odsonne Edouard,FWD,Crystal Palace,0.2632643955247713
31,668,Amario Cozier-Duberry,MID,Arsenal,0.20421103897348708
31,652,James Furlong,DEF,Brighton,0.22108189104620796
31,155,Christian Benteke,FWD,Crystal Palace,0.2632643955247713
31,49,Tim Iroegbunam,MID,Aston Villa,0.20421103897348708
31,380,Lyle Taylor,FWD,Nott'm Forest,0.2632643955247713
31,381,Jack Colback,MID,Nott'm Forest,0.20421103897348708
31,552,Elliot Anderson,MID,Newcastle,0.20421103897348708
31,123,Deniz Undav,FWD,Brighton,0.2632643955247713
31,607,Matthew Smith,MID,Arsenal,0.20421103897348708
31,200,Tom Cairney,MID,Fulham,0.20421103897348708
31,619,Wilfried Gnonto,FWD,Leeds,0.2632643955247713
31,477,Jonathan Castro Otto,DEF,Wolves,0.22108189104620796
31,576,Marcos Senesi,DEF,Bournemouth,0.22108189104620796
31,259,Youri Tielemans,MID,Leicester,0.20421103897348708
31,753,James Wright,GK,Aston Villa,0.08531563522049049
31,389,Jonathan Panzo,DEF,Nott'm Forest,0.22108189104620796
31,648,Ryan Finnigan,MID,Southampton,0.20421103897348708
31,417,Romain Perraud,DEF,Southampton,0.22108189104620796
31,711,Jhon Durán,FWD,Aston Villa,0.2632643955247713
31,236,Kristoffer Klaesson,GK,Leeds,0.08531563522049049
31,211,Harrison Reed,MID,Fulham,0.20421103897348708
31,296,Fábio Freitas Gouveia Carvalho,MID,Liverpool,0.20421103897348708
31,513,Clément Lenglet,DEF,Spurs,0.22108189104620796
31,116,Alexis Mac Allister,MID,Brighton,0.20421103897348708
31,645,Joe Wormleighton,DEF,Leicester,0.22108189104620796
31,169,Eberechi Eze,MID,Crystal Palace,0.20421103897348708
31,344,Anthony Elanga,MID,Man Utd,0.20421103897348708
31,293,Luis Díaz,MID,Liverpool,0.20421103897348708
31,205,Bobby De Cordova-Reid,MID,Fulham,0.20421103897348708
31,334,Alex Telles,DEF,Man Utd,0.22108189104620796
31,587,Sergio Gómez,DEF,Man City,0.22108189104620796
31,374,Bruno Guimarães Rodriguez Moura,MID,Newcastle,0.20421103897348708
31,16,Gabriel dos Santos Magalhães,DEF,Arsenal,0.22108189104620796
31,670,Filip Marschall,GK,Aston Villa,0.08531563522049049
31,545,Emerson Palmieri dos Santos,DEF,West Ham,0.22108189104620796
31,7,Martin Ødegaard,MID,Arsenal,0.20421103897348708
31,503,João Filipe Iria Santos Moutinho,MID,Wolves,0.20421103897348708
31,92,Ethan Pinnock,DEF,Brentford,0.22108189104620796
31,347,Facundo Pellistri Rebollo,MID,Man Utd,0.20421103897348708
31,23,Reiss Nelson,MID,Arsenal,0.20421103897348708
31,579,Gonçalo Manuel Ganchinho Guedes,MID,Wolves,0.20421103897348708
31,152,Vicente Guaita,GK,Crystal Palace,0.08531563522049049
31,268,James Justin,DEF,Leicester,0.22108189104620796
31,662,Thomas Cannon,FWD,Everton,0.2632643955247713
31,267,Çaglar Söyüncü,DEF,Leicester,0.22108189104620796
31,425,Hugo Lloris,GK,Spurs,0.08531563522049049
31,376,Nick Pope,GK,Newcastle,0.08531563522049049
31,441,Oliver Skipp,MID,Spurs,0.20421103897348708
31,436,Ryan Sessegnon,DEF,Spurs,0.22108189104620796
31,538,Ashley Young,DEF,Aston Villa,0.22108189104620796
31,119,Jeremy Sarmiento Morante,MID,Brighton,0.20421103897348708
31,70,Philip Billing,MID,Bournemouth,0.20421103897348708
32,403,Nathan Redmond,MID,Southampton,0.20421103897348705
32,58,Junior Stanislas,MID,Bournemouth,0.20421103897348705
32,366,Fabian Schär,DEF,Newcastle,0.22108189104620787
32,742,Jeremiah Chilokoa-Mullen,DEF,Leeds,0.22108189104620787
32,249,Jonny Evans,DEF,Leicester,0.22108189104620787
32,394,Brennan Johnson,FWD,Nott'm Forest,0.26326439552477127
32,514,Cheick Doucouré,MID,Crystal Palace,0.20421103897348705
32,553,Oliver Hammond,MID,Nott'm Forest,0.20421103897348705
32,485,Luke Cundle,MID,Wolves,0.20421103897348705
32,540,Fin Stevens,DEF,Brentford,0.22108189104620787
32,451,Brandon Austin,GK,Spurs,0.08531563522049046
32,158,Luka Milivojevic,MID,Crystal Palace,0.20421103897348705
32,747,George Wickens,GK,Fulham,0.08531563522049046
32,529,Gianluca Scamacca,FWD,West Ham,0.26326439552477127
32,281,Alisson Ramses Becker,GK,Liverpool,0.08531563522049046
32,411,Che Adams,FWD,Southampton,0.26326439552477127
32,237,Sam Greenwood,FWD,Leeds,0.26326439552477127
32,750,Charlie Robinson,DEF,Fulham,0.22108189104620787
32,203,Nathaniel Chalobah,MID,Fulham,0.20421103897348705
32,501,Nathaniel Phillips,DEF,Liverpool,0.22108189104620787
32,393,Loïc Mbe Soh,DEF,Nott'm Forest,0.22108189104620787
32,743,Diogo Pinheiro Monteiro,DEF,Leeds,0.22108189104620787
32,209,Tosin Adarabioyo,DEF,Fulham,0.22108189104620787
32,383,Carlos Ribeiro Dias,MID,Nott'm Forest,0.20421103897348705
32,213,Marek Rodák,GK,Fulham,0.08531563522049046
32,359,Ryan Fraser,MID,Newcastle,0.20421103897348705
32,270,Luke Thomas,DEF,Leicester,0.22108189104620787
32,353,Karl Darlow,GK,Newcastle,0.08531563522049046
32,426,Fraser Forster,GK,Spurs,0.08531563522049046
32,278,Alex Oxlade-Chamberlain,MID,Liverpool,0.20421103897348705
32,630,Ethan Nwaneri,MID,Arsenal,0.20421103897348705
32,415,Will Smallbone,MID,Southampton,0.20421103897348705
32,641,Martial Godo,MID,Fulham,0.20421103897348705
32,354,Chris Wood,FWD,Nott'm Forest,0.26326439552477127
32,571,Darren Randolph,GK,Bournemouth,0.08531563522049046
32,479,Leander Dendoncker,MID,Aston Villa,0.20421103897348705
32,729,Keylor Navas,GK,Nott'm Forest,0.08531563522049046
32,183,Allan Marques Loureiro,MID,Everton,0.20421103897348705
32,290,Ibrahima Konaté,DEF,Liverpool,0.22108189104620787
32,210,Aleksandar Mitrović,FWD,Fulham,0.26326439552477127
32,373,Joe Willock,MID,Newcastle,0.20421103897348705
32,494,Yerson Mosquera Valdelamar,DEF,Wolves,0.22108189104620787
32,321,Roméo Lavia,MID,Southampton,0.20421103897348705
32,686,Ellis Simms,FWD,Everton,0.26326439552477127
32,84,Kristoffer Ajer,DEF,Brentford,0.22108189104620787
32,585,Emmanuel Dennis,FWD,Nott'm Forest,0.26326439552477127
32,681,Gustavo Henrique Furtado Scarpa,MID,Nott'm Forest,0.20421103897348705
32,163,Will Hughes,MID,Crystal Palace,0.20421103897348705
32,512,Joe Ayodele-Aribo,MID,Southampton,0.20421103897348705
32,536,Orel Mangala,MID,Nott'm Forest,0.20421103897348705
32,496,Luke Plange,FWD,Crystal Palace,0.26326439552477127
32,443,Cristian Romero,DEF,Spurs,0.22108189104620787
32,233,Jack Harrison,MID,Leeds,0.20421103897348705
32,575,Maxwel Cornet,MID,West Ham,0.20421103897348705
32,508,Luis Sinisterra Lucumí,MID,Leeds,0.20421103897348705
32,157,Nathaniel Clyne,DEF,Crystal Palace,0.22108189104620787
32,405,Stuart Armstrong,MID,Southampton,0.20421103897348705
32,402,Oriol Romeu Vidal,MID,Southampton,0.20421103897348705
32,229,Tyler Roberts,MID,Leeds,0.20421103897348705
32,638,Lamare Bogarde,DEF,Aston Villa,0.22108189104620787
32,555,Harrison Ashby,DEF,Newcastle,0.22108189104620787
32,273,Lewis Brunt,DEF,Leicester,0.22108189104620787
32,350,Matt Ritchie,DEF,Newcastle,0.22108189104620787
32,253,Jannik Vestergaard,DEF,Leicester,0.22108189104620787
32,530,Chris Richards,DEF,Crystal Palace,0.22108189104620787
32,649,Cameron Plain,GK,Bournemouth,0.08531563522049046
32,288,Diogo Teixeira da Silva,FWD,Liverpool,0.26326439552477127
32,755,Travis Patterson,MID,Aston Villa,0.20421103897348705
32,355,Martin Dubravka,GK,Newcastle,0.08531563522049046
32,225,Rodrigo Moreno,MID,Leeds,0.20421103897348705
32,737,Ben Greenwood,DEF,Bournemouth,0.22108189104620787
32,490,Francisco Jorge Tomás Oliveira,MID,Wolves,0.20421103897348705
32,420,Mohammed Salisu,DEF,Southampton,0.22108189104620787
32,603,Lucas Tolentino Coelho de Lima,MID,West Ham,0.20421103897348705
32,168,Jean-Philippe Mateta,FWD,Crystal Palace,0.26326439552477127
32,177,Salomón Rondón,FWD,Everton,0.26326439552477127
32,221,Liam Cooper,DEF,Leeds,0.22108189104620787
32,665,Ben Doak,MID,Liverpool,0.20421103897348705
32,594,Alexander Isak,FWD,Newcastle,0.26326439552477127
32,713,Arnaut Danjuma,MID,Spurs,0.20421103897348705
32,745,Oliwier Zych,GK,Aston Villa,0.08531563522049046
32,706,Euan Pollock,FWD,Bournemouth,0.26326439552477127
32,726,Sasa Lukic,MID,Fulham,0.20421103897348705
32,67,Lewis Cook,MID,Bournemouth,0.20421103897348705
32,495,Remi Matthews,GK,Crystal Palace,0.08531563522049046
32,676,David Ozoh,MID,Crystal Palace,0.20421103897348705
32,622,Juan Larios López,DEF,Southampton,0.22108189104620787
32,298,Calvin Ramsay,DEF,Liverpool,0.22108189104620787
32,650,Yegor Yarmolyuk,MID,Brentford,0.20421103897348705
32,703,Danilo dos Santos de Oliveira,MID,Nott'm Forest,0.20421103897348705
32,379,Steve Cook,DEF,Nott'm Forest,0.22108189104620787
32,250,Ryan Bertrand,DEF,Leicester,0.22108189104620787
32,692,Mislav Orsic,MID,Southampton,0.20421103897348705
32,528,Sékou Mara,FWD,Southampton,0.26326439552477127
32,390,Xande Nascimento da Costa Silva,MID,Nott'm Forest,0.20421103897348705
32,398,Dean Henderson,GK,Nott'm Forest,0.08531563522049046
32,65,Jack Stacey,DEF,Bournemouth,0.22108189104620787
32,192,Mason Holgate,DEF,Everton,0.22108189104620787
32,223,Mateusz Klich,MID,Leeds,0.20421103897348705
32,671,Jimmy Morgan,FWD,Southampton,0.26326439552477127
32,423,Armel Bella-Kotchap,DEF,Southampton,0.22108189104620787
32,21,Ainsley Maitland-Niles,MID,Southampton,0.20421103897348705
32,274,James Milner,MID,Liverpool,0.20421103897348705
32,515,Keane Lewis-Potter,MID,Brentford,0.20421103897348705
32,500,Sepp van den Berg,DEF,Liverpool,0.22108189104620787
32,242,Joe Gelhardt,FWD,Leeds,0.26326439552477127
32,50,Diego Carlos Santos Silva,DEF,Aston Villa,0.22108189104620787
32,431,Lucas Rodrigues Moura da Silva,MID,Spurs,0.20421103897348705
32,526,Ben Mee,DEF,Brentford,0.22108189104620787
32,659,Mateo Joseph Fernández,FWD,Leeds,0.26326439552477127
32,687,Kasey McAteer,MID,Leicester,0.20421103897348705
32,27,Marcus Oliveira Alencar,MID,Arsenal,0.20421103897348705
32,718,Matías Viña,DEF,Bournemouth,0.22108189104620787
32,231,Daniel James,MID,Fulham,0.20421103897348705
32,506,Tyler Adams,MID,Leeds,0.20421103897348705
32,352,Ciaran Clark,DEF,Newcastle,0.22108189104620787
32,598,Owen Bevan,DEF,Bournemouth,0.22108189104620787
32,72,Mark Travers,GK,Bournemouth,0.08531563522049046
32,76,Jordan Zemura,DEF,Bournemouth,0.22108189104620787
32,5,Rob Holding,DEF,Arsenal,0.22108189104620787
32,80,Ivan Toney,FWD,Brentford,0.26326439552477127
32,78,Pontus Jansson,DEF,Brentford,0.22108189104620787
32,41,Marvelous Nakamba,MID,Aston Villa,0.20421103897348705
32,252,Nampalys Mendy,MID,Leicester,0.20421103897348705
32,25,Fábio Ferreira Vieira,MID,Arsenal,0.20421103897348705
32,633,Matthew Cox,GK,Brentford,0.08531563522049046
32,666,Dale Taylor,FWD,Nott'm Forest,0.26326439552477127
32,59,Ryan Fredericks,DEF,Bournemouth,0.22108189104620787
32,560,Stanley Mills,MID,Everton,0.20421103897348705
32,583,Cheikhou Kouyaté,MID,Nott'm Forest,0.20421103897348705
32,461,Kurt Zouma,DEF,West Ham,0.22108189104620787
32,572,Armstrong Oko-Flex,MID,West Ham,0.20421103897348705
32,397,Taiwo Awoniyi,FWD,Nott'm Forest,0.26326439552477127
32,434,Harry Winks,MID,Spurs,0.20421103897348705
32,642,Kofi Balmer,DEF,Crystal Palace,0.22108189104620787
32,256,Ricardo Barbosa Pereira,DEF,Leicester,0.22108189104620787
32,418,Moussa Djenepo,MID,Southampton,0.20421103897348705
32,493,Morgan Gibbs-White,MID,Nott'm Forest,0.20421103897348705
32,99,Mads Bidstrup,MID,Brentford,0.20421103897348705
32,621,Loïc Badé,DEF,Nott'm Forest,0.22108189104620787
32,69,Ryan Christie,MID,Bournemouth,0.20421103897348705
32,43,Matty Cash,DEF,Aston Villa,0.22108189104620787
32,363,Javier Manquillo Gaitán,DEF,Newcastle,0.22108189104620787
32,34,Bertrand Traoré,MID,Aston Villa,0.20421103897348705
32,584,Bobby Clark,MID,Liverpool,0.20421103897348705
32,735,Wanya Marçal-Madivadua,MID,Leicester,0.20421103897348705
32,547,Cody Drameh,DEF,Leeds,0.22108189104620787
32,194,Vitalii Mykolenko,DEF,Everton,0.22108189104620787
32,66,Dominic Solanke,FWD,Bournemouth,0.26326439552477127
32,86,Vitaly Janelt,MID,Brentford,0.20421103897348705
32,222,Luke Ayling,DEF,Leeds,0.22108189104620787
32,558,Hugo Bueno López,DEF,Wolves,0.22108189104620787
32,561,Lewis Warrington,MID,Everton,0.20421103897348705
32,433,Pierre-Emile Højbjerg,MID,Spurs,0.20421103897348705
32,601,Kaden Rodney,MID,Crystal Palace,0.20421103897348705
32,172,Jesurun Rak-Sakyi,MID,Crystal Palace,0.20421103897348705
32,164,Jairo Riedewald,MID,Crystal Palace,0.20421103897348705
32,467,Declan Rice,MID,West Ham,0.20421103897348705
32,257,Daniel Amartey,DEF,Leicester,0.22108189104620787
32,731,Kamaldeen Sulemana,MID,Southampton,0.20421103897348705
32,195,Anthony Gordon,MID,Newcastle,0.20421103897348705
32,81,David Raya Martin,GK,Brentford,0.08531563522049046
32,447,Dane Scarlett,FWD,Spurs,0.26326439552477127
32,510,Aaron Hickey,DEF,Brentford,0.22108189104620787
32,721,João Victor Gomes da Silva,MID,Wolves,0.20421103897348705
32,531,Rúben Nascimento Vinagre,DEF,Everton,0.22108189104620787
32,639,Sammy Braybrooke,MID,Leicester,0.20421103897348705
32,691,Maximilian Wöber,DEF,Leeds,0.22108189104620787
32,361,Dwight Gayle,FWD,Newcastle,0.26326439552477127
32,246,Brenden Aaronson,MID,Leeds,0.20421103897348705
32,254,Danny Ward,GK,Leicester,0.08531563522049046
32,165,Joachim Andersen,DEF,Crystal Palace,0.22108189104620787
32,404,Jack Stephens,DEF,Bournemouth,0.22108189104620787
32,154,James McArthur,MID,Crystal Palace,0.20421103897348705
32,265,Wilfred Ndidi,MID,Leicester,0.20421103897348705
32,456,Angelo Ogbonna,DEF,West Ham,0.22108189104620787
32,465,Jarrod Bowen,MID,West Ham,0.20421103897348705
32,492,Matija Šarkić,GK,Wolves,0.08531563522049046
32,202,Anthony Knockaert,MID,Fulham,0.20421103897348705
32,647,Lewis Payne,MID,Southampton,0.20421103897348705
32,442,Joe Rodon,DEF,Spurs,0.22108189104620787
32,499,Ben Davies,DEF,Liverpool,0.22108189104620787
32,410,Jan Bednarek,DEF,Southampton,0.22108189104620787
32,95,Bryan Mbeumo,FWD,Brentford,0.26326439552477127
32,287,Naby Keita,MID,Liverpool,0.20421103897348705
32,565,Archie Gray,MID,Leeds,0.20421103897348705
32,577,Amadou Onana,MID,Everton,0.20421103897348705
32,739,Joseph Anang,GK,West Ham,0.08531563522049046
32,694,Alexandre Moreno Lopera,DEF,Aston Villa,0.22108189104620787
32,421,Mateusz Lis,GK,Southampton,0.08531563522049046
32,14,Takehiro Tomiyasu,DEF,Arsenal,0.22108189104620787
32,364,Emil Krafth,DEF,Newcastle,0.22108189104620787
32,33,Lucas Digne,DEF,Aston Villa,0.22108189104620787
32,94,Shandon Baptiste,MID,Brentford,0.20421103897348705
32,13,Bukayo Saka,MID,Arsenal,0.20421103897348705
32,73,Lloyd Kelly,DEF,Bournemouth,0.22108189104620787
32,720,Weston McKennie,MID,Leeds,0.20421103897348705
32,285,Trent Alexander-Arnold,DEF,Liverpool,0.22108189104620787
32,266,Kiernan Dewsbury-Hall,MID,Leicester,0.20421103897348705
32,283,Mohamed Salah,MID,Liverpool,0.20421103897348705
32,6,Thomas Partey,MID,Arsenal,0.20421103897348705
32,693,Carlos Alcaraz,MID,Southampton,0.20421103897348705
32,422,Gavin Bazunu,GK,Southampton,0.08531563522049046
32,581,Alex Smithies,GK,Leicester,0.08531563522049046
32,54,Cameron Archer,FWD,Aston Villa,0.26326439552477127
32,595,Mathias Jorgensen,DEF,Brentford,0.22108189104620787
32,184,André Tavares Gomes,MID,Everton,0.20421103897348705
32,413,Lyanco Silveira Neves Vojnovic,DEF,Southampton,0.22108189104620787
32,517,Thomas Strakosha,GK,Brentford,0.08531563522049046
32,675,Jordan Smith,GK,Nott'm Forest,0.08531563522049046
32,655,Karl Hein,GK,Arsenal,0.08531563522049046
32,452,Alfie Devine,MID,Spurs,0.20421103897348705
32,399,Giulian Biancone,DEF,Nott'm Forest,0.22108189104620787
32,549,Dennis Praet,MID,Leicester,0.20421103897348705
32,612,Wout Faes,DEF,Leicester,0.22108189104620787
32,698,Mario Lemina,MID,Wolves,0.20421103897348705
32,26,William Saliba,DEF,Arsenal,0.22108189104620787
32,710,Jakub Kiwior,DEF,Arsenal,0.22108189104620787
32,658,Harvey Griffiths,MID,Wolves,0.20421103897348705
32,760,Andy Lonergan,GK,Everton,0.08531563522049046
32,459,Craig Dawson,DEF,Wolves,0.22108189104620787
32,554,Bryan Gil Salvatierra,MID,Spurs,0.20421103897348705
32,614,Willian Borges da Silva,MID,Fulham,0.20421103897348705
32,42,Emiliano Buendía Stati,MID,Aston Villa,0.20421103897348705
32,174,Nathan Ferguson,DEF,Crystal Palace,0.22108189104620787
32,428,Son Heung-min,MID,Spurs,0.20421103897348705
32,15,Aaron Ramsdale,GK,Arsenal,0.08531563522049046
32,170,Tyrick Mitchell,DEF,Crystal Palace,0.22108189104620787
32,484,Max Kilman,DEF,Wolves,0.22108189104620787
32,534,Dwight McNeil,MID,Everton,0.20421103897348705
32,592,Harvey Davies,GK,Liverpool,0.08531563522049046
32,727,Harry Souttar,DEF,Leicester,0.22108189104620787
32,664,Dexter Lembikisa,DEF,Wolves,0.22108189104620787
32,523,Harry Toffolo,DEF,Nott'm Forest,0.22108189104620787
32,64,Jefferson Lerma Solís,MID,Bournemouth,0.20421103897348705
32,44,Ezri Konsa Ngoyo,DEF,Aston Villa,0.22108189104620787
32,71,Chris Mepham,DEF,Bournemouth,0.22108189104620787
32,424,Willy Caballero,GK,Southampton,0.08531563522049046
32,395,Alex Mighten,MID,Nott'm Forest,0.20421103897348705
32,52,Keinan Davis,FWD,Aston Villa,0.26326439552477127
32,35,Robin Olsen,GK,Aston Villa,0.08531563522049046
32,83,Josh Dasilva,MID,Brentford,0.20421103897348705
32,279,Roberto Firmino,FWD,Liverpool,0.26326439552477127
32,277,Thiago Alcántara do Nascimento,MID,Liverpool,0.20421103897348705
32,220,João Palhinha Gonçalves,MID,Fulham,0.20421103897348705
32,357,Kieran Trippier,DEF,Newcastle,0.22108189104620787
32,507,Moussa Niakhaté,DEF,Nott'm Forest,0.22108189104620787
32,2,Bernd Leno,GK,Fulham,0.08531563522049046
32,409,Kyle Walker-Peters,DEF,Southampton,0.22108189104620787
32,505,Joe Rothwell,MID,Bournemouth,0.20421103897348705
32,17,Nuno Varela Tavares,DEF,Arsenal,0.22108189104620787
32,548,Daniel Iversen,GK,Leicester,0.08531563522049046
32,437,Steven Bergwijn,MID,Spurs,0.20421103897348705
32,87,Saman Ghoddos,MID,Brentford,0.20421103897348705
32,620,Arthur Henrique Ramos de Oliveira Melo,MID,Liverpool,0.20421103897348705
32,567,Connor Ronan,MID,Wolves,0.20421103897348705
32,371,Joelinton Cássio Apolinário de Lira,MID,Newcastle,0.20421103897348705
32,566,Joseph Hodge,MID,Wolves,0.20421103897348705
32,186,Alex Iwobi,MID,Everton,0.20421103897348705
32,224,Adam Forshaw,MID,Leeds,0.20421103897348705
32,68,Ben Pearson,MID,Bournemouth,0.20421103897348705
32,276,Joel Matip,DEF,Liverpool,0.22108189104620787
32,695,Daniel Adu-Adjei,FWD,Bournemouth,0.26326439552477127
32,377,Sven Botman,DEF,Newcastle,0.22108189104620787
32,464,Saïd Benrahma,MID,West Ham,0.20421103897348705
32,282,Fabio Henrique Tavares,MID,Liverpool,0.20421103897348705
32,709,Victor Kristiansen,DEF,Leicester,0.22108189104620787
32,758,George Abbott,MID,Spurs,0.20421103897348705
32,474,Willy Boly,DEF,Nott'm Forest,0.22108189104620787
32,468,Tomas Soucek,MID,West Ham,0.20421103897348705
32,243,Leo Fuhr Hjelde,DEF,Leeds,0.22108189104620787
32,90,Mads Roerslev Rasmussen,DEF,Brentford,0.22108189104620787
32,732,Paul Onuachu,FWD,Southampton,0.26326439552477127
32,160,Wilfried Zaha,MID,Crystal Palace,0.20421103897348705
32,370,Sean Longstaff,MID,Newcastle,0.20421103897348705
32,672,Kadan Young,MID,Aston Villa,0.20421103897348705
32,91,Mads Bech Sørensen,DEF,Brentford,0.22108189104620787
32,190,Tom Davies,MID,Everton,0.20421103897348705
32,3,Granit Xhaka,MID,Arsenal,0.20421103897348705
32,744,Sil Swinkels,DEF,Aston Villa,0.22108189104620787
32,450,Pape Matar Sarr,MID,Spurs,0.20421103897348705
32,239,Junior Firpo Adames,DEF,Leeds,0.22108189104620787
32,264,Harvey Barnes,MID,Leicester,0.20421103897348705
32,611,Idrissa Gueye,MID,Everton,0.20421103897348705
32,458,Michail Antonio,FWD,West Ham,0.26326439552477127
32,406,Mohamed Elyounoussi,MID,Southampton,0.20421103897348705
32,93,Frank Onyeka,MID,Brentford,0.20421103897348705
32,198,Niels Nkounkou,DEF,Everton,0.22108189104620787
32,440,Rodrigo Bentancur,MID,Spurs,0.20421103897348705
32,472,Nayef Aguerd,DEF,West Ham,0.22108189104620787
32,562,Manor Solomon,MID,Fulham,0.20421103897348705
32,476,Raúl Jiménez,FWD,Wolves,0.26326439552477127
32,563,Luke Chambers,DEF,Liverpool,0.22108189104620787
32,715,Mateus Cardoso Lemos Martins,MID,Leicester,0.20421103897348705
32,416,Ibrahima Diallo,MID,Southampton,0.20421103897348705
32,408,Adam Armstrong,FWD,Southampton,0.26326439552477127
32,388,Joe Worrall,DEF,Nott'm Forest,0.22108189104620787
32,130,Jorge Luiz Frello Filho,MID,Arsenal,0.20421103897348705
32,613,Layvin Kurzawa,DEF,Fulham,0.22108189104620787
32,518,Wayne Hennessey,GK,Nott'm Forest,0.08531563522049046
32,700,Georginio Rutter,FWD,Leeds,0.26326439552477127
32,346,Andreas Hoelgebaum Pereira,MID,Fulham,0.20421103897348705
32,667,Kristian Sekularac,MID,Fulham,0.20421103897348705
32,100,Ellery Balcombe,GK,Brentford,0.08531563522049046
32,187,Jean-Philippe Gbamin,MID,Everton,0.20421103897348705
32,313,Oleksandr Zinchenko,DEF,Arsenal,0.22108189104620787
32,605,Reece Welch,DEF,Everton,0.22108189104620787
32,445,Emerson Leite de Souza Junior,DEF,Spurs,0.22108189104620787
32,483,Daniel Castelo Podence,MID,Wolves,0.20421103897348705
32,171,Michael Olise,MID,Crystal Palace,0.20421103897348705
32,392,Richie Laryea,DEF,Nott'm Forest,0.22108189104620787
32,234,Jamie Shackleton,MID,Leeds,0.20421103897348705
32,40,Ollie Watkins,FWD,Aston Villa,0.26326439552477127
32,539,James Hill,DEF,Bournemouth,0.22108189104620787
32,57,Adam Smith,DEF,Bournemouth,0.22108189104620787
32,604,Killian Phillips,MID,Crystal Palace,0.20421103897348705
32,111,Leandro Trossard,MID,Arsenal,0.20421103897348705
32,471,Ben Johnson,DEF,West Ham,0.22108189104620787
32,207,Paulo Gazzaniga Farias,GK,Fulham,0.08531563522049046
32,740,Krisztián Hegyi,GK,West Ham,0.08531563522049046
32,527,Jesse Lingard,MID,Nott'm Forest,0.20421103897348705
32,197,Nathan Patterson,DEF,Everton,0.22108189104620787
32,365,Jacob Murphy,MID,Newcastle,0.20421103897348705
32,391,Sam Surridge,FWD,Nott'm Forest,0.26326439552477127
32,255,Jamie Vardy,FWD,Leicester,0.26326439552477127
32,10,Benjamin White,DEF,Arsenal,0.22108189104620787
32,292,Konstantinos Tsimikas,DEF,Liverpool,0.22108189104620787
32,153,James Tomkins,DEF,Crystal Palace,0.22108189104620787
32,714,Antoine Semenyo,FWD,Bournemouth,0.26326439552477127
32,4,Mohamed Elneny,MID,Arsenal,0.20421103897348705
32,557,Jackson Smith,GK,Wolves,0.08531563522049046
32,47,Jacob Ramsey,MID,Aston Villa,0.20421103897348705
32,360,Jamaal Lascelles,DEF,Newcastle,0.22108189104620787
32,396,Braian Ojeda Rodríguez,MID,Nott'm Forest,0.20421103897348705
32,368,Allan Saint-Maximin,MID,Newcastle,0.20421103897348705
32,62,Kieffer Moore,FWD,Bournemouth,0.26326439552477127
32,707,Viljami Sinisalo,GK,Aston Villa,0.08531563522049046
32,696,Michael Dacosta Gonzalez,MID,Bournemouth,0.20421103897348705
32,509,Flynn Downes,MID,West Ham,0.20421103897348705
32,574,Norberto Murara Neto,GK,Bournemouth,0.08531563522049046
32,626,Loris Karius,GK,Newcastle,0.08531563522049046
32,486,Pedro Lomba Neto,MID,Wolves,0.20421103897348705
32,470,Issa Diop,DEF,Fulham,0.22108189104620787
32,597,Christian Saydee,FWD,Bournemouth,0.26326439552477127
32,12,Emile Smith Rowe,MID,Arsenal,0.20421103897348705
32,746,Kaelan Casey,DEF,West Ham,0.22108189104620787
32,85,Rico Henry,DEF,Brentford,0.22108189104620787
32,24,Matt Turner,GK,Arsenal,0.08531563522049046
32,212,Harry Wilson,MID,Fulham,0.20421103897348705
32,541,Halil Dervişoğlu,FWD,Brentford,0.26326439552477127
32,201,Tim Ream,DEF,Fulham,0.22108189104620787
32,82,Sergi Canós Tenés,DEF,Brentford,0.22108189104620787
32,156,Joel Ward,DEF,Crystal Palace,0.22108189104620787
32,481,Hwang Hee-chan,MID,Wolves,0.20421103897348705
32,196,Jarrad Branthwaite,DEF,Everton,0.22108189104620787
32,688,Kevin Schade,MID,Brentford,0.20421103897348705
32,588,Thilo Kehrer,DEF,West Ham,0.22108189104620787
32,294,Harvey Elliott,MID,Liverpool,0.20421103897348705
32,230,Robin Koch,DEF,Leeds,0.22108189104620787
32,263,Hamza Choudhury,MID,Leicester,0.20421103897348705
32,262,Kelechi Iheanacho,FWD,Leicester,0.26326439552477127
32,663,Sonny Perkins,FWD,Leeds,0.26326439552477127
32,414,Yan Valery,DEF,Southampton,0.22108189104620787
32,487,Rayan Aït-Nouri,DEF,Wolves,0.22108189104620787
32,568,Chem Campbell,MID,Wolves,0.20421103897348705
32,180,Michael Keane,DEF,Everton,0.22108189104620787
32,632,Ryan Trevitt,MID,Brentford,0.20421103897348705
32,63,Emiliano Marcondes,MID,Bournemouth,0.20421103897348705
32,269,Boubakary Soumaré,MID,Leicester,0.20421103897348705
32,716,James Bree,DEF,Southampton,0.22108189104620787
32,384,Joe Lolley,MID,Nott'm Forest,0.20421103897348705
32,89,Yoane Wissa,MID,Brentford,0.20421103897348705
32,654,Jack Wells-Morrison,MID,Crystal Palace,0.20421103897348705
32,378,Harry Arter,MID,Nott'm Forest,0.20421103897348705
32,247,Darko Gyabi,MID,Leeds,0.20421103897348705
32,460,Manuel Lanzini,MID,West Ham,0.20421103897348705
32,260,Ayoze Pérez,MID,Leicester,0.20421103897348705
32,175,Sam Johnstone,GK,Crystal Palace,0.08531563522049046
32,248,Kasper Schmeichel,GK,Leicester,0.08531563522049046
32,97,Marcus Forss,FWD,Brentford,0.26326439552477127
32,199,James Tarkowski,DEF,Everton,0.22108189104620787
32,564,Stefan Bajcetic,MID,Liverpool,0.20421103897348705
32,191,Dominic Calvert-Lewin,FWD,Everton,0.26326439552477127
32,489,Toti António Gomes,DEF,Wolves,0.22108189104620787
32,251,Marc Albrighton,MID,Leicester,0.20421103897348705
32,491,Adama Traoré Diarra,MID,Wolves,0.20421103897348705
32,206,Joe Bryan,DEF,Fulham,0.22108189104620787
32,429,Matt Doherty,DEF,Spurs,0.22108189104620787
32,430,Eric Dier,DEF,Spurs,0.22108189104620787
32,110,Neal Maupay,FWD,Everton,0.26326439552477127
32,524,Lewis O'Brien,MID,Nott'm Forest,0.20421103897348705
32,19,Gabriel Martinelli Silva,MID,Arsenal,0.20421103897348705
32,439,Japhet Tanganga,DEF,Spurs,0.22108189104620787
32,96,Charlie Goode,DEF,Brentford,0.22108189104620787
32,295,Neco Williams,DEF,Nott'm Forest,0.22108189104620787
32,37,John McGinn,MID,Aston Villa,0.20421103897348705
32,556,Conor Coventry,MID,West Ham,0.20421103897348705
32,473,Alphonse Areola,GK,West Ham,0.08531563522049046
32,271,Patson Daka,FWD,Leicester,0.26326439552477127
32,208,Terence Kongolo,DEF,Fulham,0.22108189104620787
32,185,Abdoulaye Doucouré,MID,Everton,0.20421103897348705
32,372,Jamal Lewis,DEF,Newcastle,0.22108189104620787
32,521,Tyrese Francois,MID,Fulham,0.20421103897348705
32,238,Illan Meslier,GK,Leeds,0.08531563522049046
32,438,Sergio Reguilón,DEF,Spurs,0.22108189104620787
32,646,Tristan Crama,DEF,Brentford,0.22108189104620787
32,511,Omar Richards,DEF,Nott'm Forest,0.22108189104620787
32,455,Lukasz Fabianski,GK,West Ham,0.08531563522049046
32,291,Curtis Jones,MID,Liverpool,0.20421103897348705
32,623,Duje Caleta-Car,DEF,Southampton,0.22108189104620787
32,216,Josh Onomah,MID,Fulham,0.20421103897348705
32,669,Divin Mubama,FWD,West Ham,0.26326439552477127
32,591,Terry Ablade,FWD,Fulham,0.26326439552477127
32,258,Timothy Castagne,DEF,Leicester,0.22108189104620787
32,1,Cédric Alves Soares,DEF,Fulham,0.22108189104620787
32,18,Albert Sambi Lokonga,MID,Crystal Palace,0.20421103897348705
32,697,Dominic Sadi,FWD,Bournemouth,0.26326439552477127
32,382,Brice Samba,GK,Nott'm Forest,0.08531563522049046
32,454,Richarlison de Andrade,FWD,Spurs,0.26326439552477127
32,176,Asmir Begović,GK,Everton,0.08531563522049046
32,525,Ludwig Augustinsson,DEF,Aston Villa,0.22108189104620787
32,215,Kenny Tete,DEF,Fulham,0.22108189104620787
32,356,Callum Wilson,FWD,Newcastle,0.26326439552477127
32,625,Diego Da Silva Costa,FWD,Wolves,0.26326439552477127
32,8,Kieran Tierney,DEF,Arsenal,0.22108189104620787
32,227,Patrick Bamford,FWD,Leeds,0.26326439552477127
32,432,Ben Davies,DEF,Spurs,0.22108189104620787
32,475,Conor Coady,DEF,Everton,0.22108189104620787
32,9,Nicolas Pépé,MID,Arsenal,0.20421103897348705
32,39,Tyrone Mings,DEF,Aston Villa,0.22108189104620787
32,532,Kevin Mbabu,DEF,Fulham,0.22108189104620787
32,449,Harvey White,MID,Spurs,0.20421103897348705
32,478,José Malheiro de Sá,GK,Wolves,0.08531563522049046
32,189,Demarai Gray,MID,Everton,0.20421103897348705
32,204,Neeskens Kebano,MID,Fulham,0.20421103897348705
32,217,Antonee Robinson,DEF,Fulham,0.22108189104620787
32,629,Boubacar Traoré,MID,Wolves,0.20421103897348705
32,98,Dominic Thompson,DEF,Brentford,0.22108189104620787
32,722,Illia Zabarnyi,DEF,Bournemouth,0.22108189104620787
32,570,James Garner,MID,Everton,0.20421103897348705
32,589,Matheus Luiz Nunes,MID,Wolves,0.20421103897348705
32,657,Nathan Fraser,FWD,Wolves,0.26326439552477127
32,182,Jordan Pickford,GK,Everton,0.08531563522049046
32,628,Serge Aurier,DEF,Nott'm Forest,0.22108189104620787
32,362,Paul Dummett,DEF,Newcastle,0.22108189104620787
32,578,Joel Robles,GK,Leeds,0.08531563522049046
32,22,Lucas Torreira di Pascua,MID,Arsenal,0.20421103897348705
32,480,Rúben da Silva Neves,MID,Wolves,0.20421103897348705
32,31,Emiliano Martínez Romero,GK,Aston Villa,0.08531563522049046
32,754,Sebastian Revan,DEF,Aston Villa,0.22108189104620787
32,678,Isaac Price,MID,Everton,0.20421103897348705
32,74,Siriki Dembélé,MID,Bournemouth,0.20421103897348705
32,79,Christian Nørgaard,MID,Brentford,0.20421103897348705
32,462,Arthur Masuaku,DEF,West Ham,0.22108189104620787
32,704,Pablo Sarabia,MID,Wolves,0.20421103897348705
32,20,Pablo Marí Villar,DEF,Arsenal,0.22108189104620787
32,385,Scott McKenna,DEF,Nott'm Forest,0.22108189104620787
32,608,Sasa Kalajdzic,FWD,Wolves,0.26326439552477127
32,161,Jeffrey Schlupp,MID,Crystal Palace,0.20421103897348705
32,751,Reuell Walters,DEF,Arsenal,0.22108189104620787
32,546,Luke Harris,MID,Fulham,0.20421103897348705
32,723,Hamed Traorè,MID,Bournemouth,0.20421103897348705
32,46,Douglas Luiz Soares de Paulo,MID,Aston Villa,0.20421103897348705
32,498,Rhys Williams,DEF,Liverpool,0.22108189104620787
32,159,Jordan Ayew,MID,Crystal Palace,0.20421103897348705
32,351,Federico Fernández,DEF,Newcastle,0.22108189104620787
32,738,Max Kinsey-Wellings,DEF,Bournemouth,0.22108189104620787
32,457,Aaron Cresswell,DEF,West Ham,0.22108189104620787
32,730,Felipe Augusto de Almeida Monteiro,DEF,Nott'm Forest,0.22108189104620787
32,284,Andrew Robertson,DEF,Liverpool,0.22108189104620787
32,469,Pablo Fornals Malla,MID,West Ham,0.20421103897348705
32,482,Nélson Cabral Semedo,DEF,Wolves,0.22108189104620787
32,427,Harry Kane,FWD,Spurs,0.26326439552477127
32,77,Will Dennis,GK,Bournemouth,0.08531563522049046
32,752,Michael Olakigbe,MID,Brentford,0.20421103897348705
32,28,Gabriel Fernando de Jesus,FWD,Arsenal,0.26326439552477127
32,38,Kortney Hause,DEF,Aston Villa,0.22108189104620787
32,193,Ben Godfrey,DEF,Everton,0.22108189104620787
32,705,Dango Ouattara,MID,Bournemouth,0.20421103897348705
32,219,Jay Stansfield,FWD,Fulham,0.26326439552477127
32,419,Tino Livramento,DEF,Southampton,0.22108189104620787
32,634,John-Kymani Gordon,FWD,Crystal Palace,0.26326439552477127
32,386,Mohamed Dräger,DEF,Nott'm Forest,0.22108189104620787
32,749,George Shelvey,GK,Nott'm Forest,0.08531563522049046
32,680,Cody Gakpo,MID,Liverpool,0.20421103897348705
32,51,Anwar El Ghazi,MID,Aston Villa,0.20421103897348705
32,683,Garang Kuol,MID,Newcastle,0.20421103897348705
32,226,Stuart Dallas,DEF,Leeds,0.22108189104620787
32,167,Marc Guéhi,DEF,Crystal Palace,0.22108189104620787
32,232,Raphael Dias Belloli,MID,Leeds,0.20421103897348705
32,637,Kyle John,DEF,Everton,0.22108189104620787
32,580,Mikkel Damsgaard,MID,Brentford,0.20421103897348705
32,29,Philippe Coutinho Correia,MID,Aston Villa,0.20421103897348705
32,522,Djed Spence,DEF,Spurs,0.22108189104620787
32,358,Dan Burn,DEF,Newcastle,0.22108189104620787
32,685,Nathan Butler-Oyedeji,FWD,Arsenal,0.26326439552477127
32,181,Dele Alli,MID,Everton,0.20421103897348705
32,228,Diego Llorente,DEF,Leeds,0.22108189104620787
32,717,Daniel Bentley,GK,Wolves,0.08531563522049046
32,173,Malcolm Ebiowei,MID,Crystal Palace,0.20421103897348705
32,466,Nikola Vlasic,MID,West Ham,0.20421103897348705
32,644,Owen Goodman,GK,Crystal Palace,0.08531563522049046
32,627,Eldin Jakupovic,GK,Everton,0.08531563522049046
32,453,Troy Parrott,FWD,Spurs,0.26326439552477127
32,60,David Brooks,MID,Bournemouth,0.20421103897348705
32,444,Yves Bissouma,MID,Spurs,0.20421103897348705
32,289,Caoimhin Kelleher,GK,Liverpool,0.08531563522049046
32,636,Stefan Parkes,DEF,Fulham,0.22108189104620787
32,497,Adrián San Miguel del Castillo,GK,Liverpool,0.08531563522049046
32,631,Lino Sousa,DEF,Arsenal,0.22108189104620787
32,53,Boubacar Kamara,MID,Aston Villa,0.20421103897348705
32,725,Naouirou Ahamada,MID,Crystal Palace,0.20421103897348705
32,537,Kaine Kesler Hayden,DEF,Aston Villa,0.22108189104620787
32,407,James Ward-Prowse,MID,Southampton,0.20421103897348705
32,36,Morgan Sanson,MID,Aston Villa,0.20421103897348705
32,240,Crysencio Summerville,MID,Leeds,0.20421103897348705
32,741,Lewis Miley,MID,Newcastle,0.20421103897348705
32,241,Lewis Bate,MID,Leeds,0.20421103897348705
32,286,Joseph Gomez,DEF,Liverpool,0.22108189104620787
32,88,Mathias Jensen,MID,Brentford,0.20421103897348705
32,412,Nathan Tella,MID,Southampton,0.20421103897348705
32,448,Ivan Perišić,DEF,Spurs,0.22108189104620787
32,11,Eddie Nketiah,FWD,Arsenal,0.26326439552477127
32,488,Fabio Silva,FWD,Wolves,0.26326439552477127
32,280,Virgil van Dijk,DEF,Liverpool,0.22108189104620787
32,188,Yerry Mina,DEF,Everton,0.22108189104620787
32,55,Jaden Philogene-Bidace,MID,Aston Villa,0.20421103897348705
32,582,Remo Freuler,MID,Nott'm Forest,0.20421103897348705
32,375,Jeff Hendrick,MID,Newcastle,0.20421103897348705
32,446,Dejan Kulusevski,MID,Spurs,0.20421103897348705
32,45,Leon Bailey,MID,Aston Villa,0.20421103897348705
32,261,James Maddison,MID,Leicester,0.20421103897348705
32,590,Joseph Whitworth,GK,Crystal Palace,0.08531563522049046
32,435,Davinson Sánchez,DEF,Spurs,0.22108189104620787
32,275,Jordan Henderson,MID,Liverpool,0.20421103897348705
32,516,Nathan Collins,DEF,Wolves,0.22108189104620787
32,75,Jaidon Anthony,MID,Bournemouth,0.20421103897348705
32,235,Pascal Struijk,DEF,Leeds,0.22108189104620787
32,367,Matt Targett,DEF,Newcastle,0.22108189104620787
32,748,Romaine Mundle,MID,Spurs,0.20421103897348705
32,401,Alex McCarthy,GK,Southampton,0.08531563522049046
32,61,Jamal Lowe,MID,Bournemouth,0.20421103897348705
32,682,Matheus Santos Carneiro Da Cunha,FWD,Wolves,0.26326439552477127
32,387,Ryan Yates,MID,Nott'm Forest,0.20421103897348705
32,297,Darwin Núñez Ribeiro,FWD,Liverpool,0.26326439552477127
32,734,André Ayew,MID,Nott'm Forest,0.20421103897348705
32,32,Calum Chambers,DEF,Aston Villa,0.22108189104620787
32,178,Seamus Coleman,DEF,Everton,0.22108189104620787
32,624,Samuel Edozie,MID,Southampton,0.20421103897348705
32,218,Rodrigo Muniz Carvalho,FWD,Fulham,0.26326439552477127
32,400,Theo Walcott,MID,Southampton,0.20421103897348705
32,245,Marc Roca Junqué,MID,Leeds,0.20421103897348705
32,463,Vladimir Coufal,DEF,West Ham,0.22108189104620787
32,105,Shane Duffy,DEF,Fulham,0.22108189104620787
32,56,Frédéric Guilbert,DEF,Aston Villa,0.22108189104620787
32,244,Rasmus Kristensen,DEF,Leeds,0.22108189104620787
32,618,Carlos Vinícius Alves Morais,FWD,Fulham,0.26326439552477127
32,733,Pedro Porro,DEF,Spurs,0.22108189104620787
32,30,Danny Ings,FWD,West Ham,0.26326439552477127
32,179,Andros Townsend,MID,Everton,0.20421103897348705
32,602,Renan Augusto Lodi dos Santos,DEF,Nott'm Forest,0.22108189104620787
32,535,Marcus Tavernier,MID,Bournemouth,0.20421103897348705
32,214,Ivan Neves Abreu Cavaleiro,MID,Fulham,0.20421103897348705
32,349,Jonjo Shelvey,MID,Nott'm Forest,0.20421103897348705
32,757,Ishé Samuels-Smith,DEF,Everton,0.22108189104620787
32,369,Miguel Almirón Rejala,MID,Newcastle,0.20421103897348705
32,166,Odsonne Edouard,FWD,Crystal Palace,0.26326439552477127
32,668,Amario Cozier-Duberry,MID,Arsenal,0.20421103897348705
32,155,Christian Benteke,FWD,Crystal Palace,0.26326439552477127
32,49,Tim Iroegbunam,MID,Aston Villa,0.20421103897348705
32,380,Lyle Taylor,FWD,Nott'm Forest,0.26326439552477127
32,381,Jack Colback,MID,Nott'm Forest,0.20421103897348705
32,552,Elliot Anderson,MID,Newcastle,0.20421103897348705
32,607,Matthew Smith,MID,Arsenal,0.20421103897348705
32,200,Tom Cairney,MID,Fulham,0.20421103897348705
32,619,Wilfried Gnonto,FWD,Leeds,0.26326439552477127
32,477,Jonathan Castro Otto,DEF,Wolves,0.22108189104620787
32,576,Marcos Senesi,DEF,Bournemouth,0.22108189104620787
32,259,Youri Tielemans,MID,Leicester,0.20421103897348705
32,753,James Wright,GK,Aston Villa,0.08531563522049046
32,389,Jonathan Panzo,DEF,Nott'm Forest,0.22108189104620787
32,648,Ryan Finnigan,MID,Southampton,0.20421103897348705
32,417,Romain Perraud,DEF,Southampton,0.22108189104620787
32,711,Jhon Durán,FWD,Aston Villa,0.26326439552477127
32,236,Kristoffer Klaesson,GK,Leeds,0.08531563522049046
32,211,Harrison Reed,MID,Fulham,0.20421103897348705
32,296,Fábio Freitas Gouveia Carvalho,MID,Liverpool,0.20421103897348705
32,513,Clément Lenglet,DEF,Spurs,0.22108189104620787
32,645,Joe Wormleighton,DEF,Leicester,0.22108189104620787
32,169,Eberechi Eze,MID,Crystal Palace,0.20421103897348705
32,293,Luis Díaz,MID,Liverpool,0.20421103897348705
32,205,Bobby De Cordova-Reid,MID,Fulham,0.20421103897348705
32,374,Bruno Guimarães Rodriguez Moura,MID,Newcastle,0.20421103897348705
32,16,Gabriel dos Santos Magalhães,DEF,Arsenal,0.22108189104620787
32,670,Filip Marschall,GK,Aston Villa,0.08531563522049046
32,545,Emerson Palmieri dos Santos,DEF,West Ham,0.22108189104620787
32,7,Martin Ødegaard,MID,Arsenal,0.20421103897348705
32,503,João Filipe Iria Santos Moutinho,MID,Wolves,0.20421103897348705
32,92,Ethan Pinnock,DEF,Brentford,0.22108189104620787
32,23,Reiss Nelson,MID,Arsenal,0.20421103897348705
32,579,Gonçalo Manuel Ganchinho Guedes,MID,Wolves,0.20421103897348705
32,152,Vicente Guaita,GK,Crystal Palace,0.08531563522049046
32,268,James Justin,DEF,Leicester,0.22108189104620787
32,662,Thomas Cannon,FWD,Everton,0.26326439552477127
32,267,Çaglar Söyüncü,DEF,Leicester,0.22108189104620787
32,425,Hugo Lloris,GK,Spurs,0.08531563522049046
32,376,Nick Pope,GK,Newcastle,0.08531563522049046
32,441,Oliver Skipp,MID,Spurs,0.20421103897348705
32,436,Ryan Sessegnon,DEF,Spurs,0.22108189104620787
32,538,Ashley Young,DEF,Aston Villa,0.22108189104620787
32,70,Philip Billing,MID,Bournemouth,0.20421103897348705
33,403,Nathan Redmond,MID,Southampton,0.20421103897348708
33,58,Junior Stanislas,MID,Bournemouth,0.20421103897348708
33,150,Armando Broja,FWD,Chelsea,0.2632643955247713
33,366,Fabian Schär,DEF,Newcastle,0.22108189104620796
33,742,Jeremiah Chilokoa-Mullen,DEF,Leeds,0.22108189104620796
33,249,Jonny Evans,DEF,Leicester,0.22108189104620796
33,724,Enzo Fernández,MID,Chelsea,0.20421103897348708
33,394,Brennan Johnson,FWD,Nott'm Forest,0.2632643955247713
33,514,Cheick Doucouré,MID,Crystal Palace,0.20421103897348708
33,553,Oliver Hammond,MID,Nott'm Forest,0.20421103897348708
33,485,Luke Cundle,MID,Wolves,0.20421103897348708
33,540,Fin Stevens,DEF,Brentford,0.22108189104620796
33,451,Brandon Austin,GK,Spurs,0.08531563522049047
33,158,Luka Milivojevic,MID,Crystal Palace,0.20421103897348708
33,747,George Wickens,GK,Fulham,0.08531563522049047
33,272,Wesley Fofana,DEF,Chelsea,0.22108189104620796
33,529,Gianluca Scamacca,FWD,West Ham,0.2632643955247713
33,281,Alisson Ramses Becker,GK,Liverpool,0.08531563522049047
33,411,Che Adams,FWD,Southampton,0.2632643955247713
33,237,Sam Greenwood,FWD,Leeds,0.2632643955247713
33,750,Charlie Robinson,DEF,Fulham,0.22108189104620796
33,203,Nathaniel Chalobah,MID,Fulham,0.20421103897348708
33,501,Nathaniel Phillips,DEF,Liverpool,0.22108189104620796
33,393,Loïc Mbe Soh,DEF,Nott'm Forest,0.22108189104620796
33,743,Diogo Pinheiro Monteiro,DEF,Leeds,0.22108189104620796
33,102,Jason Steele,GK,Brighton,0.08531563522049047
33,660,Shola Shoretire,FWD,Man Utd,0.2632643955247713
33,209,Tosin Adarabioyo,DEF,Fulham,0.22108189104620796
33,325,Kalvin Phillips,MID,Man City,0.20421103897348708
33,383,Carlos Ribeiro Dias,MID,Nott'm Forest,0.20421103897348708
33,213,Marek Rodák,GK,Fulham,0.08531563522049047
33,359,Ryan Fraser,MID,Newcastle,0.20421103897348708
33,702,Andrey Nascimento dos Santos,MID,Chelsea,0.20421103897348708
33,270,Luke Thomas,DEF,Leicester,0.22108189104620796
33,353,Karl Darlow,GK,Newcastle,0.08531563522049047
33,315,Rodrigo Hernandez,MID,Man City,0.20421103897348708
33,326,Cristiano Ronaldo dos Santos Aveiro,FWD,Man Utd,0.2632643955247713
33,426,Fraser Forster,GK,Spurs,0.08531563522049047
33,278,Alex Oxlade-Chamberlain,MID,Liverpool,0.20421103897348708
33,630,Ethan Nwaneri,MID,Arsenal,0.20421103897348708
33,305,Jack Grealish,MID,Man City,0.20421103897348708
33,317,James McAtee,MID,Man City,0.20421103897348708
33,415,Will Smallbone,MID,Southampton,0.20421103897348708
33,641,Martial Godo,MID,Fulham,0.20421103897348708
33,354,Chris Wood,FWD,Nott'm Forest,0.2632643955247713
33,571,Darren Randolph,GK,Bournemouth,0.08531563522049047
33,479,Leander Dendoncker,MID,Aston Villa,0.20421103897348708
33,729,Keylor Navas,GK,Nott'm Forest,0.08531563522049047
33,183,Allan Marques Loureiro,MID,Everton,0.20421103897348708
33,290,Ibrahima Konaté,DEF,Liverpool,0.22108189104620796
33,210,Aleksandar Mitrović,FWD,Fulham,0.2632643955247713
33,519,Christian Eriksen,MID,Man Utd,0.20421103897348708
33,373,Joe Willock,MID,Newcastle,0.20421103897348708
33,494,Yerson Mosquera Valdelamar,DEF,Wolves,0.22108189104620796
33,321,Roméo Lavia,MID,Southampton,0.20421103897348708
33,686,Ellis Simms,FWD,Everton,0.2632643955247713
33,84,Kristoffer Ajer,DEF,Brentford,0.22108189104620796
33,585,Emmanuel Dennis,FWD,Nott'm Forest,0.2632643955247713
33,681,Gustavo Henrique Furtado Scarpa,MID,Nott'm Forest,0.20421103897348708
33,163,Will Hughes,MID,Crystal Palace,0.20421103897348708
33,512,Joe Ayodele-Aribo,MID,Southampton,0.20421103897348708
33,536,Orel Mangala,MID,Nott'm Forest,0.20421103897348708
33,496,Luke Plange,FWD,Crystal Palace,0.2632643955247713
33,443,Cristian Romero,DEF,Spurs,0.22108189104620796
33,233,Jack Harrison,MID,Leeds,0.20421103897348708
33,575,Maxwel Cornet,MID,West Ham,0.20421103897348708
33,508,Luis Sinisterra Lucumí,MID,Leeds,0.20421103897348708
33,157,Nathaniel Clyne,DEF,Crystal Palace,0.22108189104620796
33,405,Stuart Armstrong,MID,Southampton,0.20421103897348708
33,402,Oriol Romeu Vidal,MID,Southampton,0.20421103897348708
33,229,Tyler Roberts,MID,Leeds,0.20421103897348708
33,638,Lamare Bogarde,DEF,Aston Villa,0.22108189104620796
33,555,Harrison Ashby,DEF,Newcastle,0.22108189104620796
33,273,Lewis Brunt,DEF,Leicester,0.22108189104620796
33,350,Matt Ritchie,DEF,Newcastle,0.22108189104620796
33,253,Jannik Vestergaard,DEF,Leicester,0.22108189104620796
33,118,Enock Mwepu,MID,Brighton,0.20421103897348708
33,141,Trevoh Chalobah,DEF,Chelsea,0.22108189104620796
33,530,Chris Richards,DEF,Crystal Palace,0.22108189104620796
33,649,Cameron Plain,GK,Bournemouth,0.08531563522049047
33,288,Diogo Teixeira da Silva,FWD,Liverpool,0.2632643955247713
33,755,Travis Patterson,MID,Aston Villa,0.20421103897348708
33,355,Martin Dubravka,GK,Newcastle,0.08531563522049047
33,225,Rodrigo Moreno,MID,Leeds,0.20421103897348708
33,737,Ben Greenwood,DEF,Bournemouth,0.22108189104620796
33,490,Francisco Jorge Tomás Oliveira,MID,Wolves,0.20421103897348708
33,420,Mohammed Salisu,DEF,Southampton,0.22108189104620796
33,331,Frederico Rodrigues de Paula Santos,MID,Man Utd,0.20421103897348708
33,117,Jakub Moder,MID,Brighton,0.20421103897348708
33,603,Lucas Tolentino Coelho de Lima,MID,West Ham,0.20421103897348708
33,168,Jean-Philippe Mateta,FWD,Crystal Palace,0.2632643955247713
33,177,Salomón Rondón,FWD,Everton,0.2632643955247713
33,221,Liam Cooper,DEF,Leeds,0.22108189104620796
33,665,Ben Doak,MID,Liverpool,0.20421103897348708
33,594,Alexander Isak,FWD,Newcastle,0.2632643955247713
33,713,Arnaut Danjuma,MID,Spurs,0.20421103897348708
33,318,Erling Haaland,FWD,Man City,0.2632643955247713
33,745,Oliwier Zych,GK,Aston Villa,0.08531563522049047
33,706,Euan Pollock,FWD,Bournemouth,0.2632643955247713
33,726,Sasa Lukic,MID,Fulham,0.20421103897348708
33,67,Lewis Cook,MID,Bournemouth,0.20421103897348708
33,495,Remi Matthews,GK,Crystal Palace,0.08531563522049047
33,314,Phil Foden,MID,Man City,0.20421103897348708
33,676,David Ozoh,MID,Crystal Palace,0.20421103897348708
33,622,Juan Larios López,DEF,Southampton,0.22108189104620796
33,298,Calvin Ramsay,DEF,Liverpool,0.22108189104620796
33,650,Yegor Yarmolyuk,MID,Brentford,0.20421103897348708
33,703,Danilo dos Santos de Oliveira,MID,Nott'm Forest,0.20421103897348708
33,379,Steve Cook,DEF,Nott'm Forest,0.22108189104620796
33,250,Ryan Bertrand,DEF,Leicester,0.22108189104620796
33,692,Mislav Orsic,MID,Southampton,0.20421103897348708
33,528,Sékou Mara,FWD,Southampton,0.2632643955247713
33,338,Scott McTominay,MID,Man Utd,0.20421103897348708
33,390,Xande Nascimento da Costa Silva,MID,Nott'm Forest,0.20421103897348708
33,398,Dean Henderson,GK,Nott'm Forest,0.08531563522049047
33,65,Jack Stacey,DEF,Bournemouth,0.22108189104620796
33,192,Mason Holgate,DEF,Everton,0.22108189104620796
33,115,Steven Alzate,MID,Brighton,0.20421103897348708
33,223,Mateusz Klich,MID,Leeds,0.20421103897348708
33,671,Jimmy Morgan,FWD,Southampton,0.2632643955247713
33,423,Armel Bella-Kotchap,DEF,Southampton,0.22108189104620796
33,21,Ainsley Maitland-Niles,MID,Southampton,0.20421103897348708
33,274,James Milner,MID,Liverpool,0.20421103897348708
33,515,Keane Lewis-Potter,MID,Brentford,0.20421103897348708
33,301,Kevin De Bruyne,MID,Man City,0.20421103897348708
33,500,Sepp van den Berg,DEF,Liverpool,0.22108189104620796
33,242,Joe Gelhardt,FWD,Leeds,0.2632643955247713
33,50,Diego Carlos Santos Silva,DEF,Aston Villa,0.22108189104620796
33,431,Lucas Rodrigues Moura da Silva,MID,Spurs,0.20421103897348708
33,526,Ben Mee,DEF,Brentford,0.22108189104620796
33,659,Mateo Joseph Fernández,FWD,Leeds,0.2632643955247713
33,687,Kasey McAteer,MID,Leicester,0.20421103897348708
33,27,Marcus Oliveira Alencar,MID,Arsenal,0.20421103897348708
33,718,Matías Viña,DEF,Bournemouth,0.22108189104620796
33,231,Daniel James,MID,Fulham,0.20421103897348708
33,690,João Félix Sequeira,FWD,Chelsea,0.2632643955247713
33,306,João Cancelo,DEF,Man City,0.22108189104620796
33,333,Bruno Borges Fernandes,MID,Man Utd,0.20421103897348708
33,506,Tyler Adams,MID,Leeds,0.20421103897348708
33,352,Ciaran Clark,DEF,Newcastle,0.22108189104620796
33,598,Owen Bevan,DEF,Bournemouth,0.22108189104620796
33,72,Mark Travers,GK,Bournemouth,0.08531563522049047
33,76,Jordan Zemura,DEF,Bournemouth,0.22108189104620796
33,5,Rob Holding,DEF,Arsenal,0.22108189104620796
33,80,Ivan Toney,FWD,Brentford,0.2632643955247713
33,78,Pontus Jansson,DEF,Brentford,0.22108189104620796
33,41,Marvelous Nakamba,MID,Aston Villa,0.20421103897348708
33,252,Nampalys Mendy,MID,Leicester,0.20421103897348708
33,25,Fábio Ferreira Vieira,MID,Arsenal,0.20421103897348708
33,633,Matthew Cox,GK,Brentford,0.08531563522049047
33,666,Dale Taylor,FWD,Nott'm Forest,0.2632643955247713
33,59,Ryan Fredericks,DEF,Bournemouth,0.22108189104620796
33,560,Stanley Mills,MID,Everton,0.20421103897348708
33,583,Cheikhou Kouyaté,MID,Nott'm Forest,0.20421103897348708
33,461,Kurt Zouma,DEF,West Ham,0.22108189104620796
33,320,Luke Mbete-Tabu,DEF,Man City,0.22108189104620796
33,572,Armstrong Oko-Flex,MID,West Ham,0.20421103897348708
33,397,Taiwo Awoniyi,FWD,Nott'm Forest,0.2632643955247713
33,434,Harry Winks,MID,Spurs,0.20421103897348708
33,559,Levi Colwill,DEF,Brighton,0.22108189104620796
33,642,Kofi Balmer,DEF,Crystal Palace,0.22108189104620796
33,256,Ricardo Barbosa Pereira,DEF,Leicester,0.22108189104620796
33,418,Moussa Djenepo,MID,Southampton,0.20421103897348708
33,493,Morgan Gibbs-White,MID,Nott'm Forest,0.20421103897348708
33,99,Mads Bidstrup,MID,Brentford,0.20421103897348708
33,621,Loïc Badé,DEF,Nott'm Forest,0.22108189104620796
33,69,Ryan Christie,MID,Bournemouth,0.20421103897348708
33,586,Pervis Estupiñán,DEF,Brighton,0.22108189104620796
33,48,Carney Chukwuemeka,MID,Chelsea,0.20421103897348708
33,43,Matty Cash,DEF,Aston Villa,0.22108189104620796
33,311,Bernardo Veiga de Carvalho e Silva,MID,Man City,0.20421103897348708
33,363,Javier Manquillo Gaitán,DEF,Newcastle,0.22108189104620796
33,34,Bertrand Traoré,MID,Aston Villa,0.20421103897348708
33,584,Bobby Clark,MID,Liverpool,0.20421103897348708
33,329,Raphaël Varane,DEF,Man Utd,0.22108189104620796
33,735,Wanya Marçal-Madivadua,MID,Leicester,0.20421103897348708
33,547,Cody Drameh,DEF,Leeds,0.22108189104620796
33,194,Vitalii Mykolenko,DEF,Everton,0.22108189104620796
33,299,Kyle Walker,DEF,Man City,0.22108189104620796
33,502,Scott Carson,GK,Man City,0.08531563522049047
33,66,Dominic Solanke,FWD,Bournemouth,0.2632643955247713
33,86,Vitaly Janelt,MID,Brentford,0.20421103897348708
33,113,Robert Sánchez,GK,Brighton,0.08531563522049047
33,147,Edouard Mendy,GK,Chelsea,0.08531563522049047
33,222,Luke Ayling,DEF,Leeds,0.22108189104620796
33,761,Tommi O'Reilly,MID,Aston Villa,0.20421103897348708
33,339,Eric Bailly,DEF,Man Utd,0.22108189104620796
33,558,Hugo Bueno López,DEF,Wolves,0.22108189104620796
33,561,Lewis Warrington,MID,Everton,0.20421103897348708
33,433,Pierre-Emile Højbjerg,MID,Spurs,0.20421103897348708
33,601,Kaden Rodney,MID,Crystal Palace,0.20421103897348708
33,172,Jesurun Rak-Sakyi,MID,Crystal Palace,0.20421103897348708
33,164,Jairo Riedewald,MID,Crystal Palace,0.20421103897348708
33,467,Declan Rice,MID,West Ham,0.20421103897348708
33,257,Daniel Amartey,DEF,Leicester,0.22108189104620796
33,731,Kamaldeen Sulemana,MID,Southampton,0.20421103897348708
33,195,Anthony Gordon,MID,Newcastle,0.20421103897348708
33,81,David Raya Martin,GK,Brentford,0.08531563522049047
33,447,Dane Scarlett,FWD,Spurs,0.2632643955247713
33,510,Aaron Hickey,DEF,Brentford,0.22108189104620796
33,721,João Victor Gomes da Silva,MID,Wolves,0.20421103897348708
33,531,Rúben Nascimento Vinagre,DEF,Everton,0.22108189104620796
33,639,Sammy Braybrooke,MID,Leicester,0.20421103897348708
33,107,Solly March,MID,Brighton,0.20421103897348708
33,691,Maximilian Wöber,DEF,Leeds,0.22108189104620796
33,361,Dwight Gayle,FWD,Newcastle,0.2632643955247713
33,246,Brenden Aaronson,MID,Leeds,0.20421103897348708
33,254,Danny Ward,GK,Leicester,0.08531563522049047
33,165,Joachim Andersen,DEF,Crystal Palace,0.22108189104620796
33,542,Kjell Scherpen,GK,Brighton,0.08531563522049047
33,404,Jack Stephens,DEF,Bournemouth,0.22108189104620796
33,154,James McArthur,MID,Crystal Palace,0.20421103897348708
33,265,Wilfred Ndidi,MID,Leicester,0.20421103897348708
33,307,Ederson Santana de Moraes,GK,Man City,0.08531563522049047
33,456,Angelo Ogbonna,DEF,West Ham,0.22108189104620796
33,465,Jarrod Bowen,MID,West Ham,0.20421103897348708
33,492,Matija Šarkić,GK,Wolves,0.08531563522049047
33,708,Noni Madueke,MID,Chelsea,0.20421103897348708
33,143,Malang Sarr,DEF,Chelsea,0.22108189104620796
33,202,Anthony Knockaert,MID,Fulham,0.20421103897348708
33,647,Lewis Payne,MID,Southampton,0.20421103897348708
33,442,Joe Rodon,DEF,Spurs,0.22108189104620796
33,345,Anthony Martial,FWD,Man Utd,0.2632643955247713
33,499,Ben Davies,DEF,Liverpool,0.22108189104620796
33,410,Jan Bednarek,DEF,Southampton,0.22108189104620796
33,95,Bryan Mbeumo,FWD,Brentford,0.2632643955247713
33,287,Naby Keita,MID,Liverpool,0.20421103897348708
33,565,Archie Gray,MID,Leeds,0.20421103897348708
33,577,Amadou Onana,MID,Everton,0.20421103897348708
33,651,Andrew Moran,MID,Brighton,0.20421103897348708
33,550,Amad Diallo,MID,Man Utd,0.20421103897348708
33,739,Joseph Anang,GK,West Ham,0.08531563522049047
33,149,Billy Gilmour,MID,Brighton,0.20421103897348708
33,335,Marcus Rashford,MID,Man Utd,0.20421103897348708
33,694,Alexandre Moreno Lopera,DEF,Aston Villa,0.22108189104620796
33,319,Julián Álvarez,FWD,Man City,0.2632643955247713
33,421,Mateusz Lis,GK,Southampton,0.08531563522049047
33,14,Takehiro Tomiyasu,DEF,Arsenal,0.22108189104620796
33,364,Emil Krafth,DEF,Newcastle,0.22108189104620796
33,302,John Stones,DEF,Man City,0.22108189104620796
33,33,Lucas Digne,DEF,Aston Villa,0.22108189104620796
33,94,Shandon Baptiste,MID,Brentford,0.20421103897348708
33,308,Nathan Aké,DEF,Man City,0.22108189104620796
33,13,Bukayo Saka,MID,Arsenal,0.20421103897348708
33,73,Lloyd Kelly,DEF,Bournemouth,0.22108189104620796
33,720,Weston McKennie,MID,Leeds,0.20421103897348708
33,653,Omari Hutchinson,MID,Chelsea,0.20421103897348708
33,285,Trent Alexander-Arnold,DEF,Liverpool,0.22108189104620796
33,266,Kiernan Dewsbury-Hall,MID,Leicester,0.20421103897348708
33,283,Mohamed Salah,MID,Liverpool,0.20421103897348708
33,131,Ross Barkley,MID,Chelsea,0.20421103897348708
33,6,Thomas Partey,MID,Arsenal,0.20421103897348708
33,693,Carlos Alcaraz,MID,Southampton,0.20421103897348708
33,422,Gavin Bazunu,GK,Southampton,0.08531563522049047
33,581,Alex Smithies,GK,Leicester,0.08531563522049047
33,54,Cameron Archer,FWD,Aston Villa,0.2632643955247713
33,595,Mathias Jorgensen,DEF,Brentford,0.22108189104620796
33,184,André Tavares Gomes,MID,Everton,0.20421103897348708
33,413,Lyanco Silveira Neves Vojnovic,DEF,Southampton,0.22108189104620796
33,517,Thomas Strakosha,GK,Brentford,0.08531563522049047
33,675,Jordan Smith,GK,Nott'm Forest,0.08531563522049047
33,661,Lewis Hall,MID,Chelsea,0.20421103897348708
33,655,Karl Hein,GK,Arsenal,0.08531563522049047
33,139,Ben Chilwell,DEF,Chelsea,0.22108189104620796
33,106,Lewis Dunk,DEF,Brighton,0.22108189104620796
33,452,Alfie Devine,MID,Spurs,0.20421103897348708
33,399,Giulian Biancone,DEF,Nott'm Forest,0.22108189104620796
33,549,Dennis Praet,MID,Leicester,0.20421103897348708
33,612,Wout Faes,DEF,Leicester,0.22108189104620796
33,698,Mario Lemina,MID,Wolves,0.20421103897348708
33,26,William Saliba,DEF,Arsenal,0.22108189104620796
33,122,Haydon Roberts,DEF,Brighton,0.22108189104620796
33,710,Jakub Kiwior,DEF,Arsenal,0.22108189104620796
33,658,Harvey Griffiths,MID,Wolves,0.20421103897348708
33,760,Andy Lonergan,GK,Everton,0.08531563522049047
33,459,Craig Dawson,DEF,Wolves,0.22108189104620796
33,554,Bryan Gil Salvatierra,MID,Spurs,0.20421103897348708
33,614,Willian Borges da Silva,MID,Fulham,0.20421103897348708
33,42,Emiliano Buendía Stati,MID,Aston Villa,0.20421103897348708
33,174,Nathan Ferguson,DEF,Crystal Palace,0.22108189104620796
33,428,Son Heung-min,MID,Spurs,0.20421103897348708
33,15,Aaron Ramsdale,GK,Arsenal,0.08531563522049047
33,170,Tyrick Mitchell,DEF,Crystal Palace,0.22108189104620796
33,640,Ed Turns,DEF,Brighton,0.22108189104620796
33,484,Max Kilman,DEF,Wolves,0.22108189104620796
33,323,Liam Delap,FWD,Man City,0.2632643955247713
33,534,Dwight McNeil,MID,Everton,0.20421103897348708
33,592,Harvey Davies,GK,Liverpool,0.08531563522049047
33,727,Harry Souttar,DEF,Leicester,0.22108189104620796
33,664,Dexter Lembikisa,DEF,Wolves,0.22108189104620796
33,134,N'Golo Kanté,MID,Chelsea,0.20421103897348708
33,719,Yasin Ayari,MID,Brighton,0.20421103897348708
33,523,Harry Toffolo,DEF,Nott'm Forest,0.22108189104620796
33,64,Jefferson Lerma Solís,MID,Bournemouth,0.20421103897348708
33,635,Marcus Bettinelli,GK,Chelsea,0.08531563522049047
33,44,Ezri Konsa Ngoyo,DEF,Aston Villa,0.22108189104620796
33,689,Benoît Badiashile,DEF,Chelsea,0.22108189104620796
33,71,Chris Mepham,DEF,Bournemouth,0.22108189104620796
33,616,Denis Zakaria,MID,Chelsea,0.20421103897348708
33,424,Willy Caballero,GK,Southampton,0.08531563522049047
33,395,Alex Mighten,MID,Nott'm Forest,0.20421103897348708
33,52,Keinan Davis,FWD,Aston Villa,0.2632643955247713
33,35,Robin Olsen,GK,Aston Villa,0.08531563522049047
33,83,Josh Dasilva,MID,Brentford,0.20421103897348708
33,279,Roberto Firmino,FWD,Liverpool,0.2632643955247713
33,277,Thiago Alcántara do Nascimento,MID,Liverpool,0.20421103897348708
33,673,Bashir Humphreys,DEF,Chelsea,0.22108189104620796
33,220,João Palhinha Gonçalves,MID,Fulham,0.20421103897348708
33,543,Matt Clarke,DEF,Brighton,0.22108189104620796
33,357,Kieran Trippier,DEF,Newcastle,0.22108189104620796
33,507,Moussa Niakhaté,DEF,Nott'm Forest,0.22108189104620796
33,2,Bernd Leno,GK,Fulham,0.08531563522049047
33,409,Kyle Walker-Peters,DEF,Southampton,0.22108189104620796
33,505,Joe Rothwell,MID,Bournemouth,0.20421103897348708
33,17,Nuno Varela Tavares,DEF,Arsenal,0.22108189104620796
33,548,Daniel Iversen,GK,Leicester,0.08531563522049047
33,437,Steven Bergwijn,MID,Spurs,0.20421103897348708
33,87,Saman Ghoddos,MID,Brentford,0.20421103897348708
33,620,Arthur Henrique Ramos de Oliveira Melo,MID,Liverpool,0.20421103897348708
33,567,Connor Ronan,MID,Wolves,0.20421103897348708
33,309,Aymeric Laporte,DEF,Man City,0.22108189104620796
33,609,Antony Matheus dos Santos,MID,Man Utd,0.20421103897348708
33,371,Joelinton Cássio Apolinário de Lira,MID,Newcastle,0.20421103897348708
33,566,Joseph Hodge,MID,Wolves,0.20421103897348708
33,186,Alex Iwobi,MID,Everton,0.20421103897348708
33,224,Adam Forshaw,MID,Leeds,0.20421103897348708
33,68,Ben Pearson,MID,Bournemouth,0.20421103897348708
33,276,Joel Matip,DEF,Liverpool,0.22108189104620796
33,695,Daniel Adu-Adjei,FWD,Bournemouth,0.2632643955247713
33,377,Sven Botman,DEF,Newcastle,0.22108189104620796
33,464,Saïd Benrahma,MID,West Ham,0.20421103897348708
33,282,Fabio Henrique Tavares,MID,Liverpool,0.20421103897348708
33,709,Victor Kristiansen,DEF,Leicester,0.22108189104620796
33,758,George Abbott,MID,Spurs,0.20421103897348708
33,135,Hakim Ziyech,MID,Chelsea,0.20421103897348708
33,138,Robert Kenedy Nunes do Nascimento,DEF,Chelsea,0.22108189104620796
33,474,Willy Boly,DEF,Nott'm Forest,0.22108189104620796
33,468,Tomas Soucek,MID,West Ham,0.20421103897348708
33,243,Leo Fuhr Hjelde,DEF,Leeds,0.22108189104620796
33,90,Mads Roerslev Rasmussen,DEF,Brentford,0.22108189104620796
33,732,Paul Onuachu,FWD,Southampton,0.2632643955247713
33,606,Harvey Vale,MID,Chelsea,0.20421103897348708
33,160,Wilfried Zaha,MID,Crystal Palace,0.20421103897348708
33,370,Sean Longstaff,MID,Newcastle,0.20421103897348708
33,672,Kadan Young,MID,Aston Villa,0.20421103897348708
33,91,Mads Bech Sørensen,DEF,Brentford,0.22108189104620796
33,190,Tom Davies,MID,Everton,0.20421103897348708
33,3,Granit Xhaka,MID,Arsenal,0.20421103897348708
33,656,Nathan Bishop,GK,Man Utd,0.08531563522049047
33,533,Lisandro Martínez,DEF,Man Utd,0.22108189104620796
33,744,Sil Swinkels,DEF,Aston Villa,0.22108189104620796
33,450,Pape Matar Sarr,MID,Spurs,0.20421103897348708
33,239,Junior Firpo Adames,DEF,Leeds,0.22108189104620796
33,264,Harvey Barnes,MID,Leicester,0.20421103897348708
33,611,Idrissa Gueye,MID,Everton,0.20421103897348708
33,458,Michail Antonio,FWD,West Ham,0.2632643955247713
33,406,Mohamed Elyounoussi,MID,Southampton,0.20421103897348708
33,93,Frank Onyeka,MID,Brentford,0.20421103897348708
33,551,Zidane Iqbal,MID,Man Utd,0.20421103897348708
33,198,Niels Nkounkou,DEF,Everton,0.22108189104620796
33,440,Rodrigo Bentancur,MID,Spurs,0.20421103897348708
33,142,Mason Mount,MID,Chelsea,0.20421103897348708
33,472,Nayef Aguerd,DEF,West Ham,0.22108189104620796
33,562,Manor Solomon,MID,Fulham,0.20421103897348708
33,476,Raúl Jiménez,FWD,Wolves,0.2632643955247713
33,563,Luke Chambers,DEF,Liverpool,0.22108189104620796
33,715,Mateus Cardoso Lemos Martins,MID,Leicester,0.20421103897348708
33,145,Kai Havertz,FWD,Chelsea,0.2632643955247713
33,416,Ibrahima Diallo,MID,Southampton,0.20421103897348708
33,408,Adam Armstrong,FWD,Southampton,0.2632643955247713
33,388,Joe Worrall,DEF,Nott'm Forest,0.22108189104620796
33,103,Danny Welbeck,FWD,Brighton,0.2632643955247713
33,130,Jorge Luiz Frello Filho,MID,Arsenal,0.20421103897348708
33,137,Timo Werner,FWD,Chelsea,0.2632643955247713
33,613,Layvin Kurzawa,DEF,Fulham,0.22108189104620796
33,518,Wayne Hennessey,GK,Nott'm Forest,0.08531563522049047
33,700,Georginio Rutter,FWD,Leeds,0.2632643955247713
33,346,Andreas Hoelgebaum Pereira,MID,Fulham,0.20421103897348708
33,312,Rúben Gato Alves Dias,DEF,Man City,0.22108189104620796
33,667,Kristian Sekularac,MID,Fulham,0.20421103897348708
33,100,Ellery Balcombe,GK,Brentford,0.08531563522049047
33,187,Jean-Philippe Gbamin,MID,Everton,0.20421103897348708
33,313,Oleksandr Zinchenko,DEF,Arsenal,0.22108189104620796
33,605,Reece Welch,DEF,Everton,0.22108189104620796
33,445,Emerson Leite de Souza Junior,DEF,Spurs,0.22108189104620796
33,483,Daniel Castelo Podence,MID,Wolves,0.20421103897348708
33,171,Michael Olise,MID,Crystal Palace,0.20421103897348708
33,392,Richie Laryea,DEF,Nott'm Forest,0.22108189104620796
33,112,Marc Cucurella Saseta,DEF,Chelsea,0.22108189104620796
33,234,Jamie Shackleton,MID,Leeds,0.20421103897348708
33,40,Ollie Watkins,FWD,Aston Villa,0.2632643955247713
33,539,James Hill,DEF,Bournemouth,0.22108189104620796
33,57,Adam Smith,DEF,Bournemouth,0.22108189104620796
33,604,Killian Phillips,MID,Crystal Palace,0.20421103897348708
33,310,Zack Steffen,GK,Man City,0.08531563522049047
33,111,Leandro Trossard,MID,Arsenal,0.20421103897348708
33,471,Ben Johnson,DEF,West Ham,0.22108189104620796
33,207,Paulo Gazzaniga Farias,GK,Fulham,0.08531563522049047
33,740,Krisztián Hegyi,GK,West Ham,0.08531563522049047
33,527,Jesse Lingard,MID,Nott'm Forest,0.20421103897348708
33,197,Nathan Patterson,DEF,Everton,0.22108189104620796
33,365,Jacob Murphy,MID,Newcastle,0.20421103897348708
33,391,Sam Surridge,FWD,Nott'm Forest,0.2632643955247713
33,255,Jamie Vardy,FWD,Leicester,0.2632643955247713
33,10,Benjamin White,DEF,Arsenal,0.22108189104620796
33,292,Konstantinos Tsimikas,DEF,Liverpool,0.22108189104620796
33,599,Claudio Gomes,MID,Man City,0.20421103897348708
33,153,James Tomkins,DEF,Crystal Palace,0.22108189104620796
33,714,Antoine Semenyo,FWD,Bournemouth,0.2632643955247713
33,4,Mohamed Elneny,MID,Arsenal,0.20421103897348708
33,557,Jackson Smith,GK,Wolves,0.08531563522049047
33,47,Jacob Ramsey,MID,Aston Villa,0.20421103897348708
33,360,Jamaal Lascelles,DEF,Newcastle,0.22108189104620796
33,396,Braian Ojeda Rodríguez,MID,Nott'm Forest,0.20421103897348708
33,368,Allan Saint-Maximin,MID,Newcastle,0.20421103897348708
33,62,Kieffer Moore,FWD,Bournemouth,0.2632643955247713
33,707,Viljami Sinisalo,GK,Aston Villa,0.08531563522049047
33,696,Michael Dacosta Gonzalez,MID,Bournemouth,0.20421103897348708
33,124,Kaoru Mitoma,MID,Brighton,0.20421103897348708
33,509,Flynn Downes,MID,West Ham,0.20421103897348708
33,574,Norberto Murara Neto,GK,Bournemouth,0.08531563522049047
33,626,Loris Karius,GK,Newcastle,0.08531563522049047
33,486,Pedro Lomba Neto,MID,Wolves,0.20421103897348708
33,470,Issa Diop,DEF,Fulham,0.22108189104620796
33,597,Christian Saydee,FWD,Bournemouth,0.2632643955247713
33,12,Emile Smith Rowe,MID,Arsenal,0.20421103897348708
33,746,Kaelan Casey,DEF,West Ham,0.22108189104620796
33,85,Rico Henry,DEF,Brentford,0.22108189104620796
33,24,Matt Turner,GK,Arsenal,0.08531563522049047
33,212,Harry Wilson,MID,Fulham,0.20421103897348708
33,541,Halil Dervişoğlu,FWD,Brentford,0.2632643955247713
33,201,Tim Ream,DEF,Fulham,0.22108189104620796
33,82,Sergi Canós Tenés,DEF,Brentford,0.22108189104620796
33,156,Joel Ward,DEF,Crystal Palace,0.22108189104620796
33,481,Hwang Hee-chan,MID,Wolves,0.20421103897348708
33,196,Jarrad Branthwaite,DEF,Everton,0.22108189104620796
33,688,Kevin Schade,MID,Brentford,0.20421103897348708
33,588,Thilo Kehrer,DEF,West Ham,0.22108189104620796
33,294,Harvey Elliott,MID,Liverpool,0.20421103897348708
33,230,Robin Koch,DEF,Leeds,0.22108189104620796
33,263,Hamza Choudhury,MID,Leicester,0.20421103897348708
33,262,Kelechi Iheanacho,FWD,Leicester,0.2632643955247713
33,663,Sonny Perkins,FWD,Leeds,0.2632643955247713
33,414,Yan Valery,DEF,Southampton,0.22108189104620796
33,487,Rayan Aït-Nouri,DEF,Wolves,0.22108189104620796
33,568,Chem Campbell,MID,Wolves,0.20421103897348708
33,328,Phil Jones,DEF,Man Utd,0.22108189104620796
33,180,Michael Keane,DEF,Everton,0.22108189104620796
33,632,Ryan Trevitt,MID,Brentford,0.20421103897348708
33,63,Emiliano Marcondes,MID,Bournemouth,0.20421103897348708
33,269,Boubakary Soumaré,MID,Leicester,0.20421103897348708
33,716,James Bree,DEF,Southampton,0.22108189104620796
33,133,Kepa Arrizabalaga,GK,Chelsea,0.08531563522049047
33,384,Joe Lolley,MID,Nott'm Forest,0.20421103897348708
33,89,Yoane Wissa,MID,Brentford,0.20421103897348708
33,654,Jack Wells-Morrison,MID,Crystal Palace,0.20421103897348708
33,378,Harry Arter,MID,Nott'm Forest,0.20421103897348708
33,247,Darko Gyabi,MID,Leeds,0.20421103897348708
33,617,Pierre-Emerick Aubameyang,FWD,Chelsea,0.2632643955247713
33,460,Manuel Lanzini,MID,West Ham,0.20421103897348708
33,260,Ayoze Pérez,MID,Leicester,0.20421103897348708
33,175,Sam Johnstone,GK,Crystal Palace,0.08531563522049047
33,248,Kasper Schmeichel,GK,Leicester,0.08531563522049047
33,97,Marcus Forss,FWD,Brentford,0.2632643955247713
33,728,Marcel Sabitzer,MID,Man Utd,0.20421103897348708
33,108,Adam Webster,DEF,Brighton,0.22108189104620796
33,199,James Tarkowski,DEF,Everton,0.22108189104620796
33,564,Stefan Bajcetic,MID,Liverpool,0.20421103897348708
33,191,Dominic Calvert-Lewin,FWD,Everton,0.2632643955247713
33,489,Toti António Gomes,DEF,Wolves,0.22108189104620796
33,251,Marc Albrighton,MID,Leicester,0.20421103897348708
33,491,Adama Traoré Diarra,MID,Wolves,0.20421103897348708
33,206,Joe Bryan,DEF,Fulham,0.22108189104620796
33,429,Matt Doherty,DEF,Spurs,0.22108189104620796
33,101,Adam Lallana,MID,Brighton,0.20421103897348708
33,430,Eric Dier,DEF,Spurs,0.22108189104620796
33,136,Ruben Loftus-Cheek,MID,Chelsea,0.20421103897348708
33,110,Neal Maupay,FWD,Everton,0.2632643955247713
33,524,Lewis O'Brien,MID,Nott'm Forest,0.20421103897348708
33,19,Gabriel Martinelli Silva,MID,Arsenal,0.20421103897348708
33,439,Japhet Tanganga,DEF,Spurs,0.22108189104620796
33,96,Charlie Goode,DEF,Brentford,0.22108189104620796
33,596,Evan Ferguson,FWD,Brighton,0.2632643955247713
33,295,Neco Williams,DEF,Nott'm Forest,0.22108189104620796
33,37,John McGinn,MID,Aston Villa,0.20421103897348708
33,556,Conor Coventry,MID,West Ham,0.20421103897348708
33,322,Josh Wilson-Esbrand,DEF,Man City,0.22108189104620796
33,473,Alphonse Areola,GK,West Ham,0.08531563522049047
33,271,Patson Daka,FWD,Leicester,0.2632643955247713
33,128,Thiago Emiliano da Silva,DEF,Chelsea,0.22108189104620796
33,208,Terence Kongolo,DEF,Fulham,0.22108189104620796
33,185,Abdoulaye Doucouré,MID,Everton,0.20421103897348708
33,372,Jamal Lewis,DEF,Newcastle,0.22108189104620796
33,643,Kobbie Mainoo,MID,Man Utd,0.20421103897348708
33,521,Tyrese Francois,MID,Fulham,0.20421103897348708
33,238,Illan Meslier,GK,Leeds,0.08531563522049047
33,438,Sergio Reguilón,DEF,Spurs,0.22108189104620796
33,701,Wout Weghorst,FWD,Man Utd,0.2632643955247713
33,646,Tristan Crama,DEF,Brentford,0.22108189104620796
33,120,Moisés Caicedo Corozo,MID,Brighton,0.20421103897348708
33,511,Omar Richards,DEF,Nott'm Forest,0.22108189104620796
33,327,David De Gea Quintana,GK,Man Utd,0.08531563522049047
33,455,Lukasz Fabianski,GK,West Ham,0.08531563522049047
33,291,Curtis Jones,MID,Liverpool,0.20421103897348708
33,146,Reece James,DEF,Chelsea,0.22108189104620796
33,623,Duje Caleta-Car,DEF,Southampton,0.22108189104620796
33,216,Josh Onomah,MID,Fulham,0.20421103897348708
33,332,Luke Shaw,DEF,Man Utd,0.22108189104620796
33,669,Divin Mubama,FWD,West Ham,0.2632643955247713
33,591,Terry Ablade,FWD,Fulham,0.2632643955247713
33,258,Timothy Castagne,DEF,Leicester,0.22108189104620796
33,1,Cédric Alves Soares,DEF,Fulham,0.22108189104620796
33,18,Albert Sambi Lokonga,MID,Crystal Palace,0.20421103897348708
33,736,Odeluga Offiah,DEF,Brighton,0.22108189104620796
33,573,Rico Lewis,DEF,Man City,0.22108189104620796
33,697,Dominic Sadi,FWD,Bournemouth,0.2632643955247713
33,382,Brice Samba,GK,Nott'm Forest,0.08531563522049047
33,454,Richarlison de Andrade,FWD,Spurs,0.2632643955247713
33,176,Asmir Begović,GK,Everton,0.08531563522049047
33,525,Ludwig Augustinsson,DEF,Aston Villa,0.22108189104620796
33,215,Kenny Tete,DEF,Fulham,0.22108189104620796
33,356,Callum Wilson,FWD,Newcastle,0.2632643955247713
33,625,Diego Da Silva Costa,FWD,Wolves,0.2632643955247713
33,8,Kieran Tierney,DEF,Arsenal,0.22108189104620796
33,300,Ilkay Gündogan,MID,Man City,0.20421103897348708
33,227,Patrick Bamford,FWD,Leeds,0.2632643955247713
33,432,Ben Davies,DEF,Spurs,0.22108189104620796
33,475,Conor Coady,DEF,Everton,0.22108189104620796
33,9,Nicolas Pépé,MID,Arsenal,0.20421103897348708
33,39,Tyrone Mings,DEF,Aston Villa,0.22108189104620796
33,532,Kevin Mbabu,DEF,Fulham,0.22108189104620796
33,449,Harvey White,MID,Spurs,0.20421103897348708
33,478,José Malheiro de Sá,GK,Wolves,0.08531563522049047
33,189,Demarai Gray,MID,Everton,0.20421103897348708
33,204,Neeskens Kebano,MID,Fulham,0.20421103897348708
33,217,Antonee Robinson,DEF,Fulham,0.22108189104620796
33,341,Aaron Wan-Bissaka,DEF,Man Utd,0.22108189104620796
33,629,Boubacar Traoré,MID,Wolves,0.20421103897348708
33,98,Dominic Thompson,DEF,Brentford,0.22108189104620796
33,722,Illia Zabarnyi,DEF,Bournemouth,0.22108189104620796
33,570,James Garner,MID,Everton,0.20421103897348708
33,589,Matheus Luiz Nunes,MID,Wolves,0.20421103897348708
33,657,Nathan Fraser,FWD,Wolves,0.2632643955247713
33,182,Jordan Pickford,GK,Everton,0.08531563522049047
33,104,Pascal Groß,MID,Brighton,0.20421103897348708
33,121,Taylor Richards,MID,Brighton,0.20421103897348708
33,628,Serge Aurier,DEF,Nott'm Forest,0.22108189104620796
33,362,Paul Dummett,DEF,Newcastle,0.22108189104620796
33,610,Manuel Akanji,DEF,Man City,0.22108189104620796
33,578,Joel Robles,GK,Leeds,0.08531563522049047
33,22,Lucas Torreira di Pascua,MID,Arsenal,0.20421103897348708
33,480,Rúben da Silva Neves,MID,Wolves,0.20421103897348708
33,324,Stefan Ortega Moreno,GK,Man City,0.08531563522049047
33,31,Emiliano Martínez Romero,GK,Aston Villa,0.08531563522049047
33,754,Sebastian Revan,DEF,Aston Villa,0.22108189104620796
33,678,Isaac Price,MID,Everton,0.20421103897348708
33,74,Siriki Dembélé,MID,Bournemouth,0.20421103897348708
33,684,David Datro Fofana,FWD,Chelsea,0.2632643955247713
33,79,Christian Nørgaard,MID,Brentford,0.20421103897348708
33,462,Arthur Masuaku,DEF,West Ham,0.22108189104620796
33,704,Pablo Sarabia,MID,Wolves,0.20421103897348708
33,615,Matej Kovár,GK,Man Utd,0.08531563522049047
33,114,Tariq Lamptey,DEF,Brighton,0.22108189104620796
33,20,Pablo Marí Villar,DEF,Arsenal,0.22108189104620796
33,385,Scott McKenna,DEF,Nott'm Forest,0.22108189104620796
33,608,Sasa Kalajdzic,FWD,Wolves,0.2632643955247713
33,161,Jeffrey Schlupp,MID,Crystal Palace,0.20421103897348708
33,751,Reuell Walters,DEF,Arsenal,0.22108189104620796
33,348,Tom Heaton,GK,Man Utd,0.08531563522049047
33,699,Mykhailo Mudryk,MID,Chelsea,0.20421103897348708
33,546,Luke Harris,MID,Fulham,0.20421103897348708
33,723,Hamed Traorè,MID,Bournemouth,0.20421103897348708
33,46,Douglas Luiz Soares de Paulo,MID,Aston Villa,0.20421103897348708
33,498,Rhys Williams,DEF,Liverpool,0.22108189104620796
33,159,Jordan Ayew,MID,Crystal Palace,0.20421103897348708
33,351,Federico Fernández,DEF,Newcastle,0.22108189104620796
33,738,Max Kinsey-Wellings,DEF,Bournemouth,0.22108189104620796
33,457,Aaron Cresswell,DEF,West Ham,0.22108189104620796
33,730,Felipe Augusto de Almeida Monteiro,DEF,Nott'm Forest,0.22108189104620796
33,284,Andrew Robertson,DEF,Liverpool,0.22108189104620796
33,469,Pablo Fornals Malla,MID,West Ham,0.20421103897348708
33,129,Marcos Alonso,DEF,Chelsea,0.22108189104620796
33,712,Máximo Perrone,MID,Man City,0.20421103897348708
33,482,Nélson Cabral Semedo,DEF,Wolves,0.22108189104620796
33,427,Harry Kane,FWD,Spurs,0.2632643955247713
33,77,Will Dennis,GK,Bournemouth,0.08531563522049047
33,125,Julio Enciso,FWD,Brighton,0.2632643955247713
33,752,Michael Olakigbe,MID,Brentford,0.20421103897348708
33,28,Gabriel Fernando de Jesus,FWD,Arsenal,0.2632643955247713
33,38,Kortney Hause,DEF,Aston Villa,0.22108189104620796
33,193,Ben Godfrey,DEF,Everton,0.22108189104620796
33,705,Dango Ouattara,MID,Bournemouth,0.20421103897348708
33,219,Jay Stansfield,FWD,Fulham,0.2632643955247713
33,342,Diogo Dalot Teixeira,DEF,Man Utd,0.22108189104620796
33,343,Brandon Williams,DEF,Man Utd,0.22108189104620796
33,419,Tino Livramento,DEF,Southampton,0.22108189104620796
33,569,Alejandro Garnacho,MID,Man Utd,0.20421103897348708
33,634,John-Kymani Gordon,FWD,Crystal Palace,0.2632643955247713
33,386,Mohamed Dräger,DEF,Nott'm Forest,0.22108189104620796
33,749,George Shelvey,GK,Nott'm Forest,0.08531563522049047
33,680,Cody Gakpo,MID,Liverpool,0.20421103897348708
33,51,Anwar El Ghazi,MID,Aston Villa,0.20421103897348708
33,683,Garang Kuol,MID,Newcastle,0.20421103897348708
33,226,Stuart Dallas,DEF,Leeds,0.22108189104620796
33,167,Marc Guéhi,DEF,Crystal Palace,0.22108189104620796
33,232,Raphael Dias Belloli,MID,Leeds,0.20421103897348708
33,759,Marc Jurado Gomez,DEF,Man Utd,0.22108189104620796
33,637,Kyle John,DEF,Everton,0.22108189104620796
33,580,Mikkel Damsgaard,MID,Brentford,0.20421103897348708
33,679,Facundo Buonanotte,MID,Brighton,0.20421103897348708
33,29,Philippe Coutinho Correia,MID,Aston Villa,0.20421103897348708
33,522,Djed Spence,DEF,Spurs,0.22108189104620796
33,358,Dan Burn,DEF,Newcastle,0.22108189104620796
33,162,Jack Butland,GK,Man Utd,0.08531563522049047
33,132,Mateo Kovacic,MID,Chelsea,0.20421103897348708
33,685,Nathan Butler-Oyedeji,FWD,Arsenal,0.2632643955247713
33,181,Dele Alli,MID,Everton,0.20421103897348708
33,228,Diego Llorente,DEF,Leeds,0.22108189104620796
33,717,Daniel Bentley,GK,Wolves,0.08531563522049047
33,756,Tom McGill,GK,Brighton,0.08531563522049047
33,173,Malcolm Ebiowei,MID,Crystal Palace,0.20421103897348708
33,126,Kacper Kozłowski,MID,Brighton,0.20421103897348708
33,466,Nikola Vlasic,MID,West Ham,0.20421103897348708
33,644,Owen Goodman,GK,Crystal Palace,0.08531563522049047
33,627,Eldin Jakupovic,GK,Everton,0.08531563522049047
33,453,Troy Parrott,FWD,Spurs,0.2632643955247713
33,60,David Brooks,MID,Bournemouth,0.20421103897348708
33,444,Yves Bissouma,MID,Spurs,0.20421103897348708
33,289,Caoimhin Kelleher,GK,Liverpool,0.08531563522049047
33,636,Stefan Parkes,DEF,Fulham,0.22108189104620796
33,497,Adrián San Miguel del Castillo,GK,Liverpool,0.08531563522049047
33,148,Conor Gallagher,MID,Chelsea,0.20421103897348708
33,631,Lino Sousa,DEF,Arsenal,0.22108189104620796
33,520,Kalidou Koulibaly,DEF,Chelsea,0.22108189104620796
33,677,Jack Hinshelwood,MID,Brighton,0.20421103897348708
33,109,Joël Veltman,DEF,Brighton,0.22108189104620796
33,53,Boubacar Kamara,MID,Aston Villa,0.20421103897348708
33,151,Ethan Ampadu,DEF,Chelsea,0.22108189104620796
33,725,Naouirou Ahamada,MID,Crystal Palace,0.20421103897348708
33,537,Kaine Kesler Hayden,DEF,Aston Villa,0.22108189104620796
33,407,James Ward-Prowse,MID,Southampton,0.20421103897348708
33,36,Morgan Sanson,MID,Aston Villa,0.20421103897348708
33,240,Crysencio Summerville,MID,Leeds,0.20421103897348708
33,330,Harry Maguire,DEF,Man Utd,0.22108189104620796
33,741,Lewis Miley,MID,Newcastle,0.20421103897348708
33,336,Donny van de Beek,MID,Man Utd,0.20421103897348708
33,127,César Azpilicueta,DEF,Chelsea,0.22108189104620796
33,340,Jadon Sancho,MID,Man Utd,0.20421103897348708
33,504,Tyrell Malacia,DEF,Man Utd,0.22108189104620796
33,241,Lewis Bate,MID,Leeds,0.20421103897348708
33,286,Joseph Gomez,DEF,Liverpool,0.22108189104620796
33,88,Mathias Jensen,MID,Brentford,0.20421103897348708
33,412,Nathan Tella,MID,Southampton,0.20421103897348708
33,674,Rhys Bennett,DEF,Man Utd,0.22108189104620796
33,544,Jan Paul van Hecke,DEF,Brighton,0.22108189104620796
33,448,Ivan Perišić,DEF,Spurs,0.22108189104620796
33,11,Eddie Nketiah,FWD,Arsenal,0.2632643955247713
33,144,Callum Hudson-Odoi,MID,Chelsea,0.20421103897348708
33,488,Fabio Silva,FWD,Wolves,0.2632643955247713
33,280,Virgil van Dijk,DEF,Liverpool,0.22108189104620796
33,188,Yerry Mina,DEF,Everton,0.22108189104620796
33,55,Jaden Philogene-Bidace,MID,Aston Villa,0.20421103897348708
33,582,Remo Freuler,MID,Nott'm Forest,0.20421103897348708
33,375,Jeff Hendrick,MID,Newcastle,0.20421103897348708
33,446,Dejan Kulusevski,MID,Spurs,0.20421103897348708
33,45,Leon Bailey,MID,Aston Villa,0.20421103897348708
33,261,James Maddison,MID,Leicester,0.20421103897348708
33,590,Joseph Whitworth,GK,Crystal Palace,0.08531563522049047
33,316,Cole Palmer,MID,Man City,0.20421103897348708
33,435,Davinson Sánchez,DEF,Spurs,0.22108189104620796
33,304,Raheem Sterling,MID,Chelsea,0.20421103897348708
33,275,Jordan Henderson,MID,Liverpool,0.20421103897348708
33,516,Nathan Collins,DEF,Wolves,0.22108189104620796
33,140,Christian Pulisic,MID,Chelsea,0.20421103897348708
33,75,Jaidon Anthony,MID,Bournemouth,0.20421103897348708
33,235,Pascal Struijk,DEF,Leeds,0.22108189104620796
33,367,Matt Targett,DEF,Newcastle,0.22108189104620796
33,748,Romaine Mundle,MID,Spurs,0.20421103897348708
33,401,Alex McCarthy,GK,Southampton,0.08531563522049047
33,600,Ben Knight,MID,Man City,0.20421103897348708
33,61,Jamal Lowe,MID,Bournemouth,0.20421103897348708
33,682,Matheus Santos Carneiro Da Cunha,FWD,Wolves,0.2632643955247713
33,387,Ryan Yates,MID,Nott'm Forest,0.20421103897348708
33,297,Darwin Núñez Ribeiro,FWD,Liverpool,0.2632643955247713
33,734,André Ayew,MID,Nott'm Forest,0.20421103897348708
33,32,Calum Chambers,DEF,Aston Villa,0.22108189104620796
33,178,Seamus Coleman,DEF,Everton,0.22108189104620796
33,624,Samuel Edozie,MID,Southampton,0.20421103897348708
33,218,Rodrigo Muniz Carvalho,FWD,Fulham,0.2632643955247713
33,400,Theo Walcott,MID,Southampton,0.20421103897348708
33,245,Marc Roca Junqué,MID,Leeds,0.20421103897348708
33,463,Vladimir Coufal,DEF,West Ham,0.22108189104620796
33,105,Shane Duffy,DEF,Fulham,0.22108189104620796
33,56,Frédéric Guilbert,DEF,Aston Villa,0.22108189104620796
33,244,Rasmus Kristensen,DEF,Leeds,0.22108189104620796
33,303,Riyad Mahrez,MID,Man City,0.20421103897348708
33,593,Carlos Henrique Casimiro,MID,Man Utd,0.20421103897348708
33,618,Carlos Vinícius Alves Morais,FWD,Fulham,0.2632643955247713
33,733,Pedro Porro,DEF,Spurs,0.22108189104620796
33,30,Danny Ings,FWD,West Ham,0.2632643955247713
33,179,Andros Townsend,MID,Everton,0.20421103897348708
33,602,Renan Augusto Lodi dos Santos,DEF,Nott'm Forest,0.22108189104620796
33,535,Marcus Tavernier,MID,Bournemouth,0.20421103897348708
33,214,Ivan Neves Abreu Cavaleiro,MID,Fulham,0.20421103897348708
33,349,Jonjo Shelvey,MID,Nott'm Forest,0.20421103897348708
33,757,Ishé Samuels-Smith,DEF,Everton,0.22108189104620796
33,337,Victor Lindelöf,DEF,Man Utd,0.22108189104620796
33,369,Miguel Almirón Rejala,MID,Newcastle,0.20421103897348708
33,166,Odsonne Edouard,FWD,Crystal Palace,0.2632643955247713
33,668,Amario Cozier-Duberry,MID,Arsenal,0.20421103897348708
33,652,James Furlong,DEF,Brighton,0.22108189104620796
33,155,Christian Benteke,FWD,Crystal Palace,0.2632643955247713
33,49,Tim Iroegbunam,MID,Aston Villa,0.20421103897348708
33,380,Lyle Taylor,FWD,Nott'm Forest,0.2632643955247713
33,381,Jack Colback,MID,Nott'm Forest,0.20421103897348708
33,552,Elliot Anderson,MID,Newcastle,0.20421103897348708
33,123,Deniz Undav,FWD,Brighton,0.2632643955247713
33,607,Matthew Smith,MID,Arsenal,0.20421103897348708
33,200,Tom Cairney,MID,Fulham,0.20421103897348708
33,619,Wilfried Gnonto,FWD,Leeds,0.2632643955247713
33,477,Jonathan Castro Otto,DEF,Wolves,0.22108189104620796
33,576,Marcos Senesi,DEF,Bournemouth,0.22108189104620796
33,259,Youri Tielemans,MID,Leicester,0.20421103897348708
33,753,James Wright,GK,Aston Villa,0.08531563522049047
33,389,Jonathan Panzo,DEF,Nott'm Forest,0.22108189104620796
33,648,Ryan Finnigan,MID,Southampton,0.20421103897348708
33,417,Romain Perraud,DEF,Southampton,0.22108189104620796
33,711,Jhon Durán,FWD,Aston Villa,0.2632643955247713
33,236,Kristoffer Klaesson,GK,Leeds,0.08531563522049047
33,211,Harrison Reed,MID,Fulham,0.20421103897348708
33,296,Fábio Freitas Gouveia Carvalho,MID,Liverpool,0.20421103897348708
33,513,Clément Lenglet,DEF,Spurs,0.22108189104620796
33,116,Alexis Mac Allister,MID,Brighton,0.20421103897348708
33,645,Joe Wormleighton,DEF,Leicester,0.22108189104620796
33,169,Eberechi Eze,MID,Crystal Palace,0.20421103897348708
33,344,Anthony Elanga,MID,Man Utd,0.20421103897348708
33,293,Luis Díaz,MID,Liverpool,0.20421103897348708
33,205,Bobby De Cordova-Reid,MID,Fulham,0.20421103897348708
33,334,Alex Telles,DEF,Man Utd,0.22108189104620796
33,587,Sergio Gómez,DEF,Man City,0.22108189104620796
33,374,Bruno Guimarães Rodriguez Moura,MID,Newcastle,0.20421103897348708
33,16,Gabriel dos Santos Magalhães,DEF,Arsenal,0.22108189104620796
33,670,Filip Marschall,GK,Aston Villa,0.08531563522049047
33,545,Emerson Palmieri dos Santos,DEF,West Ham,0.22108189104620796
33,7,Martin Ødegaard,MID,Arsenal,0.20421103897348708
33,503,João Filipe Iria Santos Moutinho,MID,Wolves,0.20421103897348708
33,92,Ethan Pinnock,DEF,Brentford,0.22108189104620796
33,347,Facundo Pellistri Rebollo,MID,Man Utd,0.20421103897348708
33,23,Reiss Nelson,MID,Arsenal,0.20421103897348708
33,579,Gonçalo Manuel Ganchinho Guedes,MID,Wolves,0.20421103897348708
33,152,Vicente Guaita,GK,Crystal Palace,0.08531563522049047
33,268,James Justin,DEF,Leicester,0.22108189104620796
33,662,Thomas Cannon,FWD,Everton,0.2632643955247713
33,267,Çaglar Söyüncü,DEF,Leicester,0.22108189104620796
33,425,Hugo Lloris,GK,Spurs,0.08531563522049047
33,376,Nick Pope,GK,Newcastle,0.08531563522049047
33,441,Oliver Skipp,MID,Spurs,0.20421103897348708
33,436,Ryan Sessegnon,DEF,Spurs,0.22108189104620796
33,538,Ashley Young,DEF,Aston Villa,0.22108189104620796
33,119,Jeremy Sarmiento Morante,MID,Brighton,0.20421103897348708
33,70,Philip Billing,MID,Bournemouth,0.20421103897348708
34,403,Nathan Redmond,MID,Southampton,0.20421103897348708
34,58,Junior Stanislas,MID,Bournemouth,0.20421103897348708
34,150,Armando Broja,FWD,Chelsea,0.26326439552477127
34,366,Fabian Schär,DEF,Newcastle,0.2210818910462079
34,742,Jeremiah Chilokoa-Mullen,DEF,Leeds,0.2210818910462079
34,249,Jonny Evans,DEF,Leicester,0.2210818910462079
34,724,Enzo Fernández,MID,Chelsea,0.20421103897348708
34,394,Brennan Johnson,FWD,Nott'm Forest,0.26326439552477127
34,514,Cheick Doucouré,MID,Crystal Palace,0.20421103897348708
34,553,Oliver Hammond,MID,Nott'm Forest,0.20421103897348708
34,485,Luke Cundle,MID,Wolves,0.20421103897348708
34,540,Fin Stevens,DEF,Brentford,0.2210818910462079
34,451,Brandon Austin,GK,Spurs,0.08531563522049047
34,158,Luka Milivojevic,MID,Crystal Palace,0.20421103897348708
34,747,George Wickens,GK,Fulham,0.08531563522049047
34,747,George Wickens,GK,Fulham,0.08531563522049047
34,272,Wesley Fofana,DEF,Chelsea,0.2210818910462079
34,529,Gianluca Scamacca,FWD,West Ham,0.26326439552477127
34,529,Gianluca Scamacca,FWD,West Ham,0.26326439552477127
34,281,Alisson Ramses Becker,GK,Liverpool,0.08531563522049047
34,281,Alisson Ramses Becker,GK,Liverpool,0.08531563522049047
34,411,Che Adams,FWD,Southampton,0.26326439552477127
34,237,Sam Greenwood,FWD,Leeds,0.26326439552477127
34,750,Charlie Robinson,DEF,Fulham,0.2210818910462079
34,750,Charlie Robinson,DEF,Fulham,0.2210818910462079
34,203,Nathaniel Chalobah,MID,Fulham,0.20421103897348708
34,203,Nathaniel Chalobah,MID,Fulham,0.20421103897348708
34,501,Nathaniel Phillips,DEF,Liverpool,0.2210818910462079
34,501,Nathaniel Phillips,DEF,Liverpool,0.2210818910462079
34,393,Loïc Mbe Soh,DEF,Nott'm Forest,0.2210818910462079
34,743,Diogo Pinheiro Monteiro,DEF,Leeds,0.2210818910462079
34,102,Jason Steele,GK,Brighton,0.08531563522049047
34,102,Jason Steele,GK,Brighton,0.08531563522049047
34,660,Shola Shoretire,FWD,Man Utd,0.26326439552477127
34,660,Shola Shoretire,FWD,Man Utd,0.26326439552477127
34,209,Tosin Adarabioyo,DEF,Fulham,0.2210818910462079
34,209,Tosin Adarabioyo,DEF,Fulham,0.2210818910462079
34,325,Kalvin Phillips,MID,Man City,0.20421103897348708
34,325,Kalvin Phillips,MID,Man City,0.20421103897348708
34,383,Carlos Ribeiro Dias,MID,Nott'm Forest,0.20421103897348708
34,213,Marek Rodák,GK,Fulham,0.08531563522049047
34,213,Marek Rodák,GK,Fulham,0.08531563522049047
34,359,Ryan Fraser,MID,Newcastle,0.20421103897348708
34,702,Andrey Nascimento dos Santos,MID,Chelsea,0.20421103897348708
34,270,Luke Thomas,DEF,Leicester,0.2210818910462079
34,353,Karl Darlow,GK,Newcastle,0.08531563522049047
34,315,Rodrigo Hernandez,MID,Man City,0.20421103897348708
34,315,Rodrigo Hernandez,MID,Man City,0.20421103897348708
34,326,Cristiano Ronaldo dos Santos Aveiro,FWD,Man Utd,0.26326439552477127
34,326,Cristiano Ronaldo dos Santos Aveiro,FWD,Man Utd,0.26326439552477127
34,426,Fraser Forster,GK,Spurs,0.08531563522049047
34,278,Alex Oxlade-Chamberlain,MID,Liverpool,0.20421103897348708
34,278,Alex Oxlade-Chamberlain,MID,Liverpool,0.20421103897348708
34,630,Ethan Nwaneri,MID,Arsenal,0.20421103897348708
34,305,Jack Grealish,MID,Man City,0.20421103897348708
34,305,Jack Grealish,MID,Man City,0.20421103897348708
34,317,James McAtee,MID,Man City,0.20421103897348708
34,317,James McAtee,MID,Man City,0.20421103897348708
34,415,Will Smallbone,MID,Southampton,0.20421103897348708
34,641,Martial Godo,MID,Fulham,0.20421103897348708
34,641,Martial Godo,MID,Fulham,0.20421103897348708
34,354,Chris Wood,FWD,Nott'm Forest,0.26326439552477127
34,571,Darren Randolph,GK,Bournemouth,0.08531563522049047
34,479,Leander Dendoncker,MID,Aston Villa,0.20421103897348708
34,729,Keylor Navas,GK,Nott'm Forest,0.08531563522049047
34,183,Allan Marques Loureiro,MID,Everton,0.20421103897348708
34,290,Ibrahima Konaté,DEF,Liverpool,0.2210818910462079
34,290,Ibrahima Konaté,DEF,Liverpool,0.2210818910462079
34,210,Aleksandar Mitrović,FWD,Fulham,0.26326439552477127
34,210,Aleksandar Mitrović,FWD,Fulham,0.26326439552477127
34,519,Christian Eriksen,MID,Man Utd,0.20421103897348708
34,519,Christian Eriksen,MID,Man Utd,0.20421103897348708
34,373,Joe Willock,MID,Newcastle,0.20421103897348708
34,494,Yerson Mosquera Valdelamar,DEF,Wolves,0.2210818910462079
34,321,Roméo Lavia,MID,Southampton,0.20421103897348708
34,686,Ellis Simms,FWD,Everton,0.26326439552477127
34,84,Kristoffer Ajer,DEF,Brentford,0.2210818910462079
34,585,Emmanuel Dennis,FWD,Nott'm Forest,0.26326439552477127
34,681,Gustavo Henrique Furtado Scarpa,MID,Nott'm Forest,0.20421103897348708
34,163,Will Hughes,MID,Crystal Palace,0.20421103897348708
34,512,Joe Ayodele-Aribo,MID,Southampton,0.20421103897348708
34,536,Orel Mangala,MID,Nott'm Forest,0.20421103897348708
34,496,Luke Plange,FWD,Crystal Palace,0.26326439552477127
34,443,Cristian Romero,DEF,Spurs,0.2210818910462079
34,233,Jack Harrison,MID,Leeds,0.20421103897348708
34,575,Maxwel Cornet,MID,West Ham,0.20421103897348708
34,575,Maxwel Cornet,MID,West Ham,0.20421103897348708
34,508,Luis Sinisterra Lucumí,MID,Leeds,0.20421103897348708
34,157,Nathaniel Clyne,DEF,Crystal Palace,0.2210818910462079
34,405,Stuart Armstrong,MID,Southampton,0.20421103897348708
34,402,Oriol Romeu Vidal,MID,Southampton,0.20421103897348708
34,229,Tyler Roberts,MID,Leeds,0.20421103897348708
34,638,Lamare Bogarde,DEF,Aston Villa,0.2210818910462079
34,555,Harrison Ashby,DEF,Newcastle,0.2210818910462079
34,273,Lewis Brunt,DEF,Leicester,0.2210818910462079
34,350,Matt Ritchie,DEF,Newcastle,0.2210818910462079
34,253,Jannik Vestergaard,DEF,Leicester,0.2210818910462079
34,118,Enock Mwepu,MID,Brighton,0.20421103897348708
34,118,Enock Mwepu,MID,Brighton,0.20421103897348708
34,141,Trevoh Chalobah,DEF,Chelsea,0.2210818910462079
34,530,Chris Richards,DEF,Crystal Palace,0.2210818910462079
34,649,Cameron Plain,GK,Bournemouth,0.08531563522049047
34,288,Diogo Teixeira da Silva,FWD,Liverpool,0.26326439552477127
34,288,Diogo Teixeira da Silva,FWD,Liverpool,0.26326439552477127
34,755,Travis Patterson,MID,Aston Villa,0.20421103897348708
34,355,Martin Dubravka,GK,Newcastle,0.08531563522049047
34,225,Rodrigo Moreno,MID,Leeds,0.20421103897348708
34,737,Ben Greenwood,DEF,Bournemouth,0.2210818910462079
34,490,Francisco Jorge Tomás Oliveira,MID,Wolves,0.20421103897348708
34,420,Mohammed Salisu,DEF,Southampton,0.2210818910462079
34,331,Frederico Rodrigues de Paula Santos,MID,Man Utd,0.20421103897348708
34,331,Frederico Rodrigues de Paula Santos,MID,Man Utd,0.20421103897348708
34,117,Jakub Moder,MID,Brighton,0.20421103897348708
34,117,Jakub Moder,MID,Brighton,0.20421103897348708
34,603,Lucas Tolentino Coelho de Lima,MID,West Ham,0.20421103897348708
34,603,Lucas Tolentino Coelho de Lima,MID,West Ham,0.20421103897348708
34,168,Jean-Philippe Mateta,FWD,Crystal Palace,0.26326439552477127
34,177,Salomón Rondón,FWD,Everton,0.26326439552477127
34,221,Liam Cooper,DEF,Leeds,0.2210818910462079
34,665,Ben Doak,MID,Liverpool,0.20421103897348708
34,665,Ben Doak,MID,Liverpool,0.20421103897348708
34,594,Alexander Isak,FWD,Newcastle,0.26326439552477127
34,713,Arnaut Danjuma,MID,Spurs,0.20421103897348708
34,318,Erling Haaland,FWD,Man City,0.26326439552477127
34,318,Erling Haaland,FWD,Man City,0.26326439552477127
34,745,Oliwier Zych,GK,Aston Villa,0.08531563522049047
34,706,Euan Pollock,FWD,Bournemouth,0.26326439552477127
34,726,Sasa Lukic,MID,Fulham,0.20421103897348708
34,726,Sasa Lukic,MID,Fulham,0.20421103897348708
34,67,Lewis Cook,MID,Bournemouth,0.20421103897348708
34,495,Remi Matthews,GK,Crystal Palace,0.08531563522049047
34,314,Phil Foden,MID,Man City,0.20421103897348708
34,314,Phil Foden,MID,Man City,0.20421103897348708
34,676,David Ozoh,MID,Crystal Palace,0.20421103897348708
34,622,Juan Larios López,DEF,Southampton,0.2210818910462079
34,298,Calvin Ramsay,DEF,Liverpool,0.2210818910462079
34,298,Calvin Ramsay,DEF,Liverpool,0.2210818910462079
34,650,Yegor Yarmolyuk,MID,Brentford,0.20421103897348708
34,703,Danilo dos Santos de Oliveira,MID,Nott'm Forest,0.20421103897348708
34,379,Steve Cook,DEF,Nott'm Forest,0.2210818910462079
34,250,Ryan Bertrand,DEF,Leicester,0.2210818910462079
34,692,Mislav Orsic,MID,Southampton,0.20421103897348708
34,528,Sékou Mara,FWD,Southampton,0.26326439552477127
34,338,Scott McTominay,MID,Man Utd,0.20421103897348708
34,338,Scott McTominay,MID,Man Utd,0.20421103897348708
34,390,Xande Nascimento da Costa Silva,MID,Nott'm Forest,0.20421103897348708
34,398,Dean Henderson,GK,Nott'm Forest,0.08531563522049047
34,65,Jack Stacey,DEF,Bournemouth,0.2210818910462079
34,192,Mason Holgate,DEF,Everton,0.2210818910462079
34,115,Steven Alzate,MID,Brighton,0.20421103897348708
34,115,Steven Alzate,MID,Brighton,0.20421103897348708
34,223,Mateusz Klich,MID,Leeds,0.20421103897348708
34,671,Jimmy Morgan,FWD,Southampton,0.26326439552477127
34,423,Armel Bella-Kotchap,DEF,Southampton,0.2210818910462079
34,21,Ainsley Maitland-Niles,MID,Southampton,0.20421103897348708
34,274,James Milner,MID,Liverpool,0.20421103897348708
34,274,James Milner,MID,Liverpool,0.20421103897348708
34,515,Keane Lewis-Potter,MID,Brentford,0.20421103897348708
34,301,Kevin De Bruyne,MID,Man City,0.20421103897348708
34,301,Kevin De Bruyne,MID,Man City,0.20421103897348708
34,500,Sepp van den Berg,DEF,Liverpool,0.2210818910462079
34,500,Sepp van den Berg,DEF,Liverpool,0.2210818910462079
34,242,Joe Gelhardt,FWD,Leeds,0.26326439552477127
34,50,Diego Carlos Santos Silva,DEF,Aston Villa,0.2210818910462079
34,431,Lucas Rodrigues Moura da Silva,MID,Spurs,0.20421103897348708
34,526,Ben Mee,DEF,Brentford,0.2210818910462079
34,659,Mateo Joseph Fernández,FWD,Leeds,0.26326439552477127
34,687,Kasey McAteer,MID,Leicester,0.20421103897348708
34,27,Marcus Oliveira Alencar,MID,Arsenal,0.20421103897348708
34,718,Matías Viña,DEF,Bournemouth,0.2210818910462079
34,231,Daniel James,MID,Fulham,0.20421103897348708
34,231,Daniel James,MID,Fulham,0.20421103897348708
34,690,João Félix Sequeira,FWD,Chelsea,0.26326439552477127
34,306,João Cancelo,DEF,Man City,0.2210818910462079
34,306,João Cancelo,DEF,Man City,0.2210818910462079
34,333,Bruno Borges Fernandes,MID,Man Utd,0.20421103897348708
34,333,Bruno Borges Fernandes,MID,Man Utd,0.20421103897348708
34,506,Tyler Adams,MID,Leeds,0.20421103897348708
34,352,Ciaran Clark,DEF,Newcastle,0.2210818910462079
34,598,Owen Bevan,DEF,Bournemouth,0.2210818910462079
34,72,Mark Travers,GK,Bournemouth,0.08531563522049047
34,76,Jordan Zemura,DEF,Bournemouth,0.2210818910462079
34,5,Rob Holding,DEF,Arsenal,0.2210818910462079
34,80,Ivan Toney,FWD,Brentford,0.26326439552477127
34,78,Pontus Jansson,DEF,Brentford,0.2210818910462079
34,41,Marvelous Nakamba,MID,Aston Villa,0.20421103897348708
34,252,Nampalys Mendy,MID,Leicester,0.20421103897348708
34,25,Fábio Ferreira Vieira,MID,Arsenal,0.20421103897348708
34,633,Matthew Cox,GK,Brentford,0.08531563522049047
34,666,Dale Taylor,FWD,Nott'm Forest,0.26326439552477127
34,59,Ryan Fredericks,DEF,Bournemouth,0.2210818910462079
34,560,Stanley Mills,MID,Everton,0.20421103897348708
34,583,Cheikhou Kouyaté,MID,Nott'm Forest,0.20421103897348708
34,461,Kurt Zouma,DEF,West Ham,0.2210818910462079
34,461,Kurt Zouma,DEF,West Ham,0.2210818910462079
34,320,Luke Mbete-Tabu,DEF,Man City,0.2210818910462079
34,320,Luke Mbete-Tabu,DEF,Man City,0.2210818910462079
34,572,Armstrong Oko-Flex,MID,West Ham,0.20421103897348708
34,572,Armstrong Oko-Flex,MID,West Ham,0.20421103897348708
34,397,Taiwo Awoniyi,FWD,Nott'm Forest,0.26326439552477127
34,434,Harry Winks,MID,Spurs,0.20421103897348708
34,559,Levi Colwill,DEF,Brighton,0.2210818910462079
34,559,Levi Colwill,DEF,Brighton,0.2210818910462079
34,642,Kofi Balmer,DEF,Crystal Palace,0.2210818910462079
34,256,Ricardo Barbosa Pereira,DEF,Leicester,0.2210818910462079
34,418,Moussa Djenepo,MID,Southampton,0.20421103897348708
34,493,Morgan Gibbs-White,MID,Nott'm Forest,0.20421103897348708
34,99,Mads Bidstrup,MID,Brentford,0.20421103897348708
34,621,Loïc Badé,DEF,Nott'm Forest,0.2210818910462079
34,69,Ryan Christie,MID,Bournemouth,0.20421103897348708
34,586,Pervis Estupiñán,DEF,Brighton,0.2210818910462079
34,586,Pervis Estupiñán,DEF,Brighton,0.2210818910462079
34,48,Carney Chukwuemeka,MID,Chelsea,0.20421103897348708
34,43,Matty Cash,DEF,Aston Villa,0.2210818910462079
34,311,Bernardo Veiga de Carvalho e Silva,MID,Man City,0.20421103897348708
34,311,Bernardo Veiga de Carvalho e Silva,MID,Man City,0.20421103897348708
34,363,Javier Manquillo Gaitán,DEF,Newcastle,0.2210818910462079
34,34,Bertrand Traoré,MID,Aston Villa,0.20421103897348708
34,584,Bobby Clark,MID,Liverpool,0.20421103897348708
34,584,Bobby Clark,MID,Liverpool,0.20421103897348708
34,329,Raphaël Varane,DEF,Man Utd,0.2210818910462079
34,329,Raphaël Varane,DEF,Man Utd,0.2210818910462079
34,735,Wanya Marçal-Madivadua,MID,Leicester,0.20421103897348708
34,547,Cody Drameh,DEF,Leeds,0.2210818910462079
34,194,Vitalii Mykolenko,DEF,Everton,0.2210818910462079
34,299,Kyle Walker,DEF,Man City,0.2210818910462079
34,299,Kyle Walker,DEF,Man City,0.2210818910462079
34,502,Scott Carson,GK,Man City,0.08531563522049047
34,502,Scott Carson,GK,Man City,0.08531563522049047
34,66,Dominic Solanke,FWD,Bournemouth,0.26326439552477127
34,86,Vitaly Janelt,MID,Brentford,0.20421103897348708
34,113,Robert Sánchez,GK,Brighton,0.08531563522049047
34,113,Robert Sánchez,GK,Brighton,0.08531563522049047
34,147,Edouard Mendy,GK,Chelsea,0.08531563522049047
34,222,Luke Ayling,DEF,Leeds,0.2210818910462079
34,761,Tommi O'Reilly,MID,Aston Villa,0.20421103897348708
34,339,Eric Bailly,DEF,Man Utd,0.2210818910462079
34,339,Eric Bailly,DEF,Man Utd,0.2210818910462079
34,558,Hugo Bueno López,DEF,Wolves,0.2210818910462079
34,561,Lewis Warrington,MID,Everton,0.20421103897348708
34,433,Pierre-Emile Højbjerg,MID,Spurs,0.20421103897348708
34,601,Kaden Rodney,MID,Crystal Palace,0.20421103897348708
34,172,Jesurun Rak-Sakyi,MID,Crystal Palace,0.20421103897348708
34,164,Jairo Riedewald,MID,Crystal Palace,0.20421103897348708
34,467,Declan Rice,MID,West Ham,0.20421103897348708
34,467,Declan Rice,MID,West Ham,0.20421103897348708
34,257,Daniel Amartey,DEF,Leicester,0.2210818910462079
34,731,Kamaldeen Sulemana,MID,Southampton,0.20421103897348708
34,195,Anthony Gordon,MID,Newcastle,0.20421103897348708
34,81,David Raya Martin,GK,Brentford,0.08531563522049047
34,447,Dane Scarlett,FWD,Spurs,0.26326439552477127
34,510,Aaron Hickey,DEF,Brentford,0.2210818910462079
34,721,João Victor Gomes da Silva,MID,Wolves,0.20421103897348708
34,531,Rúben Nascimento Vinagre,DEF,Everton,0.2210818910462079
34,639,Sammy Braybrooke,MID,Leicester,0.20421103897348708
34,107,Solly March,MID,Brighton,0.20421103897348708
34,107,Solly March,MID,Brighton,0.20421103897348708
34,691,Maximilian Wöber,DEF,Leeds,0.2210818910462079
34,361,Dwight Gayle,FWD,Newcastle,0.26326439552477127
34,246,Brenden Aaronson,MID,Leeds,0.20421103897348708
34,254,Danny Ward,GK,Leicester,0.08531563522049047
34,165,Joachim Andersen,DEF,Crystal Palace,0.2210818910462079
34,542,Kjell Scherpen,GK,Brighton,0.08531563522049047
34,542,Kjell Scherpen,GK,Brighton,0.08531563522049047
34,404,Jack Stephens,DEF,Bournemouth,0.2210818910462079
34,154,James McArthur,MID,Crystal Palace,0.20421103897348708
34,265,Wilfred Ndidi,MID,Leicester,0.20421103897348708
34,307,Ederson Santana de Moraes,GK,Man City,0.08531563522049047
34,307,Ederson Santana de Moraes,GK,Man City,0.08531563522049047
34,456,Angelo Ogbonna,DEF,West Ham,0.2210818910462079
34,456,Angelo Ogbonna,DEF,West Ham,0.2210818910462079
34,465,Jarrod Bowen,MID,West Ham,0.20421103897348708
34,465,Jarrod Bowen,MID,West Ham,0.20421103897348708
34,492,Matija Šarkić,GK,Wolves,0.08531563522049047
34,708,Noni Madueke,MID,Chelsea,0.20421103897348708
34,143,Malang Sarr,DEF,Chelsea,0.2210818910462079
34,202,Anthony Knockaert,MID,Fulham,0.20421103897348708
34,202,Anthony Knockaert,MID,Fulham,0.20421103897348708
34,647,Lewis Payne,MID,Southampton,0.20421103897348708
34,442,Joe Rodon,DEF,Spurs,0.2210818910462079
34,345,Anthony Martial,FWD,Man Utd,0.26326439552477127
34,345,Anthony Martial,FWD,Man Utd,0.26326439552477127
34,499,Ben Davies,DEF,Liverpool,0.2210818910462079
34,499,Ben Davies,DEF,Liverpool,0.2210818910462079
34,410,Jan Bednarek,DEF,Southampton,0.2210818910462079
34,95,Bryan Mbeumo,FWD,Brentford,0.26326439552477127
34,287,Naby Keita,MID,Liverpool,0.20421103897348708
34,287,Naby Keita,MID,Liverpool,0.20421103897348708
34,565,Archie Gray,MID,Leeds,0.20421103897348708
34,577,Amadou Onana,MID,Everton,0.20421103897348708
34,651,Andrew Moran,MID,Brighton,0.20421103897348708
34,651,Andrew Moran,MID,Brighton,0.20421103897348708
34,550,Amad Diallo,MID,Man Utd,0.20421103897348708
34,550,Amad Diallo,MID,Man Utd,0.20421103897348708
34,739,Joseph Anang,GK,West Ham,0.08531563522049047
34,739,Joseph Anang,GK,West Ham,0.08531563522049047
34,149,Billy Gilmour,MID,Brighton,0.20421103897348708
34,149,Billy Gilmour,MID,Brighton,0.20421103897348708
34,335,Marcus Rashford,MID,Man Utd,0.20421103897348708
34,335,Marcus Rashford,MID,Man Utd,0.20421103897348708
34,694,Alexandre Moreno Lopera,DEF,Aston Villa,0.2210818910462079
34,319,Julián Álvarez,FWD,Man City,0.26326439552477127
34,319,Julián Álvarez,FWD,Man City,0.26326439552477127
34,421,Mateusz Lis,GK,Southampton,0.08531563522049047
34,14,Takehiro Tomiyasu,DEF,Arsenal,0.2210818910462079
34,364,Emil Krafth,DEF,Newcastle,0.2210818910462079
34,302,John Stones,DEF,Man City,0.2210818910462079
34,302,John Stones,DEF,Man City,0.2210818910462079
34,33,Lucas Digne,DEF,Aston Villa,0.2210818910462079
34,94,Shandon Baptiste,MID,Brentford,0.20421103897348708
34,308,Nathan Aké,DEF,Man City,0.2210818910462079
34,308,Nathan Aké,DEF,Man City,0.2210818910462079
34,13,Bukayo Saka,MID,Arsenal,0.20421103897348708
34,73,Lloyd Kelly,DEF,Bournemouth,0.2210818910462079
34,720,Weston McKennie,MID,Leeds,0.20421103897348708
34,653,Omari Hutchinson,MID,Chelsea,0.20421103897348708
34,285,Trent Alexander-Arnold,DEF,Liverpool,0.2210818910462079
34,285,Trent Alexander-Arnold,DEF,Liverpool,0.2210818910462079
34,266,Kiernan Dewsbury-Hall,MID,Leicester,0.20421103897348708
34,283,Mohamed Salah,MID,Liverpool,0.20421103897348708
34,283,Mohamed Salah,MID,Liverpool,0.20421103897348708
34,131,Ross Barkley,MID,Chelsea,0.20421103897348708
34,6,Thomas Partey,MID,Arsenal,0.20421103897348708
34,693,Carlos Alcaraz,MID,Southampton,0.20421103897348708
34,422,Gavin Bazunu,GK,Southampton,0.08531563522049047
34,581,Alex Smithies,GK,Leicester,0.08531563522049047
34,54,Cameron Archer,FWD,Aston Villa,0.26326439552477127
34,595,Mathias Jorgensen,DEF,Brentford,0.2210818910462079
34,184,André Tavares Gomes,MID,Everton,0.20421103897348708
34,413,Lyanco Silveira Neves Vojnovic,DEF,Southampton,0.2210818910462079
34,517,Thomas Strakosha,GK,Brentford,0.08531563522049047
34,675,Jordan Smith,GK,Nott'm Forest,0.08531563522049047
34,661,Lewis Hall,MID,Chelsea,0.20421103897348708
34,655,Karl Hein,GK,Arsenal,0.08531563522049047
34,139,Ben Chilwell,DEF,Chelsea,0.2210818910462079
34,106,Lewis Dunk,DEF,Brighton,0.2210818910462079
34,106,Lewis Dunk,DEF,Brighton,0.2210818910462079
34,452,Alfie Devine,MID,Spurs,0.20421103897348708
34,399,Giulian Biancone,DEF,Nott'm Forest,0.2210818910462079
34,549,Dennis Praet,MID,Leicester,0.20421103897348708
34,612,Wout Faes,DEF,Leicester,0.2210818910462079
34,698,Mario Lemina,MID,Wolves,0.20421103897348708
34,26,William Saliba,DEF,Arsenal,0.2210818910462079
34,122,Haydon Roberts,DEF,Brighton,0.2210818910462079
34,122,Haydon Roberts,DEF,Brighton,0.2210818910462079
34,710,Jakub Kiwior,DEF,Arsenal,0.2210818910462079
34,658,Harvey Griffiths,MID,Wolves,0.20421103897348708
34,760,Andy Lonergan,GK,Everton,0.08531563522049047
34,459,Craig Dawson,DEF,Wolves,0.2210818910462079
34,554,Bryan Gil Salvatierra,MID,Spurs,0.20421103897348708
34,614,Willian Borges da Silva,MID,Fulham,0.20421103897348708
34,614,Willian Borges da Silva,MID,Fulham,0.20421103897348708
34,42,Emiliano Buendía Stati,MID,Aston Villa,0.20421103897348708
34,174,Nathan Ferguson,DEF,Crystal Palace,0.2210818910462079
34,428,Son Heung-min,MID,Spurs,0.20421103897348708
34,15,Aaron Ramsdale,GK,Arsenal,0.08531563522049047
34,170,Tyrick Mitchell,DEF,Crystal Palace,0.2210818910462079
34,640,Ed Turns,DEF,Brighton,0.2210818910462079
34,640,Ed Turns,DEF,Brighton,0.2210818910462079
34,484,Max Kilman,DEF,Wolves,0.2210818910462079
34,323,Liam Delap,FWD,Man City,0.26326439552477127
34,323,Liam Delap,FWD,Man City,0.26326439552477127
34,534,Dwight McNeil,MID,Everton,0.20421103897348708
34,592,Harvey Davies,GK,Liverpool,0.08531563522049047
34,592,Harvey Davies,GK,Liverpool,0.08531563522049047
34,727,Harry Souttar,DEF,Leicester,0.2210818910462079
34,664,Dexter Lembikisa,DEF,Wolves,0.2210818910462079
34,134,N'Golo Kanté,MID,Chelsea,0.20421103897348708
34,719,Yasin Ayari,MID,Brighton,0.20421103897348708
34,719,Yasin Ayari,MID,Brighton,0.20421103897348708
34,523,Harry Toffolo,DEF,Nott'm Forest,0.2210818910462079
34,64,Jefferson Lerma Solís,MID,Bournemouth,0.20421103897348708
34,635,Marcus Bettinelli,GK,Chelsea,0.08531563522049047
34,44,Ezri Konsa Ngoyo,DEF,Aston Villa,0.2210818910462079
34,689,Benoît Badiashile,DEF,Chelsea,0.2210818910462079
34,71,Chris Mepham,DEF,Bournemouth,0.2210818910462079
34,616,Denis Zakaria,MID,Chelsea,0.20421103897348708
34,424,Willy Caballero,GK,Southampton,0.08531563522049047
34,395,Alex Mighten,MID,Nott'm Forest,0.20421103897348708
34,52,Keinan Davis,FWD,Aston Villa,0.26326439552477127
34,35,Robin Olsen,GK,Aston Villa,0.08531563522049047
34,83,Josh Dasilva,MID,Brentford,0.20421103897348708
34,279,Roberto Firmino,FWD,Liverpool,0.26326439552477127
34,279,Roberto Firmino,FWD,Liverpool,0.26326439552477127
34,277,Thiago Alcántara do Nascimento,MID,Liverpool,0.20421103897348708
34,277,Thiago Alcántara do Nascimento,MID,Liverpool,0.20421103897348708
34,673,Bashir Humphreys,DEF,Chelsea,0.2210818910462079
34,220,João Palhinha Gonçalves,MID,Fulham,0.20421103897348708
34,220,João Palhinha Gonçalves,MID,Fulham,0.20421103897348708
34,543,Matt Clarke,DEF,Brighton,0.2210818910462079
34,543,Matt Clarke,DEF,Brighton,0.2210818910462079
34,357,Kieran Trippier,DEF,Newcastle,0.2210818910462079
34,507,Moussa Niakhaté,DEF,Nott'm Forest,0.2210818910462079
34,2,Bernd Leno,GK,Fulham,0.08531563522049047
34,2,Bernd Leno,GK,Fulham,0.08531563522049047
34,409,Kyle Walker-Peters,DEF,Southampton,0.2210818910462079
34,505,Joe Rothwell,MID,Bournemouth,0.20421103897348708
34,17,Nuno Varela Tavares,DEF,Arsenal,0.2210818910462079
34,548,Daniel Iversen,GK,Leicester,0.08531563522049047
34,437,Steven Bergwijn,MID,Spurs,0.20421103897348708
34,87,Saman Ghoddos,MID,Brentford,0.20421103897348708
34,620,Arthur Henrique Ramos de Oliveira Melo,MID,Liverpool,0.20421103897348708
34,620,Arthur Henrique Ramos de Oliveira Melo,MID,Liverpool,0.20421103897348708
34,567,Connor Ronan,MID,Wolves,0.20421103897348708
34,309,Aymeric Laporte,DEF,Man City,0.2210818910462079
34,309,Aymeric Laporte,DEF,Man City,0.2210818910462079
34,609,Antony Matheus dos Santos,MID,Man Utd,0.20421103897348708
34,609,Antony Matheus dos Santos,MID,Man Utd,0.20421103897348708
34,371,Joelinton Cássio Apolinário de Lira,MID,Newcastle,0.20421103897348708
34,566,Joseph Hodge,MID,Wolves,0.20421103897348708
34,186,Alex Iwobi,MID,Everton,0.20421103897348708
34,224,Adam Forshaw,MID,Leeds,0.20421103897348708
34,68,Ben Pearson,MID,Bournemouth,0.20421103897348708
34,276,Joel Matip,DEF,Liverpool,0.2210818910462079
34,276,Joel Matip,DEF,Liverpool,0.2210818910462079
34,695,Daniel Adu-Adjei,FWD,Bournemouth,0.26326439552477127
34,377,Sven Botman,DEF,Newcastle,0.2210818910462079
34,464,Saïd Benrahma,MID,West Ham,0.20421103897348708
34,464,Saïd Benrahma,MID,West Ham,0.20421103897348708
34,282,Fabio Henrique Tavares,MID,Liverpool,0.20421103897348708
34,282,Fabio Henrique Tavares,MID,Liverpool,0.20421103897348708
34,709,Victor Kristiansen,DEF,Leicester,0.2210818910462079
34,758,George Abbott,MID,Spurs,0.20421103897348708
34,135,Hakim Ziyech,MID,Chelsea,0.20421103897348708
34,138,Robert Kenedy Nunes do Nascimento,DEF,Chelsea,0.2210818910462079
34,474,Willy Boly,DEF,Nott'm Forest,0.2210818910462079
34,468,Tomas Soucek,MID,West Ham,0.20421103897348708
34,468,Tomas Soucek,MID,West Ham,0.20421103897348708
34,243,Leo Fuhr Hjelde,DEF,Leeds,0.2210818910462079
34,90,Mads Roerslev Rasmussen,DEF,Brentford,0.2210818910462079
34,732,Paul Onuachu,FWD,Southampton,0.26326439552477127
34,606,Harvey Vale,MID,Chelsea,0.20421103897348708
34,160,Wilfried Zaha,MID,Crystal Palace,0.20421103897348708
34,370,Sean Longstaff,MID,Newcastle,0.20421103897348708
34,672,Kadan Young,MID,Aston Villa,0.20421103897348708
34,91,Mads Bech Sørensen,DEF,Brentford,0.2210818910462079
34,190,Tom Davies,MID,Everton,0.20421103897348708
34,3,Granit Xhaka,MID,Arsenal,0.20421103897348708
34,656,Nathan Bishop,GK,Man Utd,0.08531563522049047
34,656,Nathan Bishop,GK,Man Utd,0.08531563522049047
34,533,Lisandro Martínez,DEF,Man Utd,0.2210818910462079
34,533,Lisandro Martínez,DEF,Man Utd,0.2210818910462079
34,744,Sil Swinkels,DEF,Aston Villa,0.2210818910462079
34,450,Pape Matar Sarr,MID,Spurs,0.20421103897348708
34,239,Junior Firpo Adames,DEF,Leeds,0.2210818910462079
34,264,Harvey Barnes,MID,Leicester,0.20421103897348708
34,611,Idrissa Gueye,MID,Everton,0.20421103897348708
34,458,Michail Antonio,FWD,West Ham,0.26326439552477127
34,458,Michail Antonio,FWD,West Ham,0.26326439552477127
34,406,Mohamed Elyounoussi,MID,Southampton,0.20421103897348708
34,93,Frank Onyeka,MID,Brentford,0.20421103897348708
34,551,Zidane Iqbal,MID,Man Utd,0.20421103897348708
34,551,Zidane Iqbal,MID,Man Utd,0.20421103897348708
34,198,Niels Nkounkou,DEF,Everton,0.2210818910462079
34,440,Rodrigo Bentancur,MID,Spurs,0.20421103897348708
34,142,Mason Mount,MID,Chelsea,0.20421103897348708
34,472,Nayef Aguerd,DEF,West Ham,0.2210818910462079
34,472,Nayef Aguerd,DEF,West Ham,0.2210818910462079
34,562,Manor Solomon,MID,Fulham,0.20421103897348708
34,562,Manor Solomon,MID,Fulham,0.20421103897348708
34,476,Raúl Jiménez,FWD,Wolves,0.26326439552477127
34,563,Luke Chambers,DEF,Liverpool,0.2210818910462079
34,563,Luke Chambers,DEF,Liverpool,0.2210818910462079
34,715,Mateus Cardoso Lemos Martins,MID,Leicester,0.20421103897348708
34,145,Kai Havertz,FWD,Chelsea,0.26326439552477127
34,416,Ibrahima Diallo,MID,Southampton,0.20421103897348708
34,408,Adam Armstrong,FWD,Southampton,0.26326439552477127
34,388,Joe Worrall,DEF,Nott'm Forest,0.2210818910462079
34,103,Danny Welbeck,FWD,Brighton,0.26326439552477127
34,103,Danny Welbeck,FWD,Brighton,0.26326439552477127
34,130,Jorge Luiz Frello Filho,MID,Arsenal,0.20421103897348708
34,137,Timo Werner,FWD,Chelsea,0.26326439552477127
34,613,Layvin Kurzawa,DEF,Fulham,0.2210818910462079
34,613,Layvin Kurzawa,DEF,Fulham,0.2210818910462079
34,518,Wayne Hennessey,GK,Nott'm Forest,0.08531563522049047
34,700,Georginio Rutter,FWD,Leeds,0.26326439552477127
34,346,Andreas Hoelgebaum Pereira,MID,Fulham,0.20421103897348708
34,346,Andreas Hoelgebaum Pereira,MID,Fulham,0.20421103897348708
34,312,Rúben Gato Alves Dias,DEF,Man City,0.2210818910462079
34,312,Rúben Gato Alves Dias,DEF,Man City,0.2210818910462079
34,667,Kristian Sekularac,MID,Fulham,0.20421103897348708
34,667,Kristian Sekularac,MID,Fulham,0.20421103897348708
34,100,Ellery Balcombe,GK,Brentford,0.08531563522049047
34,187,Jean-Philippe Gbamin,MID,Everton,0.20421103897348708
34,313,Oleksandr Zinchenko,DEF,Arsenal,0.2210818910462079
34,605,Reece Welch,DEF,Everton,0.2210818910462079
34,445,Emerson Leite de Souza Junior,DEF,Spurs,0.2210818910462079
34,483,Daniel Castelo Podence,MID,Wolves,0.20421103897348708
34,171,Michael Olise,MID,Crystal Palace,0.20421103897348708
34,392,Richie Laryea,DEF,Nott'm Forest,0.2210818910462079
34,112,Marc Cucurella Saseta,DEF,Chelsea,0.2210818910462079
34,234,Jamie Shackleton,MID,Leeds,0.20421103897348708
34,40,Ollie Watkins,FWD,Aston Villa,0.26326439552477127
34,539,James Hill,DEF,Bournemouth,0.2210818910462079
34,57,Adam Smith,DEF,Bournemouth,0.2210818910462079
34,604,Killian Phillips,MID,Crystal Palace,0.20421103897348708
34,310,Zack Steffen,GK,Man City,0.08531563522049047
34,310,Zack Steffen,GK,Man City,0.08531563522049047
34,111,Leandro Trossard,MID,Arsenal,0.20421103897348708
34,471,Ben Johnson,DEF,West Ham,0.2210818910462079
34,471,Ben Johnson,DEF,West Ham,0.2210818910462079
34,207,Paulo Gazzaniga Farias,GK,Fulham,0.08531563522049047
34,207,Paulo Gazzaniga Farias,GK,Fulham,0.08531563522049047
34,740,Krisztián Hegyi,GK,West Ham,0.08531563522049047
34,740,Krisztián Hegyi,GK,West Ham,0.08531563522049047
34,527,Jesse Lingard,MID,Nott'm Forest,0.20421103897348708
34,197,Nathan Patterson,DEF,Everton,0.2210818910462079
34,365,Jacob Murphy,MID,Newcastle,0.20421103897348708
34,391,Sam Surridge,FWD,Nott'm Forest,0.26326439552477127
34,255,Jamie Vardy,FWD,Leicester,0.26326439552477127
34,10,Benjamin White,DEF,Arsenal,0.2210818910462079
34,292,Konstantinos Tsimikas,DEF,Liverpool,0.2210818910462079
34,292,Konstantinos Tsimikas,DEF,Liverpool,0.2210818910462079
34,599,Claudio Gomes,MID,Man City,0.20421103897348708
34,599,Claudio Gomes,MID,Man City,0.20421103897348708
34,153,James Tomkins,DEF,Crystal Palace,0.2210818910462079
34,714,Antoine Semenyo,FWD,Bournemouth,0.26326439552477127
34,4,Mohamed Elneny,MID,Arsenal,0.20421103897348708
34,557,Jackson Smith,GK,Wolves,0.08531563522049047
34,47,Jacob Ramsey,MID,Aston Villa,0.20421103897348708
34,360,Jamaal Lascelles,DEF,Newcastle,0.2210818910462079
34,396,Braian Ojeda Rodríguez,MID,Nott'm Forest,0.20421103897348708
34,368,Allan Saint-Maximin,MID,Newcastle,0.20421103897348708
34,62,Kieffer Moore,FWD,Bournemouth,0.26326439552477127
34,707,Viljami Sinisalo,GK,Aston Villa,0.08531563522049047
34,696,Michael Dacosta Gonzalez,MID,Bournemouth,0.20421103897348708
34,124,Kaoru Mitoma,MID,Brighton,0.20421103897348708
34,124,Kaoru Mitoma,MID,Brighton,0.20421103897348708
34,509,Flynn Downes,MID,West Ham,0.20421103897348708
34,509,Flynn Downes,MID,West Ham,0.20421103897348708
34,574,Norberto Murara Neto,GK,Bournemouth,0.08531563522049047
34,626,Loris Karius,GK,Newcastle,0.08531563522049047
34,486,Pedro Lomba Neto,MID,Wolves,0.20421103897348708
34,470,Issa Diop,DEF,Fulham,0.2210818910462079
34,470,Issa Diop,DEF,Fulham,0.2210818910462079
34,597,Christian Saydee,FWD,Bournemouth,0.26326439552477127
34,12,Emile Smith Rowe,MID,Arsenal,0.20421103897348708
34,746,Kaelan Casey,DEF,West Ham,0.2210818910462079
34,746,Kaelan Casey,DEF,West Ham,0.2210818910462079
34,85,Rico Henry,DEF,Brentford,0.2210818910462079
34,24,Matt Turner,GK,Arsenal,0.08531563522049047
34,212,Harry Wilson,MID,Fulham,0.20421103897348708
34,212,Harry Wilson,MID,Fulham,0.20421103897348708
34,541,Halil Dervişoğlu,FWD,Brentford,0.26326439552477127
34,201,Tim Ream,DEF,Fulham,0.2210818910462079
34,201,Tim Ream,DEF,Fulham,0.2210818910462079
34,82,Sergi Canós Tenés,DEF,Brentford,0.2210818910462079
34,156,Joel Ward,DEF,Crystal Palace,0.2210818910462079
34,481,Hwang Hee-chan,MID,Wolves,0.20421103897348708
34,196,Jarrad Branthwaite,DEF,Everton,0.2210818910462079
34,688,Kevin Schade,MID,Brentford,0.20421103897348708
34,588,Thilo Kehrer,DEF,West Ham,0.2210818910462079
34,588,Thilo Kehrer,DEF,West Ham,0.2210818910462079
34,294,Harvey Elliott,MID,Liverpool,0.20421103897348708
34,294,Harvey Elliott,MID,Liverpool,0.20421103897348708
34,230,Robin Koch,DEF,Leeds,0.2210818910462079
34,263,Hamza Choudhury,MID,Leicester,0.20421103897348708
34,262,Kelechi Iheanacho,FWD,Leicester,0.26326439552477127
34,663,Sonny Perkins,FWD,Leeds,0.26326439552477127
34,414,Yan Valery,DEF,Southampton,0.2210818910462079
34,487,Rayan Aït-Nouri,DEF,Wolves,0.2210818910462079
34,568,Chem Campbell,MID,Wolves,0.20421103897348708
34,328,Phil Jones,DEF,Man Utd,0.2210818910462079
34,328,Phil Jones,DEF,Man Utd,0.2210818910462079
34,180,Michael Keane,DEF,Everton,0.2210818910462079
34,632,Ryan Trevitt,MID,Brentford,0.20421103897348708
34,63,Emiliano Marcondes,MID,Bournemouth,0.20421103897348708
34,269,Boubakary Soumaré,MID,Leicester,0.20421103897348708
34,716,James Bree,DEF,Southampton,0.2210818910462079
34,133,Kepa Arrizabalaga,GK,Chelsea,0.08531563522049047
34,384,Joe Lolley,MID,Nott'm Forest,0.20421103897348708
34,89,Yoane Wissa,MID,Brentford,0.20421103897348708
34,654,Jack Wells-Morrison,MID,Crystal Palace,0.20421103897348708
34,378,Harry Arter,MID,Nott'm Forest,0.20421103897348708
34,247,Darko Gyabi,MID,Leeds,0.20421103897348708
34,617,Pierre-Emerick Aubameyang,FWD,Chelsea,0.26326439552477127
34,460,Manuel Lanzini,MID,West Ham,0.20421103897348708
34,460,Manuel Lanzini,MID,West Ham,0.20421103897348708
34,260,Ayoze Pérez,MID,Leicester,0.20421103897348708
34,175,Sam Johnstone,GK,Crystal Palace,0.08531563522049047
34,248,Kasper Schmeichel,GK,Leicester,0.08531563522049047
34,97,Marcus Forss,FWD,Brentford,0.26326439552477127
34,728,Marcel Sabitzer,MID,Man Utd,0.20421103897348708
34,728,Marcel Sabitzer,MID,Man Utd,0.20421103897348708
34,108,Adam Webster,DEF,Brighton,0.2210818910462079
34,108,Adam Webster,DEF,Brighton,0.2210818910462079
34,199,James Tarkowski,DEF,Everton,0.2210818910462079
34,564,Stefan Bajcetic,MID,Liverpool,0.20421103897348708
34,564,Stefan Bajcetic,MID,Liverpool,0.20421103897348708
34,191,Dominic Calvert-Lewin,FWD,Everton,0.26326439552477127
34,489,Toti António Gomes,DEF,Wolves,0.2210818910462079
34,251,Marc Albrighton,MID,Leicester,0.20421103897348708
34,491,Adama Traoré Diarra,MID,Wolves,0.20421103897348708
34,206,Joe Bryan,DEF,Fulham,0.2210818910462079
34,206,Joe Bryan,DEF,Fulham,0.2210818910462079
34,429,Matt Doherty,DEF,Spurs,0.2210818910462079
34,101,Adam Lallana,MID,Brighton,0.20421103897348708
34,101,Adam Lallana,MID,Brighton,0.20421103897348708
34,430,Eric Dier,DEF,Spurs,0.2210818910462079
34,136,Ruben Loftus-Cheek,MID,Chelsea,0.20421103897348708
34,110,Neal Maupay,FWD,Everton,0.26326439552477127
34,524,Lewis O'Brien,MID,Nott'm Forest,0.20421103897348708
34,19,Gabriel Martinelli Silva,MID,Arsenal,0.20421103897348708
34,439,Japhet Tanganga,DEF,Spurs,0.2210818910462079
34,96,Charlie Goode,DEF,Brentford,0.2210818910462079
34,596,Evan Ferguson,FWD,Brighton,0.26326439552477127
34,596,Evan Ferguson,FWD,Brighton,0.26326439552477127
34,295,Neco Williams,DEF,Nott'm Forest,0.2210818910462079
34,37,John McGinn,MID,Aston Villa,0.20421103897348708
34,556,Conor Coventry,MID,West Ham,0.20421103897348708
34,556,Conor Coventry,MID,West Ham,0.20421103897348708
34,322,Josh Wilson-Esbrand,DEF,Man City,0.2210818910462079
34,322,Josh Wilson-Esbrand,DEF,Man City,0.2210818910462079
34,473,Alphonse Areola,GK,West Ham,0.08531563522049047
34,473,Alphonse Areola,GK,West Ham,0.08531563522049047
34,271,Patson Daka,FWD,Leicester,0.26326439552477127
34,128,Thiago Emiliano da Silva,DEF,Chelsea,0.2210818910462079
34,208,Terence Kongolo,DEF,Fulham,0.2210818910462079
34,208,Terence Kongolo,DEF,Fulham,0.2210818910462079
34,185,Abdoulaye Doucouré,MID,Everton,0.20421103897348708
34,372,Jamal Lewis,DEF,Newcastle,0.2210818910462079
34,643,Kobbie Mainoo,MID,Man Utd,0.20421103897348708
34,643,Kobbie Mainoo,MID,Man Utd,0.20421103897348708
34,521,Tyrese Francois,MID,Fulham,0.20421103897348708
34,521,Tyrese Francois,MID,Fulham,0.20421103897348708
34,238,Illan Meslier,GK,Leeds,0.08531563522049047
34,438,Sergio Reguilón,DEF,Spurs,0.2210818910462079
34,701,Wout Weghorst,FWD,Man Utd,0.26326439552477127
34,701,Wout Weghorst,FWD,Man Utd,0.26326439552477127
34,646,Tristan Crama,DEF,Brentford,0.2210818910462079
34,120,Moisés Caicedo Corozo,MID,Brighton,0.20421103897348708
34,120,Moisés Caicedo Corozo,MID,Brighton,0.20421103897348708
34,762,Cameron Peupion,MID,Brighton,0.20421103897348708
34,762,Cameron Peupion,MID,Brighton,0.20421103897348708
34,511,Omar Richards,DEF,Nott'm Forest,0.2210818910462079
34,327,David De Gea Quintana,GK,Man Utd,0.08531563522049047
34,327,David De Gea Quintana,GK,Man Utd,0.08531563522049047
34,455,Lukasz Fabianski,GK,West Ham,0.08531563522049047
34,455,Lukasz Fabianski,GK,West Ham,0.08531563522049047
34,291,Curtis Jones,MID,Liverpool,0.20421103897348708
34,291,Curtis Jones,MID,Liverpool,0.20421103897348708
34,146,Reece James,DEF,Chelsea,0.2210818910462079
34,623,Duje Caleta-Car,DEF,Southampton,0.2210818910462079
34,216,Josh Onomah,MID,Fulham,0.20421103897348708
34,216,Josh Onomah,MID,Fulham,0.20421103897348708
34,332,Luke Shaw,DEF,Man Utd,0.2210818910462079
34,332,Luke Shaw,DEF,Man Utd,0.2210818910462079
34,669,Divin Mubama,FWD,West Ham,0.26326439552477127
34,669,Divin Mubama,FWD,West Ham,0.26326439552477127
34,591,Terry Ablade,FWD,Fulham,0.26326439552477127
34,591,Terry Ablade,FWD,Fulham,0.26326439552477127
34,258,Timothy Castagne,DEF,Leicester,0.2210818910462079
34,1,Cédric Alves Soares,DEF,Fulham,0.2210818910462079
34,1,Cédric Alves Soares,DEF,Fulham,0.2210818910462079
34,18,Albert Sambi Lokonga,MID,Crystal Palace,0.20421103897348708
34,736,Odeluga Offiah,DEF,Brighton,0.2210818910462079
34,736,Odeluga Offiah,DEF,Brighton,0.2210818910462079
34,573,Rico Lewis,DEF,Man City,0.2210818910462079
34,573,Rico Lewis,DEF,Man City,0.2210818910462079
34,697,Dominic Sadi,FWD,Bournemouth,0.26326439552477127
34,382,Brice Samba,GK,Nott'm Forest,0.08531563522049047
34,454,Richarlison de Andrade,FWD,Spurs,0.26326439552477127
34,176,Asmir Begović,GK,Everton,0.08531563522049047
34,525,Ludwig Augustinsson,DEF,Aston Villa,0.2210818910462079
34,215,Kenny Tete,DEF,Fulham,0.2210818910462079
34,215,Kenny Tete,DEF,Fulham,0.2210818910462079
34,356,Callum Wilson,FWD,Newcastle,0.26326439552477127
34,625,Diego Da Silva Costa,FWD,Wolves,0.26326439552477127
34,8,Kieran Tierney,DEF,Arsenal,0.2210818910462079
34,300,Ilkay Gündogan,MID,Man City,0.20421103897348708
34,300,Ilkay Gündogan,MID,Man City,0.20421103897348708
34,227,Patrick Bamford,FWD,Leeds,0.26326439552477127
34,432,Ben Davies,DEF,Spurs,0.2210818910462079
34,475,Conor Coady,DEF,Everton,0.2210818910462079
34,9,Nicolas Pépé,MID,Arsenal,0.20421103897348708
34,39,Tyrone Mings,DEF,Aston Villa,0.2210818910462079
34,532,Kevin Mbabu,DEF,Fulham,0.2210818910462079
34,532,Kevin Mbabu,DEF,Fulham,0.2210818910462079
34,449,Harvey White,MID,Spurs,0.20421103897348708
34,478,José Malheiro de Sá,GK,Wolves,0.08531563522049047
34,189,Demarai Gray,MID,Everton,0.20421103897348708
34,204,Neeskens Kebano,MID,Fulham,0.20421103897348708
34,204,Neeskens Kebano,MID,Fulham,0.20421103897348708
34,217,Antonee Robinson,DEF,Fulham,0.2210818910462079
34,217,Antonee Robinson,DEF,Fulham,0.2210818910462079
34,341,Aaron Wan-Bissaka,DEF,Man Utd,0.2210818910462079
34,341,Aaron Wan-Bissaka,DEF,Man Utd,0.2210818910462079
34,629,Boubacar Traoré,MID,Wolves,0.20421103897348708
34,98,Dominic Thompson,DEF,Brentford,0.2210818910462079
34,722,Illia Zabarnyi,DEF,Bournemouth,0.2210818910462079
34,570,James Garner,MID,Everton,0.20421103897348708
34,589,Matheus Luiz Nunes,MID,Wolves,0.20421103897348708
34,657,Nathan Fraser,FWD,Wolves,0.26326439552477127
34,182,Jordan Pickford,GK,Everton,0.08531563522049047
34,104,Pascal Groß,MID,Brighton,0.20421103897348708
34,104,Pascal Groß,MID,Brighton,0.20421103897348708
34,121,Taylor Richards,MID,Brighton,0.20421103897348708
34,121,Taylor Richards,MID,Brighton,0.20421103897348708
34,628,Serge Aurier,DEF,Nott'm Forest,0.2210818910462079
34,362,Paul Dummett,DEF,Newcastle,0.2210818910462079
34,610,Manuel Akanji,DEF,Man City,0.2210818910462079
34,610,Manuel Akanji,DEF,Man City,0.2210818910462079
34,578,Joel Robles,GK,Leeds,0.08531563522049047
34,22,Lucas Torreira di Pascua,MID,Arsenal,0.20421103897348708
34,480,Rúben da Silva Neves,MID,Wolves,0.20421103897348708
34,324,Stefan Ortega Moreno,GK,Man City,0.08531563522049047
34,324,Stefan Ortega Moreno,GK,Man City,0.08531563522049047
34,31,Emiliano Martínez Romero,GK,Aston Villa,0.08531563522049047
34,754,Sebastian Revan,DEF,Aston Villa,0.2210818910462079
34,678,Isaac Price,MID,Everton,0.20421103897348708
34,74,Siriki Dembélé,MID,Bournemouth,0.20421103897348708
34,684,David Datro Fofana,FWD,Chelsea,0.26326439552477127
34,79,Christian Nørgaard,MID,Brentford,0.20421103897348708
34,462,Arthur Masuaku,DEF,West Ham,0.2210818910462079
34,462,Arthur Masuaku,DEF,West Ham,0.2210818910462079
34,704,Pablo Sarabia,MID,Wolves,0.20421103897348708
34,615,Matej Kovár,GK,Man Utd,0.08531563522049047
34,615,Matej Kovár,GK,Man Utd,0.08531563522049047
34,114,Tariq Lamptey,DEF,Brighton,0.2210818910462079
34,114,Tariq Lamptey,DEF,Brighton,0.2210818910462079
34,20,Pablo Marí Villar,DEF,Arsenal,0.2210818910462079
34,385,Scott McKenna,DEF,Nott'm Forest,0.2210818910462079
34,608,Sasa Kalajdzic,FWD,Wolves,0.26326439552477127
34,161,Jeffrey Schlupp,MID,Crystal Palace,0.20421103897348708
34,751,Reuell Walters,DEF,Arsenal,0.2210818910462079
34,348,Tom Heaton,GK,Man Utd,0.08531563522049047
34,348,Tom Heaton,GK,Man Utd,0.08531563522049047
34,699,Mykhailo Mudryk,MID,Chelsea,0.20421103897348708
34,546,Luke Harris,MID,Fulham,0.20421103897348708
34,546,Luke Harris,MID,Fulham,0.20421103897348708
34,723,Hamed Traorè,MID,Bournemouth,0.20421103897348708
34,46,Douglas Luiz Soares de Paulo,MID,Aston Villa,0.20421103897348708
34,498,Rhys Williams,DEF,Liverpool,0.2210818910462079
34,498,Rhys Williams,DEF,Liverpool,0.2210818910462079
34,159,Jordan Ayew,MID,Crystal Palace,0.20421103897348708
34,351,Federico Fernández,DEF,Newcastle,0.2210818910462079
34,738,Max Kinsey-Wellings,DEF,Bournemouth,0.2210818910462079
34,457,Aaron Cresswell,DEF,West Ham,0.2210818910462079
34,457,Aaron Cresswell,DEF,West Ham,0.2210818910462079
34,730,Felipe Augusto de Almeida Monteiro,DEF,Nott'm Forest,0.2210818910462079
34,284,Andrew Robertson,DEF,Liverpool,0.2210818910462079
34,284,Andrew Robertson,DEF,Liverpool,0.2210818910462079
34,469,Pablo Fornals Malla,MID,West Ham,0.20421103897348708
34,469,Pablo Fornals Malla,MID,West Ham,0.20421103897348708
34,129,Marcos Alonso,DEF,Chelsea,0.2210818910462079
34,712,Máximo Perrone,MID,Man City,0.20421103897348708
34,712,Máximo Perrone,MID,Man City,0.20421103897348708
34,482,Nélson Cabral Semedo,DEF,Wolves,0.2210818910462079
34,427,Harry Kane,FWD,Spurs,0.26326439552477127
34,77,Will Dennis,GK,Bournemouth,0.08531563522049047
34,125,Julio Enciso,FWD,Brighton,0.26326439552477127
34,125,Julio Enciso,FWD,Brighton,0.26326439552477127
34,752,Michael Olakigbe,MID,Brentford,0.20421103897348708
34,28,Gabriel Fernando de Jesus,FWD,Arsenal,0.26326439552477127
34,38,Kortney Hause,DEF,Aston Villa,0.2210818910462079
34,193,Ben Godfrey,DEF,Everton,0.2210818910462079
34,705,Dango Ouattara,MID,Bournemouth,0.20421103897348708
34,219,Jay Stansfield,FWD,Fulham,0.26326439552477127
34,219,Jay Stansfield,FWD,Fulham,0.26326439552477127
34,342,Diogo Dalot Teixeira,DEF,Man Utd,0.2210818910462079
34,342,Diogo Dalot Teixeira,DEF,Man Utd,0.2210818910462079
34,343,Brandon Williams,DEF,Man Utd,0.2210818910462079
34,343,Brandon Williams,DEF,Man Utd,0.2210818910462079
34,419,Tino Livramento,DEF,Southampton,0.2210818910462079
34,569,Alejandro Garnacho,MID,Man Utd,0.20421103897348708
34,569,Alejandro Garnacho,MID,Man Utd,0.20421103897348708
34,634,John-Kymani Gordon,FWD,Crystal Palace,0.26326439552477127
34,386,Mohamed Dräger,DEF,Nott'm Forest,0.2210818910462079
34,749,George Shelvey,GK,Nott'm Forest,0.08531563522049047
34,680,Cody Gakpo,MID,Liverpool,0.20421103897348708
34,680,Cody Gakpo,MID,Liverpool,0.20421103897348708
34,51,Anwar El Ghazi,MID,Aston Villa,0.20421103897348708
34,683,Garang Kuol,MID,Newcastle,0.20421103897348708
34,226,Stuart Dallas,DEF,Leeds,0.2210818910462079
34,167,Marc Guéhi,DEF,Crystal Palace,0.2210818910462079
34,232,Raphael Dias Belloli,MID,Leeds,0.20421103897348708
34,759,Marc Jurado Gomez,DEF,Man Utd,0.2210818910462079
34,759,Marc Jurado Gomez,DEF,Man Utd,0.2210818910462079
34,637,Kyle John,DEF,Everton,0.2210818910462079
34,580,Mikkel Damsgaard,MID,Brentford,0.20421103897348708
34,679,Facundo Buonanotte,MID,Brighton,0.20421103897348708
34,679,Facundo Buonanotte,MID,Brighton,0.20421103897348708
34,29,Philippe Coutinho Correia,MID,Aston Villa,0.20421103897348708
34,522,Djed Spence,DEF,Spurs,0.2210818910462079
34,358,Dan Burn,DEF,Newcastle,0.2210818910462079
34,162,Jack Butland,GK,Man Utd,0.08531563522049047
34,162,Jack Butland,GK,Man Utd,0.08531563522049047
34,132,Mateo Kovacic,MID,Chelsea,0.20421103897348708
34,685,Nathan Butler-Oyedeji,FWD,Arsenal,0.26326439552477127
34,181,Dele Alli,MID,Everton,0.20421103897348708
34,228,Diego Llorente,DEF,Leeds,0.2210818910462079
34,717,Daniel Bentley,GK,Wolves,0.08531563522049047
34,756,Tom McGill,GK,Brighton,0.08531563522049047
34,756,Tom McGill,GK,Brighton,0.08531563522049047
34,173,Malcolm Ebiowei,MID,Crystal Palace,0.20421103897348708
34,126,Kacper Kozłowski,MID,Brighton,0.20421103897348708
34,126,Kacper Kozłowski,MID,Brighton,0.20421103897348708
34,466,Nikola Vlasic,MID,West Ham,0.20421103897348708
34,466,Nikola Vlasic,MID,West Ham,0.20421103897348708
34,644,Owen Goodman,GK,Crystal Palace,0.08531563522049047
34,627,Eldin Jakupovic,GK,Everton,0.08531563522049047
34,453,Troy Parrott,FWD,Spurs,0.26326439552477127
34,60,David Brooks,MID,Bournemouth,0.20421103897348708
34,444,Yves Bissouma,MID,Spurs,0.20421103897348708
34,289,Caoimhin Kelleher,GK,Liverpool,0.08531563522049047
34,289,Caoimhin Kelleher,GK,Liverpool,0.08531563522049047
34,636,Stefan Parkes,DEF,Fulham,0.2210818910462079
34,636,Stefan Parkes,DEF,Fulham,0.2210818910462079
34,497,Adrián San Miguel del Castillo,GK,Liverpool,0.08531563522049047
34,497,Adrián San Miguel del Castillo,GK,Liverpool,0.08531563522049047
34,148,Conor Gallagher,MID,Chelsea,0.20421103897348708
34,631,Lino Sousa,DEF,Arsenal,0.2210818910462079
34,520,Kalidou Koulibaly,DEF,Chelsea,0.2210818910462079
34,677,Jack Hinshelwood,MID,Brighton,0.20421103897348708
34,677,Jack Hinshelwood,MID,Brighton,0.20421103897348708
34,109,Joël Veltman,DEF,Brighton,0.2210818910462079
34,109,Joël Veltman,DEF,Brighton,0.2210818910462079
34,53,Boubacar Kamara,MID,Aston Villa,0.20421103897348708
34,151,Ethan Ampadu,DEF,Chelsea,0.2210818910462079
34,725,Naouirou Ahamada,MID,Crystal Palace,0.20421103897348708
34,537,Kaine Kesler Hayden,DEF,Aston Villa,0.2210818910462079
34,407,James Ward-Prowse,MID,Southampton,0.20421103897348708
34,36,Morgan Sanson,MID,Aston Villa,0.20421103897348708
34,240,Crysencio Summerville,MID,Leeds,0.20421103897348708
34,330,Harry Maguire,DEF,Man Utd,0.2210818910462079
34,330,Harry Maguire,DEF,Man Utd,0.2210818910462079
34,741,Lewis Miley,MID,Newcastle,0.20421103897348708
34,336,Donny van de Beek,MID,Man Utd,0.20421103897348708
34,336,Donny van de Beek,MID,Man Utd,0.20421103897348708
34,127,César Azpilicueta,DEF,Chelsea,0.2210818910462079
34,340,Jadon Sancho,MID,Man Utd,0.20421103897348708
34,340,Jadon Sancho,MID,Man Utd,0.20421103897348708
34,504,Tyrell Malacia,DEF,Man Utd,0.2210818910462079
34,504,Tyrell Malacia,DEF,Man Utd,0.2210818910462079
34,241,Lewis Bate,MID,Leeds,0.20421103897348708
34,286,Joseph Gomez,DEF,Liverpool,0.2210818910462079
34,286,Joseph Gomez,DEF,Liverpool,0.2210818910462079
34,88,Mathias Jensen,MID,Brentford,0.20421103897348708
34,412,Nathan Tella,MID,Southampton,0.20421103897348708
34,674,Rhys Bennett,DEF,Man Utd,0.2210818910462079
34,674,Rhys Bennett,DEF,Man Utd,0.2210818910462079
34,544,Jan Paul van Hecke,DEF,Brighton,0.2210818910462079
34,544,Jan Paul van Hecke,DEF,Brighton,0.2210818910462079
34,448,Ivan Perišić,DEF,Spurs,0.2210818910462079
34,11,Eddie Nketiah,FWD,Arsenal,0.26326439552477127
34,144,Callum Hudson-Odoi,MID,Chelsea,0.20421103897348708
34,488,Fabio Silva,FWD,Wolves,0.26326439552477127
34,280,Virgil van Dijk,DEF,Liverpool,0.2210818910462079
34,280,Virgil van Dijk,DEF,Liverpool,0.2210818910462079
34,188,Yerry Mina,DEF,Everton,0.2210818910462079
34,55,Jaden Philogene-Bidace,MID,Aston Villa,0.20421103897348708
34,582,Remo Freuler,MID,Nott'm Forest,0.20421103897348708
34,375,Jeff Hendrick,MID,Newcastle,0.20421103897348708
34,446,Dejan Kulusevski,MID,Spurs,0.20421103897348708
34,45,Leon Bailey,MID,Aston Villa,0.20421103897348708
34,261,James Maddison,MID,Leicester,0.20421103897348708
34,590,Joseph Whitworth,GK,Crystal Palace,0.08531563522049047
34,316,Cole Palmer,MID,Man City,0.20421103897348708
34,316,Cole Palmer,MID,Man City,0.20421103897348708
34,435,Davinson Sánchez,DEF,Spurs,0.2210818910462079
34,304,Raheem Sterling,MID,Chelsea,0.20421103897348708
34,275,Jordan Henderson,MID,Liverpool,0.20421103897348708
34,275,Jordan Henderson,MID,Liverpool,0.20421103897348708
34,516,Nathan Collins,DEF,Wolves,0.2210818910462079
34,140,Christian Pulisic,MID,Chelsea,0.20421103897348708
34,75,Jaidon Anthony,MID,Bournemouth,0.20421103897348708
34,235,Pascal Struijk,DEF,Leeds,0.2210818910462079
34,367,Matt Targett,DEF,Newcastle,0.2210818910462079
34,748,Romaine Mundle,MID,Spurs,0.20421103897348708
34,401,Alex McCarthy,GK,Southampton,0.08531563522049047
34,600,Ben Knight,MID,Man City,0.20421103897348708
34,600,Ben Knight,MID,Man City,0.20421103897348708
34,61,Jamal Lowe,MID,Bournemouth,0.20421103897348708
34,682,Matheus Santos Carneiro Da Cunha,FWD,Wolves,0.26326439552477127
34,387,Ryan Yates,MID,Nott'm Forest,0.20421103897348708
34,297,Darwin Núñez Ribeiro,FWD,Liverpool,0.26326439552477127
34,297,Darwin Núñez Ribeiro,FWD,Liverpool,0.26326439552477127
34,734,André Ayew,MID,Nott'm Forest,0.20421103897348708
34,32,Calum Chambers,DEF,Aston Villa,0.2210818910462079
34,178,Seamus Coleman,DEF,Everton,0.2210818910462079
34,624,Samuel Edozie,MID,Southampton,0.20421103897348708
34,218,Rodrigo Muniz Carvalho,FWD,Fulham,0.26326439552477127
34,218,Rodrigo Muniz Carvalho,FWD,Fulham,0.26326439552477127
34,400,Theo Walcott,MID,Southampton,0.20421103897348708
34,245,Marc Roca Junqué,MID,Leeds,0.20421103897348708
34,463,Vladimir Coufal,DEF,West Ham,0.2210818910462079
34,463,Vladimir Coufal,DEF,West Ham,0.2210818910462079
34,105,Shane Duffy,DEF,Fulham,0.2210818910462079
34,105,Shane Duffy,DEF,Fulham,0.2210818910462079
34,56,Frédéric Guilbert,DEF,Aston Villa,0.2210818910462079
34,244,Rasmus Kristensen,DEF,Leeds,0.2210818910462079
34,303,Riyad Mahrez,MID,Man City,0.20421103897348708
34,303,Riyad Mahrez,MID,Man City,0.20421103897348708
34,593,Carlos Henrique Casimiro,MID,Man Utd,0.20421103897348708
34,593,Carlos Henrique Casimiro,MID,Man Utd,0.20421103897348708
34,618,Carlos Vinícius Alves Morais,FWD,Fulham,0.26326439552477127
34,618,Carlos Vinícius Alves Morais,FWD,Fulham,0.26326439552477127
34,733,Pedro Porro,DEF,Spurs,0.2210818910462079
34,30,Danny Ings,FWD,West Ham,0.26326439552477127
34,30,Danny Ings,FWD,West Ham,0.26326439552477127
34,179,Andros Townsend,MID,Everton,0.20421103897348708
34,602,Renan Augusto Lodi dos Santos,DEF,Nott'm Forest,0.2210818910462079
34,535,Marcus Tavernier,MID,Bournemouth,0.20421103897348708
34,214,Ivan Neves Abreu Cavaleiro,MID,Fulham,0.20421103897348708
34,214,Ivan Neves Abreu Cavaleiro,MID,Fulham,0.20421103897348708
34,349,Jonjo Shelvey,MID,Nott'm Forest,0.20421103897348708
34,757,Ishé Samuels-Smith,DEF,Everton,0.2210818910462079
34,337,Victor Lindelöf,DEF,Man Utd,0.2210818910462079
34,337,Victor Lindelöf,DEF,Man Utd,0.2210818910462079
34,369,Miguel Almirón Rejala,MID,Newcastle,0.20421103897348708
34,166,Odsonne Edouard,FWD,Crystal Palace,0.26326439552477127
34,668,Amario Cozier-Duberry,MID,Arsenal,0.20421103897348708
34,652,James Furlong,DEF,Brighton,0.2210818910462079
34,652,James Furlong,DEF,Brighton,0.2210818910462079
34,155,Christian Benteke,FWD,Crystal Palace,0.26326439552477127
34,49,Tim Iroegbunam,MID,Aston Villa,0.20421103897348708
34,380,Lyle Taylor,FWD,Nott'm Forest,0.26326439552477127
34,381,Jack Colback,MID,Nott'm Forest,0.20421103897348708
34,552,Elliot Anderson,MID,Newcastle,0.20421103897348708
34,123,Deniz Undav,FWD,Brighton,0.26326439552477127
34,123,Deniz Undav,FWD,Brighton,0.26326439552477127
34,607,Matthew Smith,MID,Arsenal,0.20421103897348708
34,200,Tom Cairney,MID,Fulham,0.20421103897348708
34,200,Tom Cairney,MID,Fulham,0.20421103897348708
34,619,Wilfried Gnonto,FWD,Leeds,0.26326439552477127
34,477,Jonathan Castro Otto,DEF,Wolves,0.2210818910462079
34,576,Marcos Senesi,DEF,Bournemouth,0.2210818910462079
34,259,Youri Tielemans,MID,Leicester,0.20421103897348708
34,753,James Wright,GK,Aston Villa,0.08531563522049047
34,389,Jonathan Panzo,DEF,Nott'm Forest,0.2210818910462079
34,648,Ryan Finnigan,MID,Southampton,0.20421103897348708
34,417,Romain Perraud,DEF,Southampton,0.2210818910462079
34,711,Jhon Durán,FWD,Aston Villa,0.26326439552477127
34,236,Kristoffer Klaesson,GK,Leeds,0.08531563522049047
34,211,Harrison Reed,MID,Fulham,0.20421103897348708
34,211,Harrison Reed,MID,Fulham,0.20421103897348708
34,296,Fábio Freitas Gouveia Carvalho,MID,Liverpool,0.20421103897348708
34,296,Fábio Freitas Gouveia Carvalho,MID,Liverpool,0.20421103897348708
34,513,Clément Lenglet,DEF,Spurs,0.2210818910462079
34,116,Alexis Mac Allister,MID,Brighton,0.20421103897348708
34,116,Alexis Mac Allister,MID,Brighton,0.20421103897348708
34,645,Joe Wormleighton,DEF,Leicester,0.2210818910462079
34,169,Eberechi Eze,MID,Crystal Palace,0.20421103897348708
34,344,Anthony Elanga,MID,Man Utd,0.20421103897348708
34,344,Anthony Elanga,MID,Man Utd,0.20421103897348708
34,293,Luis Díaz,MID,Liverpool,0.20421103897348708
34,293,Luis Díaz,MID,Liverpool,0.20421103897348708
34,205,Bobby De Cordova-Reid,MID,Fulham,0.20421103897348708
34,205,Bobby De Cordova-Reid,MID,Fulham,0.20421103897348708
34,334,Alex Telles,DEF,Man Utd,0.2210818910462079
34,334,Alex Telles,DEF,Man Utd,0.2210818910462079
34,587,Sergio Gómez,DEF,Man City,0.2210818910462079
34,587,Sergio Gómez,DEF,Man City,0.2210818910462079
34,374,Bruno Guimarães Rodriguez Moura,MID,Newcastle,0.20421103897348708
34,16,Gabriel dos Santos Magalhães,DEF,Arsenal,0.2210818910462079
34,670,Filip Marschall,GK,Aston Villa,0.08531563522049047
34,545,Emerson Palmieri dos Santos,DEF,West Ham,0.2210818910462079
34,545,Emerson Palmieri dos Santos,DEF,West Ham,0.2210818910462079
34,7,Martin Ødegaard,MID,Arsenal,0.20421103897348708
34,503,João Filipe Iria Santos Moutinho,MID,Wolves,0.20421103897348708
34,92,Ethan Pinnock,DEF,Brentford,0.2210818910462079
34,347,Facundo Pellistri Rebollo,MID,Man Utd,0.20421103897348708
34,347,Facundo Pellistri Rebollo,MID,Man Utd,0.20421103897348708
34,23,Reiss Nelson,MID,Arsenal,0.20421103897348708
34,579,Gonçalo Manuel Ganchinho Guedes,MID,Wolves,0.20421103897348708
34,152,Vicente Guaita,GK,Crystal Palace,0.08531563522049047
34,268,James Justin,DEF,Leicester,0.2210818910462079
34,662,Thomas Cannon,FWD,Everton,0.26326439552477127
34,267,Çaglar Söyüncü,DEF,Leicester,0.2210818910462079
34,425,Hugo Lloris,GK,Spurs,0.08531563522049047
34,376,Nick Pope,GK,Newcastle,0.08531563522049047
34,441,Oliver Skipp,MID,Spurs,0.20421103897348708
34,436,Ryan Sessegnon,DEF,Spurs,0.2210818910462079
34,538,Ashley Young,DEF,Aston Villa,0.2210818910462079
34,119,Jeremy Sarmiento Morante,MID,Brighton,0.20421103897348708
34,119,Jeremy Sarmiento Morante,MID,Brighton,0.20421103897348708
34,70,Philip Billing,MID,Bournemouth,0.20421103897348708
35,403,Nathan Redmond,MID,Southampton,0.20421103897348705
35,58,Junior Stanislas,MID,Bournemouth,0.20421103897348705
35,150,Armando Broja,FWD,Chelsea,0.26326439552477127
35,366,Fabian Schär,DEF,Newcastle,0.2210818910462079
35,742,Jeremiah Chilokoa-Mullen,DEF,Leeds,0.2210818910462079
35,249,Jonny Evans,DEF,Leicester,0.2210818910462079
35,724,Enzo Fernández,MID,Chelsea,0.20421103897348705
35,394,Brennan Johnson,FWD,Nott'm Forest,0.26326439552477127
35,514,Cheick Doucouré,MID,Crystal Palace,0.20421103897348705
35,553,Oliver Hammond,MID,Nott'm Forest,0.20421103897348705
35,485,Luke Cundle,MID,Wolves,0.20421103897348705
35,540,Fin Stevens,DEF,Brentford,0.2210818910462079
35,451,Brandon Austin,GK,Spurs,0.08531563522049046
35,158,Luka Milivojevic,MID,Crystal Palace,0.20421103897348705
35,747,George Wickens,GK,Fulham,0.08531563522049046
35,272,Wesley Fofana,DEF,Chelsea,0.2210818910462079
35,529,Gianluca Scamacca,FWD,West Ham,0.26326439552477127
35,281,Alisson Ramses Becker,GK,Liverpool,0.08531563522049046
35,411,Che Adams,FWD,Southampton,0.26326439552477127
35,237,Sam Greenwood,FWD,Leeds,0.26326439552477127
35,750,Charlie Robinson,DEF,Fulham,0.2210818910462079
35,203,Nathaniel Chalobah,MID,Fulham,0.20421103897348705
35,501,Nathaniel Phillips,DEF,Liverpool,0.2210818910462079
35,393,Loïc Mbe Soh,DEF,Nott'm Forest,0.2210818910462079
35,743,Diogo Pinheiro Monteiro,DEF,Leeds,0.2210818910462079
35,102,Jason Steele,GK,Brighton,0.08531563522049046
35,660,Shola Shoretire,FWD,Man Utd,0.26326439552477127
35,209,Tosin Adarabioyo,DEF,Fulham,0.2210818910462079
35,325,Kalvin Phillips,MID,Man City,0.20421103897348705
35,383,Carlos Ribeiro Dias,MID,Nott'm Forest,0.20421103897348705
35,213,Marek Rodák,GK,Fulham,0.08531563522049046
35,359,Ryan Fraser,MID,Newcastle,0.20421103897348705
35,702,Andrey Nascimento dos Santos,MID,Chelsea,0.20421103897348705
35,270,Luke Thomas,DEF,Leicester,0.2210818910462079
35,353,Karl Darlow,GK,Newcastle,0.08531563522049046
35,315,Rodrigo Hernandez,MID,Man City,0.20421103897348705
35,326,Cristiano Ronaldo dos Santos Aveiro,FWD,Man Utd,0.26326439552477127
35,426,Fraser Forster,GK,Spurs,0.08531563522049046
35,278,Alex Oxlade-Chamberlain,MID,Liverpool,0.20421103897348705
35,630,Ethan Nwaneri,MID,Arsenal,0.20421103897348705
35,305,Jack Grealish,MID,Man City,0.20421103897348705
35,317,James McAtee,MID,Man City,0.20421103897348705
35,415,Will Smallbone,MID,Southampton,0.20421103897348705
35,641,Martial Godo,MID,Fulham,0.20421103897348705
35,354,Chris Wood,FWD,Nott'm Forest,0.26326439552477127
35,571,Darren Randolph,GK,Bournemouth,0.08531563522049046
35,479,Leander Dendoncker,MID,Aston Villa,0.20421103897348705
35,729,Keylor Navas,GK,Nott'm Forest,0.08531563522049046
35,183,Allan Marques Loureiro,MID,Everton,0.20421103897348705
35,290,Ibrahima Konaté,DEF,Liverpool,0.2210818910462079
35,210,Aleksandar Mitrović,FWD,Fulham,0.26326439552477127
35,519,Christian Eriksen,MID,Man Utd,0.20421103897348705
35,373,Joe Willock,MID,Newcastle,0.20421103897348705
35,494,Yerson Mosquera Valdelamar,DEF,Wolves,0.2210818910462079
35,321,Roméo Lavia,MID,Southampton,0.20421103897348705
35,686,Ellis Simms,FWD,Everton,0.26326439552477127
35,84,Kristoffer Ajer,DEF,Brentford,0.2210818910462079
35,585,Emmanuel Dennis,FWD,Nott'm Forest,0.26326439552477127
35,681,Gustavo Henrique Furtado Scarpa,MID,Nott'm Forest,0.20421103897348705
35,163,Will Hughes,MID,Crystal Palace,0.20421103897348705
35,512,Joe Ayodele-Aribo,MID,Southampton,0.20421103897348705
35,536,Orel Mangala,MID,Nott'm Forest,0.20421103897348705
35,496,Luke Plange,FWD,Crystal Palace,0.26326439552477127
35,443,Cristian Romero,DEF,Spurs,0.2210818910462079
35,233,Jack Harrison,MID,Leeds,0.20421103897348705
35,575,Maxwel Cornet,MID,West Ham,0.20421103897348705
35,508,Luis Sinisterra Lucumí,MID,Leeds,0.20421103897348705
35,157,Nathaniel Clyne,DEF,Crystal Palace,0.2210818910462079
35,405,Stuart Armstrong,MID,Southampton,0.20421103897348705
35,402,Oriol Romeu Vidal,MID,Southampton,0.20421103897348705
35,229,Tyler Roberts,MID,Leeds,0.20421103897348705
35,638,Lamare Bogarde,DEF,Aston Villa,0.2210818910462079
35,555,Harrison Ashby,DEF,Newcastle,0.2210818910462079
35,273,Lewis Brunt,DEF,Leicester,0.2210818910462079
35,350,Matt Ritchie,DEF,Newcastle,0.2210818910462079
35,253,Jannik Vestergaard,DEF,Leicester,0.2210818910462079
35,118,Enock Mwepu,MID,Brighton,0.20421103897348705
35,141,Trevoh Chalobah,DEF,Chelsea,0.2210818910462079
35,530,Chris Richards,DEF,Crystal Palace,0.2210818910462079
35,649,Cameron Plain,GK,Bournemouth,0.08531563522049046
35,288,Diogo Teixeira da Silva,FWD,Liverpool,0.26326439552477127
35,755,Travis Patterson,MID,Aston Villa,0.20421103897348705
35,355,Martin Dubravka,GK,Newcastle,0.08531563522049046
35,225,Rodrigo Moreno,MID,Leeds,0.20421103897348705
35,737,Ben Greenwood,DEF,Bournemouth,0.2210818910462079
35,490,Francisco Jorge Tomás Oliveira,MID,Wolves,0.20421103897348705
35,420,Mohammed Salisu,DEF,Southampton,0.2210818910462079
35,331,Frederico Rodrigues de Paula Santos,MID,Man Utd,0.20421103897348705
35,117,Jakub Moder,MID,Brighton,0.20421103897348705
35,603,Lucas Tolentino Coelho de Lima,MID,West Ham,0.20421103897348705
35,168,Jean-Philippe Mateta,FWD,Crystal Palace,0.26326439552477127
35,177,Salomón Rondón,FWD,Everton,0.26326439552477127
35,221,Liam Cooper,DEF,Leeds,0.2210818910462079
35,665,Ben Doak,MID,Liverpool,0.20421103897348705
35,594,Alexander Isak,FWD,Newcastle,0.26326439552477127
35,713,Arnaut Danjuma,MID,Spurs,0.20421103897348705
35,318,Erling Haaland,FWD,Man City,0.26326439552477127
35,745,Oliwier Zych,GK,Aston Villa,0.08531563522049046
35,706,Euan Pollock,FWD,Bournemouth,0.26326439552477127
35,726,Sasa Lukic,MID,Fulham,0.20421103897348705
35,67,Lewis Cook,MID,Bournemouth,0.20421103897348705
35,495,Remi Matthews,GK,Crystal Palace,0.08531563522049046
35,314,Phil Foden,MID,Man City,0.20421103897348705
35,676,David Ozoh,MID,Crystal Palace,0.20421103897348705
35,622,Juan Larios López,DEF,Southampton,0.2210818910462079
35,298,Calvin Ramsay,DEF,Liverpool,0.2210818910462079
35,650,Yegor Yarmolyuk,MID,Brentford,0.20421103897348705
35,703,Danilo dos Santos de Oliveira,MID,Nott'm Forest,0.20421103897348705
35,379,Steve Cook,DEF,Nott'm Forest,0.2210818910462079
35,250,Ryan Bertrand,DEF,Leicester,0.2210818910462079
35,692,Mislav Orsic,MID,Southampton,0.20421103897348705
35,528,Sékou Mara,FWD,Southampton,0.26326439552477127
35,338,Scott McTominay,MID,Man Utd,0.20421103897348705
35,390,Xande Nascimento da Costa Silva,MID,Nott'm Forest,0.20421103897348705
35,398,Dean Henderson,GK,Nott'm Forest,0.08531563522049046
35,65,Jack Stacey,DEF,Bournemouth,0.2210818910462079
35,192,Mason Holgate,DEF,Everton,0.2210818910462079
35,115,Steven Alzate,MID,Brighton,0.20421103897348705
35,223,Mateusz Klich,MID,Leeds,0.20421103897348705
35,671,Jimmy Morgan,FWD,Southampton,0.26326439552477127
35,423,Armel Bella-Kotchap,DEF,Southampton,0.2210818910462079
35,21,Ainsley Maitland-Niles,MID,Southampton,0.20421103897348705
35,274,James Milner,MID,Liverpool,0.20421103897348705
35,515,Keane Lewis-Potter,MID,Brentford,0.20421103897348705
35,301,Kevin De Bruyne,MID,Man City,0.20421103897348705
35,500,Sepp van den Berg,DEF,Liverpool,0.2210818910462079
35,242,Joe Gelhardt,FWD,Leeds,0.26326439552477127
35,50,Diego Carlos Santos Silva,DEF,Aston Villa,0.2210818910462079
35,763,Matthew Dibley-Dias,MID,Fulham,0.20421103897348705
35,431,Lucas Rodrigues Moura da Silva,MID,Spurs,0.20421103897348705
35,526,Ben Mee,DEF,Brentford,0.2210818910462079
35,659,Mateo Joseph Fernández,FWD,Leeds,0.26326439552477127
35,687,Kasey McAteer,MID,Leicester,0.20421103897348705
35,27,Marcus Oliveira Alencar,MID,Arsenal,0.20421103897348705
35,718,Matías Viña,DEF,Bournemouth,0.2210818910462079
35,231,Daniel James,MID,Fulham,0.20421103897348705
35,690,João Félix Sequeira,FWD,Chelsea,0.26326439552477127
35,306,João Cancelo,DEF,Man City,0.2210818910462079
35,333,Bruno Borges Fernandes,MID,Man Utd,0.20421103897348705
35,506,Tyler Adams,MID,Leeds,0.20421103897348705
35,352,Ciaran Clark,DEF,Newcastle,0.2210818910462079
35,598,Owen Bevan,DEF,Bournemouth,0.2210818910462079
35,72,Mark Travers,GK,Bournemouth,0.08531563522049046
35,76,Jordan Zemura,DEF,Bournemouth,0.2210818910462079
35,5,Rob Holding,DEF,Arsenal,0.2210818910462079
35,80,Ivan Toney,FWD,Brentford,0.26326439552477127
35,78,Pontus Jansson,DEF,Brentford,0.2210818910462079
35,41,Marvelous Nakamba,MID,Aston Villa,0.20421103897348705
35,252,Nampalys Mendy,MID,Leicester,0.20421103897348705
35,25,Fábio Ferreira Vieira,MID,Arsenal,0.20421103897348705
35,633,Matthew Cox,GK,Brentford,0.08531563522049046
35,666,Dale Taylor,FWD,Nott'm Forest,0.26326439552477127
35,59,Ryan Fredericks,DEF,Bournemouth,0.2210818910462079
35,560,Stanley Mills,MID,Everton,0.20421103897348705
35,583,Cheikhou Kouyaté,MID,Nott'm Forest,0.20421103897348705
35,461,Kurt Zouma,DEF,West Ham,0.2210818910462079
35,320,Luke Mbete-Tabu,DEF,Man City,0.2210818910462079
35,572,Armstrong Oko-Flex,MID,West Ham,0.20421103897348705
35,397,Taiwo Awoniyi,FWD,Nott'm Forest,0.26326439552477127
35,434,Harry Winks,MID,Spurs,0.20421103897348705
35,559,Levi Colwill,DEF,Brighton,0.2210818910462079
35,642,Kofi Balmer,DEF,Crystal Palace,0.2210818910462079
35,256,Ricardo Barbosa Pereira,DEF,Leicester,0.2210818910462079
35,418,Moussa Djenepo,MID,Southampton,0.20421103897348705
35,493,Morgan Gibbs-White,MID,Nott'm Forest,0.20421103897348705
35,99,Mads Bidstrup,MID,Brentford,0.20421103897348705
35,621,Loïc Badé,DEF,Nott'm Forest,0.2210818910462079
35,69,Ryan Christie,MID,Bournemouth,0.20421103897348705
35,586,Pervis Estupiñán,DEF,Brighton,0.2210818910462079
35,48,Carney Chukwuemeka,MID,Chelsea,0.20421103897348705
35,43,Matty Cash,DEF,Aston Villa,0.2210818910462079
35,311,Bernardo Veiga de Carvalho e Silva,MID,Man City,0.20421103897348705
35,363,Javier Manquillo Gaitán,DEF,Newcastle,0.2210818910462079
35,34,Bertrand Traoré,MID,Aston Villa,0.20421103897348705
35,584,Bobby Clark,MID,Liverpool,0.20421103897348705
35,329,Raphaël Varane,DEF,Man Utd,0.2210818910462079
35,735,Wanya Marçal-Madivadua,MID,Leicester,0.20421103897348705
35,547,Cody Drameh,DEF,Leeds,0.2210818910462079
35,194,Vitalii Mykolenko,DEF,Everton,0.2210818910462079
35,299,Kyle Walker,DEF,Man City,0.2210818910462079
35,502,Scott Carson,GK,Man City,0.08531563522049046
35,66,Dominic Solanke,FWD,Bournemouth,0.26326439552477127
35,86,Vitaly Janelt,MID,Brentford,0.20421103897348705
35,113,Robert Sánchez,GK,Brighton,0.08531563522049046
35,147,Edouard Mendy,GK,Chelsea,0.08531563522049046
35,222,Luke Ayling,DEF,Leeds,0.2210818910462079
35,761,Tommi O'Reilly,MID,Aston Villa,0.20421103897348705
35,339,Eric Bailly,DEF,Man Utd,0.2210818910462079
35,558,Hugo Bueno López,DEF,Wolves,0.2210818910462079
35,561,Lewis Warrington,MID,Everton,0.20421103897348705
35,433,Pierre-Emile Højbjerg,MID,Spurs,0.20421103897348705
35,601,Kaden Rodney,MID,Crystal Palace,0.20421103897348705
35,172,Jesurun Rak-Sakyi,MID,Crystal Palace,0.20421103897348705
35,164,Jairo Riedewald,MID,Crystal Palace,0.20421103897348705
35,467,Declan Rice,MID,West Ham,0.20421103897348705
35,257,Daniel Amartey,DEF,Leicester,0.2210818910462079
35,731,Kamaldeen Sulemana,MID,Southampton,0.20421103897348705
35,195,Anthony Gordon,MID,Newcastle,0.20421103897348705
35,81,David Raya Martin,GK,Brentford,0.08531563522049046
35,447,Dane Scarlett,FWD,Spurs,0.26326439552477127
35,510,Aaron Hickey,DEF,Brentford,0.2210818910462079
35,721,João Victor Gomes da Silva,MID,Wolves,0.20421103897348705
35,531,Rúben Nascimento Vinagre,DEF,Everton,0.2210818910462079
35,639,Sammy Braybrooke,MID,Leicester,0.20421103897348705
35,107,Solly March,MID,Brighton,0.20421103897348705
35,691,Maximilian Wöber,DEF,Leeds,0.2210818910462079
35,361,Dwight Gayle,FWD,Newcastle,0.26326439552477127
35,246,Brenden Aaronson,MID,Leeds,0.20421103897348705
35,254,Danny Ward,GK,Leicester,0.08531563522049046
35,165,Joachim Andersen,DEF,Crystal Palace,0.2210818910462079
35,542,Kjell Scherpen,GK,Brighton,0.08531563522049046
35,404,Jack Stephens,DEF,Bournemouth,0.2210818910462079
35,154,James McArthur,MID,Crystal Palace,0.20421103897348705
35,265,Wilfred Ndidi,MID,Leicester,0.20421103897348705
35,307,Ederson Santana de Moraes,GK,Man City,0.08531563522049046
35,456,Angelo Ogbonna,DEF,West Ham,0.2210818910462079
35,465,Jarrod Bowen,MID,West Ham,0.20421103897348705
35,492,Matija Šarkić,GK,Wolves,0.08531563522049046
35,708,Noni Madueke,MID,Chelsea,0.20421103897348705
35,143,Malang Sarr,DEF,Chelsea,0.2210818910462079
35,202,Anthony Knockaert,MID,Fulham,0.20421103897348705
35,647,Lewis Payne,MID,Southampton,0.20421103897348705
35,442,Joe Rodon,DEF,Spurs,0.2210818910462079
35,345,Anthony Martial,FWD,Man Utd,0.26326439552477127
35,499,Ben Davies,DEF,Liverpool,0.2210818910462079
35,410,Jan Bednarek,DEF,Southampton,0.2210818910462079
35,95,Bryan Mbeumo,FWD,Brentford,0.26326439552477127
35,287,Naby Keita,MID,Liverpool,0.20421103897348705
35,565,Archie Gray,MID,Leeds,0.20421103897348705
35,577,Amadou Onana,MID,Everton,0.20421103897348705
35,651,Andrew Moran,MID,Brighton,0.20421103897348705
35,550,Amad Diallo,MID,Man Utd,0.20421103897348705
35,739,Joseph Anang,GK,West Ham,0.08531563522049046
35,149,Billy Gilmour,MID,Brighton,0.20421103897348705
35,335,Marcus Rashford,MID,Man Utd,0.20421103897348705
35,694,Alexandre Moreno Lopera,DEF,Aston Villa,0.2210818910462079
35,319,Julián Álvarez,FWD,Man City,0.26326439552477127
35,421,Mateusz Lis,GK,Southampton,0.08531563522049046
35,14,Takehiro Tomiyasu,DEF,Arsenal,0.2210818910462079
35,364,Emil Krafth,DEF,Newcastle,0.2210818910462079
35,302,John Stones,DEF,Man City,0.2210818910462079
35,33,Lucas Digne,DEF,Aston Villa,0.2210818910462079
35,94,Shandon Baptiste,MID,Brentford,0.20421103897348705
35,308,Nathan Aké,DEF,Man City,0.2210818910462079
35,13,Bukayo Saka,MID,Arsenal,0.20421103897348705
35,73,Lloyd Kelly,DEF,Bournemouth,0.2210818910462079
35,720,Weston McKennie,MID,Leeds,0.20421103897348705
35,653,Omari Hutchinson,MID,Chelsea,0.20421103897348705
35,285,Trent Alexander-Arnold,DEF,Liverpool,0.2210818910462079
35,266,Kiernan Dewsbury-Hall,MID,Leicester,0.20421103897348705
35,283,Mohamed Salah,MID,Liverpool,0.20421103897348705
35,131,Ross Barkley,MID,Chelsea,0.20421103897348705
35,6,Thomas Partey,MID,Arsenal,0.20421103897348705
35,693,Carlos Alcaraz,MID,Southampton,0.20421103897348705
35,422,Gavin Bazunu,GK,Southampton,0.08531563522049046
35,581,Alex Smithies,GK,Leicester,0.08531563522049046
35,54,Cameron Archer,FWD,Aston Villa,0.26326439552477127
35,595,Mathias Jorgensen,DEF,Brentford,0.2210818910462079
35,184,André Tavares Gomes,MID,Everton,0.20421103897348705
35,413,Lyanco Silveira Neves Vojnovic,DEF,Southampton,0.2210818910462079
35,517,Thomas Strakosha,GK,Brentford,0.08531563522049046
35,675,Jordan Smith,GK,Nott'm Forest,0.08531563522049046
35,661,Lewis Hall,MID,Chelsea,0.20421103897348705
35,655,Karl Hein,GK,Arsenal,0.08531563522049046
35,139,Ben Chilwell,DEF,Chelsea,0.2210818910462079
35,106,Lewis Dunk,DEF,Brighton,0.2210818910462079
35,452,Alfie Devine,MID,Spurs,0.20421103897348705
35,399,Giulian Biancone,DEF,Nott'm Forest,0.2210818910462079
35,549,Dennis Praet,MID,Leicester,0.20421103897348705
35,612,Wout Faes,DEF,Leicester,0.2210818910462079
35,698,Mario Lemina,MID,Wolves,0.20421103897348705
35,26,William Saliba,DEF,Arsenal,0.2210818910462079
35,122,Haydon Roberts,DEF,Brighton,0.2210818910462079
35,710,Jakub Kiwior,DEF,Arsenal,0.2210818910462079
35,658,Harvey Griffiths,MID,Wolves,0.20421103897348705
35,760,Andy Lonergan,GK,Everton,0.08531563522049046
35,459,Craig Dawson,DEF,Wolves,0.2210818910462079
35,554,Bryan Gil Salvatierra,MID,Spurs,0.20421103897348705
35,614,Willian Borges da Silva,MID,Fulham,0.20421103897348705
35,42,Emiliano Buendía Stati,MID,Aston Villa,0.20421103897348705
35,174,Nathan Ferguson,DEF,Crystal Palace,0.2210818910462079
35,428,Son Heung-min,MID,Spurs,0.20421103897348705
35,15,Aaron Ramsdale,GK,Arsenal,0.08531563522049046
35,170,Tyrick Mitchell,DEF,Crystal Palace,0.2210818910462079
35,640,Ed Turns,DEF,Brighton,0.2210818910462079
35,484,Max Kilman,DEF,Wolves,0.2210818910462079
35,323,Liam Delap,FWD,Man City,0.26326439552477127
35,534,Dwight McNeil,MID,Everton,0.20421103897348705
35,592,Harvey Davies,GK,Liverpool,0.08531563522049046
35,727,Harry Souttar,DEF,Leicester,0.2210818910462079
35,664,Dexter Lembikisa,DEF,Wolves,0.2210818910462079
35,134,N'Golo Kanté,MID,Chelsea,0.20421103897348705
35,719,Yasin Ayari,MID,Brighton,0.20421103897348705
35,523,Harry Toffolo,DEF,Nott'm Forest,0.2210818910462079
35,64,Jefferson Lerma Solís,MID,Bournemouth,0.20421103897348705
35,635,Marcus Bettinelli,GK,Chelsea,0.08531563522049046
35,44,Ezri Konsa Ngoyo,DEF,Aston Villa,0.2210818910462079
35,689,Benoît Badiashile,DEF,Chelsea,0.2210818910462079
35,71,Chris Mepham,DEF,Bournemouth,0.2210818910462079
35,616,Denis Zakaria,MID,Chelsea,0.20421103897348705
35,424,Willy Caballero,GK,Southampton,0.08531563522049046
35,395,Alex Mighten,MID,Nott'm Forest,0.20421103897348705
35,52,Keinan Davis,FWD,Aston Villa,0.26326439552477127
35,35,Robin Olsen,GK,Aston Villa,0.08531563522049046
35,83,Josh Dasilva,MID,Brentford,0.20421103897348705
35,279,Roberto Firmino,FWD,Liverpool,0.26326439552477127
35,277,Thiago Alcántara do Nascimento,MID,Liverpool,0.20421103897348705
35,673,Bashir Humphreys,DEF,Chelsea,0.2210818910462079
35,220,João Palhinha Gonçalves,MID,Fulham,0.20421103897348705
35,543,Matt Clarke,DEF,Brighton,0.2210818910462079
35,357,Kieran Trippier,DEF,Newcastle,0.2210818910462079
35,507,Moussa Niakhaté,DEF,Nott'm Forest,0.2210818910462079
35,2,Bernd Leno,GK,Fulham,0.08531563522049046
35,409,Kyle Walker-Peters,DEF,Southampton,0.2210818910462079
35,505,Joe Rothwell,MID,Bournemouth,0.20421103897348705
35,17,Nuno Varela Tavares,DEF,Arsenal,0.2210818910462079
35,548,Daniel Iversen,GK,Leicester,0.08531563522049046
35,437,Steven Bergwijn,MID,Spurs,0.20421103897348705
35,87,Saman Ghoddos,MID,Brentford,0.20421103897348705
35,620,Arthur Henrique Ramos de Oliveira Melo,MID,Liverpool,0.20421103897348705
35,567,Connor Ronan,MID,Wolves,0.20421103897348705
35,309,Aymeric Laporte,DEF,Man City,0.2210818910462079
35,609,Antony Matheus dos Santos,MID,Man Utd,0.20421103897348705
35,371,Joelinton Cássio Apolinário de Lira,MID,Newcastle,0.20421103897348705
35,566,Joseph Hodge,MID,Wolves,0.20421103897348705
35,186,Alex Iwobi,MID,Everton,0.20421103897348705
35,224,Adam Forshaw,MID,Leeds,0.20421103897348705
35,68,Ben Pearson,MID,Bournemouth,0.20421103897348705
35,276,Joel Matip,DEF,Liverpool,0.2210818910462079
35,695,Daniel Adu-Adjei,FWD,Bournemouth,0.26326439552477127
35,377,Sven Botman,DEF,Newcastle,0.2210818910462079
35,464,Saïd Benrahma,MID,West Ham,0.20421103897348705
35,282,Fabio Henrique Tavares,MID,Liverpool,0.20421103897348705
35,709,Victor Kristiansen,DEF,Leicester,0.2210818910462079
35,758,George Abbott,MID,Spurs,0.20421103897348705
35,135,Hakim Ziyech,MID,Chelsea,0.20421103897348705
35,138,Robert Kenedy Nunes do Nascimento,DEF,Chelsea,0.2210818910462079
35,474,Willy Boly,DEF,Nott'm Forest,0.2210818910462079
35,468,Tomas Soucek,MID,West Ham,0.20421103897348705
35,243,Leo Fuhr Hjelde,DEF,Leeds,0.2210818910462079
35,90,Mads Roerslev Rasmussen,DEF,Brentford,0.2210818910462079
35,732,Paul Onuachu,FWD,Southampton,0.26326439552477127
35,606,Harvey Vale,MID,Chelsea,0.20421103897348705
35,160,Wilfried Zaha,MID,Crystal Palace,0.20421103897348705
35,370,Sean Longstaff,MID,Newcastle,0.20421103897348705
35,672,Kadan Young,MID,Aston Villa,0.20421103897348705
35,91,Mads Bech Sørensen,DEF,Brentford,0.2210818910462079
35,190,Tom Davies,MID,Everton,0.20421103897348705
35,3,Granit Xhaka,MID,Arsenal,0.20421103897348705
35,656,Nathan Bishop,GK,Man Utd,0.08531563522049046
35,533,Lisandro Martínez,DEF,Man Utd,0.2210818910462079
35,744,Sil Swinkels,DEF,Aston Villa,0.2210818910462079
35,450,Pape Matar Sarr,MID,Spurs,0.20421103897348705
35,239,Junior Firpo Adames,DEF,Leeds,0.2210818910462079
35,264,Harvey Barnes,MID,Leicester,0.20421103897348705
35,611,Idrissa Gueye,MID,Everton,0.20421103897348705
35,458,Michail Antonio,FWD,West Ham,0.26326439552477127
35,406,Mohamed Elyounoussi,MID,Southampton,0.20421103897348705
35,93,Frank Onyeka,MID,Brentford,0.20421103897348705
35,551,Zidane Iqbal,MID,Man Utd,0.20421103897348705
35,198,Niels Nkounkou,DEF,Everton,0.2210818910462079
35,440,Rodrigo Bentancur,MID,Spurs,0.20421103897348705
35,142,Mason Mount,MID,Chelsea,0.20421103897348705
35,472,Nayef Aguerd,DEF,West Ham,0.2210818910462079
35,562,Manor Solomon,MID,Fulham,0.20421103897348705
35,476,Raúl Jiménez,FWD,Wolves,0.26326439552477127
35,563,Luke Chambers,DEF,Liverpool,0.2210818910462079
35,715,Mateus Cardoso Lemos Martins,MID,Leicester,0.20421103897348705
35,145,Kai Havertz,FWD,Chelsea,0.26326439552477127
35,416,Ibrahima Diallo,MID,Southampton,0.20421103897348705
35,408,Adam Armstrong,FWD,Southampton,0.26326439552477127
35,388,Joe Worrall,DEF,Nott'm Forest,0.2210818910462079
35,103,Danny Welbeck,FWD,Brighton,0.26326439552477127
35,130,Jorge Luiz Frello Filho,MID,Arsenal,0.20421103897348705
35,137,Timo Werner,FWD,Chelsea,0.26326439552477127
35,613,Layvin Kurzawa,DEF,Fulham,0.2210818910462079
35,518,Wayne Hennessey,GK,Nott'm Forest,0.08531563522049046
35,700,Georginio Rutter,FWD,Leeds,0.26326439552477127
35,346,Andreas Hoelgebaum Pereira,MID,Fulham,0.20421103897348705
35,312,Rúben Gato Alves Dias,DEF,Man City,0.2210818910462079
35,667,Kristian Sekularac,MID,Fulham,0.20421103897348705
35,100,Ellery Balcombe,GK,Brentford,0.08531563522049046
35,187,Jean-Philippe Gbamin,MID,Everton,0.20421103897348705
35,313,Oleksandr Zinchenko,DEF,Arsenal,0.2210818910462079
35,605,Reece Welch,DEF,Everton,0.2210818910462079
35,445,Emerson Leite de Souza Junior,DEF,Spurs,0.2210818910462079
35,483,Daniel Castelo Podence,MID,Wolves,0.20421103897348705
35,171,Michael Olise,MID,Crystal Palace,0.20421103897348705
35,392,Richie Laryea,DEF,Nott'm Forest,0.2210818910462079
35,112,Marc Cucurella Saseta,DEF,Chelsea,0.2210818910462079
35,234,Jamie Shackleton,MID,Leeds,0.20421103897348705
35,40,Ollie Watkins,FWD,Aston Villa,0.26326439552477127
35,539,James Hill,DEF,Bournemouth,0.2210818910462079
35,57,Adam Smith,DEF,Bournemouth,0.2210818910462079
35,604,Killian Phillips,MID,Crystal Palace,0.20421103897348705
35,310,Zack Steffen,GK,Man City,0.08531563522049046
35,111,Leandro Trossard,MID,Arsenal,0.20421103897348705
35,471,Ben Johnson,DEF,West Ham,0.2210818910462079
35,207,Paulo Gazzaniga Farias,GK,Fulham,0.08531563522049046
35,740,Krisztián Hegyi,GK,West Ham,0.08531563522049046
35,527,Jesse Lingard,MID,Nott'm Forest,0.20421103897348705
35,197,Nathan Patterson,DEF,Everton,0.2210818910462079
35,365,Jacob Murphy,MID,Newcastle,0.20421103897348705
35,391,Sam Surridge,FWD,Nott'm Forest,0.26326439552477127
35,255,Jamie Vardy,FWD,Leicester,0.26326439552477127
35,10,Benjamin White,DEF,Arsenal,0.2210818910462079
35,292,Konstantinos Tsimikas,DEF,Liverpool,0.2210818910462079
35,599,Claudio Gomes,MID,Man City,0.20421103897348705
35,153,James Tomkins,DEF,Crystal Palace,0.2210818910462079
35,714,Antoine Semenyo,FWD,Bournemouth,0.26326439552477127
35,4,Mohamed Elneny,MID,Arsenal,0.20421103897348705
35,557,Jackson Smith,GK,Wolves,0.08531563522049046
35,47,Jacob Ramsey,MID,Aston Villa,0.20421103897348705
35,360,Jamaal Lascelles,DEF,Newcastle,0.2210818910462079
35,396,Braian Ojeda Rodríguez,MID,Nott'm Forest,0.20421103897348705
35,368,Allan Saint-Maximin,MID,Newcastle,0.20421103897348705
35,62,Kieffer Moore,FWD,Bournemouth,0.26326439552477127
35,707,Viljami Sinisalo,GK,Aston Villa,0.08531563522049046
35,696,Michael Dacosta Gonzalez,MID,Bournemouth,0.20421103897348705
35,124,Kaoru Mitoma,MID,Brighton,0.20421103897348705
35,509,Flynn Downes,MID,West Ham,0.20421103897348705
35,574,Norberto Murara Neto,GK,Bournemouth,0.08531563522049046
35,626,Loris Karius,GK,Newcastle,0.08531563522049046
35,486,Pedro Lomba Neto,MID,Wolves,0.20421103897348705
35,470,Issa Diop,DEF,Fulham,0.2210818910462079
35,597,Christian Saydee,FWD,Bournemouth,0.26326439552477127
35,12,Emile Smith Rowe,MID,Arsenal,0.20421103897348705
35,746,Kaelan Casey,DEF,West Ham,0.2210818910462079
35,85,Rico Henry,DEF,Brentford,0.2210818910462079
35,24,Matt Turner,GK,Arsenal,0.08531563522049046
35,212,Harry Wilson,MID,Fulham,0.20421103897348705
35,541,Halil Dervişoğlu,FWD,Brentford,0.26326439552477127
35,201,Tim Ream,DEF,Fulham,0.2210818910462079
35,82,Sergi Canós Tenés,DEF,Brentford,0.2210818910462079
35,156,Joel Ward,DEF,Crystal Palace,0.2210818910462079
35,481,Hwang Hee-chan,MID,Wolves,0.20421103897348705
35,196,Jarrad Branthwaite,DEF,Everton,0.2210818910462079
35,688,Kevin Schade,MID,Brentford,0.20421103897348705
35,588,Thilo Kehrer,DEF,West Ham,0.2210818910462079
35,294,Harvey Elliott,MID,Liverpool,0.20421103897348705
35,230,Robin Koch,DEF,Leeds,0.2210818910462079
35,263,Hamza Choudhury,MID,Leicester,0.20421103897348705
35,262,Kelechi Iheanacho,FWD,Leicester,0.26326439552477127
35,663,Sonny Perkins,FWD,Leeds,0.26326439552477127
35,414,Yan Valery,DEF,Southampton,0.2210818910462079
35,487,Rayan Aït-Nouri,DEF,Wolves,0.2210818910462079
35,568,Chem Campbell,MID,Wolves,0.20421103897348705
35,328,Phil Jones,DEF,Man Utd,0.2210818910462079
35,180,Michael Keane,DEF,Everton,0.2210818910462079
35,632,Ryan Trevitt,MID,Brentford,0.20421103897348705
35,63,Emiliano Marcondes,MID,Bournemouth,0.20421103897348705
35,269,Boubakary Soumaré,MID,Leicester,0.20421103897348705
35,716,James Bree,DEF,Southampton,0.2210818910462079
35,133,Kepa Arrizabalaga,GK,Chelsea,0.08531563522049046
35,384,Joe Lolley,MID,Nott'm Forest,0.20421103897348705
35,89,Yoane Wissa,MID,Brentford,0.20421103897348705
35,654,Jack Wells-Morrison,MID,Crystal Palace,0.20421103897348705
35,378,Harry Arter,MID,Nott'm Forest,0.20421103897348705
35,247,Darko Gyabi,MID,Leeds,0.20421103897348705
35,617,Pierre-Emerick Aubameyang,FWD,Chelsea,0.26326439552477127
35,460,Manuel Lanzini,MID,West Ham,0.20421103897348705
35,260,Ayoze Pérez,MID,Leicester,0.20421103897348705
35,175,Sam Johnstone,GK,Crystal Palace,0.08531563522049046
35,248,Kasper Schmeichel,GK,Leicester,0.08531563522049046
35,97,Marcus Forss,FWD,Brentford,0.26326439552477127
35,728,Marcel Sabitzer,MID,Man Utd,0.20421103897348705
35,108,Adam Webster,DEF,Brighton,0.2210818910462079
35,199,James Tarkowski,DEF,Everton,0.2210818910462079
35,564,Stefan Bajcetic,MID,Liverpool,0.20421103897348705
35,191,Dominic Calvert-Lewin,FWD,Everton,0.26326439552477127
35,489,Toti António Gomes,DEF,Wolves,0.2210818910462079
35,251,Marc Albrighton,MID,Leicester,0.20421103897348705
35,491,Adama Traoré Diarra,MID,Wolves,0.20421103897348705
35,206,Joe Bryan,DEF,Fulham,0.2210818910462079
35,429,Matt Doherty,DEF,Spurs,0.2210818910462079
35,101,Adam Lallana,MID,Brighton,0.20421103897348705
35,430,Eric Dier,DEF,Spurs,0.2210818910462079
35,136,Ruben Loftus-Cheek,MID,Chelsea,0.20421103897348705
35,110,Neal Maupay,FWD,Everton,0.26326439552477127
35,524,Lewis O'Brien,MID,Nott'm Forest,0.20421103897348705
35,19,Gabriel Martinelli Silva,MID,Arsenal,0.20421103897348705
35,439,Japhet Tanganga,DEF,Spurs,0.2210818910462079
35,96,Charlie Goode,DEF,Brentford,0.2210818910462079
35,596,Evan Ferguson,FWD,Brighton,0.26326439552477127
35,295,Neco Williams,DEF,Nott'm Forest,0.2210818910462079
35,37,John McGinn,MID,Aston Villa,0.20421103897348705
35,556,Conor Coventry,MID,West Ham,0.20421103897348705
35,322,Josh Wilson-Esbrand,DEF,Man City,0.2210818910462079
35,473,Alphonse Areola,GK,West Ham,0.08531563522049046
35,271,Patson Daka,FWD,Leicester,0.26326439552477127
35,128,Thiago Emiliano da Silva,DEF,Chelsea,0.2210818910462079
35,208,Terence Kongolo,DEF,Fulham,0.2210818910462079
35,185,Abdoulaye Doucouré,MID,Everton,0.20421103897348705
35,372,Jamal Lewis,DEF,Newcastle,0.2210818910462079
35,643,Kobbie Mainoo,MID,Man Utd,0.20421103897348705
35,521,Tyrese Francois,MID,Fulham,0.20421103897348705
35,238,Illan Meslier,GK,Leeds,0.08531563522049046
35,438,Sergio Reguilón,DEF,Spurs,0.2210818910462079
35,701,Wout Weghorst,FWD,Man Utd,0.26326439552477127
35,646,Tristan Crama,DEF,Brentford,0.2210818910462079
35,120,Moisés Caicedo Corozo,MID,Brighton,0.20421103897348705
35,762,Cameron Peupion,MID,Brighton,0.20421103897348705
35,511,Omar Richards,DEF,Nott'm Forest,0.2210818910462079
35,327,David De Gea Quintana,GK,Man Utd,0.08531563522049046
35,455,Lukasz Fabianski,GK,West Ham,0.08531563522049046
35,291,Curtis Jones,MID,Liverpool,0.20421103897348705
35,146,Reece James,DEF,Chelsea,0.2210818910462079
35,623,Duje Caleta-Car,DEF,Southampton,0.2210818910462079
35,216,Josh Onomah,MID,Fulham,0.20421103897348705
35,332,Luke Shaw,DEF,Man Utd,0.2210818910462079
35,669,Divin Mubama,FWD,West Ham,0.26326439552477127
35,591,Terry Ablade,FWD,Fulham,0.26326439552477127
35,258,Timothy Castagne,DEF,Leicester,0.2210818910462079
35,1,Cédric Alves Soares,DEF,Fulham,0.2210818910462079
35,18,Albert Sambi Lokonga,MID,Crystal Palace,0.20421103897348705
35,736,Odeluga Offiah,DEF,Brighton,0.2210818910462079
35,573,Rico Lewis,DEF,Man City,0.2210818910462079
35,697,Dominic Sadi,FWD,Bournemouth,0.26326439552477127
35,382,Brice Samba,GK,Nott'm Forest,0.08531563522049046
35,454,Richarlison de Andrade,FWD,Spurs,0.26326439552477127
35,176,Asmir Begović,GK,Everton,0.08531563522049046
35,525,Ludwig Augustinsson,DEF,Aston Villa,0.2210818910462079
35,215,Kenny Tete,DEF,Fulham,0.2210818910462079
35,356,Callum Wilson,FWD,Newcastle,0.26326439552477127
35,625,Diego Da Silva Costa,FWD,Wolves,0.26326439552477127
35,8,Kieran Tierney,DEF,Arsenal,0.2210818910462079
35,300,Ilkay Gündogan,MID,Man City,0.20421103897348705
35,227,Patrick Bamford,FWD,Leeds,0.26326439552477127
35,432,Ben Davies,DEF,Spurs,0.2210818910462079
35,475,Conor Coady,DEF,Everton,0.2210818910462079
35,9,Nicolas Pépé,MID,Arsenal,0.20421103897348705
35,39,Tyrone Mings,DEF,Aston Villa,0.2210818910462079
35,532,Kevin Mbabu,DEF,Fulham,0.2210818910462079
35,449,Harvey White,MID,Spurs,0.20421103897348705
35,478,José Malheiro de Sá,GK,Wolves,0.08531563522049046
35,189,Demarai Gray,MID,Everton,0.20421103897348705
35,204,Neeskens Kebano,MID,Fulham,0.20421103897348705
35,217,Antonee Robinson,DEF,Fulham,0.2210818910462079
35,341,Aaron Wan-Bissaka,DEF,Man Utd,0.2210818910462079
35,629,Boubacar Traoré,MID,Wolves,0.20421103897348705
35,98,Dominic Thompson,DEF,Brentford,0.2210818910462079
35,722,Illia Zabarnyi,DEF,Bournemouth,0.2210818910462079
35,570,James Garner,MID,Everton,0.20421103897348705
35,589,Matheus Luiz Nunes,MID,Wolves,0.20421103897348705
35,657,Nathan Fraser,FWD,Wolves,0.26326439552477127
35,182,Jordan Pickford,GK,Everton,0.08531563522049046
35,104,Pascal Groß,MID,Brighton,0.20421103897348705
35,121,Taylor Richards,MID,Brighton,0.20421103897348705
35,628,Serge Aurier,DEF,Nott'm Forest,0.2210818910462079
35,362,Paul Dummett,DEF,Newcastle,0.2210818910462079
35,610,Manuel Akanji,DEF,Man City,0.2210818910462079
35,578,Joel Robles,GK,Leeds,0.08531563522049046
35,22,Lucas Torreira di Pascua,MID,Arsenal,0.20421103897348705
35,480,Rúben da Silva Neves,MID,Wolves,0.20421103897348705
35,324,Stefan Ortega Moreno,GK,Man City,0.08531563522049046
35,31,Emiliano Martínez Romero,GK,Aston Villa,0.08531563522049046
35,754,Sebastian Revan,DEF,Aston Villa,0.2210818910462079
35,678,Isaac Price,MID,Everton,0.20421103897348705
35,74,Siriki Dembélé,MID,Bournemouth,0.20421103897348705
35,684,David Datro Fofana,FWD,Chelsea,0.26326439552477127
35,79,Christian Nørgaard,MID,Brentford,0.20421103897348705
35,462,Arthur Masuaku,DEF,West Ham,0.2210818910462079
35,704,Pablo Sarabia,MID,Wolves,0.20421103897348705
35,615,Matej Kovár,GK,Man Utd,0.08531563522049046
35,114,Tariq Lamptey,DEF,Brighton,0.2210818910462079
35,20,Pablo Marí Villar,DEF,Arsenal,0.2210818910462079
35,385,Scott McKenna,DEF,Nott'm Forest,0.2210818910462079
35,608,Sasa Kalajdzic,FWD,Wolves,0.26326439552477127
35,161,Jeffrey Schlupp,MID,Crystal Palace,0.20421103897348705
35,751,Reuell Walters,DEF,Arsenal,0.2210818910462079
35,348,Tom Heaton,GK,Man Utd,0.08531563522049046
35,699,Mykhailo Mudryk,MID,Chelsea,0.20421103897348705
35,546,Luke Harris,MID,Fulham,0.20421103897348705
35,723,Hamed Traorè,MID,Bournemouth,0.20421103897348705
35,46,Douglas Luiz Soares de Paulo,MID,Aston Villa,0.20421103897348705
35,498,Rhys Williams,DEF,Liverpool,0.2210818910462079
35,159,Jordan Ayew,MID,Crystal Palace,0.20421103897348705
35,351,Federico Fernández,DEF,Newcastle,0.2210818910462079
35,738,Max Kinsey-Wellings,DEF,Bournemouth,0.2210818910462079
35,457,Aaron Cresswell,DEF,West Ham,0.2210818910462079
35,730,Felipe Augusto de Almeida Monteiro,DEF,Nott'm Forest,0.2210818910462079
35,284,Andrew Robertson,DEF,Liverpool,0.2210818910462079
35,469,Pablo Fornals Malla,MID,West Ham,0.20421103897348705
35,129,Marcos Alonso,DEF,Chelsea,0.2210818910462079
35,712,Máximo Perrone,MID,Man City,0.20421103897348705
35,482,Nélson Cabral Semedo,DEF,Wolves,0.2210818910462079
35,427,Harry Kane,FWD,Spurs,0.26326439552477127
35,77,Will Dennis,GK,Bournemouth,0.08531563522049046
35,125,Julio Enciso,FWD,Brighton,0.26326439552477127
35,752,Michael Olakigbe,MID,Brentford,0.20421103897348705
35,28,Gabriel Fernando de Jesus,FWD,Arsenal,0.26326439552477127
35,38,Kortney Hause,DEF,Aston Villa,0.2210818910462079
35,193,Ben Godfrey,DEF,Everton,0.2210818910462079
35,705,Dango Ouattara,MID,Bournemouth,0.20421103897348705
35,219,Jay Stansfield,FWD,Fulham,0.26326439552477127
35,342,Diogo Dalot Teixeira,DEF,Man Utd,0.2210818910462079
35,343,Brandon Williams,DEF,Man Utd,0.2210818910462079
35,419,Tino Livramento,DEF,Southampton,0.2210818910462079
35,569,Alejandro Garnacho,MID,Man Utd,0.20421103897348705
35,634,John-Kymani Gordon,FWD,Crystal Palace,0.26326439552477127
35,386,Mohamed Dräger,DEF,Nott'm Forest,0.2210818910462079
35,749,George Shelvey,GK,Nott'm Forest,0.08531563522049046
35,680,Cody Gakpo,MID,Liverpool,0.20421103897348705
35,51,Anwar El Ghazi,MID,Aston Villa,0.20421103897348705
35,683,Garang Kuol,MID,Newcastle,0.20421103897348705
35,226,Stuart Dallas,DEF,Leeds,0.2210818910462079
35,167,Marc Guéhi,DEF,Crystal Palace,0.2210818910462079
35,232,Raphael Dias Belloli,MID,Leeds,0.20421103897348705
35,759,Marc Jurado Gomez,DEF,Man Utd,0.2210818910462079
35,637,Kyle John,DEF,Everton,0.2210818910462079
35,580,Mikkel Damsgaard,MID,Brentford,0.20421103897348705
35,679,Facundo Buonanotte,MID,Brighton,0.20421103897348705
35,29,Philippe Coutinho Correia,MID,Aston Villa,0.20421103897348705
35,522,Djed Spence,DEF,Spurs,0.2210818910462079
35,358,Dan Burn,DEF,Newcastle,0.2210818910462079
35,162,Jack Butland,GK,Man Utd,0.08531563522049046
35,132,Mateo Kovacic,MID,Chelsea,0.20421103897348705
35,685,Nathan Butler-Oyedeji,FWD,Arsenal,0.26326439552477127
35,181,Dele Alli,MID,Everton,0.20421103897348705
35,228,Diego Llorente,DEF,Leeds,0.2210818910462079
35,717,Daniel Bentley,GK,Wolves,0.08531563522049046
35,756,Tom McGill,GK,Brighton,0.08531563522049046
35,173,Malcolm Ebiowei,MID,Crystal Palace,0.20421103897348705
35,126,Kacper Kozłowski,MID,Brighton,0.20421103897348705
35,466,Nikola Vlasic,MID,West Ham,0.20421103897348705
35,644,Owen Goodman,GK,Crystal Palace,0.08531563522049046
35,627,Eldin Jakupovic,GK,Everton,0.08531563522049046
35,453,Troy Parrott,FWD,Spurs,0.26326439552477127
35,60,David Brooks,MID,Bournemouth,0.20421103897348705
35,444,Yves Bissouma,MID,Spurs,0.20421103897348705
35,289,Caoimhin Kelleher,GK,Liverpool,0.08531563522049046
35,636,Stefan Parkes,DEF,Fulham,0.2210818910462079
35,497,Adrián San Miguel del Castillo,GK,Liverpool,0.08531563522049046
35,148,Conor Gallagher,MID,Chelsea,0.20421103897348705
35,631,Lino Sousa,DEF,Arsenal,0.2210818910462079
35,520,Kalidou Koulibaly,DEF,Chelsea,0.2210818910462079
35,677,Jack Hinshelwood,MID,Brighton,0.20421103897348705
35,109,Joël Veltman,DEF,Brighton,0.2210818910462079
35,53,Boubacar Kamara,MID,Aston Villa,0.20421103897348705
35,151,Ethan Ampadu,DEF,Chelsea,0.2210818910462079
35,725,Naouirou Ahamada,MID,Crystal Palace,0.20421103897348705
35,537,Kaine Kesler Hayden,DEF,Aston Villa,0.2210818910462079
35,407,James Ward-Prowse,MID,Southampton,0.20421103897348705
35,36,Morgan Sanson,MID,Aston Villa,0.20421103897348705
35,240,Crysencio Summerville,MID,Leeds,0.20421103897348705
35,330,Harry Maguire,DEF,Man Utd,0.2210818910462079
35,741,Lewis Miley,MID,Newcastle,0.20421103897348705
35,336,Donny van de Beek,MID,Man Utd,0.20421103897348705
35,127,César Azpilicueta,DEF,Chelsea,0.2210818910462079
35,340,Jadon Sancho,MID,Man Utd,0.20421103897348705
35,504,Tyrell Malacia,DEF,Man Utd,0.2210818910462079
35,241,Lewis Bate,MID,Leeds,0.20421103897348705
35,286,Joseph Gomez,DEF,Liverpool,0.2210818910462079
35,88,Mathias Jensen,MID,Brentford,0.20421103897348705
35,412,Nathan Tella,MID,Southampton,0.20421103897348705
35,674,Rhys Bennett,DEF,Man Utd,0.2210818910462079
35,544,Jan Paul van Hecke,DEF,Brighton,0.2210818910462079
35,448,Ivan Perišić,DEF,Spurs,0.2210818910462079
35,11,Eddie Nketiah,FWD,Arsenal,0.26326439552477127
35,144,Callum Hudson-Odoi,MID,Chelsea,0.20421103897348705
35,488,Fabio Silva,FWD,Wolves,0.26326439552477127
35,280,Virgil van Dijk,DEF,Liverpool,0.2210818910462079
35,188,Yerry Mina,DEF,Everton,0.2210818910462079
35,55,Jaden Philogene-Bidace,MID,Aston Villa,0.20421103897348705
35,582,Remo Freuler,MID,Nott'm Forest,0.20421103897348705
35,375,Jeff Hendrick,MID,Newcastle,0.20421103897348705
35,446,Dejan Kulusevski,MID,Spurs,0.20421103897348705
35,45,Leon Bailey,MID,Aston Villa,0.20421103897348705
35,261,James Maddison,MID,Leicester,0.20421103897348705
35,590,Joseph Whitworth,GK,Crystal Palace,0.08531563522049046
35,316,Cole Palmer,MID,Man City,0.20421103897348705
35,435,Davinson Sánchez,DEF,Spurs,0.2210818910462079
35,304,Raheem Sterling,MID,Chelsea,0.20421103897348705
35,275,Jordan Henderson,MID,Liverpool,0.20421103897348705
35,516,Nathan Collins,DEF,Wolves,0.2210818910462079
35,140,Christian Pulisic,MID,Chelsea,0.20421103897348705
35,75,Jaidon Anthony,MID,Bournemouth,0.20421103897348705
35,235,Pascal Struijk,DEF,Leeds,0.2210818910462079
35,367,Matt Targett,DEF,Newcastle,0.2210818910462079
35,748,Romaine Mundle,MID,Spurs,0.20421103897348705
35,401,Alex McCarthy,GK,Southampton,0.08531563522049046
35,600,Ben Knight,MID,Man City,0.20421103897348705
35,61,Jamal Lowe,MID,Bournemouth,0.20421103897348705
35,682,Matheus Santos Carneiro Da Cunha,FWD,Wolves,0.26326439552477127
35,387,Ryan Yates,MID,Nott'm Forest,0.20421103897348705
35,297,Darwin Núñez Ribeiro,FWD,Liverpool,0.26326439552477127
35,734,André Ayew,MID,Nott'm Forest,0.20421103897348705
35,32,Calum Chambers,DEF,Aston Villa,0.2210818910462079
35,178,Seamus Coleman,DEF,Everton,0.2210818910462079
35,624,Samuel Edozie,MID,Southampton,0.20421103897348705
35,218,Rodrigo Muniz Carvalho,FWD,Fulham,0.26326439552477127
35,400,Theo Walcott,MID,Southampton,0.20421103897348705
35,245,Marc Roca Junqué,MID,Leeds,0.20421103897348705
35,463,Vladimir Coufal,DEF,West Ham,0.2210818910462079
35,105,Shane Duffy,DEF,Fulham,0.2210818910462079
35,56,Frédéric Guilbert,DEF,Aston Villa,0.2210818910462079
35,244,Rasmus Kristensen,DEF,Leeds,0.2210818910462079
35,303,Riyad Mahrez,MID,Man City,0.20421103897348705
35,593,Carlos Henrique Casimiro,MID,Man Utd,0.20421103897348705
35,618,Carlos Vinícius Alves Morais,FWD,Fulham,0.26326439552477127
35,733,Pedro Porro,DEF,Spurs,0.2210818910462079
35,30,Danny Ings,FWD,West Ham,0.26326439552477127
35,179,Andros Townsend,MID,Everton,0.20421103897348705
35,602,Renan Augusto Lodi dos Santos,DEF,Nott'm Forest,0.2210818910462079
35,535,Marcus Tavernier,MID,Bournemouth,0.20421103897348705
35,214,Ivan Neves Abreu Cavaleiro,MID,Fulham,0.20421103897348705
35,349,Jonjo Shelvey,MID,Nott'm Forest,0.20421103897348705
35,757,Ishé Samuels-Smith,DEF,Everton,0.2210818910462079
35,337,Victor Lindelöf,DEF,Man Utd,0.2210818910462079
35,369,Miguel Almirón Rejala,MID,Newcastle,0.20421103897348705
35,166,Odsonne Edouard,FWD,Crystal Palace,0.26326439552477127
35,668,Amario Cozier-Duberry,MID,Arsenal,0.20421103897348705
35,652,James Furlong,DEF,Brighton,0.2210818910462079
35,155,Christian Benteke,FWD,Crystal Palace,0.26326439552477127
35,49,Tim Iroegbunam,MID,Aston Villa,0.20421103897348705
35,380,Lyle Taylor,FWD,Nott'm Forest,0.26326439552477127
35,381,Jack Colback,MID,Nott'm Forest,0.20421103897348705
35,552,Elliot Anderson,MID,Newcastle,0.20421103897348705
35,123,Deniz Undav,FWD,Brighton,0.26326439552477127
35,607,Matthew Smith,MID,Arsenal,0.20421103897348705
35,200,Tom Cairney,MID,Fulham,0.20421103897348705
35,619,Wilfried Gnonto,FWD,Leeds,0.26326439552477127
35,477,Jonathan Castro Otto,DEF,Wolves,0.2210818910462079
35,576,Marcos Senesi,DEF,Bournemouth,0.2210818910462079
35,259,Youri Tielemans,MID,Leicester,0.20421103897348705
35,753,James Wright,GK,Aston Villa,0.08531563522049046
35,389,Jonathan Panzo,DEF,Nott'm Forest,0.2210818910462079
35,648,Ryan Finnigan,MID,Southampton,0.20421103897348705
35,417,Romain Perraud,DEF,Southampton,0.2210818910462079
35,711,Jhon Durán,FWD,Aston Villa,0.26326439552477127
35,236,Kristoffer Klaesson,GK,Leeds,0.08531563522049046
35,211,Harrison Reed,MID,Fulham,0.20421103897348705
35,296,Fábio Freitas Gouveia Carvalho,MID,Liverpool,0.20421103897348705
35,513,Clément Lenglet,DEF,Spurs,0.2210818910462079
35,116,Alexis Mac Allister,MID,Brighton,0.20421103897348705
35,645,Joe Wormleighton,DEF,Leicester,0.2210818910462079
35,169,Eberechi Eze,MID,Crystal Palace,0.20421103897348705
35,344,Anthony Elanga,MID,Man Utd,0.20421103897348705
35,293,Luis Díaz,MID,Liverpool,0.20421103897348705
35,205,Bobby De Cordova-Reid,MID,Fulham,0.20421103897348705
35,334,Alex Telles,DEF,Man Utd,0.2210818910462079
35,587,Sergio Gómez,DEF,Man City,0.2210818910462079
35,374,Bruno Guimarães Rodriguez Moura,MID,Newcastle,0.20421103897348705
35,16,Gabriel dos Santos Magalhães,DEF,Arsenal,0.2210818910462079
35,670,Filip Marschall,GK,Aston Villa,0.08531563522049046
35,545,Emerson Palmieri dos Santos,DEF,West Ham,0.2210818910462079
35,7,Martin Ødegaard,MID,Arsenal,0.20421103897348705
35,503,João Filipe Iria Santos Moutinho,MID,Wolves,0.20421103897348705
35,92,Ethan Pinnock,DEF,Brentford,0.2210818910462079
35,347,Facundo Pellistri Rebollo,MID,Man Utd,0.20421103897348705
35,23,Reiss Nelson,MID,Arsenal,0.20421103897348705
35,579,Gonçalo Manuel Ganchinho Guedes,MID,Wolves,0.20421103897348705
35,152,Vicente Guaita,GK,Crystal Palace,0.08531563522049046
35,268,James Justin,DEF,Leicester,0.2210818910462079
35,662,Thomas Cannon,FWD,Everton,0.26326439552477127
35,267,Çaglar Söyüncü,DEF,Leicester,0.2210818910462079
35,425,Hugo Lloris,GK,Spurs,0.08531563522049046
35,376,Nick Pope,GK,Newcastle,0.08531563522049046
35,441,Oliver Skipp,MID,Spurs,0.20421103897348705
35,436,Ryan Sessegnon,DEF,Spurs,0.2210818910462079
35,538,Ashley Young,DEF,Aston Villa,0.2210818910462079
35,119,Jeremy Sarmiento Morante,MID,Brighton,0.20421103897348705
35,70,Philip Billing,MID,Bournemouth,0.20421103897348705
36,403,Nathan Redmond,MID,Southampton,0.20421103897348705
36,58,Junior Stanislas,MID,Bournemouth,0.20421103897348705
36,150,Armando Broja,FWD,Chelsea,0.2632643955247712
36,366,Fabian Schär,DEF,Newcastle,0.22108189104620787
36,366,Fabian Schär,DEF,Newcastle,0.22108189104620787
36,742,Jeremiah Chilokoa-Mullen,DEF,Leeds,0.22108189104620787
36,249,Jonny Evans,DEF,Leicester,0.22108189104620787
36,724,Enzo Fernández,MID,Chelsea,0.20421103897348705
36,394,Brennan Johnson,FWD,Nott'm Forest,0.2632643955247712
36,514,Cheick Doucouré,MID,Crystal Palace,0.20421103897348705
36,553,Oliver Hammond,MID,Nott'm Forest,0.20421103897348705
36,485,Luke Cundle,MID,Wolves,0.20421103897348705
36,540,Fin Stevens,DEF,Brentford,0.22108189104620787
36,451,Brandon Austin,GK,Spurs,0.08531563522049047
36,158,Luka Milivojevic,MID,Crystal Palace,0.20421103897348705
36,747,George Wickens,GK,Fulham,0.08531563522049047
36,272,Wesley Fofana,DEF,Chelsea,0.22108189104620787
36,529,Gianluca Scamacca,FWD,West Ham,0.2632643955247712
36,281,Alisson Ramses Becker,GK,Liverpool,0.08531563522049047
36,411,Che Adams,FWD,Southampton,0.2632643955247712
36,237,Sam Greenwood,FWD,Leeds,0.2632643955247712
36,750,Charlie Robinson,DEF,Fulham,0.22108189104620787
36,203,Nathaniel Chalobah,MID,Fulham,0.20421103897348705
36,501,Nathaniel Phillips,DEF,Liverpool,0.22108189104620787
36,393,Loïc Mbe Soh,DEF,Nott'm Forest,0.22108189104620787
36,743,Diogo Pinheiro Monteiro,DEF,Leeds,0.22108189104620787
36,102,Jason Steele,GK,Brighton,0.08531563522049047
36,102,Jason Steele,GK,Brighton,0.08531563522049047
36,660,Shola Shoretire,FWD,Man Utd,0.2632643955247712
36,209,Tosin Adarabioyo,DEF,Fulham,0.22108189104620787
36,325,Kalvin Phillips,MID,Man City,0.20421103897348705
36,383,Carlos Ribeiro Dias,MID,Nott'm Forest,0.20421103897348705
36,213,Marek Rodák,GK,Fulham,0.08531563522049047
36,359,Ryan Fraser,MID,Newcastle,0.20421103897348705
36,359,Ryan Fraser,MID,Newcastle,0.20421103897348705
36,702,Andrey Nascimento dos Santos,MID,Chelsea,0.20421103897348705
36,270,Luke Thomas,DEF,Leicester,0.22108189104620787
36,353,Karl Darlow,GK,Newcastle,0.08531563522049047
36,353,Karl Darlow,GK,Newcastle,0.08531563522049047
36,315,Rodrigo Hernandez,MID,Man City,0.20421103897348705
36,326,Cristiano Ronaldo dos Santos Aveiro,FWD,Man Utd,0.2632643955247712
36,426,Fraser Forster,GK,Spurs,0.08531563522049047
36,278,Alex Oxlade-Chamberlain,MID,Liverpool,0.20421103897348705
36,630,Ethan Nwaneri,MID,Arsenal,0.20421103897348705
36,305,Jack Grealish,MID,Man City,0.20421103897348705
36,317,James McAtee,MID,Man City,0.20421103897348705
36,415,Will Smallbone,MID,Southampton,0.20421103897348705
36,641,Martial Godo,MID,Fulham,0.20421103897348705
36,354,Chris Wood,FWD,Nott'm Forest,0.2632643955247712
36,571,Darren Randolph,GK,Bournemouth,0.08531563522049047
36,479,Leander Dendoncker,MID,Aston Villa,0.20421103897348705
36,729,Keylor Navas,GK,Nott'm Forest,0.08531563522049047
36,183,Allan Marques Loureiro,MID,Everton,0.20421103897348705
36,290,Ibrahima Konaté,DEF,Liverpool,0.22108189104620787
36,210,Aleksandar Mitrović,FWD,Fulham,0.2632643955247712
36,519,Christian Eriksen,MID,Man Utd,0.20421103897348705
36,373,Joe Willock,MID,Newcastle,0.20421103897348705
36,373,Joe Willock,MID,Newcastle,0.20421103897348705
36,494,Yerson Mosquera Valdelamar,DEF,Wolves,0.22108189104620787
36,321,Roméo Lavia,MID,Southampton,0.20421103897348705
36,686,Ellis Simms,FWD,Everton,0.2632643955247712
36,84,Kristoffer Ajer,DEF,Brentford,0.22108189104620787
36,585,Emmanuel Dennis,FWD,Nott'm Forest,0.2632643955247712
36,681,Gustavo Henrique Furtado Scarpa,MID,Nott'm Forest,0.20421103897348705
36,163,Will Hughes,MID,Crystal Palace,0.20421103897348705
36,512,Joe Ayodele-Aribo,MID,Southampton,0.20421103897348705
36,536,Orel Mangala,MID,Nott'm Forest,0.20421103897348705
36,496,Luke Plange,FWD,Crystal Palace,0.2632643955247712
36,443,Cristian Romero,DEF,Spurs,0.22108189104620787
36,233,Jack Harrison,MID,Leeds,0.20421103897348705
36,575,Maxwel Cornet,MID,West Ham,0.20421103897348705
36,508,Luis Sinisterra Lucumí,MID,Leeds,0.20421103897348705
36,157,Nathaniel Clyne,DEF,Crystal Palace,0.22108189104620787
36,405,Stuart Armstrong,MID,Southampton,0.20421103897348705
36,402,Oriol Romeu Vidal,MID,Southampton,0.20421103897348705
36,229,Tyler Roberts,MID,Leeds,0.20421103897348705
36,638,Lamare Bogarde,DEF,Aston Villa,0.22108189104620787
36,555,Harrison Ashby,DEF,Newcastle,0.22108189104620787
36,555,Harrison Ashby,DEF,Newcastle,0.22108189104620787
36,273,Lewis Brunt,DEF,Leicester,0.22108189104620787
36,350,Matt Ritchie,DEF,Newcastle,0.22108189104620787
36,350,Matt Ritchie,DEF,Newcastle,0.22108189104620787
36,253,Jannik Vestergaard,DEF,Leicester,0.22108189104620787
36,118,Enock Mwepu,MID,Brighton,0.20421103897348705
36,118,Enock Mwepu,MID,Brighton,0.20421103897348705
36,141,Trevoh Chalobah,DEF,Chelsea,0.22108189104620787
36,530,Chris Richards,DEF,Crystal Palace,0.22108189104620787
36,649,Cameron Plain,GK,Bournemouth,0.08531563522049047
36,288,Diogo Teixeira da Silva,FWD,Liverpool,0.2632643955247712
36,755,Travis Patterson,MID,Aston Villa,0.20421103897348705
36,355,Martin Dubravka,GK,Newcastle,0.08531563522049047
36,355,Martin Dubravka,GK,Newcastle,0.08531563522049047
36,225,Rodrigo Moreno,MID,Leeds,0.20421103897348705
36,737,Ben Greenwood,DEF,Bournemouth,0.22108189104620787
36,490,Francisco Jorge Tomás Oliveira,MID,Wolves,0.20421103897348705
36,420,Mohammed Salisu,DEF,Southampton,0.22108189104620787
36,331,Frederico Rodrigues de Paula Santos,MID,Man Utd,0.20421103897348705
36,117,Jakub Moder,MID,Brighton,0.20421103897348705
36,117,Jakub Moder,MID,Brighton,0.20421103897348705
36,603,Lucas Tolentino Coelho de Lima,MID,West Ham,0.20421103897348705
36,168,Jean-Philippe Mateta,FWD,Crystal Palace,0.2632643955247712
36,177,Salomón Rondón,FWD,Everton,0.2632643955247712
36,221,Liam Cooper,DEF,Leeds,0.22108189104620787
36,665,Ben Doak,MID,Liverpool,0.20421103897348705
36,594,Alexander Isak,FWD,Newcastle,0.2632643955247712
36,594,Alexander Isak,FWD,Newcastle,0.2632643955247712
36,713,Arnaut Danjuma,MID,Spurs,0.20421103897348705
36,318,Erling Haaland,FWD,Man City,0.2632643955247712
36,745,Oliwier Zych,GK,Aston Villa,0.08531563522049047
36,706,Euan Pollock,FWD,Bournemouth,0.2632643955247712
36,726,Sasa Lukic,MID,Fulham,0.20421103897348705
36,67,Lewis Cook,MID,Bournemouth,0.20421103897348705
36,495,Remi Matthews,GK,Crystal Palace,0.08531563522049047
36,314,Phil Foden,MID,Man City,0.20421103897348705
36,676,David Ozoh,MID,Crystal Palace,0.20421103897348705
36,622,Juan Larios López,DEF,Southampton,0.22108189104620787
36,298,Calvin Ramsay,DEF,Liverpool,0.22108189104620787
36,650,Yegor Yarmolyuk,MID,Brentford,0.20421103897348705
36,703,Danilo dos Santos de Oliveira,MID,Nott'm Forest,0.20421103897348705
36,379,Steve Cook,DEF,Nott'm Forest,0.22108189104620787
36,250,Ryan Bertrand,DEF,Leicester,0.22108189104620787
36,692,Mislav Orsic,MID,Southampton,0.20421103897348705
36,528,Sékou Mara,FWD,Southampton,0.2632643955247712
36,338,Scott McTominay,MID,Man Utd,0.20421103897348705
36,390,Xande Nascimento da Costa Silva,MID,Nott'm Forest,0.20421103897348705
36,398,Dean Henderson,GK,Nott'm Forest,0.08531563522049047
36,65,Jack Stacey,DEF,Bournemouth,0.22108189104620787
36,192,Mason Holgate,DEF,Everton,0.22108189104620787
36,115,Steven Alzate,MID,Brighton,0.20421103897348705
36,115,Steven Alzate,MID,Brighton,0.20421103897348705
36,223,Mateusz Klich,MID,Leeds,0.20421103897348705
36,671,Jimmy Morgan,FWD,Southampton,0.2632643955247712
36,423,Armel Bella-Kotchap,DEF,Southampton,0.22108189104620787
36,21,Ainsley Maitland-Niles,MID,Southampton,0.20421103897348705
36,274,James Milner,MID,Liverpool,0.20421103897348705
36,515,Keane Lewis-Potter,MID,Brentford,0.20421103897348705
36,301,Kevin De Bruyne,MID,Man City,0.20421103897348705
36,500,Sepp van den Berg,DEF,Liverpool,0.22108189104620787
36,242,Joe Gelhardt,FWD,Leeds,0.2632643955247712
36,50,Diego Carlos Santos Silva,DEF,Aston Villa,0.22108189104620787
36,763,Matthew Dibley-Dias,MID,Fulham,0.20421103897348705
36,431,Lucas Rodrigues Moura da Silva,MID,Spurs,0.20421103897348705
36,526,Ben Mee,DEF,Brentford,0.22108189104620787
36,659,Mateo Joseph Fernández,FWD,Leeds,0.2632643955247712
36,687,Kasey McAteer,MID,Leicester,0.20421103897348705
36,27,Marcus Oliveira Alencar,MID,Arsenal,0.20421103897348705
36,718,Matías Viña,DEF,Bournemouth,0.22108189104620787
36,231,Daniel James,MID,Fulham,0.20421103897348705
36,690,João Félix Sequeira,FWD,Chelsea,0.2632643955247712
36,306,João Cancelo,DEF,Man City,0.22108189104620787
36,333,Bruno Borges Fernandes,MID,Man Utd,0.20421103897348705
36,506,Tyler Adams,MID,Leeds,0.20421103897348705
36,352,Ciaran Clark,DEF,Newcastle,0.22108189104620787
36,352,Ciaran Clark,DEF,Newcastle,0.22108189104620787
36,598,Owen Bevan,DEF,Bournemouth,0.22108189104620787
36,72,Mark Travers,GK,Bournemouth,0.08531563522049047
36,76,Jordan Zemura,DEF,Bournemouth,0.22108189104620787
36,5,Rob Holding,DEF,Arsenal,0.22108189104620787
36,80,Ivan Toney,FWD,Brentford,0.2632643955247712
36,78,Pontus Jansson,DEF,Brentford,0.22108189104620787
36,41,Marvelous Nakamba,MID,Aston Villa,0.20421103897348705
36,252,Nampalys Mendy,MID,Leicester,0.20421103897348705
36,25,Fábio Ferreira Vieira,MID,Arsenal,0.20421103897348705
36,633,Matthew Cox,GK,Brentford,0.08531563522049047
36,666,Dale Taylor,FWD,Nott'm Forest,0.2632643955247712
36,59,Ryan Fredericks,DEF,Bournemouth,0.22108189104620787
36,560,Stanley Mills,MID,Everton,0.20421103897348705
36,583,Cheikhou Kouyaté,MID,Nott'm Forest,0.20421103897348705
36,461,Kurt Zouma,DEF,West Ham,0.22108189104620787
36,320,Luke Mbete-Tabu,DEF,Man City,0.22108189104620787
36,572,Armstrong Oko-Flex,MID,West Ham,0.20421103897348705
36,397,Taiwo Awoniyi,FWD,Nott'm Forest,0.2632643955247712
36,434,Harry Winks,MID,Spurs,0.20421103897348705
36,559,Levi Colwill,DEF,Brighton,0.22108189104620787
36,559,Levi Colwill,DEF,Brighton,0.22108189104620787
36,642,Kofi Balmer,DEF,Crystal Palace,0.22108189104620787
36,256,Ricardo Barbosa Pereira,DEF,Leicester,0.22108189104620787
36,418,Moussa Djenepo,MID,Southampton,0.20421103897348705
36,493,Morgan Gibbs-White,MID,Nott'm Forest,0.20421103897348705
36,99,Mads Bidstrup,MID,Brentford,0.20421103897348705
36,621,Loïc Badé,DEF,Nott'm Forest,0.22108189104620787
36,69,Ryan Christie,MID,Bournemouth,0.20421103897348705
36,586,Pervis Estupiñán,DEF,Brighton,0.22108189104620787
36,586,Pervis Estupiñán,DEF,Brighton,0.22108189104620787
36,48,Carney Chukwuemeka,MID,Chelsea,0.20421103897348705
36,43,Matty Cash,DEF,Aston Villa,0.22108189104620787
36,311,Bernardo Veiga de Carvalho e Silva,MID,Man City,0.20421103897348705
36,363,Javier Manquillo Gaitán,DEF,Newcastle,0.22108189104620787
36,363,Javier Manquillo Gaitán,DEF,Newcastle,0.22108189104620787
36,34,Bertrand Traoré,MID,Aston Villa,0.20421103897348705
36,584,Bobby Clark,MID,Liverpool,0.20421103897348705
36,329,Raphaël Varane,DEF,Man Utd,0.22108189104620787
36,735,Wanya Marçal-Madivadua,MID,Leicester,0.20421103897348705
36,547,Cody Drameh,DEF,Leeds,0.22108189104620787
36,194,Vitalii Mykolenko,DEF,Everton,0.22108189104620787
36,299,Kyle Walker,DEF,Man City,0.22108189104620787
36,502,Scott Carson,GK,Man City,0.08531563522049047
36,66,Dominic Solanke,FWD,Bournemouth,0.2632643955247712
36,86,Vitaly Janelt,MID,Brentford,0.20421103897348705
36,113,Robert Sánchez,GK,Brighton,0.08531563522049047
36,113,Robert Sánchez,GK,Brighton,0.08531563522049047
36,147,Edouard Mendy,GK,Chelsea,0.08531563522049047
36,222,Luke Ayling,DEF,Leeds,0.22108189104620787
36,761,Tommi O'Reilly,MID,Aston Villa,0.20421103897348705
36,339,Eric Bailly,DEF,Man Utd,0.22108189104620787
36,558,Hugo Bueno López,DEF,Wolves,0.22108189104620787
36,561,Lewis Warrington,MID,Everton,0.20421103897348705
36,433,Pierre-Emile Højbjerg,MID,Spurs,0.20421103897348705
36,601,Kaden Rodney,MID,Crystal Palace,0.20421103897348705
36,172,Jesurun Rak-Sakyi,MID,Crystal Palace,0.20421103897348705
36,164,Jairo Riedewald,MID,Crystal Palace,0.20421103897348705
36,467,Declan Rice,MID,West Ham,0.20421103897348705
36,257,Daniel Amartey,DEF,Leicester,0.22108189104620787
36,731,Kamaldeen Sulemana,MID,Southampton,0.20421103897348705
36,195,Anthony Gordon,MID,Newcastle,0.20421103897348705
36,195,Anthony Gordon,MID,Newcastle,0.20421103897348705
36,81,David Raya Martin,GK,Brentford,0.08531563522049047
36,447,Dane Scarlett,FWD,Spurs,0.2632643955247712
36,510,Aaron Hickey,DEF,Brentford,0.22108189104620787
36,721,João Victor Gomes da Silva,MID,Wolves,0.20421103897348705
36,531,Rúben Nascimento Vinagre,DEF,Everton,0.22108189104620787
36,639,Sammy Braybrooke,MID,Leicester,0.20421103897348705
36,107,Solly March,MID,Brighton,0.20421103897348705
36,107,Solly March,MID,Brighton,0.20421103897348705
36,691,Maximilian Wöber,DEF,Leeds,0.22108189104620787
36,361,Dwight Gayle,FWD,Newcastle,0.2632643955247712
36,361,Dwight Gayle,FWD,Newcastle,0.2632643955247712
36,246,Brenden Aaronson,MID,Leeds,0.20421103897348705
36,254,Danny Ward,GK,Leicester,0.08531563522049047
36,165,Joachim Andersen,DEF,Crystal Palace,0.22108189104620787
36,542,Kjell Scherpen,GK,Brighton,0.08531563522049047
36,542,Kjell Scherpen,GK,Brighton,0.08531563522049047
36,404,Jack Stephens,DEF,Bournemouth,0.22108189104620787
36,154,James McArthur,MID,Crystal Palace,0.20421103897348705
36,265,Wilfred Ndidi,MID,Leicester,0.20421103897348705
36,307,Ederson Santana de Moraes,GK,Man City,0.08531563522049047
36,456,Angelo Ogbonna,DEF,West Ham,0.22108189104620787
36,465,Jarrod Bowen,MID,West Ham,0.20421103897348705
36,492,Matija Šarkić,GK,Wolves,0.08531563522049047
36,708,Noni Madueke,MID,Chelsea,0.20421103897348705
36,143,Malang Sarr,DEF,Chelsea,0.22108189104620787
36,202,Anthony Knockaert,MID,Fulham,0.20421103897348705
36,647,Lewis Payne,MID,Southampton,0.20421103897348705
36,442,Joe Rodon,DEF,Spurs,0.22108189104620787
36,345,Anthony Martial,FWD,Man Utd,0.2632643955247712
36,499,Ben Davies,DEF,Liverpool,0.22108189104620787
36,410,Jan Bednarek,DEF,Southampton,0.22108189104620787
36,95,Bryan Mbeumo,FWD,Brentford,0.2632643955247712
36,287,Naby Keita,MID,Liverpool,0.20421103897348705
36,565,Archie Gray,MID,Leeds,0.20421103897348705
36,577,Amadou Onana,MID,Everton,0.20421103897348705
36,651,Andrew Moran,MID,Brighton,0.20421103897348705
36,651,Andrew Moran,MID,Brighton,0.20421103897348705
36,550,Amad Diallo,MID,Man Utd,0.20421103897348705
36,739,Joseph Anang,GK,West Ham,0.08531563522049047
36,149,Billy Gilmour,MID,Brighton,0.20421103897348705
36,149,Billy Gilmour,MID,Brighton,0.20421103897348705
36,335,Marcus Rashford,MID,Man Utd,0.20421103897348705
36,694,Alexandre Moreno Lopera,DEF,Aston Villa,0.22108189104620787
36,319,Julián Álvarez,FWD,Man City,0.2632643955247712
36,421,Mateusz Lis,GK,Southampton,0.08531563522049047
36,14,Takehiro Tomiyasu,DEF,Arsenal,0.22108189104620787
36,364,Emil Krafth,DEF,Newcastle,0.22108189104620787
36,364,Emil Krafth,DEF,Newcastle,0.22108189104620787
36,302,John Stones,DEF,Man City,0.22108189104620787
36,33,Lucas Digne,DEF,Aston Villa,0.22108189104620787
36,94,Shandon Baptiste,MID,Brentford,0.20421103897348705
36,308,Nathan Aké,DEF,Man City,0.22108189104620787
36,13,Bukayo Saka,MID,Arsenal,0.20421103897348705
36,73,Lloyd Kelly,DEF,Bournemouth,0.22108189104620787
36,720,Weston McKennie,MID,Leeds,0.20421103897348705
36,653,Omari Hutchinson,MID,Chelsea,0.20421103897348705
36,285,Trent Alexander-Arnold,DEF,Liverpool,0.22108189104620787
36,266,Kiernan Dewsbury-Hall,MID,Leicester,0.20421103897348705
36,283,Mohamed Salah,MID,Liverpool,0.20421103897348705
36,131,Ross Barkley,MID,Chelsea,0.20421103897348705
36,6,Thomas Partey,MID,Arsenal,0.20421103897348705
36,693,Carlos Alcaraz,MID,Southampton,0.20421103897348705
36,422,Gavin Bazunu,GK,Southampton,0.08531563522049047
36,581,Alex Smithies,GK,Leicester,0.08531563522049047
36,54,Cameron Archer,FWD,Aston Villa,0.2632643955247712
36,595,Mathias Jorgensen,DEF,Brentford,0.22108189104620787
36,184,André Tavares Gomes,MID,Everton,0.20421103897348705
36,413,Lyanco Silveira Neves Vojnovic,DEF,Southampton,0.22108189104620787
36,517,Thomas Strakosha,GK,Brentford,0.08531563522049047
36,675,Jordan Smith,GK,Nott'm Forest,0.08531563522049047
36,661,Lewis Hall,MID,Chelsea,0.20421103897348705
36,655,Karl Hein,GK,Arsenal,0.08531563522049047
36,139,Ben Chilwell,DEF,Chelsea,0.22108189104620787
36,106,Lewis Dunk,DEF,Brighton,0.22108189104620787
36,106,Lewis Dunk,DEF,Brighton,0.22108189104620787
36,452,Alfie Devine,MID,Spurs,0.20421103897348705
36,399,Giulian Biancone,DEF,Nott'm Forest,0.22108189104620787
36,549,Dennis Praet,MID,Leicester,0.20421103897348705
36,612,Wout Faes,DEF,Leicester,0.22108189104620787
36,698,Mario Lemina,MID,Wolves,0.20421103897348705
36,26,William Saliba,DEF,Arsenal,0.22108189104620787
36,122,Haydon Roberts,DEF,Brighton,0.22108189104620787
36,122,Haydon Roberts,DEF,Brighton,0.22108189104620787
36,710,Jakub Kiwior,DEF,Arsenal,0.22108189104620787
36,658,Harvey Griffiths,MID,Wolves,0.20421103897348705
36,760,Andy Lonergan,GK,Everton,0.08531563522049047
36,459,Craig Dawson,DEF,Wolves,0.22108189104620787
36,554,Bryan Gil Salvatierra,MID,Spurs,0.20421103897348705
36,614,Willian Borges da Silva,MID,Fulham,0.20421103897348705
36,42,Emiliano Buendía Stati,MID,Aston Villa,0.20421103897348705
36,174,Nathan Ferguson,DEF,Crystal Palace,0.22108189104620787
36,428,Son Heung-min,MID,Spurs,0.20421103897348705
36,15,Aaron Ramsdale,GK,Arsenal,0.08531563522049047
36,170,Tyrick Mitchell,DEF,Crystal Palace,0.22108189104620787
36,640,Ed Turns,DEF,Brighton,0.22108189104620787
36,640,Ed Turns,DEF,Brighton,0.22108189104620787
36,484,Max Kilman,DEF,Wolves,0.22108189104620787
36,323,Liam Delap,FWD,Man City,0.2632643955247712
36,534,Dwight McNeil,MID,Everton,0.20421103897348705
36,592,Harvey Davies,GK,Liverpool,0.08531563522049047
36,727,Harry Souttar,DEF,Leicester,0.22108189104620787
36,664,Dexter Lembikisa,DEF,Wolves,0.22108189104620787
36,134,N'Golo Kanté,MID,Chelsea,0.20421103897348705
36,719,Yasin Ayari,MID,Brighton,0.20421103897348705
36,719,Yasin Ayari,MID,Brighton,0.20421103897348705
36,523,Harry Toffolo,DEF,Nott'm Forest,0.22108189104620787
36,64,Jefferson Lerma Solís,MID,Bournemouth,0.20421103897348705
36,635,Marcus Bettinelli,GK,Chelsea,0.08531563522049047
36,44,Ezri Konsa Ngoyo,DEF,Aston Villa,0.22108189104620787
36,689,Benoît Badiashile,DEF,Chelsea,0.22108189104620787
36,71,Chris Mepham,DEF,Bournemouth,0.22108189104620787
36,616,Denis Zakaria,MID,Chelsea,0.20421103897348705
36,424,Willy Caballero,GK,Southampton,0.08531563522049047
36,395,Alex Mighten,MID,Nott'm Forest,0.20421103897348705
36,52,Keinan Davis,FWD,Aston Villa,0.2632643955247712
36,35,Robin Olsen,GK,Aston Villa,0.08531563522049047
36,83,Josh Dasilva,MID,Brentford,0.20421103897348705
36,279,Roberto Firmino,FWD,Liverpool,0.2632643955247712
36,277,Thiago Alcántara do Nascimento,MID,Liverpool,0.20421103897348705
36,673,Bashir Humphreys,DEF,Chelsea,0.22108189104620787
36,220,João Palhinha Gonçalves,MID,Fulham,0.20421103897348705
36,543,Matt Clarke,DEF,Brighton,0.22108189104620787
36,543,Matt Clarke,DEF,Brighton,0.22108189104620787
36,357,Kieran Trippier,DEF,Newcastle,0.22108189104620787
36,357,Kieran Trippier,DEF,Newcastle,0.22108189104620787
36,507,Moussa Niakhaté,DEF,Nott'm Forest,0.22108189104620787
36,2,Bernd Leno,GK,Fulham,0.08531563522049047
36,409,Kyle Walker-Peters,DEF,Southampton,0.22108189104620787
36,505,Joe Rothwell,MID,Bournemouth,0.20421103897348705
36,17,Nuno Varela Tavares,DEF,Arsenal,0.22108189104620787
36,548,Daniel Iversen,GK,Leicester,0.08531563522049047
36,437,Steven Bergwijn,MID,Spurs,0.20421103897348705
36,87,Saman Ghoddos,MID,Brentford,0.20421103897348705
36,620,Arthur Henrique Ramos de Oliveira Melo,MID,Liverpool,0.20421103897348705
36,567,Connor Ronan,MID,Wolves,0.20421103897348705
36,309,Aymeric Laporte,DEF,Man City,0.22108189104620787
36,609,Antony Matheus dos Santos,MID,Man Utd,0.20421103897348705
36,371,Joelinton Cássio Apolinário de Lira,MID,Newcastle,0.20421103897348705
36,371,Joelinton Cássio Apolinário de Lira,MID,Newcastle,0.20421103897348705
36,566,Joseph Hodge,MID,Wolves,0.20421103897348705
36,186,Alex Iwobi,MID,Everton,0.20421103897348705
36,224,Adam Forshaw,MID,Leeds,0.20421103897348705
36,68,Ben Pearson,MID,Bournemouth,0.20421103897348705
36,276,Joel Matip,DEF,Liverpool,0.22108189104620787
36,695,Daniel Adu-Adjei,FWD,Bournemouth,0.2632643955247712
36,377,Sven Botman,DEF,Newcastle,0.22108189104620787
36,377,Sven Botman,DEF,Newcastle,0.22108189104620787
36,464,Saïd Benrahma,MID,West Ham,0.20421103897348705
36,282,Fabio Henrique Tavares,MID,Liverpool,0.20421103897348705
36,709,Victor Kristiansen,DEF,Leicester,0.22108189104620787
36,758,George Abbott,MID,Spurs,0.20421103897348705
36,135,Hakim Ziyech,MID,Chelsea,0.20421103897348705
36,138,Robert Kenedy Nunes do Nascimento,DEF,Chelsea,0.22108189104620787
36,474,Willy Boly,DEF,Nott'm Forest,0.22108189104620787
36,468,Tomas Soucek,MID,West Ham,0.20421103897348705
36,243,Leo Fuhr Hjelde,DEF,Leeds,0.22108189104620787
36,90,Mads Roerslev Rasmussen,DEF,Brentford,0.22108189104620787
36,732,Paul Onuachu,FWD,Southampton,0.2632643955247712
36,606,Harvey Vale,MID,Chelsea,0.20421103897348705
36,160,Wilfried Zaha,MID,Crystal Palace,0.20421103897348705
36,370,Sean Longstaff,MID,Newcastle,0.20421103897348705
36,370,Sean Longstaff,MID,Newcastle,0.20421103897348705
36,672,Kadan Young,MID,Aston Villa,0.20421103897348705
36,91,Mads Bech Sørensen,DEF,Brentford,0.22108189104620787
36,190,Tom Davies,MID,Everton,0.20421103897348705
36,3,Granit Xhaka,MID,Arsenal,0.20421103897348705
36,656,Nathan Bishop,GK,Man Utd,0.08531563522049047
36,533,Lisandro Martínez,DEF,Man Utd,0.22108189104620787
36,744,Sil Swinkels,DEF,Aston Villa,0.22108189104620787
36,450,Pape Matar Sarr,MID,Spurs,0.20421103897348705
36,239,Junior Firpo Adames,DEF,Leeds,0.22108189104620787
36,264,Harvey Barnes,MID,Leicester,0.20421103897348705
36,611,Idrissa Gueye,MID,Everton,0.20421103897348705
36,458,Michail Antonio,FWD,West Ham,0.2632643955247712
36,406,Mohamed Elyounoussi,MID,Southampton,0.20421103897348705
36,93,Frank Onyeka,MID,Brentford,0.20421103897348705
36,551,Zidane Iqbal,MID,Man Utd,0.20421103897348705
36,198,Niels Nkounkou,DEF,Everton,0.22108189104620787
36,440,Rodrigo Bentancur,MID,Spurs,0.20421103897348705
36,142,Mason Mount,MID,Chelsea,0.20421103897348705
36,472,Nayef Aguerd,DEF,West Ham,0.22108189104620787
36,562,Manor Solomon,MID,Fulham,0.20421103897348705
36,476,Raúl Jiménez,FWD,Wolves,0.2632643955247712
36,563,Luke Chambers,DEF,Liverpool,0.22108189104620787
36,715,Mateus Cardoso Lemos Martins,MID,Leicester,0.20421103897348705
36,145,Kai Havertz,FWD,Chelsea,0.2632643955247712
36,416,Ibrahima Diallo,MID,Southampton,0.20421103897348705
36,408,Adam Armstrong,FWD,Southampton,0.2632643955247712
36,388,Joe Worrall,DEF,Nott'm Forest,0.22108189104620787
36,103,Danny Welbeck,FWD,Brighton,0.2632643955247712
36,103,Danny Welbeck,FWD,Brighton,0.2632643955247712
36,130,Jorge Luiz Frello Filho,MID,Arsenal,0.20421103897348705
36,137,Timo Werner,FWD,Chelsea,0.2632643955247712
36,613,Layvin Kurzawa,DEF,Fulham,0.22108189104620787
36,518,Wayne Hennessey,GK,Nott'm Forest,0.08531563522049047
36,700,Georginio Rutter,FWD,Leeds,0.2632643955247712
36,346,Andreas Hoelgebaum Pereira,MID,Fulham,0.20421103897348705
36,312,Rúben Gato Alves Dias,DEF,Man City,0.22108189104620787
36,667,Kristian Sekularac,MID,Fulham,0.20421103897348705
36,100,Ellery Balcombe,GK,Brentford,0.08531563522049047
36,187,Jean-Philippe Gbamin,MID,Everton,0.20421103897348705
36,313,Oleksandr Zinchenko,DEF,Arsenal,0.22108189104620787
36,605,Reece Welch,DEF,Everton,0.22108189104620787
36,445,Emerson Leite de Souza Junior,DEF,Spurs,0.22108189104620787
36,483,Daniel Castelo Podence,MID,Wolves,0.20421103897348705
36,171,Michael Olise,MID,Crystal Palace,0.20421103897348705
36,392,Richie Laryea,DEF,Nott'm Forest,0.22108189104620787
36,112,Marc Cucurella Saseta,DEF,Chelsea,0.22108189104620787
36,234,Jamie Shackleton,MID,Leeds,0.20421103897348705
36,40,Ollie Watkins,FWD,Aston Villa,0.2632643955247712
36,539,James Hill,DEF,Bournemouth,0.22108189104620787
36,57,Adam Smith,DEF,Bournemouth,0.22108189104620787
36,604,Killian Phillips,MID,Crystal Palace,0.20421103897348705
36,310,Zack Steffen,GK,Man City,0.08531563522049047
36,111,Leandro Trossard,MID,Arsenal,0.20421103897348705
36,471,Ben Johnson,DEF,West Ham,0.22108189104620787
36,207,Paulo Gazzaniga Farias,GK,Fulham,0.08531563522049047
36,740,Krisztián Hegyi,GK,West Ham,0.08531563522049047
36,527,Jesse Lingard,MID,Nott'm Forest,0.20421103897348705
36,197,Nathan Patterson,DEF,Everton,0.22108189104620787
36,365,Jacob Murphy,MID,Newcastle,0.20421103897348705
36,365,Jacob Murphy,MID,Newcastle,0.20421103897348705
36,391,Sam Surridge,FWD,Nott'm Forest,0.2632643955247712
36,255,Jamie Vardy,FWD,Leicester,0.2632643955247712
36,10,Benjamin White,DEF,Arsenal,0.22108189104620787
36,292,Konstantinos Tsimikas,DEF,Liverpool,0.22108189104620787
36,599,Claudio Gomes,MID,Man City,0.20421103897348705
36,153,James Tomkins,DEF,Crystal Palace,0.22108189104620787
36,714,Antoine Semenyo,FWD,Bournemouth,0.2632643955247712
36,4,Mohamed Elneny,MID,Arsenal,0.20421103897348705
36,557,Jackson Smith,GK,Wolves,0.08531563522049047
36,47,Jacob Ramsey,MID,Aston Villa,0.20421103897348705
36,360,Jamaal Lascelles,DEF,Newcastle,0.22108189104620787
36,360,Jamaal Lascelles,DEF,Newcastle,0.22108189104620787
36,396,Braian Ojeda Rodríguez,MID,Nott'm Forest,0.20421103897348705
36,368,Allan Saint-Maximin,MID,Newcastle,0.20421103897348705
36,368,Allan Saint-Maximin,MID,Newcastle,0.20421103897348705
36,62,Kieffer Moore,FWD,Bournemouth,0.2632643955247712
36,707,Viljami Sinisalo,GK,Aston Villa,0.08531563522049047
36,696,Michael Dacosta Gonzalez,MID,Bournemouth,0.20421103897348705
36,124,Kaoru Mitoma,MID,Brighton,0.20421103897348705
36,124,Kaoru Mitoma,MID,Brighton,0.20421103897348705
36,509,Flynn Downes,MID,West Ham,0.20421103897348705
36,574,Norberto Murara Neto,GK,Bournemouth,0.08531563522049047
36,626,Loris Karius,GK,Newcastle,0.08531563522049047
36,626,Loris Karius,GK,Newcastle,0.08531563522049047
36,486,Pedro Lomba Neto,MID,Wolves,0.20421103897348705
36,470,Issa Diop,DEF,Fulham,0.22108189104620787
36,597,Christian Saydee,FWD,Bournemouth,0.2632643955247712
36,12,Emile Smith Rowe,MID,Arsenal,0.20421103897348705
36,746,Kaelan Casey,DEF,West Ham,0.22108189104620787
36,85,Rico Henry,DEF,Brentford,0.22108189104620787
36,24,Matt Turner,GK,Arsenal,0.08531563522049047
36,212,Harry Wilson,MID,Fulham,0.20421103897348705
36,541,Halil Dervişoğlu,FWD,Brentford,0.2632643955247712
36,201,Tim Ream,DEF,Fulham,0.22108189104620787
36,82,Sergi Canós Tenés,DEF,Brentford,0.22108189104620787
36,156,Joel Ward,DEF,Crystal Palace,0.22108189104620787
36,481,Hwang Hee-chan,MID,Wolves,0.20421103897348705
36,196,Jarrad Branthwaite,DEF,Everton,0.22108189104620787
36,688,Kevin Schade,MID,Brentford,0.20421103897348705
36,588,Thilo Kehrer,DEF,West Ham,0.22108189104620787
36,294,Harvey Elliott,MID,Liverpool,0.20421103897348705
36,230,Robin Koch,DEF,Leeds,0.22108189104620787
36,263,Hamza Choudhury,MID,Leicester,0.20421103897348705
36,262,Kelechi Iheanacho,FWD,Leicester,0.2632643955247712
36,663,Sonny Perkins,FWD,Leeds,0.2632643955247712
36,414,Yan Valery,DEF,Southampton,0.22108189104620787
36,487,Rayan Aït-Nouri,DEF,Wolves,0.22108189104620787
36,568,Chem Campbell,MID,Wolves,0.20421103897348705
36,328,Phil Jones,DEF,Man Utd,0.22108189104620787
36,180,Michael Keane,DEF,Everton,0.22108189104620787
36,632,Ryan Trevitt,MID,Brentford,0.20421103897348705
36,63,Emiliano Marcondes,MID,Bournemouth,0.20421103897348705
36,269,Boubakary Soumaré,MID,Leicester,0.20421103897348705
36,716,James Bree,DEF,Southampton,0.22108189104620787
36,133,Kepa Arrizabalaga,GK,Chelsea,0.08531563522049047
36,384,Joe Lolley,MID,Nott'm Forest,0.20421103897348705
36,89,Yoane Wissa,MID,Brentford,0.20421103897348705
36,654,Jack Wells-Morrison,MID,Crystal Palace,0.20421103897348705
36,378,Harry Arter,MID,Nott'm Forest,0.20421103897348705
36,247,Darko Gyabi,MID,Leeds,0.20421103897348705
36,617,Pierre-Emerick Aubameyang,FWD,Chelsea,0.2632643955247712
36,460,Manuel Lanzini,MID,West Ham,0.20421103897348705
36,260,Ayoze Pérez,MID,Leicester,0.20421103897348705
36,175,Sam Johnstone,GK,Crystal Palace,0.08531563522049047
36,248,Kasper Schmeichel,GK,Leicester,0.08531563522049047
36,97,Marcus Forss,FWD,Brentford,0.2632643955247712
36,728,Marcel Sabitzer,MID,Man Utd,0.20421103897348705
36,108,Adam Webster,DEF,Brighton,0.22108189104620787
36,108,Adam Webster,DEF,Brighton,0.22108189104620787
36,199,James Tarkowski,DEF,Everton,0.22108189104620787
36,564,Stefan Bajcetic,MID,Liverpool,0.20421103897348705
36,191,Dominic Calvert-Lewin,FWD,Everton,0.2632643955247712
36,489,Toti António Gomes,DEF,Wolves,0.22108189104620787
36,251,Marc Albrighton,MID,Leicester,0.20421103897348705
36,491,Adama Traoré Diarra,MID,Wolves,0.20421103897348705
36,206,Joe Bryan,DEF,Fulham,0.22108189104620787
36,429,Matt Doherty,DEF,Spurs,0.22108189104620787
36,101,Adam Lallana,MID,Brighton,0.20421103897348705
36,101,Adam Lallana,MID,Brighton,0.20421103897348705
36,430,Eric Dier,DEF,Spurs,0.22108189104620787
36,136,Ruben Loftus-Cheek,MID,Chelsea,0.20421103897348705
36,110,Neal Maupay,FWD,Everton,0.2632643955247712
36,524,Lewis O'Brien,MID,Nott'm Forest,0.20421103897348705
36,19,Gabriel Martinelli Silva,MID,Arsenal,0.20421103897348705
36,439,Japhet Tanganga,DEF,Spurs,0.22108189104620787
36,96,Charlie Goode,DEF,Brentford,0.22108189104620787
36,596,Evan Ferguson,FWD,Brighton,0.2632643955247712
36,596,Evan Ferguson,FWD,Brighton,0.2632643955247712
36,295,Neco Williams,DEF,Nott'm Forest,0.22108189104620787
36,37,John McGinn,MID,Aston Villa,0.20421103897348705
36,556,Conor Coventry,MID,West Ham,0.20421103897348705
36,322,Josh Wilson-Esbrand,DEF,Man City,0.22108189104620787
36,473,Alphonse Areola,GK,West Ham,0.08531563522049047
36,271,Patson Daka,FWD,Leicester,0.2632643955247712
36,128,Thiago Emiliano da Silva,DEF,Chelsea,0.22108189104620787
36,208,Terence Kongolo,DEF,Fulham,0.22108189104620787
36,185,Abdoulaye Doucouré,MID,Everton,0.20421103897348705
36,372,Jamal Lewis,DEF,Newcastle,0.22108189104620787
36,372,Jamal Lewis,DEF,Newcastle,0.22108189104620787
36,643,Kobbie Mainoo,MID,Man Utd,0.20421103897348705
36,521,Tyrese Francois,MID,Fulham,0.20421103897348705
36,238,Illan Meslier,GK,Leeds,0.08531563522049047
36,438,Sergio Reguilón,DEF,Spurs,0.22108189104620787
36,701,Wout Weghorst,FWD,Man Utd,0.2632643955247712
36,646,Tristan Crama,DEF,Brentford,0.22108189104620787
36,120,Moisés Caicedo Corozo,MID,Brighton,0.20421103897348705
36,120,Moisés Caicedo Corozo,MID,Brighton,0.20421103897348705
36,762,Cameron Peupion,MID,Brighton,0.20421103897348705
36,762,Cameron Peupion,MID,Brighton,0.20421103897348705
36,511,Omar Richards,DEF,Nott'm Forest,0.22108189104620787
36,327,David De Gea Quintana,GK,Man Utd,0.08531563522049047
36,455,Lukasz Fabianski,GK,West Ham,0.08531563522049047
36,291,Curtis Jones,MID,Liverpool,0.20421103897348705
36,146,Reece James,DEF,Chelsea,0.22108189104620787
36,623,Duje Caleta-Car,DEF,Southampton,0.22108189104620787
36,216,Josh Onomah,MID,Fulham,0.20421103897348705
36,332,Luke Shaw,DEF,Man Utd,0.22108189104620787
36,669,Divin Mubama,FWD,West Ham,0.2632643955247712
36,591,Terry Ablade,FWD,Fulham,0.2632643955247712
36,258,Timothy Castagne,DEF,Leicester,0.22108189104620787
36,1,Cédric Alves Soares,DEF,Fulham,0.22108189104620787
36,18,Albert Sambi Lokonga,MID,Crystal Palace,0.20421103897348705
36,736,Odeluga Offiah,DEF,Brighton,0.22108189104620787
36,736,Odeluga Offiah,DEF,Brighton,0.22108189104620787
36,573,Rico Lewis,DEF,Man City,0.22108189104620787
36,697,Dominic Sadi,FWD,Bournemouth,0.2632643955247712
36,382,Brice Samba,GK,Nott'm Forest,0.08531563522049047
36,454,Richarlison de Andrade,FWD,Spurs,0.2632643955247712
36,176,Asmir Begović,GK,Everton,0.08531563522049047
36,525,Ludwig Augustinsson,DEF,Aston Villa,0.22108189104620787
36,215,Kenny Tete,DEF,Fulham,0.22108189104620787
36,356,Callum Wilson,FWD,Newcastle,0.2632643955247712
36,356,Callum Wilson,FWD,Newcastle,0.2632643955247712
36,625,Diego Da Silva Costa,FWD,Wolves,0.2632643955247712
36,8,Kieran Tierney,DEF,Arsenal,0.22108189104620787
36,300,Ilkay Gündogan,MID,Man City,0.20421103897348705
36,227,Patrick Bamford,FWD,Leeds,0.2632643955247712
36,432,Ben Davies,DEF,Spurs,0.22108189104620787
36,475,Conor Coady,DEF,Everton,0.22108189104620787
36,9,Nicolas Pépé,MID,Arsenal,0.20421103897348705
36,39,Tyrone Mings,DEF,Aston Villa,0.22108189104620787
36,532,Kevin Mbabu,DEF,Fulham,0.22108189104620787
36,449,Harvey White,MID,Spurs,0.20421103897348705
36,478,José Malheiro de Sá,GK,Wolves,0.08531563522049047
36,189,Demarai Gray,MID,Everton,0.20421103897348705
36,204,Neeskens Kebano,MID,Fulham,0.20421103897348705
36,217,Antonee Robinson,DEF,Fulham,0.22108189104620787
36,341,Aaron Wan-Bissaka,DEF,Man Utd,0.22108189104620787
36,629,Boubacar Traoré,MID,Wolves,0.20421103897348705
36,98,Dominic Thompson,DEF,Brentford,0.22108189104620787
36,722,Illia Zabarnyi,DEF,Bournemouth,0.22108189104620787
36,570,James Garner,MID,Everton,0.20421103897348705
36,589,Matheus Luiz Nunes,MID,Wolves,0.20421103897348705
36,657,Nathan Fraser,FWD,Wolves,0.2632643955247712
36,182,Jordan Pickford,GK,Everton,0.08531563522049047
36,104,Pascal Groß,MID,Brighton,0.20421103897348705
36,104,Pascal Groß,MID,Brighton,0.20421103897348705
36,121,Taylor Richards,MID,Brighton,0.20421103897348705
36,121,Taylor Richards,MID,Brighton,0.20421103897348705
36,628,Serge Aurier,DEF,Nott'm Forest,0.22108189104620787
36,362,Paul Dummett,DEF,Newcastle,0.22108189104620787
36,362,Paul Dummett,DEF,Newcastle,0.22108189104620787
36,610,Manuel Akanji,DEF,Man City,0.22108189104620787
36,578,Joel Robles,GK,Leeds,0.08531563522049047
36,22,Lucas Torreira di Pascua,MID,Arsenal,0.20421103897348705
36,480,Rúben da Silva Neves,MID,Wolves,0.20421103897348705
36,324,Stefan Ortega Moreno,GK,Man City,0.08531563522049047
36,31,Emiliano Martínez Romero,GK,Aston Villa,0.08531563522049047
36,754,Sebastian Revan,DEF,Aston Villa,0.22108189104620787
36,678,Isaac Price,MID,Everton,0.20421103897348705
36,74,Siriki Dembélé,MID,Bournemouth,0.20421103897348705
36,684,David Datro Fofana,FWD,Chelsea,0.2632643955247712
36,79,Christian Nørgaard,MID,Brentford,0.20421103897348705
36,462,Arthur Masuaku,DEF,West Ham,0.22108189104620787
36,704,Pablo Sarabia,MID,Wolves,0.20421103897348705
36,615,Matej Kovár,GK,Man Utd,0.08531563522049047
36,114,Tariq Lamptey,DEF,Brighton,0.22108189104620787
36,114,Tariq Lamptey,DEF,Brighton,0.22108189104620787
36,20,Pablo Marí Villar,DEF,Arsenal,0.22108189104620787
36,385,Scott McKenna,DEF,Nott'm Forest,0.22108189104620787
36,608,Sasa Kalajdzic,FWD,Wolves,0.2632643955247712
36,161,Jeffrey Schlupp,MID,Crystal Palace,0.20421103897348705
36,751,Reuell Walters,DEF,Arsenal,0.22108189104620787
36,348,Tom Heaton,GK,Man Utd,0.08531563522049047
36,699,Mykhailo Mudryk,MID,Chelsea,0.20421103897348705
36,546,Luke Harris,MID,Fulham,0.20421103897348705
36,723,Hamed Traorè,MID,Bournemouth,0.20421103897348705
36,46,Douglas Luiz Soares de Paulo,MID,Aston Villa,0.20421103897348705
36,498,Rhys Williams,DEF,Liverpool,0.22108189104620787
36,159,Jordan Ayew,MID,Crystal Palace,0.20421103897348705
36,351,Federico Fernández,DEF,Newcastle,0.22108189104620787
36,351,Federico Fernández,DEF,Newcastle,0.22108189104620787
36,738,Max Kinsey-Wellings,DEF,Bournemouth,0.22108189104620787
36,457,Aaron Cresswell,DEF,West Ham,0.22108189104620787
36,730,Felipe Augusto de Almeida Monteiro,DEF,Nott'm Forest,0.22108189104620787
36,284,Andrew Robertson,DEF,Liverpool,0.22108189104620787
36,469,Pablo Fornals Malla,MID,West Ham,0.20421103897348705
36,129,Marcos Alonso,DEF,Chelsea,0.22108189104620787
36,712,Máximo Perrone,MID,Man City,0.20421103897348705
36,482,Nélson Cabral Semedo,DEF,Wolves,0.22108189104620787
36,427,Harry Kane,FWD,Spurs,0.2632643955247712
36,77,Will Dennis,GK,Bournemouth,0.08531563522049047
36,125,Julio Enciso,FWD,Brighton,0.2632643955247712
36,125,Julio Enciso,FWD,Brighton,0.2632643955247712
36,752,Michael Olakigbe,MID,Brentford,0.20421103897348705
36,28,Gabriel Fernando de Jesus,FWD,Arsenal,0.2632643955247712
36,38,Kortney Hause,DEF,Aston Villa,0.22108189104620787
36,193,Ben Godfrey,DEF,Everton,0.22108189104620787
36,705,Dango Ouattara,MID,Bournemouth,0.20421103897348705
36,219,Jay Stansfield,FWD,Fulham,0.2632643955247712
36,342,Diogo Dalot Teixeira,DEF,Man Utd,0.22108189104620787
36,343,Brandon Williams,DEF,Man Utd,0.22108189104620787
36,419,Tino Livramento,DEF,Southampton,0.22108189104620787
36,569,Alejandro Garnacho,MID,Man Utd,0.20421103897348705
36,634,John-Kymani Gordon,FWD,Crystal Palace,0.2632643955247712
36,386,Mohamed Dräger,DEF,Nott'm Forest,0.22108189104620787
36,749,George Shelvey,GK,Nott'm Forest,0.08531563522049047
36,680,Cody Gakpo,MID,Liverpool,0.20421103897348705
36,51,Anwar El Ghazi,MID,Aston Villa,0.20421103897348705
36,683,Garang Kuol,MID,Newcastle,0.20421103897348705
36,683,Garang Kuol,MID,Newcastle,0.20421103897348705
36,226,Stuart Dallas,DEF,Leeds,0.22108189104620787
36,167,Marc Guéhi,DEF,Crystal Palace,0.22108189104620787
36,232,Raphael Dias Belloli,MID,Leeds,0.20421103897348705
36,759,Marc Jurado Gomez,DEF,Man Utd,0.22108189104620787
36,637,Kyle John,DEF,Everton,0.22108189104620787
36,580,Mikkel Damsgaard,MID,Brentford,0.20421103897348705
36,679,Facundo Buonanotte,MID,Brighton,0.20421103897348705
36,679,Facundo Buonanotte,MID,Brighton,0.20421103897348705
36,29,Philippe Coutinho Correia,MID,Aston Villa,0.20421103897348705
36,522,Djed Spence,DEF,Spurs,0.22108189104620787
36,358,Dan Burn,DEF,Newcastle,0.22108189104620787
36,358,Dan Burn,DEF,Newcastle,0.22108189104620787
36,162,Jack Butland,GK,Man Utd,0.08531563522049047
36,132,Mateo Kovacic,MID,Chelsea,0.20421103897348705
36,765,Imari Samuels,DEF,Brighton,0.22108189104620787
36,765,Imari Samuels,DEF,Brighton,0.22108189104620787
36,685,Nathan Butler-Oyedeji,FWD,Arsenal,0.2632643955247712
36,181,Dele Alli,MID,Everton,0.20421103897348705
36,228,Diego Llorente,DEF,Leeds,0.22108189104620787
36,717,Daniel Bentley,GK,Wolves,0.08531563522049047
36,756,Tom McGill,GK,Brighton,0.08531563522049047
36,756,Tom McGill,GK,Brighton,0.08531563522049047
36,173,Malcolm Ebiowei,MID,Crystal Palace,0.20421103897348705
36,126,Kacper Kozłowski,MID,Brighton,0.20421103897348705
36,126,Kacper Kozłowski,MID,Brighton,0.20421103897348705
36,466,Nikola Vlasic,MID,West Ham,0.20421103897348705
36,764,Matthew Craig,MID,Spurs,0.20421103897348705
36,644,Owen Goodman,GK,Crystal Palace,0.08531563522049047
36,627,Eldin Jakupovic,GK,Everton,0.08531563522049047
36,453,Troy Parrott,FWD,Spurs,0.2632643955247712
36,60,David Brooks,MID,Bournemouth,0.20421103897348705
36,444,Yves Bissouma,MID,Spurs,0.20421103897348705
36,289,Caoimhin Kelleher,GK,Liverpool,0.08531563522049047
36,636,Stefan Parkes,DEF,Fulham,0.22108189104620787
36,497,Adrián San Miguel del Castillo,GK,Liverpool,0.08531563522049047
36,148,Conor Gallagher,MID,Chelsea,0.20421103897348705
36,631,Lino Sousa,DEF,Arsenal,0.22108189104620787
36,520,Kalidou Koulibaly,DEF,Chelsea,0.22108189104620787
36,677,Jack Hinshelwood,MID,Brighton,0.20421103897348705
36,677,Jack Hinshelwood,MID,Brighton,0.20421103897348705
36,109,Joël Veltman,DEF,Brighton,0.22108189104620787
36,109,Joël Veltman,DEF,Brighton,0.22108189104620787
36,53,Boubacar Kamara,MID,Aston Villa,0.20421103897348705
36,151,Ethan Ampadu,DEF,Chelsea,0.22108189104620787
36,725,Naouirou Ahamada,MID,Crystal Palace,0.20421103897348705
36,537,Kaine Kesler Hayden,DEF,Aston Villa,0.22108189104620787
36,407,James Ward-Prowse,MID,Southampton,0.20421103897348705
36,36,Morgan Sanson,MID,Aston Villa,0.20421103897348705
36,240,Crysencio Summerville,MID,Leeds,0.20421103897348705
36,330,Harry Maguire,DEF,Man Utd,0.22108189104620787
36,741,Lewis Miley,MID,Newcastle,0.20421103897348705
36,741,Lewis Miley,MID,Newcastle,0.20421103897348705
36,336,Donny van de Beek,MID,Man Utd,0.20421103897348705
36,127,César Azpilicueta,DEF,Chelsea,0.22108189104620787
36,340,Jadon Sancho,MID,Man Utd,0.20421103897348705
36,504,Tyrell Malacia,DEF,Man Utd,0.22108189104620787
36,241,Lewis Bate,MID,Leeds,0.20421103897348705
36,286,Joseph Gomez,DEF,Liverpool,0.22108189104620787
36,88,Mathias Jensen,MID,Brentford,0.20421103897348705
36,412,Nathan Tella,MID,Southampton,0.20421103897348705
36,674,Rhys Bennett,DEF,Man Utd,0.22108189104620787
36,544,Jan Paul van Hecke,DEF,Brighton,0.22108189104620787
36,544,Jan Paul van Hecke,DEF,Brighton,0.22108189104620787
36,448,Ivan Perišić,DEF,Spurs,0.22108189104620787
36,11,Eddie Nketiah,FWD,Arsenal,0.2632643955247712
36,144,Callum Hudson-Odoi,MID,Chelsea,0.20421103897348705
36,488,Fabio Silva,FWD,Wolves,0.2632643955247712
36,280,Virgil van Dijk,DEF,Liverpool,0.22108189104620787
36,188,Yerry Mina,DEF,Everton,0.22108189104620787
36,55,Jaden Philogene-Bidace,MID,Aston Villa,0.20421103897348705
36,582,Remo Freuler,MID,Nott'm Forest,0.20421103897348705
36,375,Jeff Hendrick,MID,Newcastle,0.20421103897348705
36,375,Jeff Hendrick,MID,Newcastle,0.20421103897348705
36,446,Dejan Kulusevski,MID,Spurs,0.20421103897348705
36,45,Leon Bailey,MID,Aston Villa,0.20421103897348705
36,261,James Maddison,MID,Leicester,0.20421103897348705
36,590,Joseph Whitworth,GK,Crystal Palace,0.08531563522049047
36,316,Cole Palmer,MID,Man City,0.20421103897348705
36,435,Davinson Sánchez,DEF,Spurs,0.22108189104620787
36,304,Raheem Sterling,MID,Chelsea,0.20421103897348705
36,275,Jordan Henderson,MID,Liverpool,0.20421103897348705
36,516,Nathan Collins,DEF,Wolves,0.22108189104620787
36,140,Christian Pulisic,MID,Chelsea,0.20421103897348705
36,75,Jaidon Anthony,MID,Bournemouth,0.20421103897348705
36,235,Pascal Struijk,DEF,Leeds,0.22108189104620787
36,367,Matt Targett,DEF,Newcastle,0.22108189104620787
36,367,Matt Targett,DEF,Newcastle,0.22108189104620787
36,748,Romaine Mundle,MID,Spurs,0.20421103897348705
36,401,Alex McCarthy,GK,Southampton,0.08531563522049047
36,600,Ben Knight,MID,Man City,0.20421103897348705
36,61,Jamal Lowe,MID,Bournemouth,0.20421103897348705
36,682,Matheus Santos Carneiro Da Cunha,FWD,Wolves,0.2632643955247712
36,387,Ryan Yates,MID,Nott'm Forest,0.20421103897348705
36,297,Darwin Núñez Ribeiro,FWD,Liverpool,0.2632643955247712
36,734,André Ayew,MID,Nott'm Forest,0.20421103897348705
36,32,Calum Chambers,DEF,Aston Villa,0.22108189104620787
36,178,Seamus Coleman,DEF,Everton,0.22108189104620787
36,624,Samuel Edozie,MID,Southampton,0.20421103897348705
36,218,Rodrigo Muniz Carvalho,FWD,Fulham,0.2632643955247712
36,400,Theo Walcott,MID,Southampton,0.20421103897348705
36,245,Marc Roca Junqué,MID,Leeds,0.20421103897348705
36,463,Vladimir Coufal,DEF,West Ham,0.22108189104620787
36,105,Shane Duffy,DEF,Fulham,0.22108189104620787
36,56,Frédéric Guilbert,DEF,Aston Villa,0.22108189104620787
36,244,Rasmus Kristensen,DEF,Leeds,0.22108189104620787
36,303,Riyad Mahrez,MID,Man City,0.20421103897348705
36,593,Carlos Henrique Casimiro,MID,Man Utd,0.20421103897348705
36,618,Carlos Vinícius Alves Morais,FWD,Fulham,0.2632643955247712
36,733,Pedro Porro,DEF,Spurs,0.22108189104620787
36,30,Danny Ings,FWD,West Ham,0.2632643955247712
36,179,Andros Townsend,MID,Everton,0.20421103897348705
36,602,Renan Augusto Lodi dos Santos,DEF,Nott'm Forest,0.22108189104620787
36,535,Marcus Tavernier,MID,Bournemouth,0.20421103897348705
36,214,Ivan Neves Abreu Cavaleiro,MID,Fulham,0.20421103897348705
36,349,Jonjo Shelvey,MID,Nott'm Forest,0.20421103897348705
36,757,Ishé Samuels-Smith,DEF,Everton,0.22108189104620787
36,337,Victor Lindelöf,DEF,Man Utd,0.22108189104620787
36,369,Miguel Almirón Rejala,MID,Newcastle,0.20421103897348705
36,369,Miguel Almirón Rejala,MID,Newcastle,0.20421103897348705
36,166,Odsonne Edouard,FWD,Crystal Palace,0.2632643955247712
36,668,Amario Cozier-Duberry,MID,Arsenal,0.20421103897348705
36,652,James Furlong,DEF,Brighton,0.22108189104620787
36,652,James Furlong,DEF,Brighton,0.22108189104620787
36,155,Christian Benteke,FWD,Crystal Palace,0.2632643955247712
36,49,Tim Iroegbunam,MID,Aston Villa,0.20421103897348705
36,380,Lyle Taylor,FWD,Nott'm Forest,0.2632643955247712
36,381,Jack Colback,MID,Nott'm Forest,0.20421103897348705
36,552,Elliot Anderson,MID,Newcastle,0.20421103897348705
36,552,Elliot Anderson,MID,Newcastle,0.20421103897348705
36,123,Deniz Undav,FWD,Brighton,0.2632643955247712
36,123,Deniz Undav,FWD,Brighton,0.2632643955247712
36,607,Matthew Smith,MID,Arsenal,0.20421103897348705
36,200,Tom Cairney,MID,Fulham,0.20421103897348705
36,619,Wilfried Gnonto,FWD,Leeds,0.2632643955247712
36,477,Jonathan Castro Otto,DEF,Wolves,0.22108189104620787
36,576,Marcos Senesi,DEF,Bournemouth,0.22108189104620787
36,259,Youri Tielemans,MID,Leicester,0.20421103897348705
36,753,James Wright,GK,Aston Villa,0.08531563522049047
36,389,Jonathan Panzo,DEF,Nott'm Forest,0.22108189104620787
36,648,Ryan Finnigan,MID,Southampton,0.20421103897348705
36,417,Romain Perraud,DEF,Southampton,0.22108189104620787
36,711,Jhon Durán,FWD,Aston Villa,0.2632643955247712
36,236,Kristoffer Klaesson,GK,Leeds,0.08531563522049047
36,211,Harrison Reed,MID,Fulham,0.20421103897348705
36,296,Fábio Freitas Gouveia Carvalho,MID,Liverpool,0.20421103897348705
36,513,Clément Lenglet,DEF,Spurs,0.22108189104620787
36,116,Alexis Mac Allister,MID,Brighton,0.20421103897348705
36,116,Alexis Mac Allister,MID,Brighton,0.20421103897348705
36,645,Joe Wormleighton,DEF,Leicester,0.22108189104620787
36,169,Eberechi Eze,MID,Crystal Palace,0.20421103897348705
36,344,Anthony Elanga,MID,Man Utd,0.20421103897348705
36,293,Luis Díaz,MID,Liverpool,0.20421103897348705
36,205,Bobby De Cordova-Reid,MID,Fulham,0.20421103897348705
36,334,Alex Telles,DEF,Man Utd,0.22108189104620787
36,587,Sergio Gómez,DEF,Man City,0.22108189104620787
36,374,Bruno Guimarães Rodriguez Moura,MID,Newcastle,0.20421103897348705
36,374,Bruno Guimarães Rodriguez Moura,MID,Newcastle,0.20421103897348705
36,16,Gabriel dos Santos Magalhães,DEF,Arsenal,0.22108189104620787
36,670,Filip Marschall,GK,Aston Villa,0.08531563522049047
36,545,Emerson Palmieri dos Santos,DEF,West Ham,0.22108189104620787
36,7,Martin Ødegaard,MID,Arsenal,0.20421103897348705
36,503,João Filipe Iria Santos Moutinho,MID,Wolves,0.20421103897348705
36,92,Ethan Pinnock,DEF,Brentford,0.22108189104620787
36,347,Facundo Pellistri Rebollo,MID,Man Utd,0.20421103897348705
36,23,Reiss Nelson,MID,Arsenal,0.20421103897348705
36,579,Gonçalo Manuel Ganchinho Guedes,MID,Wolves,0.20421103897348705
36,152,Vicente Guaita,GK,Crystal Palace,0.08531563522049047
36,268,James Justin,DEF,Leicester,0.22108189104620787
36,662,Thomas Cannon,FWD,Everton,0.2632643955247712
36,267,Çaglar Söyüncü,DEF,Leicester,0.22108189104620787
36,425,Hugo Lloris,GK,Spurs,0.08531563522049047
36,376,Nick Pope,GK,Newcastle,0.08531563522049047
36,376,Nick Pope,GK,Newcastle,0.08531563522049047
36,441,Oliver Skipp,MID,Spurs,0.20421103897348705
36,436,Ryan Sessegnon,DEF,Spurs,0.22108189104620787
36,538,Ashley Young,DEF,Aston Villa,0.22108189104620787
36,119,Jeremy Sarmiento Morante,MID,Brighton,0.20421103897348705
36,119,Jeremy Sarmiento Morante,MID,Brighton,0.20421103897348705
36,70,Philip Billing,MID,Bournemouth,0.20421103897348705
37,403,Nathan Redmond,MID,Southampton,0.2042110389734871
37,58,Junior Stanislas,MID,Bournemouth,0.2042110389734871
37,150,Armando Broja,FWD,Chelsea,0.26326439552477127
37,150,Armando Broja,FWD,Chelsea,0.26326439552477127
37,366,Fabian Schär,DEF,Newcastle,0.2210818910462079
37,742,Jeremiah Chilokoa-Mullen,DEF,Leeds,0.2210818910462079
37,249,Jonny Evans,DEF,Leicester,0.2210818910462079
37,724,Enzo Fernández,MID,Chelsea,0.2042110389734871
37,724,Enzo Fernández,MID,Chelsea,0.2042110389734871
37,394,Brennan Johnson,FWD,Nott'm Forest,0.26326439552477127
37,514,Cheick Doucouré,MID,Crystal Palace,0.2042110389734871
37,553,Oliver Hammond,MID,Nott'm Forest,0.2042110389734871
37,485,Luke Cundle,MID,Wolves,0.2042110389734871
37,540,Fin Stevens,DEF,Brentford,0.2210818910462079
37,451,Brandon Austin,GK,Spurs,0.08531563522049047
37,158,Luka Milivojevic,MID,Crystal Palace,0.2042110389734871
37,747,George Wickens,GK,Fulham,0.08531563522049047
37,272,Wesley Fofana,DEF,Chelsea,0.2210818910462079
37,272,Wesley Fofana,DEF,Chelsea,0.2210818910462079
37,529,Gianluca Scamacca,FWD,West Ham,0.26326439552477127
37,281,Alisson Ramses Becker,GK,Liverpool,0.08531563522049047
37,411,Che Adams,FWD,Southampton,0.26326439552477127
37,237,Sam Greenwood,FWD,Leeds,0.26326439552477127
37,750,Charlie Robinson,DEF,Fulham,0.2210818910462079
37,203,Nathaniel Chalobah,MID,Fulham,0.2042110389734871
37,501,Nathaniel Phillips,DEF,Liverpool,0.2210818910462079
37,770,Dominic Ballard,FWD,Southampton,0.26326439552477127
37,393,Loïc Mbe Soh,DEF,Nott'm Forest,0.2210818910462079
37,743,Diogo Pinheiro Monteiro,DEF,Leeds,0.2210818910462079
37,102,Jason Steele,GK,Brighton,0.08531563522049047
37,102,Jason Steele,GK,Brighton,0.08531563522049047
37,660,Shola Shoretire,FWD,Man Utd,0.26326439552477127
37,660,Shola Shoretire,FWD,Man Utd,0.26326439552477127
37,209,Tosin Adarabioyo,DEF,Fulham,0.2210818910462079
37,325,Kalvin Phillips,MID,Man City,0.2042110389734871
37,325,Kalvin Phillips,MID,Man City,0.2042110389734871
37,383,Carlos Ribeiro Dias,MID,Nott'm Forest,0.2042110389734871
37,213,Marek Rodák,GK,Fulham,0.08531563522049047
37,359,Ryan Fraser,MID,Newcastle,0.2042110389734871
37,774,Nico O'Reilly,MID,Man City,0.2042110389734871
37,774,Nico O'Reilly,MID,Man City,0.2042110389734871
37,702,Andrey Nascimento dos Santos,MID,Chelsea,0.2042110389734871
37,702,Andrey Nascimento dos Santos,MID,Chelsea,0.2042110389734871
37,270,Luke Thomas,DEF,Leicester,0.2210818910462079
37,353,Karl Darlow,GK,Newcastle,0.08531563522049047
37,315,Rodrigo Hernandez,MID,Man City,0.2042110389734871
37,315,Rodrigo Hernandez,MID,Man City,0.2042110389734871
37,326,Cristiano Ronaldo dos Santos Aveiro,FWD,Man Utd,0.26326439552477127
37,326,Cristiano Ronaldo dos Santos Aveiro,FWD,Man Utd,0.26326439552477127
37,426,Fraser Forster,GK,Spurs,0.08531563522049047
37,278,Alex Oxlade-Chamberlain,MID,Liverpool,0.2042110389734871
37,630,Ethan Nwaneri,MID,Arsenal,0.2042110389734871
37,305,Jack Grealish,MID,Man City,0.2042110389734871
37,305,Jack Grealish,MID,Man City,0.2042110389734871
37,317,James McAtee,MID,Man City,0.2042110389734871
37,317,James McAtee,MID,Man City,0.2042110389734871
37,415,Will Smallbone,MID,Southampton,0.2042110389734871
37,641,Martial Godo,MID,Fulham,0.2042110389734871
37,354,Chris Wood,FWD,Nott'm Forest,0.26326439552477127
37,571,Darren Randolph,GK,Bournemouth,0.08531563522049047
37,479,Leander Dendoncker,MID,Aston Villa,0.2042110389734871
37,729,Keylor Navas,GK,Nott'm Forest,0.08531563522049047
37,183,Allan Marques Loureiro,MID,Everton,0.2042110389734871
37,290,Ibrahima Konaté,DEF,Liverpool,0.2210818910462079
37,210,Aleksandar Mitrović,FWD,Fulham,0.26326439552477127
37,519,Christian Eriksen,MID,Man Utd,0.2042110389734871
37,519,Christian Eriksen,MID,Man Utd,0.2042110389734871
37,373,Joe Willock,MID,Newcastle,0.2042110389734871
37,494,Yerson Mosquera Valdelamar,DEF,Wolves,0.2210818910462079
37,321,Roméo Lavia,MID,Southampton,0.2042110389734871
37,686,Ellis Simms,FWD,Everton,0.26326439552477127
37,84,Kristoffer Ajer,DEF,Brentford,0.2210818910462079
37,585,Emmanuel Dennis,FWD,Nott'm Forest,0.26326439552477127
37,681,Gustavo Henrique Furtado Scarpa,MID,Nott'm Forest,0.2042110389734871
37,163,Will Hughes,MID,Crystal Palace,0.2042110389734871
37,512,Joe Ayodele-Aribo,MID,Southampton,0.2042110389734871
37,536,Orel Mangala,MID,Nott'm Forest,0.2042110389734871
37,496,Luke Plange,FWD,Crystal Palace,0.26326439552477127
37,443,Cristian Romero,DEF,Spurs,0.2210818910462079
37,233,Jack Harrison,MID,Leeds,0.2042110389734871
37,575,Maxwel Cornet,MID,West Ham,0.2042110389734871
37,508,Luis Sinisterra Lucumí,MID,Leeds,0.2042110389734871
37,157,Nathaniel Clyne,DEF,Crystal Palace,0.2210818910462079
37,405,Stuart Armstrong,MID,Southampton,0.2042110389734871
37,402,Oriol Romeu Vidal,MID,Southampton,0.2042110389734871
37,229,Tyler Roberts,MID,Leeds,0.2042110389734871
37,638,Lamare Bogarde,DEF,Aston Villa,0.2210818910462079
37,555,Harrison Ashby,DEF,Newcastle,0.2210818910462079
37,273,Lewis Brunt,DEF,Leicester,0.2210818910462079
37,350,Matt Ritchie,DEF,Newcastle,0.2210818910462079
37,253,Jannik Vestergaard,DEF,Leicester,0.2210818910462079
37,118,Enock Mwepu,MID,Brighton,0.2042110389734871
37,118,Enock Mwepu,MID,Brighton,0.2042110389734871
37,141,Trevoh Chalobah,DEF,Chelsea,0.2210818910462079
37,141,Trevoh Chalobah,DEF,Chelsea,0.2210818910462079
37,530,Chris Richards,DEF,Crystal Palace,0.2210818910462079
37,649,Cameron Plain,GK,Bournemouth,0.08531563522049047
37,288,Diogo Teixeira da Silva,FWD,Liverpool,0.26326439552477127
37,755,Travis Patterson,MID,Aston Villa,0.2042110389734871
37,355,Martin Dubravka,GK,Newcastle,0.08531563522049047
37,225,Rodrigo Moreno,MID,Leeds,0.2042110389734871
37,737,Ben Greenwood,DEF,Bournemouth,0.2210818910462079
37,490,Francisco Jorge Tomás Oliveira,MID,Wolves,0.2042110389734871
37,420,Mohammed Salisu,DEF,Southampton,0.2210818910462079
37,331,Frederico Rodrigues de Paula Santos,MID,Man Utd,0.2042110389734871
37,331,Frederico Rodrigues de Paula Santos,MID,Man Utd,0.2042110389734871
37,117,Jakub Moder,MID,Brighton,0.2042110389734871
37,117,Jakub Moder,MID,Brighton,0.2042110389734871
37,603,Lucas Tolentino Coelho de Lima,MID,West Ham,0.2042110389734871
37,168,Jean-Philippe Mateta,FWD,Crystal Palace,0.26326439552477127
37,177,Salomón Rondón,FWD,Everton,0.26326439552477127
37,221,Liam Cooper,DEF,Leeds,0.2210818910462079
37,665,Ben Doak,MID,Liverpool,0.2042110389734871
37,594,Alexander Isak,FWD,Newcastle,0.26326439552477127
37,713,Arnaut Danjuma,MID,Spurs,0.2042110389734871
37,318,Erling Haaland,FWD,Man City,0.26326439552477127
37,318,Erling Haaland,FWD,Man City,0.26326439552477127
37,745,Oliwier Zych,GK,Aston Villa,0.08531563522049047
37,706,Euan Pollock,FWD,Bournemouth,0.26326439552477127
37,726,Sasa Lukic,MID,Fulham,0.2042110389734871
37,67,Lewis Cook,MID,Bournemouth,0.2042110389734871
37,495,Remi Matthews,GK,Crystal Palace,0.08531563522049047
37,314,Phil Foden,MID,Man City,0.2042110389734871
37,314,Phil Foden,MID,Man City,0.2042110389734871
37,676,David Ozoh,MID,Crystal Palace,0.2042110389734871
37,622,Juan Larios López,DEF,Southampton,0.2210818910462079
37,298,Calvin Ramsay,DEF,Liverpool,0.2210818910462079
37,650,Yegor Yarmolyuk,MID,Brentford,0.2042110389734871
37,703,Danilo dos Santos de Oliveira,MID,Nott'm Forest,0.2042110389734871
37,379,Steve Cook,DEF,Nott'm Forest,0.2210818910462079
37,250,Ryan Bertrand,DEF,Leicester,0.2210818910462079
37,692,Mislav Orsic,MID,Southampton,0.2042110389734871
37,528,Sékou Mara,FWD,Southampton,0.26326439552477127
37,338,Scott McTominay,MID,Man Utd,0.2042110389734871
37,338,Scott McTominay,MID,Man Utd,0.2042110389734871
37,390,Xande Nascimento da Costa Silva,MID,Nott'm Forest,0.2042110389734871
37,398,Dean Henderson,GK,Nott'm Forest,0.08531563522049047
37,65,Jack Stacey,DEF,Bournemouth,0.2210818910462079
37,192,Mason Holgate,DEF,Everton,0.2210818910462079
37,115,Steven Alzate,MID,Brighton,0.2042110389734871
37,115,Steven Alzate,MID,Brighton,0.2042110389734871
37,223,Mateusz Klich,MID,Leeds,0.2042110389734871
37,671,Jimmy Morgan,FWD,Southampton,0.26326439552477127
37,423,Armel Bella-Kotchap,DEF,Southampton,0.2210818910462079
37,21,Ainsley Maitland-Niles,MID,Southampton,0.2042110389734871
37,274,James Milner,MID,Liverpool,0.2042110389734871
37,515,Keane Lewis-Potter,MID,Brentford,0.2042110389734871
37,301,Kevin De Bruyne,MID,Man City,0.2042110389734871
37,301,Kevin De Bruyne,MID,Man City,0.2042110389734871
37,500,Sepp van den Berg,DEF,Liverpool,0.2210818910462079
37,242,Joe Gelhardt,FWD,Leeds,0.26326439552477127
37,50,Diego Carlos Santos Silva,DEF,Aston Villa,0.2210818910462079
37,763,Matthew Dibley-Dias,MID,Fulham,0.2042110389734871
37,431,Lucas Rodrigues Moura da Silva,MID,Spurs,0.2042110389734871
37,526,Ben Mee,DEF,Brentford,0.2210818910462079
37,659,Mateo Joseph Fernández,FWD,Leeds,0.26326439552477127
37,687,Kasey McAteer,MID,Leicester,0.2042110389734871
37,27,Marcus Oliveira Alencar,MID,Arsenal,0.2042110389734871
37,718,Matías Viña,DEF,Bournemouth,0.2210818910462079
37,231,Daniel James,MID,Fulham,0.2042110389734871
37,690,João Félix Sequeira,FWD,Chelsea,0.26326439552477127
37,690,João Félix Sequeira,FWD,Chelsea,0.26326439552477127
37,306,João Cancelo,DEF,Man City,0.2210818910462079
37,306,João Cancelo,DEF,Man City,0.2210818910462079
37,333,Bruno Borges Fernandes,MID,Man Utd,0.2042110389734871
37,333,Bruno Borges Fernandes,MID,Man Utd,0.2042110389734871
37,506,Tyler Adams,MID,Leeds,0.2042110389734871
37,352,Ciaran Clark,DEF,Newcastle,0.2210818910462079
37,598,Owen Bevan,DEF,Bournemouth,0.2210818910462079
37,72,Mark Travers,GK,Bournemouth,0.08531563522049047
37,775,Alfie Gilchrist,DEF,Chelsea,0.2210818910462079
37,775,Alfie Gilchrist,DEF,Chelsea,0.2210818910462079
37,76,Jordan Zemura,DEF,Bournemouth,0.2210818910462079
37,5,Rob Holding,DEF,Arsenal,0.2210818910462079
37,767,Mauro Bandeira,MID,Arsenal,0.2042110389734871
37,80,Ivan Toney,FWD,Brentford,0.26326439552477127
37,78,Pontus Jansson,DEF,Brentford,0.2210818910462079
37,41,Marvelous Nakamba,MID,Aston Villa,0.2042110389734871
37,252,Nampalys Mendy,MID,Leicester,0.2042110389734871
37,25,Fábio Ferreira Vieira,MID,Arsenal,0.2042110389734871
37,633,Matthew Cox,GK,Brentford,0.08531563522049047
37,666,Dale Taylor,FWD,Nott'm Forest,0.26326439552477127
37,59,Ryan Fredericks,DEF,Bournemouth,0.2210818910462079
37,560,Stanley Mills,MID,Everton,0.2042110389734871
37,583,Cheikhou Kouyaté,MID,Nott'm Forest,0.2042110389734871
37,461,Kurt Zouma,DEF,West Ham,0.2210818910462079
37,320,Luke Mbete-Tabu,DEF,Man City,0.2210818910462079
37,320,Luke Mbete-Tabu,DEF,Man City,0.2210818910462079
37,572,Armstrong Oko-Flex,MID,West Ham,0.2042110389734871
37,397,Taiwo Awoniyi,FWD,Nott'm Forest,0.26326439552477127
37,434,Harry Winks,MID,Spurs,0.2042110389734871
37,559,Levi Colwill,DEF,Brighton,0.2210818910462079
37,559,Levi Colwill,DEF,Brighton,0.2210818910462079
37,642,Kofi Balmer,DEF,Crystal Palace,0.2210818910462079
37,256,Ricardo Barbosa Pereira,DEF,Leicester,0.2210818910462079
37,418,Moussa Djenepo,MID,Southampton,0.2042110389734871
37,493,Morgan Gibbs-White,MID,Nott'm Forest,0.2042110389734871
37,99,Mads Bidstrup,MID,Brentford,0.2042110389734871
37,621,Loïc Badé,DEF,Nott'm Forest,0.2210818910462079
37,69,Ryan Christie,MID,Bournemouth,0.2042110389734871
37,586,Pervis Estupiñán,DEF,Brighton,0.2210818910462079
37,586,Pervis Estupiñán,DEF,Brighton,0.2210818910462079
37,48,Carney Chukwuemeka,MID,Chelsea,0.2042110389734871
37,48,Carney Chukwuemeka,MID,Chelsea,0.2042110389734871
37,43,Matty Cash,DEF,Aston Villa,0.2210818910462079
37,311,Bernardo Veiga de Carvalho e Silva,MID,Man City,0.2042110389734871
37,311,Bernardo Veiga de Carvalho e Silva,MID,Man City,0.2042110389734871
37,363,Javier Manquillo Gaitán,DEF,Newcastle,0.2210818910462079
37,34,Bertrand Traoré,MID,Aston Villa,0.2042110389734871
37,584,Bobby Clark,MID,Liverpool,0.2042110389734871
37,329,Raphaël Varane,DEF,Man Utd,0.2210818910462079
37,329,Raphaël Varane,DEF,Man Utd,0.2210818910462079
37,735,Wanya Marçal-Madivadua,MID,Leicester,0.2042110389734871
37,547,Cody Drameh,DEF,Leeds,0.2210818910462079
37,194,Vitalii Mykolenko,DEF,Everton,0.2210818910462079
37,299,Kyle Walker,DEF,Man City,0.2210818910462079
37,299,Kyle Walker,DEF,Man City,0.2210818910462079
37,502,Scott Carson,GK,Man City,0.08531563522049047
37,502,Scott Carson,GK,Man City,0.08531563522049047
37,66,Dominic Solanke,FWD,Bournemouth,0.26326439552477127
37,86,Vitaly Janelt,MID,Brentford,0.2042110389734871
37,113,Robert Sánchez,GK,Brighton,0.08531563522049047
37,113,Robert Sánchez,GK,Brighton,0.08531563522049047
37,147,Edouard Mendy,GK,Chelsea,0.08531563522049047
37,147,Edouard Mendy,GK,Chelsea,0.08531563522049047
37,222,Luke Ayling,DEF,Leeds,0.2210818910462079
37,761,Tommi O'Reilly,MID,Aston Villa,0.2042110389734871
37,339,Eric Bailly,DEF,Man Utd,0.2210818910462079
37,339,Eric Bailly,DEF,Man Utd,0.2210818910462079
37,558,Hugo Bueno López,DEF,Wolves,0.2210818910462079
37,561,Lewis Warrington,MID,Everton,0.2042110389734871
37,433,Pierre-Emile Højbjerg,MID,Spurs,0.2042110389734871
37,601,Kaden Rodney,MID,Crystal Palace,0.2042110389734871
37,172,Jesurun Rak-Sakyi,MID,Crystal Palace,0.2042110389734871
37,164,Jairo Riedewald,MID,Crystal Palace,0.2042110389734871
37,467,Declan Rice,MID,West Ham,0.2042110389734871
37,257,Daniel Amartey,DEF,Leicester,0.2210818910462079
37,731,Kamaldeen Sulemana,MID,Southampton,0.2042110389734871
37,195,Anthony Gordon,MID,Newcastle,0.2042110389734871
37,81,David Raya Martin,GK,Brentford,0.08531563522049047
37,447,Dane Scarlett,FWD,Spurs,0.26326439552477127
37,510,Aaron Hickey,DEF,Brentford,0.2210818910462079
37,721,João Victor Gomes da Silva,MID,Wolves,0.2042110389734871
37,531,Rúben Nascimento Vinagre,DEF,Everton,0.2210818910462079
37,639,Sammy Braybrooke,MID,Leicester,0.2042110389734871
37,107,Solly March,MID,Brighton,0.2042110389734871
37,107,Solly March,MID,Brighton,0.2042110389734871
37,691,Maximilian Wöber,DEF,Leeds,0.2210818910462079
37,773,Shea Charles,MID,Man City,0.2042110389734871
37,773,Shea Charles,MID,Man City,0.2042110389734871
37,361,Dwight Gayle,FWD,Newcastle,0.26326439552477127
37,246,Brenden Aaronson,MID,Leeds,0.2042110389734871
37,254,Danny Ward,GK,Leicester,0.08531563522049047
37,165,Joachim Andersen,DEF,Crystal Palace,0.2210818910462079
37,542,Kjell Scherpen,GK,Brighton,0.08531563522049047
37,542,Kjell Scherpen,GK,Brighton,0.08531563522049047
37,404,Jack Stephens,DEF,Bournemouth,0.2210818910462079
37,154,James McArthur,MID,Crystal Palace,0.2042110389734871
37,265,Wilfred Ndidi,MID,Leicester,0.2042110389734871
37,307,Ederson Santana de Moraes,GK,Man City,0.08531563522049047
37,307,Ederson Santana de Moraes,GK,Man City,0.08531563522049047
37,456,Angelo Ogbonna,DEF,West Ham,0.2210818910462079
37,465,Jarrod Bowen,MID,West Ham,0.2042110389734871
37,492,Matija Šarkić,GK,Wolves,0.08531563522049047
37,708,Noni Madueke,MID,Chelsea,0.2042110389734871
37,708,Noni Madueke,MID,Chelsea,0.2042110389734871
37,143,Malang Sarr,DEF,Chelsea,0.2210818910462079
37,143,Malang Sarr,DEF,Chelsea,0.2210818910462079
37,202,Anthony Knockaert,MID,Fulham,0.2042110389734871
37,647,Lewis Payne,MID,Southampton,0.2042110389734871
37,442,Joe Rodon,DEF,Spurs,0.2210818910462079
37,345,Anthony Martial,FWD,Man Utd,0.26326439552477127
37,345,Anthony Martial,FWD,Man Utd,0.26326439552477127
37,499,Ben Davies,DEF,Liverpool,0.2210818910462079
37,410,Jan Bednarek,DEF,Southampton,0.2210818910462079
37,95,Bryan Mbeumo,FWD,Brentford,0.26326439552477127
37,287,Naby Keita,MID,Liverpool,0.2042110389734871
37,565,Archie Gray,MID,Leeds,0.2042110389734871
37,577,Amadou Onana,MID,Everton,0.2042110389734871
37,651,Andrew Moran,MID,Brighton,0.2042110389734871
37,651,Andrew Moran,MID,Brighton,0.2042110389734871
37,550,Amad Diallo,MID,Man Utd,0.2042110389734871
37,550,Amad Diallo,MID,Man Utd,0.2042110389734871
37,739,Joseph Anang,GK,West Ham,0.08531563522049047
37,149,Billy Gilmour,MID,Brighton,0.2042110389734871
37,149,Billy Gilmour,MID,Brighton,0.2042110389734871
37,335,Marcus Rashford,MID,Man Utd,0.2042110389734871
37,335,Marcus Rashford,MID,Man Utd,0.2042110389734871
37,694,Alexandre Moreno Lopera,DEF,Aston Villa,0.2210818910462079
37,319,Julián Álvarez,FWD,Man City,0.26326439552477127
37,319,Julián Álvarez,FWD,Man City,0.26326439552477127
37,421,Mateusz Lis,GK,Southampton,0.08531563522049047
37,14,Takehiro Tomiyasu,DEF,Arsenal,0.2210818910462079
37,364,Emil Krafth,DEF,Newcastle,0.2210818910462079
37,302,John Stones,DEF,Man City,0.2210818910462079
37,302,John Stones,DEF,Man City,0.2210818910462079
37,33,Lucas Digne,DEF,Aston Villa,0.2210818910462079
37,94,Shandon Baptiste,MID,Brentford,0.2042110389734871
37,308,Nathan Aké,DEF,Man City,0.2210818910462079
37,308,Nathan Aké,DEF,Man City,0.2210818910462079
37,13,Bukayo Saka,MID,Arsenal,0.2042110389734871
37,73,Lloyd Kelly,DEF,Bournemouth,0.2210818910462079
37,720,Weston McKennie,MID,Leeds,0.2042110389734871
37,653,Omari Hutchinson,MID,Chelsea,0.2042110389734871
37,653,Omari Hutchinson,MID,Chelsea,0.2042110389734871
37,285,Trent Alexander-Arnold,DEF,Liverpool,0.2210818910462079
37,266,Kiernan Dewsbury-Hall,MID,Leicester,0.2042110389734871
37,283,Mohamed Salah,MID,Liverpool,0.2042110389734871
37,131,Ross Barkley,MID,Chelsea,0.2042110389734871
37,131,Ross Barkley,MID,Chelsea,0.2042110389734871
37,6,Thomas Partey,MID,Arsenal,0.2042110389734871
37,693,Carlos Alcaraz,MID,Southampton,0.2042110389734871
37,422,Gavin Bazunu,GK,Southampton,0.08531563522049047
37,581,Alex Smithies,GK,Leicester,0.08531563522049047
37,54,Cameron Archer,FWD,Aston Villa,0.26326439552477127
37,595,Mathias Jorgensen,DEF,Brentford,0.2210818910462079
37,184,André Tavares Gomes,MID,Everton,0.2042110389734871
37,413,Lyanco Silveira Neves Vojnovic,DEF,Southampton,0.2210818910462079
37,517,Thomas Strakosha,GK,Brentford,0.08531563522049047
37,675,Jordan Smith,GK,Nott'm Forest,0.08531563522049047
37,661,Lewis Hall,MID,Chelsea,0.2042110389734871
37,661,Lewis Hall,MID,Chelsea,0.2042110389734871
37,655,Karl Hein,GK,Arsenal,0.08531563522049047
37,139,Ben Chilwell,DEF,Chelsea,0.2210818910462079
37,139,Ben Chilwell,DEF,Chelsea,0.2210818910462079
37,106,Lewis Dunk,DEF,Brighton,0.2210818910462079
37,106,Lewis Dunk,DEF,Brighton,0.2210818910462079
37,452,Alfie Devine,MID,Spurs,0.2042110389734871
37,399,Giulian Biancone,DEF,Nott'm Forest,0.2210818910462079
37,549,Dennis Praet,MID,Leicester,0.2042110389734871
37,612,Wout Faes,DEF,Leicester,0.2210818910462079
37,698,Mario Lemina,MID,Wolves,0.2042110389734871
37,26,William Saliba,DEF,Arsenal,0.2210818910462079
37,122,Haydon Roberts,DEF,Brighton,0.2210818910462079
37,122,Haydon Roberts,DEF,Brighton,0.2210818910462079
37,710,Jakub Kiwior,DEF,Arsenal,0.2210818910462079
37,658,Harvey Griffiths,MID,Wolves,0.2042110389734871
37,760,Andy Lonergan,GK,Everton,0.08531563522049047
37,459,Craig Dawson,DEF,Wolves,0.2210818910462079
37,554,Bryan Gil Salvatierra,MID,Spurs,0.2042110389734871
37,614,Willian Borges da Silva,MID,Fulham,0.2042110389734871
37,42,Emiliano Buendía Stati,MID,Aston Villa,0.2042110389734871
37,174,Nathan Ferguson,DEF,Crystal Palace,0.2210818910462079
37,428,Son Heung-min,MID,Spurs,0.2042110389734871
37,15,Aaron Ramsdale,GK,Arsenal,0.08531563522049047
37,170,Tyrick Mitchell,DEF,Crystal Palace,0.2210818910462079
37,640,Ed Turns,DEF,Brighton,0.2210818910462079
37,640,Ed Turns,DEF,Brighton,0.2210818910462079
37,484,Max Kilman,DEF,Wolves,0.2210818910462079
37,323,Liam Delap,FWD,Man City,0.26326439552477127
37,323,Liam Delap,FWD,Man City,0.26326439552477127
37,534,Dwight McNeil,MID,Everton,0.2042110389734871
37,592,Harvey Davies,GK,Liverpool,0.08531563522049047
37,727,Harry Souttar,DEF,Leicester,0.2210818910462079
37,664,Dexter Lembikisa,DEF,Wolves,0.2210818910462079
37,134,N'Golo Kanté,MID,Chelsea,0.2042110389734871
37,134,N'Golo Kanté,MID,Chelsea,0.2042110389734871
37,719,Yasin Ayari,MID,Brighton,0.2042110389734871
37,719,Yasin Ayari,MID,Brighton,0.2042110389734871
37,523,Harry Toffolo,DEF,Nott'm Forest,0.2210818910462079
37,64,Jefferson Lerma Solís,MID,Bournemouth,0.2042110389734871
37,635,Marcus Bettinelli,GK,Chelsea,0.08531563522049047
37,635,Marcus Bettinelli,GK,Chelsea,0.08531563522049047
37,44,Ezri Konsa Ngoyo,DEF,Aston Villa,0.2210818910462079
37,689,Benoît Badiashile,DEF,Chelsea,0.2210818910462079
37,689,Benoît Badiashile,DEF,Chelsea,0.2210818910462079
37,71,Chris Mepham,DEF,Bournemouth,0.2210818910462079
37,616,Denis Zakaria,MID,Chelsea,0.2042110389734871
37,616,Denis Zakaria,MID,Chelsea,0.2042110389734871
37,424,Willy Caballero,GK,Southampton,0.08531563522049047
37,395,Alex Mighten,MID,Nott'm Forest,0.2042110389734871
37,52,Keinan Davis,FWD,Aston Villa,0.26326439552477127
37,35,Robin Olsen,GK,Aston Villa,0.08531563522049047
37,83,Josh Dasilva,MID,Brentford,0.2042110389734871
37,279,Roberto Firmino,FWD,Liverpool,0.26326439552477127
37,277,Thiago Alcántara do Nascimento,MID,Liverpool,0.2042110389734871
37,673,Bashir Humphreys,DEF,Chelsea,0.2210818910462079
37,673,Bashir Humphreys,DEF,Chelsea,0.2210818910462079
37,220,João Palhinha Gonçalves,MID,Fulham,0.2042110389734871
37,543,Matt Clarke,DEF,Brighton,0.2210818910462079
37,543,Matt Clarke,DEF,Brighton,0.2210818910462079
37,357,Kieran Trippier,DEF,Newcastle,0.2210818910462079
37,507,Moussa Niakhaté,DEF,Nott'm Forest,0.2210818910462079
37,2,Bernd Leno,GK,Fulham,0.08531563522049047
37,409,Kyle Walker-Peters,DEF,Southampton,0.2210818910462079
37,505,Joe Rothwell,MID,Bournemouth,0.2042110389734871
37,17,Nuno Varela Tavares,DEF,Arsenal,0.2210818910462079
37,548,Daniel Iversen,GK,Leicester,0.08531563522049047
37,437,Steven Bergwijn,MID,Spurs,0.2042110389734871
37,87,Saman Ghoddos,MID,Brentford,0.2042110389734871
37,620,Arthur Henrique Ramos de Oliveira Melo,MID,Liverpool,0.2042110389734871
37,567,Connor Ronan,MID,Wolves,0.2042110389734871
37,309,Aymeric Laporte,DEF,Man City,0.2210818910462079
37,309,Aymeric Laporte,DEF,Man City,0.2210818910462079
37,609,Antony Matheus dos Santos,MID,Man Utd,0.2042110389734871
37,609,Antony Matheus dos Santos,MID,Man Utd,0.2042110389734871
37,371,Joelinton Cássio Apolinário de Lira,MID,Newcastle,0.2042110389734871
37,566,Joseph Hodge,MID,Wolves,0.2042110389734871
37,186,Alex Iwobi,MID,Everton,0.2042110389734871
37,224,Adam Forshaw,MID,Leeds,0.2042110389734871
37,68,Ben Pearson,MID,Bournemouth,0.2042110389734871
37,276,Joel Matip,DEF,Liverpool,0.2210818910462079
37,695,Daniel Adu-Adjei,FWD,Bournemouth,0.26326439552477127
37,377,Sven Botman,DEF,Newcastle,0.2210818910462079
37,464,Saïd Benrahma,MID,West Ham,0.2042110389734871
37,282,Fabio Henrique Tavares,MID,Liverpool,0.2042110389734871
37,709,Victor Kristiansen,DEF,Leicester,0.2210818910462079
37,758,George Abbott,MID,Spurs,0.2042110389734871
37,135,Hakim Ziyech,MID,Chelsea,0.2042110389734871
37,135,Hakim Ziyech,MID,Chelsea,0.2042110389734871
37,138,Robert Kenedy Nunes do Nascimento,DEF,Chelsea,0.2210818910462079
37,138,Robert Kenedy Nunes do Nascimento,DEF,Chelsea,0.2210818910462079
37,474,Willy Boly,DEF,Nott'm Forest,0.2210818910462079
37,468,Tomas Soucek,MID,West Ham,0.2042110389734871
37,243,Leo Fuhr Hjelde,DEF,Leeds,0.2210818910462079
37,90,Mads Roerslev Rasmussen,DEF,Brentford,0.2210818910462079
37,732,Paul Onuachu,FWD,Southampton,0.26326439552477127
37,606,Harvey Vale,MID,Chelsea,0.2042110389734871
37,606,Harvey Vale,MID,Chelsea,0.2042110389734871
37,160,Wilfried Zaha,MID,Crystal Palace,0.2042110389734871
37,769,Kamari Doyle,MID,Southampton,0.2042110389734871
37,370,Sean Longstaff,MID,Newcastle,0.2042110389734871
37,672,Kadan Young,MID,Aston Villa,0.2042110389734871
37,91,Mads Bech Sørensen,DEF,Brentford,0.2210818910462079
37,190,Tom Davies,MID,Everton,0.2042110389734871
37,3,Granit Xhaka,MID,Arsenal,0.2042110389734871
37,656,Nathan Bishop,GK,Man Utd,0.08531563522049047
37,656,Nathan Bishop,GK,Man Utd,0.08531563522049047
37,533,Lisandro Martínez,DEF,Man Utd,0.2210818910462079
37,533,Lisandro Martínez,DEF,Man Utd,0.2210818910462079
37,744,Sil Swinkels,DEF,Aston Villa,0.2210818910462079
37,450,Pape Matar Sarr,MID,Spurs,0.2042110389734871
37,239,Junior Firpo Adames,DEF,Leeds,0.2210818910462079
37,264,Harvey Barnes,MID,Leicester,0.2042110389734871
37,611,Idrissa Gueye,MID,Everton,0.2042110389734871
37,458,Michail Antonio,FWD,West Ham,0.26326439552477127
37,406,Mohamed Elyounoussi,MID,Southampton,0.2042110389734871
37,93,Frank Onyeka,MID,Brentford,0.2042110389734871
37,551,Zidane Iqbal,MID,Man Utd,0.2042110389734871
37,551,Zidane Iqbal,MID,Man Utd,0.2042110389734871
37,198,Niels Nkounkou,DEF,Everton,0.2210818910462079
37,440,Rodrigo Bentancur,MID,Spurs,0.2042110389734871
37,142,Mason Mount,MID,Chelsea,0.2042110389734871
37,142,Mason Mount,MID,Chelsea,0.2042110389734871
37,472,Nayef Aguerd,DEF,West Ham,0.2210818910462079
37,562,Manor Solomon,MID,Fulham,0.2042110389734871
37,476,Raúl Jiménez,FWD,Wolves,0.26326439552477127
37,563,Luke Chambers,DEF,Liverpool,0.2210818910462079
37,715,Mateus Cardoso Lemos Martins,MID,Leicester,0.2042110389734871
37,145,Kai Havertz,FWD,Chelsea,0.26326439552477127
37,145,Kai Havertz,FWD,Chelsea,0.26326439552477127
37,416,Ibrahima Diallo,MID,Southampton,0.2042110389734871
37,408,Adam Armstrong,FWD,Southampton,0.26326439552477127
37,388,Joe Worrall,DEF,Nott'm Forest,0.2210818910462079
37,103,Danny Welbeck,FWD,Brighton,0.26326439552477127
37,103,Danny Welbeck,FWD,Brighton,0.26326439552477127
37,130,Jorge Luiz Frello Filho,MID,Arsenal,0.2042110389734871
37,137,Timo Werner,FWD,Chelsea,0.26326439552477127
37,137,Timo Werner,FWD,Chelsea,0.26326439552477127
37,613,Layvin Kurzawa,DEF,Fulham,0.2210818910462079
37,518,Wayne Hennessey,GK,Nott'm Forest,0.08531563522049047
37,700,Georginio Rutter,FWD,Leeds,0.26326439552477127
37,346,Andreas Hoelgebaum Pereira,MID,Fulham,0.2042110389734871
37,312,Rúben Gato Alves Dias,DEF,Man City,0.2210818910462079
37,312,Rúben Gato Alves Dias,DEF,Man City,0.2210818910462079
37,667,Kristian Sekularac,MID,Fulham,0.2042110389734871
37,100,Ellery Balcombe,GK,Brentford,0.08531563522049047
37,187,Jean-Philippe Gbamin,MID,Everton,0.2042110389734871
37,313,Oleksandr Zinchenko,DEF,Arsenal,0.2210818910462079
37,605,Reece Welch,DEF,Everton,0.2210818910462079
37,445,Emerson Leite de Souza Junior,DEF,Spurs,0.2210818910462079
37,483,Daniel Castelo Podence,MID,Wolves,0.2042110389734871
37,171,Michael Olise,MID,Crystal Palace,0.2042110389734871
37,392,Richie Laryea,DEF,Nott'm Forest,0.2210818910462079
37,768,Sean McAllister,MID,Everton,0.2042110389734871
37,112,Marc Cucurella Saseta,DEF,Chelsea,0.2210818910462079
37,112,Marc Cucurella Saseta,DEF,Chelsea,0.2210818910462079
37,234,Jamie Shackleton,MID,Leeds,0.2042110389734871
37,40,Ollie Watkins,FWD,Aston Villa,0.26326439552477127
37,539,James Hill,DEF,Bournemouth,0.2210818910462079
37,57,Adam Smith,DEF,Bournemouth,0.2210818910462079
37,604,Killian Phillips,MID,Crystal Palace,0.2042110389734871
37,310,Zack Steffen,GK,Man City,0.08531563522049047
37,310,Zack Steffen,GK,Man City,0.08531563522049047
37,111,Leandro Trossard,MID,Arsenal,0.2042110389734871
37,471,Ben Johnson,DEF,West Ham,0.2210818910462079
37,207,Paulo Gazzaniga Farias,GK,Fulham,0.08531563522049047
37,740,Krisztián Hegyi,GK,West Ham,0.08531563522049047
37,527,Jesse Lingard,MID,Nott'm Forest,0.2042110389734871
37,197,Nathan Patterson,DEF,Everton,0.2210818910462079
37,365,Jacob Murphy,MID,Newcastle,0.2042110389734871
37,391,Sam Surridge,FWD,Nott'm Forest,0.26326439552477127
37,255,Jamie Vardy,FWD,Leicester,0.26326439552477127
37,10,Benjamin White,DEF,Arsenal,0.2210818910462079
37,292,Konstantinos Tsimikas,DEF,Liverpool,0.2210818910462079
37,599,Claudio Gomes,MID,Man City,0.2042110389734871
37,599,Claudio Gomes,MID,Man City,0.2042110389734871
37,153,James Tomkins,DEF,Crystal Palace,0.2210818910462079
37,714,Antoine Semenyo,FWD,Bournemouth,0.26326439552477127
37,4,Mohamed Elneny,MID,Arsenal,0.2042110389734871
37,557,Jackson Smith,GK,Wolves,0.08531563522049047
37,47,Jacob Ramsey,MID,Aston Villa,0.2042110389734871
37,360,Jamaal Lascelles,DEF,Newcastle,0.2210818910462079
37,396,Braian Ojeda Rodríguez,MID,Nott'm Forest,0.2042110389734871
37,368,Allan Saint-Maximin,MID,Newcastle,0.2042110389734871
37,62,Kieffer Moore,FWD,Bournemouth,0.26326439552477127
37,707,Viljami Sinisalo,GK,Aston Villa,0.08531563522049047
37,696,Michael Dacosta Gonzalez,MID,Bournemouth,0.2042110389734871
37,124,Kaoru Mitoma,MID,Brighton,0.2042110389734871
37,124,Kaoru Mitoma,MID,Brighton,0.2042110389734871
37,509,Flynn Downes,MID,West Ham,0.2042110389734871
37,574,Norberto Murara Neto,GK,Bournemouth,0.08531563522049047
37,626,Loris Karius,GK,Newcastle,0.08531563522049047
37,486,Pedro Lomba Neto,MID,Wolves,0.2042110389734871
37,470,Issa Diop,DEF,Fulham,0.2210818910462079
37,597,Christian Saydee,FWD,Bournemouth,0.26326439552477127
37,12,Emile Smith Rowe,MID,Arsenal,0.2042110389734871
37,746,Kaelan Casey,DEF,West Ham,0.2210818910462079
37,85,Rico Henry,DEF,Brentford,0.2210818910462079
37,24,Matt Turner,GK,Arsenal,0.08531563522049047
37,212,Harry Wilson,MID,Fulham,0.2042110389734871
37,541,Halil Dervişoğlu,FWD,Brentford,0.26326439552477127
37,201,Tim Ream,DEF,Fulham,0.2210818910462079
37,82,Sergi Canós Tenés,DEF,Brentford,0.2210818910462079
37,156,Joel Ward,DEF,Crystal Palace,0.2210818910462079
37,481,Hwang Hee-chan,MID,Wolves,0.2042110389734871
37,196,Jarrad Branthwaite,DEF,Everton,0.2210818910462079
37,688,Kevin Schade,MID,Brentford,0.2042110389734871
37,588,Thilo Kehrer,DEF,West Ham,0.2210818910462079
37,294,Harvey Elliott,MID,Liverpool,0.2042110389734871
37,230,Robin Koch,DEF,Leeds,0.2210818910462079
37,263,Hamza Choudhury,MID,Leicester,0.2042110389734871
37,262,Kelechi Iheanacho,FWD,Leicester,0.26326439552477127
37,663,Sonny Perkins,FWD,Leeds,0.26326439552477127
37,414,Yan Valery,DEF,Southampton,0.2210818910462079
37,487,Rayan Aït-Nouri,DEF,Wolves,0.2210818910462079
37,568,Chem Campbell,MID,Wolves,0.2042110389734871
37,328,Phil Jones,DEF,Man Utd,0.2210818910462079
37,328,Phil Jones,DEF,Man Utd,0.2210818910462079
37,180,Michael Keane,DEF,Everton,0.2210818910462079
37,632,Ryan Trevitt,MID,Brentford,0.2042110389734871
37,63,Emiliano Marcondes,MID,Bournemouth,0.2042110389734871
37,269,Boubakary Soumaré,MID,Leicester,0.2042110389734871
37,716,James Bree,DEF,Southampton,0.2210818910462079
37,133,Kepa Arrizabalaga,GK,Chelsea,0.08531563522049047
37,133,Kepa Arrizabalaga,GK,Chelsea,0.08531563522049047
37,384,Joe Lolley,MID,Nott'm Forest,0.2042110389734871
37,89,Yoane Wissa,MID,Brentford,0.2042110389734871
37,654,Jack Wells-Morrison,MID,Crystal Palace,0.2042110389734871
37,378,Harry Arter,MID,Nott'm Forest,0.2042110389734871
37,766,Tayo Adaramola,DEF,Crystal Palace,0.2210818910462079
37,247,Darko Gyabi,MID,Leeds,0.2042110389734871
37,617,Pierre-Emerick Aubameyang,FWD,Chelsea,0.26326439552477127
37,617,Pierre-Emerick Aubameyang,FWD,Chelsea,0.26326439552477127
37,460,Manuel Lanzini,MID,West Ham,0.2042110389734871
37,260,Ayoze Pérez,MID,Leicester,0.2042110389734871
37,175,Sam Johnstone,GK,Crystal Palace,0.08531563522049047
37,248,Kasper Schmeichel,GK,Leicester,0.08531563522049047
37,97,Marcus Forss,FWD,Brentford,0.26326439552477127
37,728,Marcel Sabitzer,MID,Man Utd,0.2042110389734871
37,728,Marcel Sabitzer,MID,Man Utd,0.2042110389734871
37,108,Adam Webster,DEF,Brighton,0.2210818910462079
37,108,Adam Webster,DEF,Brighton,0.2210818910462079
37,199,James Tarkowski,DEF,Everton,0.2210818910462079
37,564,Stefan Bajcetic,MID,Liverpool,0.2042110389734871
37,191,Dominic Calvert-Lewin,FWD,Everton,0.26326439552477127
37,489,Toti António Gomes,DEF,Wolves,0.2210818910462079
37,251,Marc Albrighton,MID,Leicester,0.2042110389734871
37,491,Adama Traoré Diarra,MID,Wolves,0.2042110389734871
37,206,Joe Bryan,DEF,Fulham,0.2210818910462079
37,429,Matt Doherty,DEF,Spurs,0.2210818910462079
37,101,Adam Lallana,MID,Brighton,0.2042110389734871
37,101,Adam Lallana,MID,Brighton,0.2042110389734871
37,430,Eric Dier,DEF,Spurs,0.2210818910462079
37,136,Ruben Loftus-Cheek,MID,Chelsea,0.2042110389734871
37,136,Ruben Loftus-Cheek,MID,Chelsea,0.2042110389734871
37,110,Neal Maupay,FWD,Everton,0.26326439552477127
37,524,Lewis O'Brien,MID,Nott'm Forest,0.2042110389734871
37,19,Gabriel Martinelli Silva,MID,Arsenal,0.2042110389734871
37,439,Japhet Tanganga,DEF,Spurs,0.2210818910462079
37,96,Charlie Goode,DEF,Brentford,0.2210818910462079
37,596,Evan Ferguson,FWD,Brighton,0.26326439552477127
37,596,Evan Ferguson,FWD,Brighton,0.26326439552477127
37,295,Neco Williams,DEF,Nott'm Forest,0.2210818910462079
37,37,John McGinn,MID,Aston Villa,0.2042110389734871
37,556,Conor Coventry,MID,West Ham,0.2042110389734871
37,322,Josh Wilson-Esbrand,DEF,Man City,0.2210818910462079
37,322,Josh Wilson-Esbrand,DEF,Man City,0.2210818910462079
37,473,Alphonse Areola,GK,West Ham,0.08531563522049047
37,271,Patson Daka,FWD,Leicester,0.26326439552477127
37,128,Thiago Emiliano da Silva,DEF,Chelsea,0.2210818910462079
37,128,Thiago Emiliano da Silva,DEF,Chelsea,0.2210818910462079
37,208,Terence Kongolo,DEF,Fulham,0.2210818910462079
37,185,Abdoulaye Doucouré,MID,Everton,0.2042110389734871
37,372,Jamal Lewis,DEF,Newcastle,0.2210818910462079
37,643,Kobbie Mainoo,MID,Man Utd,0.2042110389734871
37,643,Kobbie Mainoo,MID,Man Utd,0.2042110389734871
37,521,Tyrese Francois,MID,Fulham,0.2042110389734871
37,238,Illan Meslier,GK,Leeds,0.08531563522049047
37,438,Sergio Reguilón,DEF,Spurs,0.2210818910462079
37,701,Wout Weghorst,FWD,Man Utd,0.26326439552477127
37,701,Wout Weghorst,FWD,Man Utd,0.26326439552477127
37,646,Tristan Crama,DEF,Brentford,0.2210818910462079
37,120,Moisés Caicedo Corozo,MID,Brighton,0.2042110389734871
37,120,Moisés Caicedo Corozo,MID,Brighton,0.2042110389734871
37,762,Cameron Peupion,MID,Brighton,0.2042110389734871
37,762,Cameron Peupion,MID,Brighton,0.2042110389734871
37,511,Omar Richards,DEF,Nott'm Forest,0.2210818910462079
37,327,David De Gea Quintana,GK,Man Utd,0.08531563522049047
37,327,David De Gea Quintana,GK,Man Utd,0.08531563522049047
37,455,Lukasz Fabianski,GK,West Ham,0.08531563522049047
37,291,Curtis Jones,MID,Liverpool,0.2042110389734871
37,146,Reece James,DEF,Chelsea,0.2210818910462079
37,146,Reece James,DEF,Chelsea,0.2210818910462079
37,623,Duje Caleta-Car,DEF,Southampton,0.2210818910462079
37,216,Josh Onomah,MID,Fulham,0.2042110389734871
37,332,Luke Shaw,DEF,Man Utd,0.2210818910462079
37,332,Luke Shaw,DEF,Man Utd,0.2210818910462079
37,669,Divin Mubama,FWD,West Ham,0.26326439552477127
37,591,Terry Ablade,FWD,Fulham,0.26326439552477127
37,258,Timothy Castagne,DEF,Leicester,0.2210818910462079
37,1,Cédric Alves Soares,DEF,Fulham,0.2210818910462079
37,18,Albert Sambi Lokonga,MID,Crystal Palace,0.2042110389734871
37,736,Odeluga Offiah,DEF,Brighton,0.2210818910462079
37,736,Odeluga Offiah,DEF,Brighton,0.2210818910462079
37,573,Rico Lewis,DEF,Man City,0.2210818910462079
37,573,Rico Lewis,DEF,Man City,0.2210818910462079
37,697,Dominic Sadi,FWD,Bournemouth,0.26326439552477127
37,382,Brice Samba,GK,Nott'm Forest,0.08531563522049047
37,454,Richarlison de Andrade,FWD,Spurs,0.26326439552477127
37,176,Asmir Begović,GK,Everton,0.08531563522049047
37,525,Ludwig Augustinsson,DEF,Aston Villa,0.2210818910462079
37,215,Kenny Tete,DEF,Fulham,0.2210818910462079
37,356,Callum Wilson,FWD,Newcastle,0.26326439552477127
37,625,Diego Da Silva Costa,FWD,Wolves,0.26326439552477127
37,8,Kieran Tierney,DEF,Arsenal,0.2210818910462079
37,300,Ilkay Gündogan,MID,Man City,0.2042110389734871
37,300,Ilkay Gündogan,MID,Man City,0.2042110389734871
37,227,Patrick Bamford,FWD,Leeds,0.26326439552477127
37,432,Ben Davies,DEF,Spurs,0.2210818910462079
37,475,Conor Coady,DEF,Everton,0.2210818910462079
37,9,Nicolas Pépé,MID,Arsenal,0.2042110389734871
37,39,Tyrone Mings,DEF,Aston Villa,0.2210818910462079
37,532,Kevin Mbabu,DEF,Fulham,0.2210818910462079
37,449,Harvey White,MID,Spurs,0.2042110389734871
37,478,José Malheiro de Sá,GK,Wolves,0.08531563522049047
37,189,Demarai Gray,MID,Everton,0.2042110389734871
37,204,Neeskens Kebano,MID,Fulham,0.2042110389734871
37,217,Antonee Robinson,DEF,Fulham,0.2210818910462079
37,341,Aaron Wan-Bissaka,DEF,Man Utd,0.2210818910462079
37,341,Aaron Wan-Bissaka,DEF,Man Utd,0.2210818910462079
37,629,Boubacar Traoré,MID,Wolves,0.2042110389734871
37,98,Dominic Thompson,DEF,Brentford,0.2210818910462079
37,722,Illia Zabarnyi,DEF,Bournemouth,0.2210818910462079
37,570,James Garner,MID,Everton,0.2042110389734871
37,589,Matheus Luiz Nunes,MID,Wolves,0.2042110389734871
37,657,Nathan Fraser,FWD,Wolves,0.26326439552477127
37,182,Jordan Pickford,GK,Everton,0.08531563522049047
37,104,Pascal Groß,MID,Brighton,0.2042110389734871
37,104,Pascal Groß,MID,Brighton,0.2042110389734871
37,121,Taylor Richards,MID,Brighton,0.2042110389734871
37,121,Taylor Richards,MID,Brighton,0.2042110389734871
37,628,Serge Aurier,DEF,Nott'm Forest,0.2210818910462079
37,362,Paul Dummett,DEF,Newcastle,0.2210818910462079
37,610,Manuel Akanji,DEF,Man City,0.2210818910462079
37,610,Manuel Akanji,DEF,Man City,0.2210818910462079
37,578,Joel Robles,GK,Leeds,0.08531563522049047
37,22,Lucas Torreira di Pascua,MID,Arsenal,0.2042110389734871
37,480,Rúben da Silva Neves,MID,Wolves,0.2042110389734871
37,324,Stefan Ortega Moreno,GK,Man City,0.08531563522049047
37,324,Stefan Ortega Moreno,GK,Man City,0.08531563522049047
37,31,Emiliano Martínez Romero,GK,Aston Villa,0.08531563522049047
37,754,Sebastian Revan,DEF,Aston Villa,0.2210818910462079
37,678,Isaac Price,MID,Everton,0.2042110389734871
37,74,Siriki Dembélé,MID,Bournemouth,0.2042110389734871
37,684,David Datro Fofana,FWD,Chelsea,0.26326439552477127
37,684,David Datro Fofana,FWD,Chelsea,0.26326439552477127
37,79,Christian Nørgaard,MID,Brentford,0.2042110389734871
37,462,Arthur Masuaku,DEF,West Ham,0.2210818910462079
37,704,Pablo Sarabia,MID,Wolves,0.2042110389734871
37,615,Matej Kovár,GK,Man Utd,0.08531563522049047
37,615,Matej Kovár,GK,Man Utd,0.08531563522049047
37,114,Tariq Lamptey,DEF,Brighton,0.2210818910462079
37,114,Tariq Lamptey,DEF,Brighton,0.2210818910462079
37,20,Pablo Marí Villar,DEF,Arsenal,0.2210818910462079
37,385,Scott McKenna,DEF,Nott'm Forest,0.2210818910462079
37,608,Sasa Kalajdzic,FWD,Wolves,0.26326439552477127
37,161,Jeffrey Schlupp,MID,Crystal Palace,0.2042110389734871
37,751,Reuell Walters,DEF,Arsenal,0.2210818910462079
37,348,Tom Heaton,GK,Man Utd,0.08531563522049047
37,348,Tom Heaton,GK,Man Utd,0.08531563522049047
37,699,Mykhailo Mudryk,MID,Chelsea,0.2042110389734871
37,699,Mykhailo Mudryk,MID,Chelsea,0.2042110389734871
37,546,Luke Harris,MID,Fulham,0.2042110389734871
37,723,Hamed Traorè,MID,Bournemouth,0.2042110389734871
37,46,Douglas Luiz Soares de Paulo,MID,Aston Villa,0.2042110389734871
37,498,Rhys Williams,DEF,Liverpool,0.2210818910462079
37,159,Jordan Ayew,MID,Crystal Palace,0.2042110389734871
37,351,Federico Fernández,DEF,Newcastle,0.2210818910462079
37,738,Max Kinsey-Wellings,DEF,Bournemouth,0.2210818910462079
37,457,Aaron Cresswell,DEF,West Ham,0.2210818910462079
37,730,Felipe Augusto de Almeida Monteiro,DEF,Nott'm Forest,0.2210818910462079
37,284,Andrew Robertson,DEF,Liverpool,0.2210818910462079
37,469,Pablo Fornals Malla,MID,West Ham,0.2042110389734871
37,129,Marcos Alonso,DEF,Chelsea,0.2210818910462079
37,129,Marcos Alonso,DEF,Chelsea,0.2210818910462079
37,712,Máximo Perrone,MID,Man City,0.2042110389734871
37,712,Máximo Perrone,MID,Man City,0.2042110389734871
37,482,Nélson Cabral Semedo,DEF,Wolves,0.2210818910462079
37,427,Harry Kane,FWD,Spurs,0.26326439552477127
37,77,Will Dennis,GK,Bournemouth,0.08531563522049047
37,125,Julio Enciso,FWD,Brighton,0.26326439552477127
37,125,Julio Enciso,FWD,Brighton,0.26326439552477127
37,752,Michael Olakigbe,MID,Brentford,0.2042110389734871
37,28,Gabriel Fernando de Jesus,FWD,Arsenal,0.26326439552477127
37,38,Kortney Hause,DEF,Aston Villa,0.2210818910462079
37,193,Ben Godfrey,DEF,Everton,0.2210818910462079
37,705,Dango Ouattara,MID,Bournemouth,0.2042110389734871
37,219,Jay Stansfield,FWD,Fulham,0.26326439552477127
37,342,Diogo Dalot Teixeira,DEF,Man Utd,0.2210818910462079
37,342,Diogo Dalot Teixeira,DEF,Man Utd,0.2210818910462079
37,343,Brandon Williams,DEF,Man Utd,0.2210818910462079
37,343,Brandon Williams,DEF,Man Utd,0.2210818910462079
37,419,Tino Livramento,DEF,Southampton,0.2210818910462079
37,569,Alejandro Garnacho,MID,Man Utd,0.2042110389734871
37,569,Alejandro Garnacho,MID,Man Utd,0.2042110389734871
37,634,John-Kymani Gordon,FWD,Crystal Palace,0.26326439552477127
37,386,Mohamed Dräger,DEF,Nott'm Forest,0.2210818910462079
37,749,George Shelvey,GK,Nott'm Forest,0.08531563522049047
37,680,Cody Gakpo,MID,Liverpool,0.2042110389734871
37,51,Anwar El Ghazi,MID,Aston Villa,0.2042110389734871
37,683,Garang Kuol,MID,Newcastle,0.2042110389734871
37,226,Stuart Dallas,DEF,Leeds,0.2210818910462079
37,167,Marc Guéhi,DEF,Crystal Palace,0.2210818910462079
37,232,Raphael Dias Belloli,MID,Leeds,0.2042110389734871
37,759,Marc Jurado Gomez,DEF,Man Utd,0.2210818910462079
37,759,Marc Jurado Gomez,DEF,Man Utd,0.2210818910462079
37,637,Kyle John,DEF,Everton,0.2210818910462079
37,580,Mikkel Damsgaard,MID,Brentford,0.2042110389734871
37,679,Facundo Buonanotte,MID,Brighton,0.2042110389734871
37,679,Facundo Buonanotte,MID,Brighton,0.2042110389734871
37,29,Philippe Coutinho Correia,MID,Aston Villa,0.2042110389734871
37,522,Djed Spence,DEF,Spurs,0.2210818910462079
37,358,Dan Burn,DEF,Newcastle,0.2210818910462079
37,162,Jack Butland,GK,Man Utd,0.08531563522049047
37,162,Jack Butland,GK,Man Utd,0.08531563522049047
37,132,Mateo Kovacic,MID,Chelsea,0.2042110389734871
37,132,Mateo Kovacic,MID,Chelsea,0.2042110389734871
37,765,Imari Samuels,DEF,Brighton,0.2210818910462079
37,765,Imari Samuels,DEF,Brighton,0.2210818910462079
37,685,Nathan Butler-Oyedeji,FWD,Arsenal,0.26326439552477127
37,181,Dele Alli,MID,Everton,0.2042110389734871
37,228,Diego Llorente,DEF,Leeds,0.2210818910462079
37,717,Daniel Bentley,GK,Wolves,0.08531563522049047
37,756,Tom McGill,GK,Brighton,0.08531563522049047
37,756,Tom McGill,GK,Brighton,0.08531563522049047
37,173,Malcolm Ebiowei,MID,Crystal Palace,0.2042110389734871
37,126,Kacper Kozłowski,MID,Brighton,0.2042110389734871
37,126,Kacper Kozłowski,MID,Brighton,0.2042110389734871
37,466,Nikola Vlasic,MID,West Ham,0.2042110389734871
37,764,Matthew Craig,MID,Spurs,0.2042110389734871
37,644,Owen Goodman,GK,Crystal Palace,0.08531563522049047
37,627,Eldin Jakupovic,GK,Everton,0.08531563522049047
37,453,Troy Parrott,FWD,Spurs,0.26326439552477127
37,60,David Brooks,MID,Bournemouth,0.2042110389734871
37,444,Yves Bissouma,MID,Spurs,0.2042110389734871
37,289,Caoimhin Kelleher,GK,Liverpool,0.08531563522049047
37,636,Stefan Parkes,DEF,Fulham,0.2210818910462079
37,497,Adrián San Miguel del Castillo,GK,Liverpool,0.08531563522049047
37,148,Conor Gallagher,MID,Chelsea,0.2042110389734871
37,148,Conor Gallagher,MID,Chelsea,0.2042110389734871
37,631,Lino Sousa,DEF,Arsenal,0.2210818910462079
37,520,Kalidou Koulibaly,DEF,Chelsea,0.2210818910462079
37,520,Kalidou Koulibaly,DEF,Chelsea,0.2210818910462079
37,677,Jack Hinshelwood,MID,Brighton,0.2042110389734871
37,677,Jack Hinshelwood,MID,Brighton,0.2042110389734871
37,109,Joël Veltman,DEF,Brighton,0.2210818910462079
37,109,Joël Veltman,DEF,Brighton,0.2210818910462079
37,53,Boubacar Kamara,MID,Aston Villa,0.2042110389734871
37,151,Ethan Ampadu,DEF,Chelsea,0.2210818910462079
37,151,Ethan Ampadu,DEF,Chelsea,0.2210818910462079
37,725,Naouirou Ahamada,MID,Crystal Palace,0.2042110389734871
37,537,Kaine Kesler Hayden,DEF,Aston Villa,0.2210818910462079
37,407,James Ward-Prowse,MID,Southampton,0.2042110389734871
37,36,Morgan Sanson,MID,Aston Villa,0.2042110389734871
37,240,Crysencio Summerville,MID,Leeds,0.2042110389734871
37,330,Harry Maguire,DEF,Man Utd,0.2210818910462079
37,330,Harry Maguire,DEF,Man Utd,0.2210818910462079
37,741,Lewis Miley,MID,Newcastle,0.2042110389734871
37,336,Donny van de Beek,MID,Man Utd,0.2042110389734871
37,336,Donny van de Beek,MID,Man Utd,0.2042110389734871
37,127,César Azpilicueta,DEF,Chelsea,0.2210818910462079
37,127,César Azpilicueta,DEF,Chelsea,0.2210818910462079
37,340,Jadon Sancho,MID,Man Utd,0.2042110389734871
37,340,Jadon Sancho,MID,Man Utd,0.2042110389734871
37,504,Tyrell Malacia,DEF,Man Utd,0.2210818910462079
37,504,Tyrell Malacia,DEF,Man Utd,0.2210818910462079
37,241,Lewis Bate,MID,Leeds,0.2042110389734871
37,286,Joseph Gomez,DEF,Liverpool,0.2210818910462079
37,88,Mathias Jensen,MID,Brentford,0.2042110389734871
37,412,Nathan Tella,MID,Southampton,0.2042110389734871
37,674,Rhys Bennett,DEF,Man Utd,0.2210818910462079
37,674,Rhys Bennett,DEF,Man Utd,0.2210818910462079
37,544,Jan Paul van Hecke,DEF,Brighton,0.2210818910462079
37,544,Jan Paul van Hecke,DEF,Brighton,0.2210818910462079
37,448,Ivan Perišić,DEF,Spurs,0.2210818910462079
37,11,Eddie Nketiah,FWD,Arsenal,0.26326439552477127
37,144,Callum Hudson-Odoi,MID,Chelsea,0.2042110389734871
37,144,Callum Hudson-Odoi,MID,Chelsea,0.2042110389734871
37,488,Fabio Silva,FWD,Wolves,0.26326439552477127
37,280,Virgil van Dijk,DEF,Liverpool,0.2210818910462079
37,188,Yerry Mina,DEF,Everton,0.2210818910462079
37,55,Jaden Philogene-Bidace,MID,Aston Villa,0.2042110389734871
37,582,Remo Freuler,MID,Nott'm Forest,0.2042110389734871
37,375,Jeff Hendrick,MID,Newcastle,0.2042110389734871
37,446,Dejan Kulusevski,MID,Spurs,0.2042110389734871
37,45,Leon Bailey,MID,Aston Villa,0.2042110389734871
37,261,James Maddison,MID,Leicester,0.2042110389734871
37,590,Joseph Whitworth,GK,Crystal Palace,0.08531563522049047
37,316,Cole Palmer,MID,Man City,0.2042110389734871
37,316,Cole Palmer,MID,Man City,0.2042110389734871
37,435,Davinson Sánchez,DEF,Spurs,0.2210818910462079
37,304,Raheem Sterling,MID,Chelsea,0.2042110389734871
37,304,Raheem Sterling,MID,Chelsea,0.2042110389734871
37,275,Jordan Henderson,MID,Liverpool,0.2042110389734871
37,516,Nathan Collins,DEF,Wolves,0.2210818910462079
37,140,Christian Pulisic,MID,Chelsea,0.2042110389734871
37,140,Christian Pulisic,MID,Chelsea,0.2042110389734871
37,75,Jaidon Anthony,MID,Bournemouth,0.2042110389734871
37,235,Pascal Struijk,DEF,Leeds,0.2210818910462079
37,367,Matt Targett,DEF,Newcastle,0.2210818910462079
37,771,Ethan Wady,GK,Chelsea,0.08531563522049047
37,771,Ethan Wady,GK,Chelsea,0.08531563522049047
37,748,Romaine Mundle,MID,Spurs,0.2042110389734871
37,401,Alex McCarthy,GK,Southampton,0.08531563522049047
37,772,Alex Robertson,MID,Man City,0.2042110389734871
37,772,Alex Robertson,MID,Man City,0.2042110389734871
37,600,Ben Knight,MID,Man City,0.2042110389734871
37,600,Ben Knight,MID,Man City,0.2042110389734871
37,61,Jamal Lowe,MID,Bournemouth,0.2042110389734871
37,682,Matheus Santos Carneiro Da Cunha,FWD,Wolves,0.26326439552477127
37,387,Ryan Yates,MID,Nott'm Forest,0.2042110389734871
37,297,Darwin Núñez Ribeiro,FWD,Liverpool,0.26326439552477127
37,734,André Ayew,MID,Nott'm Forest,0.2042110389734871
37,32,Calum Chambers,DEF,Aston Villa,0.2210818910462079
37,178,Seamus Coleman,DEF,Everton,0.2210818910462079
37,624,Samuel Edozie,MID,Southampton,0.2042110389734871
37,218,Rodrigo Muniz Carvalho,FWD,Fulham,0.26326439552477127
37,400,Theo Walcott,MID,Southampton,0.2042110389734871
37,245,Marc Roca Junqué,MID,Leeds,0.2042110389734871
37,463,Vladimir Coufal,DEF,West Ham,0.2210818910462079
37,105,Shane Duffy,DEF,Fulham,0.2210818910462079
37,56,Frédéric Guilbert,DEF,Aston Villa,0.2210818910462079
37,244,Rasmus Kristensen,DEF,Leeds,0.2210818910462079
37,303,Riyad Mahrez,MID,Man City,0.2042110389734871
37,303,Riyad Mahrez,MID,Man City,0.2042110389734871
37,593,Carlos Henrique Casimiro,MID,Man Utd,0.2042110389734871
37,593,Carlos Henrique Casimiro,MID,Man Utd,0.2042110389734871
37,618,Carlos Vinícius Alves Morais,FWD,Fulham,0.26326439552477127
37,733,Pedro Porro,DEF,Spurs,0.2210818910462079
37,30,Danny Ings,FWD,West Ham,0.26326439552477127
37,179,Andros Townsend,MID,Everton,0.2042110389734871
37,602,Renan Augusto Lodi dos Santos,DEF,Nott'm Forest,0.2210818910462079
37,535,Marcus Tavernier,MID,Bournemouth,0.2042110389734871
37,214,Ivan Neves Abreu Cavaleiro,MID,Fulham,0.2042110389734871
37,349,Jonjo Shelvey,MID,Nott'm Forest,0.2042110389734871
37,757,Ishé Samuels-Smith,DEF,Everton,0.2210818910462079
37,337,Victor Lindelöf,DEF,Man Utd,0.2210818910462079
37,337,Victor Lindelöf,DEF,Man Utd,0.2210818910462079
37,369,Miguel Almirón Rejala,MID,Newcastle,0.2042110389734871
37,166,Odsonne Edouard,FWD,Crystal Palace,0.26326439552477127
37,668,Amario Cozier-Duberry,MID,Arsenal,0.2042110389734871
37,652,James Furlong,DEF,Brighton,0.2210818910462079
37,652,James Furlong,DEF,Brighton,0.2210818910462079
37,155,Christian Benteke,FWD,Crystal Palace,0.26326439552477127
37,49,Tim Iroegbunam,MID,Aston Villa,0.2042110389734871
37,380,Lyle Taylor,FWD,Nott'm Forest,0.26326439552477127
37,381,Jack Colback,MID,Nott'm Forest,0.2042110389734871
37,552,Elliot Anderson,MID,Newcastle,0.2042110389734871
37,123,Deniz Undav,FWD,Brighton,0.26326439552477127
37,123,Deniz Undav,FWD,Brighton,0.26326439552477127
37,607,Matthew Smith,MID,Arsenal,0.2042110389734871
37,200,Tom Cairney,MID,Fulham,0.2042110389734871
37,619,Wilfried Gnonto,FWD,Leeds,0.26326439552477127
37,477,Jonathan Castro Otto,DEF,Wolves,0.2210818910462079
37,576,Marcos Senesi,DEF,Bournemouth,0.2210818910462079
37,259,Youri Tielemans,MID,Leicester,0.2042110389734871
37,753,James Wright,GK,Aston Villa,0.08531563522049047
37,389,Jonathan Panzo,DEF,Nott'm Forest,0.2210818910462079
37,648,Ryan Finnigan,MID,Southampton,0.2042110389734871
37,417,Romain Perraud,DEF,Southampton,0.2210818910462079
37,711,Jhon Durán,FWD,Aston Villa,0.26326439552477127
37,236,Kristoffer Klaesson,GK,Leeds,0.08531563522049047
37,211,Harrison Reed,MID,Fulham,0.2042110389734871
37,296,Fábio Freitas Gouveia Carvalho,MID,Liverpool,0.2042110389734871
37,513,Clément Lenglet,DEF,Spurs,0.2210818910462079
37,116,Alexis Mac Allister,MID,Brighton,0.2042110389734871
37,116,Alexis Mac Allister,MID,Brighton,0.2042110389734871
37,645,Joe Wormleighton,DEF,Leicester,0.2210818910462079
37,169,Eberechi Eze,MID,Crystal Palace,0.2042110389734871
37,344,Anthony Elanga,MID,Man Utd,0.2042110389734871
37,344,Anthony Elanga,MID,Man Utd,0.2042110389734871
37,293,Luis Díaz,MID,Liverpool,0.2042110389734871
37,205,Bobby De Cordova-Reid,MID,Fulham,0.2042110389734871
37,334,Alex Telles,DEF,Man Utd,0.2210818910462079
37,334,Alex Telles,DEF,Man Utd,0.2210818910462079
37,587,Sergio Gómez,DEF,Man City,0.2210818910462079
37,587,Sergio Gómez,DEF,Man City,0.2210818910462079
37,374,Bruno Guimarães Rodriguez Moura,MID,Newcastle,0.2042110389734871
37,16,Gabriel dos Santos Magalhães,DEF,Arsenal,0.2210818910462079
37,670,Filip Marschall,GK,Aston Villa,0.08531563522049047
37,545,Emerson Palmieri dos Santos,DEF,West Ham,0.2210818910462079
37,7,Martin Ødegaard,MID,Arsenal,0.2042110389734871
37,503,João Filipe Iria Santos Moutinho,MID,Wolves,0.2042110389734871
37,92,Ethan Pinnock,DEF,Brentford,0.2210818910462079
37,347,Facundo Pellistri Rebollo,MID,Man Utd,0.2042110389734871
37,347,Facundo Pellistri Rebollo,MID,Man Utd,0.2042110389734871
37,23,Reiss Nelson,MID,Arsenal,0.2042110389734871
37,579,Gonçalo Manuel Ganchinho Guedes,MID,Wolves,0.2042110389734871
37,152,Vicente Guaita,GK,Crystal Palace,0.08531563522049047
37,268,James Justin,DEF,Leicester,0.2210818910462079
37,662,Thomas Cannon,FWD,Everton,0.26326439552477127
37,267,Çaglar Söyüncü,DEF,Leicester,0.2210818910462079
37,425,Hugo Lloris,GK,Spurs,0.08531563522049047
37,376,Nick Pope,GK,Newcastle,0.08531563522049047
37,441,Oliver Skipp,MID,Spurs,0.2042110389734871
37,436,Ryan Sessegnon,DEF,Spurs,0.2210818910462079
37,538,Ashley Young,DEF,Aston Villa,0.2210818910462079
37,119,Jeremy Sarmiento Morante,MID,Brighton,0.2042110389734871
37,119,Jeremy Sarmiento Morante,MID,Brighton,0.2042110389734871
37,70,Philip Billing,MID,Bournemouth,0.2042110389734871
38,403,Nathan Redmond,MID,Southampton,0.20421103897348708
38,58,Junior Stanislas,MID,Bournemouth,0.20421103897348708
38,150,Armando Broja,FWD,Chelsea,0.2632643955247714
38,366,Fabian Schär,DEF,Newcastle,0.22108189104620787
38,742,Jeremiah Chilokoa-Mullen,DEF,Leeds,0.22108189104620787
38,249,Jonny Evans,DEF,Leicester,0.22108189104620787
38,724,Enzo Fernández,MID,Chelsea,0.20421103897348708
38,394,Brennan Johnson,FWD,Nott'm Forest,0.2632643955247714
38,514,Cheick Doucouré,MID,Crystal Palace,0.20421103897348708
38,553,Oliver Hammond,MID,Nott'm Forest,0.20421103897348708
38,485,Luke Cundle,MID,Wolves,0.20421103897348708
38,540,Fin Stevens,DEF,Brentford,0.22108189104620787
38,451,Brandon Austin,GK,Spurs,0.08531563522049046
38,158,Luka Milivojevic,MID,Crystal Palace,0.20421103897348708
38,747,George Wickens,GK,Fulham,0.08531563522049046
38,272,Wesley Fofana,DEF,Chelsea,0.22108189104620787
38,529,Gianluca Scamacca,FWD,West Ham,0.2632643955247714
38,281,Alisson Ramses Becker,GK,Liverpool,0.08531563522049046
38,411,Che Adams,FWD,Southampton,0.2632643955247714
38,237,Sam Greenwood,FWD,Leeds,0.2632643955247714
38,750,Charlie Robinson,DEF,Fulham,0.22108189104620787
38,203,Nathaniel Chalobah,MID,Fulham,0.20421103897348708
38,501,Nathaniel Phillips,DEF,Liverpool,0.22108189104620787
38,770,Dominic Ballard,FWD,Southampton,0.2632643955247714
38,393,Loïc Mbe Soh,DEF,Nott'm Forest,0.22108189104620787
38,743,Diogo Pinheiro Monteiro,DEF,Leeds,0.22108189104620787
38,102,Jason Steele,GK,Brighton,0.08531563522049046
38,660,Shola Shoretire,FWD,Man Utd,0.2632643955247714
38,209,Tosin Adarabioyo,DEF,Fulham,0.22108189104620787
38,325,Kalvin Phillips,MID,Man City,0.20421103897348708
38,383,Carlos Ribeiro Dias,MID,Nott'm Forest,0.20421103897348708
38,213,Marek Rodák,GK,Fulham,0.08531563522049046
38,359,Ryan Fraser,MID,Newcastle,0.20421103897348708
38,774,Nico O'Reilly,MID,Man City,0.20421103897348708
38,702,Andrey Nascimento dos Santos,MID,Chelsea,0.20421103897348708
38,270,Luke Thomas,DEF,Leicester,0.22108189104620787
38,353,Karl Darlow,GK,Newcastle,0.08531563522049046
38,315,Rodrigo Hernandez,MID,Man City,0.20421103897348708
38,326,Cristiano Ronaldo dos Santos Aveiro,FWD,Man Utd,0.2632643955247714
38,426,Fraser Forster,GK,Spurs,0.08531563522049046
38,278,Alex Oxlade-Chamberlain,MID,Liverpool,0.20421103897348708
38,630,Ethan Nwaneri,MID,Arsenal,0.20421103897348708
38,305,Jack Grealish,MID,Man City,0.20421103897348708
38,317,James McAtee,MID,Man City,0.20421103897348708
38,415,Will Smallbone,MID,Southampton,0.20421103897348708
38,641,Martial Godo,MID,Fulham,0.20421103897348708
38,354,Chris Wood,FWD,Nott'm Forest,0.2632643955247714
38,571,Darren Randolph,GK,Bournemouth,0.08531563522049046
38,479,Leander Dendoncker,MID,Aston Villa,0.20421103897348708
38,729,Keylor Navas,GK,Nott'm Forest,0.08531563522049046
38,183,Allan Marques Loureiro,MID,Everton,0.20421103897348708
38,290,Ibrahima Konaté,DEF,Liverpool,0.22108189104620787
38,210,Aleksandar Mitrović,FWD,Fulham,0.2632643955247714
38,519,Christian Eriksen,MID,Man Utd,0.20421103897348708
38,373,Joe Willock,MID,Newcastle,0.20421103897348708
38,494,Yerson Mosquera Valdelamar,DEF,Wolves,0.22108189104620787
38,321,Roméo Lavia,MID,Southampton,0.20421103897348708
38,686,Ellis Simms,FWD,Everton,0.2632643955247714
38,84,Kristoffer Ajer,DEF,Brentford,0.22108189104620787
38,585,Emmanuel Dennis,FWD,Nott'm Forest,0.2632643955247714
38,681,Gustavo Henrique Furtado Scarpa,MID,Nott'm Forest,0.20421103897348708
38,163,Will Hughes,MID,Crystal Palace,0.20421103897348708
38,512,Joe Ayodele-Aribo,MID,Southampton,0.20421103897348708
38,536,Orel Mangala,MID,Nott'm Forest,0.20421103897348708
38,496,Luke Plange,FWD,Crystal Palace,0.2632643955247714
38,443,Cristian Romero,DEF,Spurs,0.22108189104620787
38,233,Jack Harrison,MID,Leeds,0.20421103897348708
38,575,Maxwel Cornet,MID,West Ham,0.20421103897348708
38,508,Luis Sinisterra Lucumí,MID,Leeds,0.20421103897348708
38,157,Nathaniel Clyne,DEF,Crystal Palace,0.22108189104620787
38,405,Stuart Armstrong,MID,Southampton,0.20421103897348708
38,402,Oriol Romeu Vidal,MID,Southampton,0.20421103897348708
38,229,Tyler Roberts,MID,Leeds,0.20421103897348708
38,638,Lamare Bogarde,DEF,Aston Villa,0.22108189104620787
38,555,Harrison Ashby,DEF,Newcastle,0.22108189104620787
38,273,Lewis Brunt,DEF,Leicester,0.22108189104620787
38,350,Matt Ritchie,DEF,Newcastle,0.22108189104620787
38,253,Jannik Vestergaard,DEF,Leicester,0.22108189104620787
38,118,Enock Mwepu,MID,Brighton,0.20421103897348708
38,141,Trevoh Chalobah,DEF,Chelsea,0.22108189104620787
38,530,Chris Richards,DEF,Crystal Palace,0.22108189104620787
38,649,Cameron Plain,GK,Bournemouth,0.08531563522049046
38,288,Diogo Teixeira da Silva,FWD,Liverpool,0.2632643955247714
38,755,Travis Patterson,MID,Aston Villa,0.20421103897348708
38,355,Martin Dubravka,GK,Newcastle,0.08531563522049046
38,225,Rodrigo Moreno,MID,Leeds,0.20421103897348708
38,737,Ben Greenwood,DEF,Bournemouth,0.22108189104620787
38,490,Francisco Jorge Tomás Oliveira,MID,Wolves,0.20421103897348708
38,420,Mohammed Salisu,DEF,Southampton,0.22108189104620787
38,331,Frederico Rodrigues de Paula Santos,MID,Man Utd,0.20421103897348708
38,117,Jakub Moder,MID,Brighton,0.20421103897348708
38,603,Lucas Tolentino Coelho de Lima,MID,West Ham,0.20421103897348708
38,168,Jean-Philippe Mateta,FWD,Crystal Palace,0.2632643955247714
38,177,Salomón Rondón,FWD,Everton,0.2632643955247714
38,221,Liam Cooper,DEF,Leeds,0.22108189104620787
38,665,Ben Doak,MID,Liverpool,0.20421103897348708
38,594,Alexander Isak,FWD,Newcastle,0.2632643955247714
38,713,Arnaut Danjuma,MID,Spurs,0.20421103897348708
38,318,Erling Haaland,FWD,Man City,0.2632643955247714
38,745,Oliwier Zych,GK,Aston Villa,0.08531563522049046
38,706,Euan Pollock,FWD,Bournemouth,0.2632643955247714
38,726,Sasa Lukic,MID,Fulham,0.20421103897348708
38,67,Lewis Cook,MID,Bournemouth,0.20421103897348708
38,495,Remi Matthews,GK,Crystal Palace,0.08531563522049046
38,314,Phil Foden,MID,Man City,0.20421103897348708
38,676,David Ozoh,MID,Crystal Palace,0.20421103897348708
38,622,Juan Larios López,DEF,Southampton,0.22108189104620787
38,298,Calvin Ramsay,DEF,Liverpool,0.22108189104620787
38,650,Yegor Yarmolyuk,MID,Brentford,0.20421103897348708
38,703,Danilo dos Santos de Oliveira,MID,Nott'm Forest,0.20421103897348708
38,379,Steve Cook,DEF,Nott'm Forest,0.22108189104620787
38,250,Ryan Bertrand,DEF,Leicester,0.22108189104620787
38,692,Mislav Orsic,MID,Southampton,0.20421103897348708
38,528,Sékou Mara,FWD,Southampton,0.2632643955247714
38,338,Scott McTominay,MID,Man Utd,0.20421103897348708
38,390,Xande Nascimento da Costa Silva,MID,Nott'm Forest,0.20421103897348708
38,398,Dean Henderson,GK,Nott'm Forest,0.08531563522049046
38,65,Jack Stacey,DEF,Bournemouth,0.22108189104620787
38,192,Mason Holgate,DEF,Everton,0.22108189104620787
38,115,Steven Alzate,MID,Brighton,0.20421103897348708
38,223,Mateusz Klich,MID,Leeds,0.20421103897348708
38,671,Jimmy Morgan,FWD,Southampton,0.2632643955247714
38,423,Armel Bella-Kotchap,DEF,Southampton,0.22108189104620787
38,21,Ainsley Maitland-Niles,MID,Southampton,0.20421103897348708
38,274,James Milner,MID,Liverpool,0.20421103897348708
38,515,Keane Lewis-Potter,MID,Brentford,0.20421103897348708
38,301,Kevin De Bruyne,MID,Man City,0.20421103897348708
38,500,Sepp van den Berg,DEF,Liverpool,0.22108189104620787
38,242,Joe Gelhardt,FWD,Leeds,0.2632643955247714
38,50,Diego Carlos Santos Silva,DEF,Aston Villa,0.22108189104620787
38,763,Matthew Dibley-Dias,MID,Fulham,0.20421103897348708
38,431,Lucas Rodrigues Moura da Silva,MID,Spurs,0.20421103897348708
38,526,Ben Mee,DEF,Brentford,0.22108189104620787
38,659,Mateo Joseph Fernández,FWD,Leeds,0.2632643955247714
38,687,Kasey McAteer,MID,Leicester,0.20421103897348708
38,27,Marcus Oliveira Alencar,MID,Arsenal,0.20421103897348708
38,718,Matías Viña,DEF,Bournemouth,0.22108189104620787
38,231,Daniel James,MID,Fulham,0.20421103897348708
38,690,João Félix Sequeira,FWD,Chelsea,0.2632643955247714
38,306,João Cancelo,DEF,Man City,0.22108189104620787
38,333,Bruno Borges Fernandes,MID,Man Utd,0.20421103897348708
38,506,Tyler Adams,MID,Leeds,0.20421103897348708
38,352,Ciaran Clark,DEF,Newcastle,0.22108189104620787
38,598,Owen Bevan,DEF,Bournemouth,0.22108189104620787
38,72,Mark Travers,GK,Bournemouth,0.08531563522049046
38,775,Alfie Gilchrist,DEF,Chelsea,0.22108189104620787
38,76,Jordan Zemura,DEF,Bournemouth,0.22108189104620787
38,5,Rob Holding,DEF,Arsenal,0.22108189104620787
38,767,Mauro Bandeira,MID,Arsenal,0.20421103897348708
38,80,Ivan Toney,FWD,Brentford,0.2632643955247714
38,78,Pontus Jansson,DEF,Brentford,0.22108189104620787
38,41,Marvelous Nakamba,MID,Aston Villa,0.20421103897348708
38,252,Nampalys Mendy,MID,Leicester,0.20421103897348708
38,25,Fábio Ferreira Vieira,MID,Arsenal,0.20421103897348708
38,633,Matthew Cox,GK,Brentford,0.08531563522049046
38,666,Dale Taylor,FWD,Nott'm Forest,0.2632643955247714
38,59,Ryan Fredericks,DEF,Bournemouth,0.22108189104620787
38,560,Stanley Mills,MID,Everton,0.20421103897348708
38,583,Cheikhou Kouyaté,MID,Nott'm Forest,0.20421103897348708
38,461,Kurt Zouma,DEF,West Ham,0.22108189104620787
38,320,Luke Mbete-Tabu,DEF,Man City,0.22108189104620787
38,572,Armstrong Oko-Flex,MID,West Ham,0.20421103897348708
38,397,Taiwo Awoniyi,FWD,Nott'm Forest,0.2632643955247714
38,434,Harry Winks,MID,Spurs,0.20421103897348708
38,559,Levi Colwill,DEF,Brighton,0.22108189104620787
38,642,Kofi Balmer,DEF,Crystal Palace,0.22108189104620787
38,256,Ricardo Barbosa Pereira,DEF,Leicester,0.22108189104620787
38,418,Moussa Djenepo,MID,Southampton,0.20421103897348708
38,493,Morgan Gibbs-White,MID,Nott'm Forest,0.20421103897348708
38,99,Mads Bidstrup,MID,Brentford,0.20421103897348708
38,621,Loïc Badé,DEF,Nott'm Forest,0.22108189104620787
38,69,Ryan Christie,MID,Bournemouth,0.20421103897348708
38,586,Pervis Estupiñán,DEF,Brighton,0.22108189104620787
38,48,Carney Chukwuemeka,MID,Chelsea,0.20421103897348708
38,43,Matty Cash,DEF,Aston Villa,0.22108189104620787
38,311,Bernardo Veiga de Carvalho e Silva,MID,Man City,0.20421103897348708
38,363,Javier Manquillo Gaitán,DEF,Newcastle,0.22108189104620787
38,34,Bertrand Traoré,MID,Aston Villa,0.20421103897348708
38,584,Bobby Clark,MID,Liverpool,0.20421103897348708
38,329,Raphaël Varane,DEF,Man Utd,0.22108189104620787
38,735,Wanya Marçal-Madivadua,MID,Leicester,0.20421103897348708
38,547,Cody Drameh,DEF,Leeds,0.22108189104620787
38,194,Vitalii Mykolenko,DEF,Everton,0.22108189104620787
38,299,Kyle Walker,DEF,Man City,0.22108189104620787
38,502,Scott Carson,GK,Man City,0.08531563522049046
38,66,Dominic Solanke,FWD,Bournemouth,0.2632643955247714
38,86,Vitaly Janelt,MID,Brentford,0.20421103897348708
38,113,Robert Sánchez,GK,Brighton,0.08531563522049046
38,147,Edouard Mendy,GK,Chelsea,0.08531563522049046
38,222,Luke Ayling,DEF,Leeds,0.22108189104620787
38,761,Tommi O'Reilly,MID,Aston Villa,0.20421103897348708
38,339,Eric Bailly,DEF,Man Utd,0.22108189104620787
38,558,Hugo Bueno López,DEF,Wolves,0.22108189104620787
38,561,Lewis Warrington,MID,Everton,0.20421103897348708
38,433,Pierre-Emile Højbjerg,MID,Spurs,0.20421103897348708
38,601,Kaden Rodney,MID,Crystal Palace,0.20421103897348708
38,172,Jesurun Rak-Sakyi,MID,Crystal Palace,0.20421103897348708
38,164,Jairo Riedewald,MID,Crystal Palace,0.20421103897348708
38,467,Declan Rice,MID,West Ham,0.20421103897348708
38,257,Daniel Amartey,DEF,Leicester,0.22108189104620787
38,731,Kamaldeen Sulemana,MID,Southampton,0.20421103897348708
38,195,Anthony Gordon,MID,Newcastle,0.20421103897348708
38,81,David Raya Martin,GK,Brentford,0.08531563522049046
38,447,Dane Scarlett,FWD,Spurs,0.2632643955247714
38,510,Aaron Hickey,DEF,Brentford,0.22108189104620787
38,721,João Victor Gomes da Silva,MID,Wolves,0.20421103897348708
38,531,Rúben Nascimento Vinagre,DEF,Everton,0.22108189104620787
38,639,Sammy Braybrooke,MID,Leicester,0.20421103897348708
38,107,Solly March,MID,Brighton,0.20421103897348708
38,691,Maximilian Wöber,DEF,Leeds,0.22108189104620787
38,773,Shea Charles,MID,Man City,0.20421103897348708
38,361,Dwight Gayle,FWD,Newcastle,0.2632643955247714
38,246,Brenden Aaronson,MID,Leeds,0.20421103897348708
38,254,Danny Ward,GK,Leicester,0.08531563522049046
38,165,Joachim Andersen,DEF,Crystal Palace,0.22108189104620787
38,542,Kjell Scherpen,GK,Brighton,0.08531563522049046
38,404,Jack Stephens,DEF,Bournemouth,0.22108189104620787
38,154,James McArthur,MID,Crystal Palace,0.20421103897348708
38,265,Wilfred Ndidi,MID,Leicester,0.20421103897348708
38,307,Ederson Santana de Moraes,GK,Man City,0.08531563522049046
38,456,Angelo Ogbonna,DEF,West Ham,0.22108189104620787
38,465,Jarrod Bowen,MID,West Ham,0.20421103897348708
38,492,Matija Šarkić,GK,Wolves,0.08531563522049046
38,708,Noni Madueke,MID,Chelsea,0.20421103897348708
38,143,Malang Sarr,DEF,Chelsea,0.22108189104620787
38,202,Anthony Knockaert,MID,Fulham,0.20421103897348708
38,647,Lewis Payne,MID,Southampton,0.20421103897348708
38,442,Joe Rodon,DEF,Spurs,0.22108189104620787
38,345,Anthony Martial,FWD,Man Utd,0.2632643955247714
38,499,Ben Davies,DEF,Liverpool,0.22108189104620787
38,410,Jan Bednarek,DEF,Southampton,0.22108189104620787
38,95,Bryan Mbeumo,FWD,Brentford,0.2632643955247714
38,287,Naby Keita,MID,Liverpool,0.20421103897348708
38,565,Archie Gray,MID,Leeds,0.20421103897348708
38,577,Amadou Onana,MID,Everton,0.20421103897348708
38,651,Andrew Moran,MID,Brighton,0.20421103897348708
38,550,Amad Diallo,MID,Man Utd,0.20421103897348708
38,739,Joseph Anang,GK,West Ham,0.08531563522049046
38,149,Billy Gilmour,MID,Brighton,0.20421103897348708
38,335,Marcus Rashford,MID,Man Utd,0.20421103897348708
38,694,Alexandre Moreno Lopera,DEF,Aston Villa,0.22108189104620787
38,319,Julián Álvarez,FWD,Man City,0.2632643955247714
38,421,Mateusz Lis,GK,Southampton,0.08531563522049046
38,14,Takehiro Tomiyasu,DEF,Arsenal,0.22108189104620787
38,364,Emil Krafth,DEF,Newcastle,0.22108189104620787
38,302,John Stones,DEF,Man City,0.22108189104620787
38,33,Lucas Digne,DEF,Aston Villa,0.22108189104620787
38,94,Shandon Baptiste,MID,Brentford,0.20421103897348708
38,308,Nathan Aké,DEF,Man City,0.22108189104620787
38,13,Bukayo Saka,MID,Arsenal,0.20421103897348708
38,73,Lloyd Kelly,DEF,Bournemouth,0.22108189104620787
38,720,Weston McKennie,MID,Leeds,0.20421103897348708
38,653,Omari Hutchinson,MID,Chelsea,0.20421103897348708
38,285,Trent Alexander-Arnold,DEF,Liverpool,0.22108189104620787
38,266,Kiernan Dewsbury-Hall,MID,Leicester,0.20421103897348708
38,283,Mohamed Salah,MID,Liverpool,0.20421103897348708
38,131,Ross Barkley,MID,Chelsea,0.20421103897348708
38,6,Thomas Partey,MID,Arsenal,0.20421103897348708
38,693,Carlos Alcaraz,MID,Southampton,0.20421103897348708
38,422,Gavin Bazunu,GK,Southampton,0.08531563522049046
38,581,Alex Smithies,GK,Leicester,0.08531563522049046
38,54,Cameron Archer,FWD,Aston Villa,0.2632643955247714
38,595,Mathias Jorgensen,DEF,Brentford,0.22108189104620787
38,184,André Tavares Gomes,MID,Everton,0.20421103897348708
38,413,Lyanco Silveira Neves Vojnovic,DEF,Southampton,0.22108189104620787
38,517,Thomas Strakosha,GK,Brentford,0.08531563522049046
38,675,Jordan Smith,GK,Nott'm Forest,0.08531563522049046
38,661,Lewis Hall,MID,Chelsea,0.20421103897348708
38,655,Karl Hein,GK,Arsenal,0.08531563522049046
38,139,Ben Chilwell,DEF,Chelsea,0.22108189104620787
38,106,Lewis Dunk,DEF,Brighton,0.22108189104620787
38,452,Alfie Devine,MID,Spurs,0.20421103897348708
38,399,Giulian Biancone,DEF,Nott'm Forest,0.22108189104620787
38,549,Dennis Praet,MID,Leicester,0.20421103897348708
38,612,Wout Faes,DEF,Leicester,0.22108189104620787
38,698,Mario Lemina,MID,Wolves,0.20421103897348708
38,26,William Saliba,DEF,Arsenal,0.22108189104620787
38,122,Haydon Roberts,DEF,Brighton,0.22108189104620787
38,710,Jakub Kiwior,DEF,Arsenal,0.22108189104620787
38,658,Harvey Griffiths,MID,Wolves,0.20421103897348708
38,760,Andy Lonergan,GK,Everton,0.08531563522049046
38,459,Craig Dawson,DEF,Wolves,0.22108189104620787
38,554,Bryan Gil Salvatierra,MID,Spurs,0.20421103897348708
38,614,Willian Borges da Silva,MID,Fulham,0.20421103897348708
38,42,Emiliano Buendía Stati,MID,Aston Villa,0.20421103897348708
38,174,Nathan Ferguson,DEF,Crystal Palace,0.22108189104620787
38,428,Son Heung-min,MID,Spurs,0.20421103897348708
38,15,Aaron Ramsdale,GK,Arsenal,0.08531563522049046
38,170,Tyrick Mitchell,DEF,Crystal Palace,0.22108189104620787
38,640,Ed Turns,DEF,Brighton,0.22108189104620787
38,484,Max Kilman,DEF,Wolves,0.22108189104620787
38,323,Liam Delap,FWD,Man City,0.2632643955247714
38,534,Dwight McNeil,MID,Everton,0.20421103897348708
38,592,Harvey Davies,GK,Liverpool,0.08531563522049046
38,727,Harry Souttar,DEF,Leicester,0.22108189104620787
38,664,Dexter Lembikisa,DEF,Wolves,0.22108189104620787
38,134,N'Golo Kanté,MID,Chelsea,0.20421103897348708
38,719,Yasin Ayari,MID,Brighton,0.20421103897348708
38,523,Harry Toffolo,DEF,Nott'm Forest,0.22108189104620787
38,64,Jefferson Lerma Solís,MID,Bournemouth,0.20421103897348708
38,635,Marcus Bettinelli,GK,Chelsea,0.08531563522049046
38,44,Ezri Konsa Ngoyo,DEF,Aston Villa,0.22108189104620787
38,689,Benoît Badiashile,DEF,Chelsea,0.22108189104620787
38,71,Chris Mepham,DEF,Bournemouth,0.22108189104620787
38,616,Denis Zakaria,MID,Chelsea,0.20421103897348708
38,424,Willy Caballero,GK,Southampton,0.08531563522049046
38,395,Alex Mighten,MID,Nott'm Forest,0.20421103897348708
38,52,Keinan Davis,FWD,Aston Villa,0.2632643955247714
38,35,Robin Olsen,GK,Aston Villa,0.08531563522049046
38,83,Josh Dasilva,MID,Brentford,0.20421103897348708
38,279,Roberto Firmino,FWD,Liverpool,0.2632643955247714
38,277,Thiago Alcántara do Nascimento,MID,Liverpool,0.20421103897348708
38,673,Bashir Humphreys,DEF,Chelsea,0.22108189104620787
38,220,João Palhinha Gonçalves,MID,Fulham,0.20421103897348708
38,543,Matt Clarke,DEF,Brighton,0.22108189104620787
38,357,Kieran Trippier,DEF,Newcastle,0.22108189104620787
38,507,Moussa Niakhaté,DEF,Nott'm Forest,0.22108189104620787
38,2,Bernd Leno,GK,Fulham,0.08531563522049046
38,409,Kyle Walker-Peters,DEF,Southampton,0.22108189104620787
38,505,Joe Rothwell,MID,Bournemouth,0.20421103897348708
38,17,Nuno Varela Tavares,DEF,Arsenal,0.22108189104620787
38,548,Daniel Iversen,GK,Leicester,0.08531563522049046
38,437,Steven Bergwijn,MID,Spurs,0.20421103897348708
38,87,Saman Ghoddos,MID,Brentford,0.20421103897348708
38,620,Arthur Henrique Ramos de Oliveira Melo,MID,Liverpool,0.20421103897348708
38,567,Connor Ronan,MID,Wolves,0.20421103897348708
38,309,Aymeric Laporte,DEF,Man City,0.22108189104620787
38,609,Antony Matheus dos Santos,MID,Man Utd,0.20421103897348708
38,371,Joelinton Cássio Apolinário de Lira,MID,Newcastle,0.20421103897348708
38,566,Joseph Hodge,MID,Wolves,0.20421103897348708
38,186,Alex Iwobi,MID,Everton,0.20421103897348708
38,224,Adam Forshaw,MID,Leeds,0.20421103897348708
38,68,Ben Pearson,MID,Bournemouth,0.20421103897348708
38,276,Joel Matip,DEF,Liverpool,0.22108189104620787
38,695,Daniel Adu-Adjei,FWD,Bournemouth,0.2632643955247714
38,377,Sven Botman,DEF,Newcastle,0.22108189104620787
38,464,Saïd Benrahma,MID,West Ham,0.20421103897348708
38,282,Fabio Henrique Tavares,MID,Liverpool,0.20421103897348708
38,709,Victor Kristiansen,DEF,Leicester,0.22108189104620787
38,758,George Abbott,MID,Spurs,0.20421103897348708
38,135,Hakim Ziyech,MID,Chelsea,0.20421103897348708
38,138,Robert Kenedy Nunes do Nascimento,DEF,Chelsea,0.22108189104620787
38,474,Willy Boly,DEF,Nott'm Forest,0.22108189104620787
38,468,Tomas Soucek,MID,West Ham,0.20421103897348708
38,243,Leo Fuhr Hjelde,DEF,Leeds,0.22108189104620787
38,90,Mads Roerslev Rasmussen,DEF,Brentford,0.22108189104620787
38,732,Paul Onuachu,FWD,Southampton,0.2632643955247714
38,606,Harvey Vale,MID,Chelsea,0.20421103897348708
38,160,Wilfried Zaha,MID,Crystal Palace,0.20421103897348708
38,769,Kamari Doyle,MID,Southampton,0.20421103897348708
38,370,Sean Longstaff,MID,Newcastle,0.20421103897348708
38,672,Kadan Young,MID,Aston Villa,0.20421103897348708
38,91,Mads Bech Sørensen,DEF,Brentford,0.22108189104620787
38,190,Tom Davies,MID,Everton,0.20421103897348708
38,3,Granit Xhaka,MID,Arsenal,0.20421103897348708
38,656,Nathan Bishop,GK,Man Utd,0.08531563522049046
38,533,Lisandro Martínez,DEF,Man Utd,0.22108189104620787
38,744,Sil Swinkels,DEF,Aston Villa,0.22108189104620787
38,450,Pape Matar Sarr,MID,Spurs,0.20421103897348708
38,239,Junior Firpo Adames,DEF,Leeds,0.22108189104620787
38,264,Harvey Barnes,MID,Leicester,0.20421103897348708
38,611,Idrissa Gueye,MID,Everton,0.20421103897348708
38,458,Michail Antonio,FWD,West Ham,0.2632643955247714
38,406,Mohamed Elyounoussi,MID,Southampton,0.20421103897348708
38,93,Frank Onyeka,MID,Brentford,0.20421103897348708
38,776,Mark Gillespie,GK,Newcastle,0.08531563522049046
38,551,Zidane Iqbal,MID,Man Utd,0.20421103897348708
38,198,Niels Nkounkou,DEF,Everton,0.22108189104620787
38,440,Rodrigo Bentancur,MID,Spurs,0.20421103897348708
38,142,Mason Mount,MID,Chelsea,0.20421103897348708
38,472,Nayef Aguerd,DEF,West Ham,0.22108189104620787
38,562,Manor Solomon,MID,Fulham,0.20421103897348708
38,476,Raúl Jiménez,FWD,Wolves,0.2632643955247714
38,563,Luke Chambers,DEF,Liverpool,0.22108189104620787
38,715,Mateus Cardoso Lemos Martins,MID,Leicester,0.20421103897348708
38,145,Kai Havertz,FWD,Chelsea,0.2632643955247714
38,416,Ibrahima Diallo,MID,Southampton,0.20421103897348708
38,408,Adam Armstrong,FWD,Southampton,0.2632643955247714
38,388,Joe Worrall,DEF,Nott'm Forest,0.22108189104620787
38,103,Danny Welbeck,FWD,Brighton,0.2632643955247714
38,130,Jorge Luiz Frello Filho,MID,Arsenal,0.20421103897348708
38,137,Timo Werner,FWD,Chelsea,0.2632643955247714
38,613,Layvin Kurzawa,DEF,Fulham,0.22108189104620787
38,518,Wayne Hennessey,GK,Nott'm Forest,0.08531563522049046
38,700,Georginio Rutter,FWD,Leeds,0.2632643955247714
38,346,Andreas Hoelgebaum Pereira,MID,Fulham,0.20421103897348708
38,312,Rúben Gato Alves Dias,DEF,Man City,0.22108189104620787
38,667,Kristian Sekularac,MID,Fulham,0.20421103897348708
38,100,Ellery Balcombe,GK,Brentford,0.08531563522049046
38,187,Jean-Philippe Gbamin,MID,Everton,0.20421103897348708
38,313,Oleksandr Zinchenko,DEF,Arsenal,0.22108189104620787
38,605,Reece Welch,DEF,Everton,0.22108189104620787
38,445,Emerson Leite de Souza Junior,DEF,Spurs,0.22108189104620787
38,483,Daniel Castelo Podence,MID,Wolves,0.20421103897348708
38,171,Michael Olise,MID,Crystal Palace,0.20421103897348708
38,392,Richie Laryea,DEF,Nott'm Forest,0.22108189104620787
38,768,Sean McAllister,MID,Everton,0.20421103897348708
38,112,Marc Cucurella Saseta,DEF,Chelsea,0.22108189104620787
38,234,Jamie Shackleton,MID,Leeds,0.20421103897348708
38,40,Ollie Watkins,FWD,Aston Villa,0.2632643955247714
38,539,James Hill,DEF,Bournemouth,0.22108189104620787
38,57,Adam Smith,DEF,Bournemouth,0.22108189104620787
38,604,Killian Phillips,MID,Crystal Palace,0.20421103897348708
38,310,Zack Steffen,GK,Man City,0.08531563522049046
38,111,Leandro Trossard,MID,Arsenal,0.20421103897348708
38,471,Ben Johnson,DEF,West Ham,0.22108189104620787
38,207,Paulo Gazzaniga Farias,GK,Fulham,0.08531563522049046
38,740,Krisztián Hegyi,GK,West Ham,0.08531563522049046
38,527,Jesse Lingard,MID,Nott'm Forest,0.20421103897348708
38,197,Nathan Patterson,DEF,Everton,0.22108189104620787
38,365,Jacob Murphy,MID,Newcastle,0.20421103897348708
38,391,Sam Surridge,FWD,Nott'm Forest,0.2632643955247714
38,255,Jamie Vardy,FWD,Leicester,0.2632643955247714
38,10,Benjamin White,DEF,Arsenal,0.22108189104620787
38,292,Konstantinos Tsimikas,DEF,Liverpool,0.22108189104620787
38,599,Claudio Gomes,MID,Man City,0.20421103897348708
38,153,James Tomkins,DEF,Crystal Palace,0.22108189104620787
38,714,Antoine Semenyo,FWD,Bournemouth,0.2632643955247714
38,4,Mohamed Elneny,MID,Arsenal,0.20421103897348708
38,557,Jackson Smith,GK,Wolves,0.08531563522049046
38,47,Jacob Ramsey,MID,Aston Villa,0.20421103897348708
38,360,Jamaal Lascelles,DEF,Newcastle,0.22108189104620787
38,396,Braian Ojeda Rodríguez,MID,Nott'm Forest,0.20421103897348708
38,368,Allan Saint-Maximin,MID,Newcastle,0.20421103897348708
38,62,Kieffer Moore,FWD,Bournemouth,0.2632643955247714
38,707,Viljami Sinisalo,GK,Aston Villa,0.08531563522049046
38,696,Michael Dacosta Gonzalez,MID,Bournemouth,0.20421103897348708
38,124,Kaoru Mitoma,MID,Brighton,0.20421103897348708
38,509,Flynn Downes,MID,West Ham,0.20421103897348708
38,574,Norberto Murara Neto,GK,Bournemouth,0.08531563522049046
38,626,Loris Karius,GK,Newcastle,0.08531563522049046
38,486,Pedro Lomba Neto,MID,Wolves,0.20421103897348708
38,470,Issa Diop,DEF,Fulham,0.22108189104620787
38,597,Christian Saydee,FWD,Bournemouth,0.2632643955247714
38,12,Emile Smith Rowe,MID,Arsenal,0.20421103897348708
38,746,Kaelan Casey,DEF,West Ham,0.22108189104620787
38,85,Rico Henry,DEF,Brentford,0.22108189104620787
38,24,Matt Turner,GK,Arsenal,0.08531563522049046
38,212,Harry Wilson,MID,Fulham,0.20421103897348708
38,541,Halil Dervişoğlu,FWD,Brentford,0.2632643955247714
38,201,Tim Ream,DEF,Fulham,0.22108189104620787
38,82,Sergi Canós Tenés,DEF,Brentford,0.22108189104620787
38,156,Joel Ward,DEF,Crystal Palace,0.22108189104620787
38,481,Hwang Hee-chan,MID,Wolves,0.20421103897348708
38,196,Jarrad Branthwaite,DEF,Everton,0.22108189104620787
38,688,Kevin Schade,MID,Brentford,0.20421103897348708
38,588,Thilo Kehrer,DEF,West Ham,0.22108189104620787
38,294,Harvey Elliott,MID,Liverpool,0.20421103897348708
38,230,Robin Koch,DEF,Leeds,0.22108189104620787
38,263,Hamza Choudhury,MID,Leicester,0.20421103897348708
38,262,Kelechi Iheanacho,FWD,Leicester,0.2632643955247714
38,663,Sonny Perkins,FWD,Leeds,0.2632643955247714
38,414,Yan Valery,DEF,Southampton,0.22108189104620787
38,487,Rayan Aït-Nouri,DEF,Wolves,0.22108189104620787
38,568,Chem Campbell,MID,Wolves,0.20421103897348708
38,328,Phil Jones,DEF,Man Utd,0.22108189104620787
38,180,Michael Keane,DEF,Everton,0.22108189104620787
38,632,Ryan Trevitt,MID,Brentford,0.20421103897348708
38,63,Emiliano Marcondes,MID,Bournemouth,0.20421103897348708
38,269,Boubakary Soumaré,MID,Leicester,0.20421103897348708
38,716,James Bree,DEF,Southampton,0.22108189104620787
38,133,Kepa Arrizabalaga,GK,Chelsea,0.08531563522049046
38,384,Joe Lolley,MID,Nott'm Forest,0.20421103897348708
38,89,Yoane Wissa,MID,Brentford,0.20421103897348708
38,654,Jack Wells-Morrison,MID,Crystal Palace,0.20421103897348708
38,378,Harry Arter,MID,Nott'm Forest,0.20421103897348708
38,766,Tayo Adaramola,DEF,Crystal Palace,0.22108189104620787
38,247,Darko Gyabi,MID,Leeds,0.20421103897348708
38,617,Pierre-Emerick Aubameyang,FWD,Chelsea,0.2632643955247714
38,460,Manuel Lanzini,MID,West Ham,0.20421103897348708
38,260,Ayoze Pérez,MID,Leicester,0.20421103897348708
38,175,Sam Johnstone,GK,Crystal Palace,0.08531563522049046
38,248,Kasper Schmeichel,GK,Leicester,0.08531563522049046
38,97,Marcus Forss,FWD,Brentford,0.2632643955247714
38,728,Marcel Sabitzer,MID,Man Utd,0.20421103897348708
38,108,Adam Webster,DEF,Brighton,0.22108189104620787
38,199,James Tarkowski,DEF,Everton,0.22108189104620787
38,564,Stefan Bajcetic,MID,Liverpool,0.20421103897348708
38,191,Dominic Calvert-Lewin,FWD,Everton,0.2632643955247714
38,489,Toti António Gomes,DEF,Wolves,0.22108189104620787
38,251,Marc Albrighton,MID,Leicester,0.20421103897348708
38,491,Adama Traoré Diarra,MID,Wolves,0.20421103897348708
38,206,Joe Bryan,DEF,Fulham,0.22108189104620787
38,429,Matt Doherty,DEF,Spurs,0.22108189104620787
38,101,Adam Lallana,MID,Brighton,0.20421103897348708
38,430,Eric Dier,DEF,Spurs,0.22108189104620787
38,136,Ruben Loftus-Cheek,MID,Chelsea,0.20421103897348708
38,110,Neal Maupay,FWD,Everton,0.2632643955247714
38,524,Lewis O'Brien,MID,Nott'm Forest,0.20421103897348708
38,19,Gabriel Martinelli Silva,MID,Arsenal,0.20421103897348708
38,439,Japhet Tanganga,DEF,Spurs,0.22108189104620787
38,96,Charlie Goode,DEF,Brentford,0.22108189104620787
38,596,Evan Ferguson,FWD,Brighton,0.2632643955247714
38,295,Neco Williams,DEF,Nott'm Forest,0.22108189104620787
38,37,John McGinn,MID,Aston Villa,0.20421103897348708
38,556,Conor Coventry,MID,West Ham,0.20421103897348708
38,322,Josh Wilson-Esbrand,DEF,Man City,0.22108189104620787
38,473,Alphonse Areola,GK,West Ham,0.08531563522049046
38,271,Patson Daka,FWD,Leicester,0.2632643955247714
38,128,Thiago Emiliano da Silva,DEF,Chelsea,0.22108189104620787
38,208,Terence Kongolo,DEF,Fulham,0.22108189104620787
38,185,Abdoulaye Doucouré,MID,Everton,0.20421103897348708
38,372,Jamal Lewis,DEF,Newcastle,0.22108189104620787
38,643,Kobbie Mainoo,MID,Man Utd,0.20421103897348708
38,521,Tyrese Francois,MID,Fulham,0.20421103897348708
38,238,Illan Meslier,GK,Leeds,0.08531563522049046
38,438,Sergio Reguilón,DEF,Spurs,0.22108189104620787
38,701,Wout Weghorst,FWD,Man Utd,0.2632643955247714
38,646,Tristan Crama,DEF,Brentford,0.22108189104620787
38,120,Moisés Caicedo Corozo,MID,Brighton,0.20421103897348708
38,762,Cameron Peupion,MID,Brighton,0.20421103897348708
38,511,Omar Richards,DEF,Nott'm Forest,0.22108189104620787
38,327,David De Gea Quintana,GK,Man Utd,0.08531563522049046
38,455,Lukasz Fabianski,GK,West Ham,0.08531563522049046
38,291,Curtis Jones,MID,Liverpool,0.20421103897348708
38,146,Reece James,DEF,Chelsea,0.22108189104620787
38,623,Duje Caleta-Car,DEF,Southampton,0.22108189104620787
38,216,Josh Onomah,MID,Fulham,0.20421103897348708
38,332,Luke Shaw,DEF,Man Utd,0.22108189104620787
38,669,Divin Mubama,FWD,West Ham,0.2632643955247714
38,591,Terry Ablade,FWD,Fulham,0.2632643955247714
38,258,Timothy Castagne,DEF,Leicester,0.22108189104620787
38,1,Cédric Alves Soares,DEF,Fulham,0.22108189104620787
38,18,Albert Sambi Lokonga,MID,Crystal Palace,0.20421103897348708
38,736,Odeluga Offiah,DEF,Brighton,0.22108189104620787
38,573,Rico Lewis,DEF,Man City,0.22108189104620787
38,697,Dominic Sadi,FWD,Bournemouth,0.2632643955247714
38,382,Brice Samba,GK,Nott'm Forest,0.08531563522049046
38,454,Richarlison de Andrade,FWD,Spurs,0.2632643955247714
38,778,Samuel Amo-Ameyaw,MID,Southampton,0.20421103897348708
38,176,Asmir Begović,GK,Everton,0.08531563522049046
38,525,Ludwig Augustinsson,DEF,Aston Villa,0.22108189104620787
38,215,Kenny Tete,DEF,Fulham,0.22108189104620787
38,356,Callum Wilson,FWD,Newcastle,0.2632643955247714
38,625,Diego Da Silva Costa,FWD,Wolves,0.2632643955247714
38,8,Kieran Tierney,DEF,Arsenal,0.22108189104620787
38,300,Ilkay Gündogan,MID,Man City,0.20421103897348708
38,227,Patrick Bamford,FWD,Leeds,0.2632643955247714
38,432,Ben Davies,DEF,Spurs,0.22108189104620787
38,475,Conor Coady,DEF,Everton,0.22108189104620787
38,9,Nicolas Pépé,MID,Arsenal,0.20421103897348708
38,39,Tyrone Mings,DEF,Aston Villa,0.22108189104620787
38,532,Kevin Mbabu,DEF,Fulham,0.22108189104620787
38,449,Harvey White,MID,Spurs,0.20421103897348708
38,478,José Malheiro de Sá,GK,Wolves,0.08531563522049046
38,189,Demarai Gray,MID,Everton,0.20421103897348708
38,204,Neeskens Kebano,MID,Fulham,0.20421103897348708
38,217,Antonee Robinson,DEF,Fulham,0.22108189104620787
38,341,Aaron Wan-Bissaka,DEF,Man Utd,0.22108189104620787
38,629,Boubacar Traoré,MID,Wolves,0.20421103897348708
38,98,Dominic Thompson,DEF,Brentford,0.22108189104620787
38,722,Illia Zabarnyi,DEF,Bournemouth,0.22108189104620787
38,570,James Garner,MID,Everton,0.20421103897348708
38,589,Matheus Luiz Nunes,MID,Wolves,0.20421103897348708
38,657,Nathan Fraser,FWD,Wolves,0.2632643955247714
38,182,Jordan Pickford,GK,Everton,0.08531563522049046
38,104,Pascal Groß,MID,Brighton,0.20421103897348708
38,121,Taylor Richards,MID,Brighton,0.20421103897348708
38,628,Serge Aurier,DEF,Nott'm Forest,0.22108189104620787
38,362,Paul Dummett,DEF,Newcastle,0.22108189104620787
38,610,Manuel Akanji,DEF,Man City,0.22108189104620787
38,578,Joel Robles,GK,Leeds,0.08531563522049046
38,22,Lucas Torreira di Pascua,MID,Arsenal,0.20421103897348708
38,480,Rúben da Silva Neves,MID,Wolves,0.20421103897348708
38,324,Stefan Ortega Moreno,GK,Man City,0.08531563522049046
38,31,Emiliano Martínez Romero,GK,Aston Villa,0.08531563522049046
38,754,Sebastian Revan,DEF,Aston Villa,0.22108189104620787
38,678,Isaac Price,MID,Everton,0.20421103897348708
38,74,Siriki Dembélé,MID,Bournemouth,0.20421103897348708
38,684,David Datro Fofana,FWD,Chelsea,0.2632643955247714
38,79,Christian Nørgaard,MID,Brentford,0.20421103897348708
38,462,Arthur Masuaku,DEF,West Ham,0.22108189104620787
38,704,Pablo Sarabia,MID,Wolves,0.20421103897348708
38,615,Matej Kovár,GK,Man Utd,0.08531563522049046
38,114,Tariq Lamptey,DEF,Brighton,0.22108189104620787
38,20,Pablo Marí Villar,DEF,Arsenal,0.22108189104620787
38,385,Scott McKenna,DEF,Nott'm Forest,0.22108189104620787
38,608,Sasa Kalajdzic,FWD,Wolves,0.2632643955247714
38,161,Jeffrey Schlupp,MID,Crystal Palace,0.20421103897348708
38,751,Reuell Walters,DEF,Arsenal,0.22108189104620787
38,348,Tom Heaton,GK,Man Utd,0.08531563522049046
38,699,Mykhailo Mudryk,MID,Chelsea,0.20421103897348708
38,546,Luke Harris,MID,Fulham,0.20421103897348708
38,723,Hamed Traorè,MID,Bournemouth,0.20421103897348708
38,46,Douglas Luiz Soares de Paulo,MID,Aston Villa,0.20421103897348708
38,498,Rhys Williams,DEF,Liverpool,0.22108189104620787
38,159,Jordan Ayew,MID,Crystal Palace,0.20421103897348708
38,351,Federico Fernández,DEF,Newcastle,0.22108189104620787
38,738,Max Kinsey-Wellings,DEF,Bournemouth,0.22108189104620787
38,457,Aaron Cresswell,DEF,West Ham,0.22108189104620787
38,730,Felipe Augusto de Almeida Monteiro,DEF,Nott'm Forest,0.22108189104620787
38,284,Andrew Robertson,DEF,Liverpool,0.22108189104620787
38,469,Pablo Fornals Malla,MID,West Ham,0.20421103897348708
38,129,Marcos Alonso,DEF,Chelsea,0.22108189104620787
38,712,Máximo Perrone,MID,Man City,0.20421103897348708
38,482,Nélson Cabral Semedo,DEF,Wolves,0.22108189104620787
38,427,Harry Kane,FWD,Spurs,0.2632643955247714
38,77,Will Dennis,GK,Bournemouth,0.08531563522049046
38,125,Julio Enciso,FWD,Brighton,0.2632643955247714
38,752,Michael Olakigbe,MID,Brentford,0.20421103897348708
38,28,Gabriel Fernando de Jesus,FWD,Arsenal,0.2632643955247714
38,38,Kortney Hause,DEF,Aston Villa,0.22108189104620787
38,193,Ben Godfrey,DEF,Everton,0.22108189104620787
38,705,Dango Ouattara,MID,Bournemouth,0.20421103897348708
38,219,Jay Stansfield,FWD,Fulham,0.2632643955247714
38,342,Diogo Dalot Teixeira,DEF,Man Utd,0.22108189104620787
38,343,Brandon Williams,DEF,Man Utd,0.22108189104620787
38,419,Tino Livramento,DEF,Southampton,0.22108189104620787
38,569,Alejandro Garnacho,MID,Man Utd,0.20421103897348708
38,634,John-Kymani Gordon,FWD,Crystal Palace,0.2632643955247714
38,386,Mohamed Dräger,DEF,Nott'm Forest,0.22108189104620787
38,749,George Shelvey,GK,Nott'm Forest,0.08531563522049046
38,680,Cody Gakpo,MID,Liverpool,0.20421103897348708
38,51,Anwar El Ghazi,MID,Aston Villa,0.20421103897348708
38,683,Garang Kuol,MID,Newcastle,0.20421103897348708
38,226,Stuart Dallas,DEF,Leeds,0.22108189104620787
38,167,Marc Guéhi,DEF,Crystal Palace,0.22108189104620787
38,232,Raphael Dias Belloli,MID,Leeds,0.20421103897348708
38,759,Marc Jurado Gomez,DEF,Man Utd,0.22108189104620787
38,637,Kyle John,DEF,Everton,0.22108189104620787
38,580,Mikkel Damsgaard,MID,Brentford,0.20421103897348708
38,679,Facundo Buonanotte,MID,Brighton,0.20421103897348708
38,29,Philippe Coutinho Correia,MID,Aston Villa,0.20421103897348708
38,522,Djed Spence,DEF,Spurs,0.22108189104620787
38,358,Dan Burn,DEF,Newcastle,0.22108189104620787
38,162,Jack Butland,GK,Man Utd,0.08531563522049046
38,132,Mateo Kovacic,MID,Chelsea,0.20421103897348708
38,765,Imari Samuels,DEF,Brighton,0.22108189104620787
38,685,Nathan Butler-Oyedeji,FWD,Arsenal,0.2632643955247714
38,181,Dele Alli,MID,Everton,0.20421103897348708
38,228,Diego Llorente,DEF,Leeds,0.22108189104620787
38,717,Daniel Bentley,GK,Wolves,0.08531563522049046
38,756,Tom McGill,GK,Brighton,0.08531563522049046
38,173,Malcolm Ebiowei,MID,Crystal Palace,0.20421103897348708
38,126,Kacper Kozłowski,MID,Brighton,0.20421103897348708
38,466,Nikola Vlasic,MID,West Ham,0.20421103897348708
38,764,Matthew Craig,MID,Spurs,0.20421103897348708
38,644,Owen Goodman,GK,Crystal Palace,0.08531563522049046
38,627,Eldin Jakupovic,GK,Everton,0.08531563522049046
38,453,Troy Parrott,FWD,Spurs,0.2632643955247714
38,60,David Brooks,MID,Bournemouth,0.20421103897348708
38,444,Yves Bissouma,MID,Spurs,0.20421103897348708
38,289,Caoimhin Kelleher,GK,Liverpool,0.08531563522049046
38,636,Stefan Parkes,DEF,Fulham,0.22108189104620787
38,497,Adrián San Miguel del Castillo,GK,Liverpool,0.08531563522049046
38,148,Conor Gallagher,MID,Chelsea,0.20421103897348708
38,631,Lino Sousa,DEF,Arsenal,0.22108189104620787
38,520,Kalidou Koulibaly,DEF,Chelsea,0.22108189104620787
38,677,Jack Hinshelwood,MID,Brighton,0.20421103897348708
38,109,Joël Veltman,DEF,Brighton,0.22108189104620787
38,53,Boubacar Kamara,MID,Aston Villa,0.20421103897348708
38,151,Ethan Ampadu,DEF,Chelsea,0.22108189104620787
38,725,Naouirou Ahamada,MID,Crystal Palace,0.20421103897348708
38,537,Kaine Kesler Hayden,DEF,Aston Villa,0.22108189104620787
38,407,James Ward-Prowse,MID,Southampton,0.20421103897348708
38,36,Morgan Sanson,MID,Aston Villa,0.20421103897348708
38,240,Crysencio Summerville,MID,Leeds,0.20421103897348708
38,330,Harry Maguire,DEF,Man Utd,0.22108189104620787
38,741,Lewis Miley,MID,Newcastle,0.20421103897348708
38,336,Donny van de Beek,MID,Man Utd,0.20421103897348708
38,127,César Azpilicueta,DEF,Chelsea,0.22108189104620787
38,340,Jadon Sancho,MID,Man Utd,0.20421103897348708
38,504,Tyrell Malacia,DEF,Man Utd,0.22108189104620787
38,241,Lewis Bate,MID,Leeds,0.20421103897348708
38,286,Joseph Gomez,DEF,Liverpool,0.22108189104620787
38,88,Mathias Jensen,MID,Brentford,0.20421103897348708
38,412,Nathan Tella,MID,Southampton,0.20421103897348708
38,674,Rhys Bennett,DEF,Man Utd,0.22108189104620787
38,544,Jan Paul van Hecke,DEF,Brighton,0.22108189104620787
38,448,Ivan Perišić,DEF,Spurs,0.22108189104620787
38,11,Eddie Nketiah,FWD,Arsenal,0.2632643955247714
38,144,Callum Hudson-Odoi,MID,Chelsea,0.20421103897348708
38,488,Fabio Silva,FWD,Wolves,0.2632643955247714
38,280,Virgil van Dijk,DEF,Liverpool,0.22108189104620787
38,188,Yerry Mina,DEF,Everton,0.22108189104620787
38,55,Jaden Philogene-Bidace,MID,Aston Villa,0.20421103897348708
38,582,Remo Freuler,MID,Nott'm Forest,0.20421103897348708
38,375,Jeff Hendrick,MID,Newcastle,0.20421103897348708
38,446,Dejan Kulusevski,MID,Spurs,0.20421103897348708
38,45,Leon Bailey,MID,Aston Villa,0.20421103897348708
38,261,James Maddison,MID,Leicester,0.20421103897348708
38,590,Joseph Whitworth,GK,Crystal Palace,0.08531563522049046
38,316,Cole Palmer,MID,Man City,0.20421103897348708
38,435,Davinson Sánchez,DEF,Spurs,0.22108189104620787
38,304,Raheem Sterling,MID,Chelsea,0.20421103897348708
38,275,Jordan Henderson,MID,Liverpool,0.20421103897348708
38,516,Nathan Collins,DEF,Wolves,0.22108189104620787
38,140,Christian Pulisic,MID,Chelsea,0.20421103897348708
38,75,Jaidon Anthony,MID,Bournemouth,0.20421103897348708
38,235,Pascal Struijk,DEF,Leeds,0.22108189104620787
38,367,Matt Targett,DEF,Newcastle,0.22108189104620787
38,771,Ethan Wady,GK,Chelsea,0.08531563522049046
38,748,Romaine Mundle,MID,Spurs,0.20421103897348708
38,401,Alex McCarthy,GK,Southampton,0.08531563522049046
38,772,Alex Robertson,MID,Man City,0.20421103897348708
38,600,Ben Knight,MID,Man City,0.20421103897348708
38,61,Jamal Lowe,MID,Bournemouth,0.20421103897348708
38,682,Matheus Santos Carneiro Da Cunha,FWD,Wolves,0.2632643955247714
38,387,Ryan Yates,MID,Nott'm Forest,0.20421103897348708
38,297,Darwin Núñez Ribeiro,FWD,Liverpool,0.2632643955247714
38,734,André Ayew,MID,Nott'm Forest,0.20421103897348708
38,32,Calum Chambers,DEF,Aston Villa,0.22108189104620787
38,178,Seamus Coleman,DEF,Everton,0.22108189104620787
38,624,Samuel Edozie,MID,Southampton,0.20421103897348708
38,218,Rodrigo Muniz Carvalho,FWD,Fulham,0.2632643955247714
38,400,Theo Walcott,MID,Southampton,0.20421103897348708
38,245,Marc Roca Junqué,MID,Leeds,0.20421103897348708
38,463,Vladimir Coufal,DEF,West Ham,0.22108189104620787
38,105,Shane Duffy,DEF,Fulham,0.22108189104620787
38,56,Frédéric Guilbert,DEF,Aston Villa,0.22108189104620787
38,244,Rasmus Kristensen,DEF,Leeds,0.22108189104620787
38,303,Riyad Mahrez,MID,Man City,0.20421103897348708
38,593,Carlos Henrique Casimiro,MID,Man Utd,0.20421103897348708
38,618,Carlos Vinícius Alves Morais,FWD,Fulham,0.2632643955247714
38,733,Pedro Porro,DEF,Spurs,0.22108189104620787
38,30,Danny Ings,FWD,West Ham,0.2632643955247714
38,179,Andros Townsend,MID,Everton,0.20421103897348708
38,602,Renan Augusto Lodi dos Santos,DEF,Nott'm Forest,0.22108189104620787
38,535,Marcus Tavernier,MID,Bournemouth,0.20421103897348708
38,214,Ivan Neves Abreu Cavaleiro,MID,Fulham,0.20421103897348708
38,349,Jonjo Shelvey,MID,Nott'm Forest,0.20421103897348708
38,757,Ishé Samuels-Smith,DEF,Everton,0.22108189104620787
38,337,Victor Lindelöf,DEF,Man Utd,0.22108189104620787
38,369,Miguel Almirón Rejala,MID,Newcastle,0.20421103897348708
38,166,Odsonne Edouard,FWD,Crystal Palace,0.2632643955247714
38,668,Amario Cozier-Duberry,MID,Arsenal,0.20421103897348708
38,652,James Furlong,DEF,Brighton,0.22108189104620787
38,155,Christian Benteke,FWD,Crystal Palace,0.2632643955247714
38,49,Tim Iroegbunam,MID,Aston Villa,0.20421103897348708
38,380,Lyle Taylor,FWD,Nott'm Forest,0.2632643955247714
38,381,Jack Colback,MID,Nott'm Forest,0.20421103897348708
38,552,Elliot Anderson,MID,Newcastle,0.20421103897348708
38,123,Deniz Undav,FWD,Brighton,0.2632643955247714
38,607,Matthew Smith,MID,Arsenal,0.20421103897348708
38,200,Tom Cairney,MID,Fulham,0.20421103897348708
38,619,Wilfried Gnonto,FWD,Leeds,0.2632643955247714
38,477,Jonathan Castro Otto,DEF,Wolves,0.22108189104620787
38,576,Marcos Senesi,DEF,Bournemouth,0.22108189104620787
38,259,Youri Tielemans,MID,Leicester,0.20421103897348708
38,753,James Wright,GK,Aston Villa,0.08531563522049046
38,389,Jonathan Panzo,DEF,Nott'm Forest,0.22108189104620787
38,648,Ryan Finnigan,MID,Southampton,0.20421103897348708
38,417,Romain Perraud,DEF,Southampton,0.22108189104620787
38,711,Jhon Durán,FWD,Aston Villa,0.2632643955247714
38,236,Kristoffer Klaesson,GK,Leeds,0.08531563522049046
38,211,Harrison Reed,MID,Fulham,0.20421103897348708
38,296,Fábio Freitas Gouveia Carvalho,MID,Liverpool,0.20421103897348708
38,513,Clément Lenglet,DEF,Spurs,0.22108189104620787
38,116,Alexis Mac Allister,MID,Brighton,0.20421103897348708
38,645,Joe Wormleighton,DEF,Leicester,0.22108189104620787
38,169,Eberechi Eze,MID,Crystal Palace,0.20421103897348708
38,344,Anthony Elanga,MID,Man Utd,0.20421103897348708
38,293,Luis Díaz,MID,Liverpool,0.20421103897348708
38,205,Bobby De Cordova-Reid,MID,Fulham,0.20421103897348708
38,334,Alex Telles,DEF,Man Utd,0.22108189104620787
38,587,Sergio Gómez,DEF,Man City,0.22108189104620787
38,374,Bruno Guimarães Rodriguez Moura,MID,Newcastle,0.20421103897348708
38,16,Gabriel dos Santos Magalhães,DEF,Arsenal,0.22108189104620787
38,670,Filip Marschall,GK,Aston Villa,0.08531563522049046
38,545,Emerson Palmieri dos Santos,DEF,West Ham,0.22108189104620787
38,777,Yago de Santiago Alonso,MID,Spurs,0.20421103897348708
38,7,Martin Ødegaard,MID,Arsenal,0.20421103897348708
38,503,João Filipe Iria Santos Moutinho,MID,Wolves,0.20421103897348708
38,92,Ethan Pinnock,DEF,Brentford,0.22108189104620787
38,347,Facundo Pellistri Rebollo,MID,Man Utd,0.20421103897348708
38,23,Reiss Nelson,MID,Arsenal,0.20421103897348708
38,579,Gonçalo Manuel Ganchinho Guedes,MID,Wolves,0.20421103897348708
38,152,Vicente Guaita,GK,Crystal Palace,0.08531563522049046
38,268,James Justin,DEF,Leicester,0.22108189104620787
38,662,Thomas Cannon,FWD,Everton,0.2632643955247714
38,267,Çaglar Söyüncü,DEF,Leicester,0.22108189104620787
38,425,Hugo Lloris,GK,Spurs,0.08531563522049046
38,376,Nick Pope,GK,Newcastle,0.08531563522049046
38,441,Oliver Skipp,MID,Spurs,0.20421103897348708
38,436,Ryan Sessegnon,DEF,Spurs,0.22108189104620787
38,538,Ashley Young,DEF,Aston Villa,0.22108189104620787
38,119,Jeremy Sarmiento Morante,MID,Brighton,0.20421103897348708
38,70,Philip Billing,MID,Bournemouth,0.20421103897348708
