method,avg_xi_points,std_xi_points,n_gw
rf,51.75,13.781457521923125,8
ma3,42.625,16.474547468313485,8
pos,12.444444444444445,7.699206308300732,9
