player_id,gw,method,predicted_points,actual_points
666,30,rf,3.27,0
381,30,rf,3.19,0
449,30,rf,3.13,0
16,30,rf,3.04,1
235,30,rf,3.01,0
64,30,rf,2.96,3
430,30,rf,2.67,2
625,30,rf,2.62,2
423,30,rf,2.58,0
642,30,rf,2.58,0
455,30,rf,2.57,8
614,30,rf,2.57,2
516,30,rf,2.56,1
459,30,rf,2.54,6
402,30,rf,2.51,0
136,30,rf,2.5,0
612,30,rf,2.5,2
224,30,rf,2.48,0
324,30,rf,2.34,0
86,30,rf,2.33,1
660,30,rf,2.33,0
416,30,rf,2.3,1
487,30,rf,2.3,0
582,30,rf,2.3,1
332,30,rf,2.29,0
205,30,rf,2.28,1
158,30,rf,2.28,1
371,30,rf,2.27,7
237,30,rf,2.26,0
499,30,rf,2.26,0
488,30,rf,2.25,0
169,30,rf,2.24,8
372,30,rf,2.24,0
160,30,rf,2.23,0
167,30,rf,2.23,8
253,30,rf,2.23,0
299,30,rf,2.23,1
392,30,rf,2.23,0
553,30,rf,2.23,0
5,30,rf,2.22,1
6,30,rf,2.22,2
370,30,rf,2.22,1
593,30,rf,2.22,0
387,30,rf,2.21,0
668,30,rf,2.21,0
217,30,rf,2.2,2
358,30,rf,2.2,2
436,30,rf,2.2,0
507,30,rf,2.2,1
508,30,rf,2.2,1
267,30,rf,2.19,0
373,30,rf,2.19,2
129,30,rf,2.18,0
239,30,rf,2.18,-1
273,30,rf,2.18,0
477,30,rf,2.18,0
209,30,rf,2.17,2
126,30,rf,2.17,0
410,30,rf,2.17,0
478,30,rf,2.17,6
613,30,rf,2.17,0
242,30,rf,2.16,0
669,30,rf,2.15,0
386,30,rf,2.14,0
490,30,rf,2.14,0
452,30,rf,2.12,0
543,30,rf,2.09,0
225,30,rf,2.0,1
568,30,rf,2.0,0
663,30,rf,2.0,0
164,30,rf,1.99,0
427,30,rf,1.96,9
11,30,rf,1.95,0
388,30,rf,1.94,2
54,30,rf,1.93,0
302,30,rf,1.93,0
588,30,rf,1.93,0
648,30,rf,1.93,0
200,30,rf,1.92,1
351,30,rf,1.91,0
350,30,rf,1.9,1
457,30,rf,1.9,8
517,30,rf,1.89,0
491,30,rf,1.88,1
561,30,rf,1.88,0
424,30,rf,1.87,0
644,30,rf,1.87,0
646,30,rf,1.87,0
48,30,rf,1.86,0
353,30,rf,1.86,0
671,30,rf,1.86,0
362,30,rf,1.85,0
382,30,rf,1.85,0
343,30,rf,1.84,0
347,30,rf,1.84,0
84,30,rf,1.83,0
417,30,rf,1.82,1
526,30,rf,1.82,1
74,30,rf,1.8,0
93,30,rf,1.8,0
18,30,rf,1.78,0
21,30,rf,1.78,2
72,30,rf,1.78,0
605,30,rf,1.78,0
83,30,rf,1.77,2
109,30,rf,1.77,1
110,30,rf,1.77,1
121,30,rf,1.77,0
159,30,rf,1.77,14
238,30,rf,1.77,0
240,30,rf,1.77,0
300,30,rf,1.77,2
385,30,rf,1.77,0
403,30,rf,1.77,0
422,30,rf,1.77,1
454,30,rf,1.77,0
456,30,rf,1.77,9
466,30,rf,1.77,0
696,30,rf,1.77,0
610,30,rf,1.77,2
236,30,rf,1.76,0
335,30,rf,1.76,6
310,30,rf,1.75,0
597,30,rf,1.75,0
145,30,rf,1.74,2
250,30,rf,1.74,0
325,30,rf,1.74,1
661,30,rf,1.74,0
532,30,rf,1.74,0
573,30,rf,1.74,0
419,30,rf,1.73,0
486,30,rf,1.73,0
603,30,rf,1.73,0
73,30,rf,1.72,5
440,30,rf,1.72,0
683,30,rf,1.72,0
638,30,rf,1.72,0
654,30,rf,1.72,0
22,30,rf,1.71,0
418,30,rf,1.71,4
443,30,rf,1.71,1
489,30,rf,1.71,6
637,30,rf,1.7,0
47,30,rf,1.69,6
192,30,rf,1.69,0
329,30,rf,1.69,0
681,30,rf,1.69,0
580,30,rf,1.69,0
633,30,rf,1.69,0
337,30,rf,1.68,0
260,30,rf,1.67,0
621,30,rf,1.67,0
197,30,rf,1.66,1
157,30,rf,1.65,1
497,30,rf,1.64,0
515,30,rf,1.62,0
19,30,rf,1.61,13
384,30,rf,1.61,0
17,30,rf,1.59,0
119,30,rf,1.56,0
37,30,rf,1.53,3
450,30,rf,1.49,1
632,30,rf,1.49,0
178,30,rf,1.43,1
123,30,rf,1.42,0
241,30,rf,1.41,0
26,30,rf,1.4,0
226,30,rf,1.39,0
408,30,rf,1.38,0
485,30,rf,1.38,0
643,30,rf,1.38,0
409,30,rf,1.36,0
59,30,rf,1.35,0
303,30,rf,1.35,1
311,30,rf,1.35,1
505,30,rf,1.35,0
85,30,rf,1.34,5
97,30,rf,1.34,0
474,30,rf,1.34,0
476,30,rf,1.34,0
291,30,rf,1.33,1
569,30,rf,1.33,0
173,30,rf,1.32,0
374,30,rf,1.32,2
249,30,rf,1.31,0
256,30,rf,1.31,1
270,30,rf,1.3,0
354,30,rf,1.3,0
506,30,rf,1.3,0
301,30,rf,1.29,9
304,30,rf,1.29,1
365,30,rf,1.29,1
544,30,rf,1.29,0
584,30,rf,1.29,0
7,30,rf,1.28,2
560,30,rf,1.28,0
518,30,rf,1.26,0
586,30,rf,1.26,1
257,30,rf,1.25,2
552,30,rf,1.25,1
645,30,rf,1.24,0
120,30,rf,1.23,2
166,30,rf,1.23,6
58,30,rf,1.22,0
202,30,rf,1.22,0
258,30,rf,1.22,2
366,30,rf,1.21,2
53,30,rf,1.2,0
591,30,rf,1.2,0
107,30,rf,1.19,7
293,30,rf,1.19,0
287,30,rf,1.18,0
1,30,rf,1.17,2
122,30,rf,1.17,0
585,30,rf,1.17,0
31,30,rf,1.16,9
677,30,rf,1.16,0
106,30,rf,1.16,8
251,30,rf,1.16,0
397,30,rf,1.16,0
420,30,rf,1.16,0
421,30,rf,1.16,0
453,30,rf,1.16,0
465,30,rf,1.16,6
500,30,rf,1.16,0
583,30,rf,1.16,1
531,30,rf,1.15,0
352,30,rf,1.14,0
444,30,rf,1.14,0
338,30,rf,1.12,10
411,30,rf,1.11,0
609,30,rf,1.11,1
146,30,rf,1.1,2
522,30,rf,1.1,0
36,30,rf,1.08,0
151,30,rf,1.08,0
182,30,rf,1.08,4
413,30,rf,1.08,0
431,30,rf,1.08,0
113,30,rf,1.07,0
314,30,rf,1.07,0
469,30,rf,1.07,1
295,30,rf,1.06,1
317,30,rf,1.06,0
565,30,rf,1.06,0
233,30,rf,1.05,2
220,30,rf,1.04,2
502,30,rf,1.04,0
82,30,rf,1.03,0
191,30,rf,1.02,0
441,30,rf,1.01,2
521,30,rf,1.01,0
575,30,rf,1.0,1
624,30,rf,0.99,0
207,30,rf,0.98,0
283,30,rf,0.98,5
266,30,rf,0.97,0
618,30,rf,0.97,1
90,30,rf,0.96,0
525,30,rf,0.96,0
246,30,rf,0.95,4
542,30,rf,0.92,0
685,30,rf,0.9,0
40,30,rf,0.88,7
607,30,rf,0.88,0
261,30,rf,0.87,2
342,30,rf,0.87,0
348,30,rf,0.87,0
30,30,rf,0.86,2
190,30,rf,0.86,1
541,30,rf,0.86,0
318,30,rf,0.85,12
670,30,rf,0.85,0
631,30,rf,0.85,0
33,30,rf,0.84,0
67,30,rf,0.84,1
322,30,rf,0.84,0
679,30,rf,0.84,0
321,30,rf,0.82,2
187,30,rf,0.8,0
596,30,rf,0.8,1
470,30,rf,0.78,0
407,30,rf,0.76,2
162,30,rf,0.75,0
682,30,rf,0.75,2
442,30,rf,0.74,0
635,30,rf,0.73,0
8,30,rf,0.67,1
665,30,rf,0.64,0
139,30,rf,0.63,0
101,30,rf,0.61,0
210,30,rf,0.6,0
406,30,rf,0.6,2
673,30,rf,0.6,0
547,30,rf,0.58,0
330,30,rf,0.57,6
376,30,rf,0.57,11
272,30,rf,0.56,2
356,30,rf,0.56,4
77,30,rf,0.55,0
228,30,rf,0.53,0
326,30,rf,0.53,0
128,30,rf,0.52,0
170,30,rf,0.52,2
493,30,rf,0.5,2
124,30,rf,0.49,2
38,30,rf,0.48,0
10,30,rf,0.46,0
676,30,rf,0.45,0
319,30,rf,0.44,5
9,30,rf,0.43,0
23,30,rf,0.43,0
24,30,rf,0.43,0
25,30,rf,0.43,0
662,30,rf,0.43,0
49,30,rf,0.43,0
51,30,rf,0.43,0
201,30,rf,0.43,2
215,30,rf,0.43,1
680,30,rf,0.43,2
98,30,rf,0.43,0
161,30,rf,0.43,5
163,30,rf,0.43,4
165,30,rf,0.43,2
179,30,rf,0.43,0
180,30,rf,0.43,1
284,30,rf,0.43,0
290,30,rf,0.43,1
327,30,rf,0.43,6
328,30,rf,0.43,0
691,30,rf,0.43,0
389,30,rf,0.43,0
390,30,rf,0.43,0
399,30,rf,0.43,0
404,30,rf,0.43,6
405,30,rf,0.43,1
52,30,rf,0.43,0
473,30,rf,0.43,0
426,30,rf,0.43,0
527,30,rf,0.43,0
693,30,rf,0.43,2
545,30,rf,0.43,0
587,30,rf,0.43,1
589,30,rf,0.43,10
615,30,rf,0.43,0
647,30,rf,0.43,0
331,30,rf,0.42,1
276,30,rf,0.41,0
628,30,rf,0.39,0
148,30,rf,0.38,1
116,30,rf,0.33,2
579,30,rf,0.27,0
20,30,rf,0.25,0
81,30,rf,0.25,0
415,30,rf,0.25,0
451,30,rf,0.25,0
581,30,rf,0.25,0
12,30,rf,0.24,0
27,30,rf,0.24,0
32,30,rf,0.24,0
55,30,rf,0.24,0
56,30,rf,0.24,0
57,30,rf,0.24,5
203,30,rf,0.24,0
204,30,rf,0.24,0
206,30,rf,0.24,0
208,30,rf,0.24,0
216,30,rf,0.24,0
71,30,rf,0.24,8
87,30,rf,0.24,0
88,30,rf,0.24,2
89,30,rf,0.24,1
91,30,rf,0.24,0
391,30,rf,0.24,0
125,30,rf,0.24,1
127,30,rf,0.24,0
168,30,rf,0.24,1
171,30,rf,0.24,14
172,30,rf,0.24,0
174,30,rf,0.24,0
181,30,rf,0.24,0
227,30,rf,0.24,6
243,30,rf,0.24,0
244,30,rf,0.24,0
245,30,rf,0.24,2
672,30,rf,0.24,0
259,30,rf,0.24,0
268,30,rf,0.24,0
269,30,rf,0.24,2
271,30,rf,0.24,1
285,30,rf,0.24,5
292,30,rf,0.24,0
312,30,rf,0.24,2
316,30,rf,0.24,0
355,30,rf,0.24,0
357,30,rf,0.24,2
363,30,rf,0.24,0
364,30,rf,0.24,0
375,30,rf,0.24,0
377,30,rf,0.24,1
692,30,rf,0.24,0
400,30,rf,0.24,2
412,30,rf,0.24,0
428,30,rf,0.24,7
429,30,rf,0.24,0
432,30,rf,0.24,0
437,30,rf,0.24,0
438,30,rf,0.24,0
458,30,rf,0.24,2
475,30,rf,0.24,0
492,30,rf,0.24,0
494,30,rf,0.24,0
674,30,rf,0.24,0
684,30,rf,0.24,0
519,30,rf,0.24,1
520,30,rf,0.24,2
546,30,rf,0.24,0
548,30,rf,0.24,4
549,30,rf,0.24,1
550,30,rf,0.24,0
551,30,rf,0.24,0
590,30,rf,0.24,0
592,30,rf,0.24,0
616,30,rf,0.24,0
617,30,rf,0.24,1
619,30,rf,0.24,0
649,30,rf,0.24,0
655,30,rf,0.24,0
656,30,rf,0.24,0
50,30,rf,0.23,0
425,30,rf,0.23,3
2,30,rf,0.12,3
28,30,rf,0.12,7
29,30,rf,0.12,0
39,30,rf,0.12,6
41,30,rf,0.12,0
60,30,rf,0.12,0
61,30,rf,0.12,0
62,30,rf,0.12,0
63,30,rf,0.12,0
65,30,rf,0.12,0
183,30,rf,0.12,0
186,30,rf,0.12,2
212,30,rf,0.12,1
213,30,rf,0.12,0
214,30,rf,0.12,0
218,30,rf,0.12,0
219,30,rf,0.12,0
66,30,rf,0.12,2
92,30,rf,0.12,1
94,30,rf,0.12,1
95,30,rf,0.12,1
96,30,rf,0.12,0
99,30,rf,0.12,0
100,30,rf,0.12,0
687,30,rf,0.12,0
108,30,rf,0.12,1
111,30,rf,0.12,1
112,30,rf,0.12,1
130,30,rf,0.12,0
131,30,rf,0.12,0
132,30,rf,0.12,1
133,30,rf,0.12,3
134,30,rf,0.12,0
137,30,rf,0.12,0
138,30,rf,0.12,0
143,30,rf,0.12,0
144,30,rf,0.12,0
147,30,rf,0.12,0
149,30,rf,0.12,0
150,30,rf,0.12,0
152,30,rf,0.12,0
153,30,rf,0.12,0
175,30,rf,0.12,4
176,30,rf,0.12,0
177,30,rf,0.12,0
221,30,rf,0.12,0
229,30,rf,0.12,0
230,30,rf,0.12,0
231,30,rf,0.12,1
232,30,rf,0.12,0
247,30,rf,0.12,0
248,30,rf,0.12,0
274,30,rf,0.12,0
275,30,rf,0.12,5
277,30,rf,0.12,1
278,30,rf,0.12,0
279,30,rf,0.12,6
280,30,rf,0.12,0
281,30,rf,0.12,2
282,30,rf,0.12,1
286,30,rf,0.12,0
690,30,rf,0.12,2
288,30,rf,0.12,2
294,30,rf,0.12,0
296,30,rf,0.12,0
305,30,rf,0.12,12
306,30,rf,0.12,0
307,30,rf,0.12,2
308,30,rf,0.12,2
309,30,rf,0.12,0
313,30,rf,0.12,1
667,30,rf,0.12,0
320,30,rf,0.12,0
333,30,rf,0.12,3
334,30,rf,0.12,0
336,30,rf,0.12,0
339,30,rf,0.12,0
359,30,rf,0.12,0
360,30,rf,0.12,1
361,30,rf,0.12,0
367,30,rf,0.12,0
393,30,rf,0.12,0
394,30,rf,0.12,2
395,30,rf,0.12,0
396,30,rf,0.12,0
398,30,rf,0.12,0
686,30,rf,0.12,2
439,30,rf,0.12,1
460,30,rf,0.12,0
461,30,rf,0.12,6
462,30,rf,0.12,0
463,30,rf,0.12,6
464,30,rf,0.12,1
467,30,rf,0.12,2
468,30,rf,0.12,3
479,30,rf,0.12,1
480,30,rf,0.12,0
495,30,rf,0.12,0
496,30,rf,0.12,0
498,30,rf,0.12,0
501,30,rf,0.12,0
689,30,rf,0.12,0
509,30,rf,0.12,1
510,30,rf,0.12,1
511,30,rf,0.12,0
512,30,rf,0.12,0
523,30,rf,0.12,0
524,30,rf,0.12,0
528,30,rf,0.12,5
554,30,rf,0.12,0
555,30,rf,0.12,0
556,30,rf,0.12,0
557,30,rf,0.12,0
558,30,rf,0.12,0
559,30,rf,0.12,2
562,30,rf,0.12,1
563,30,rf,0.12,0
564,30,rf,0.12,0
570,30,rf,0.12,1
571,30,rf,0.12,0
572,30,rf,0.12,0
574,30,rf,0.12,8
594,30,rf,0.12,5
595,30,rf,0.12,1
598,30,rf,0.12,0
599,30,rf,0.12,0
600,30,rf,0.12,0
604,30,rf,0.12,0
606,30,rf,0.12,0
608,30,rf,0.12,0
620,30,rf,0.12,0
622,30,rf,0.12,0
623,30,rf,0.12,0
626,30,rf,0.12,0
659,30,rf,0.12,0
627,30,rf,0.12,0
634,30,rf,0.12,0
636,30,rf,0.12,0
650,30,rf,0.12,0
651,30,rf,0.12,0
652,30,rf,0.12,0
653,30,rf,0.12,0
657,30,rf,0.12,0
658,30,rf,0.12,0
695,30,rf,0.12,0
3,30,rf,0.02,1
4,30,rf,0.02,0
13,30,rf,0.02,1
14,30,rf,0.02,0
15,30,rf,0.02,1
34,30,rf,0.02,8
35,30,rf,0.02,0
42,30,rf,0.02,3
43,30,rf,0.02,0
44,30,rf,0.02,5
45,30,rf,0.02,1
46,30,rf,0.02,3
688,30,rf,0.02,2
184,30,rf,0.02,0
185,30,rf,0.02,0
188,30,rf,0.02,0
189,30,rf,0.02,2
193,30,rf,0.02,1
194,30,rf,0.02,1
195,30,rf,0.02,1
196,30,rf,0.02,0
198,30,rf,0.02,0
199,30,rf,0.02,1
68,30,rf,0.02,0
69,30,rf,0.02,3
70,30,rf,0.02,11
75,30,rf,0.02,0
76,30,rf,0.02,0
78,30,rf,0.02,1
79,30,rf,0.02,2
80,30,rf,0.02,4
102,30,rf,0.02,1
103,30,rf,0.02,2
104,30,rf,0.02,1
105,30,rf,0.02,0
114,30,rf,0.02,0
115,30,rf,0.02,0
117,30,rf,0.02,0
118,30,rf,0.02,0
140,30,rf,0.02,1
141,30,rf,0.02,1
142,30,rf,0.02,0
154,30,rf,0.02,1
155,30,rf,0.02,0
156,30,rf,0.02,1
222,30,rf,0.02,0
223,30,rf,0.02,0
234,30,rf,0.02,0
254,30,rf,0.02,0
255,30,rf,0.02,1
262,30,rf,0.02,1
263,30,rf,0.02,0
264,30,rf,0.02,2
265,30,rf,0.02,2
289,30,rf,0.02,0
297,30,rf,0.02,1
298,30,rf,0.02,0
630,30,rf,0.02,0
315,30,rf,0.02,2
323,30,rf,0.02,0
664,30,rf,0.02,0
340,30,rf,0.02,6
341,30,rf,0.02,6
344,30,rf,0.02,0
345,30,rf,0.02,5
346,30,rf,0.02,2
349,30,rf,0.02,1
368,30,rf,0.02,0
369,30,rf,0.02,0
378,30,rf,0.02,0
379,30,rf,0.02,0
380,30,rf,0.02,0
401,30,rf,0.02,0
433,30,rf,0.02,4
434,30,rf,0.02,0
435,30,rf,0.02,0
445,30,rf,0.02,0
446,30,rf,0.02,2
447,30,rf,0.02,0
448,30,rf,0.02,4
471,30,rf,0.02,0
472,30,rf,0.02,0
481,30,rf,0.02,1
482,30,rf,0.02,9
483,30,rf,0.02,3
484,30,rf,0.02,7
503,30,rf,0.02,1
504,30,rf,0.02,9
513,30,rf,0.02,2
514,30,rf,0.02,2
675,30,rf,0.02,0
529,30,rf,0.02,0
530,30,rf,0.02,0
533,30,rf,0.02,7
534,30,rf,0.02,2
535,30,rf,0.02,1
536,30,rf,0.02,0
537,30,rf,0.02,0
538,30,rf,0.02,8
539,30,rf,0.02,0
540,30,rf,0.02,0
678,30,rf,0.02,0
694,30,rf,0.02,5
566,30,rf,0.02,0
567,30,rf,0.02,0
576,30,rf,0.02,0
577,30,rf,0.02,1
578,30,rf,0.02,0
601,30,rf,0.02,0
602,30,rf,0.02,0
611,30,rf,0.02,1
629,30,rf,0.02,0
639,30,rf,0.02,0
640,30,rf,0.02,0
641,30,rf,0.02,0
211,30,rf,0.0,-1
252,30,rf,0.0,0
383,30,rf,-0.04,0
414,30,rf,-0.04,0
135,30,rf,-0.05,0
666,31,rf,3.27,0
381,31,rf,3.19,0
449,31,rf,3.13,0
16,31,rf,3.04,1
235,31,rf,3.01,-1
64,31,rf,2.96,2
430,31,rf,2.67,1
625,31,rf,2.62,9
423,31,rf,2.58,0
642,31,rf,2.58,0
455,31,rf,2.57,2
614,31,rf,2.57,5
516,31,rf,2.56,0
459,31,rf,2.54,8
402,31,rf,2.51,0
136,31,rf,2.5,0
612,31,rf,2.5,1
224,31,rf,2.48,1
324,31,rf,2.34,0
86,31,rf,2.33,1
660,31,rf,2.33,0
416,31,rf,2.3,0
487,31,rf,2.3,0
582,31,rf,2.3,2
332,31,rf,2.29,0
205,31,rf,2.28,1
158,31,rf,2.28,1
371,31,rf,2.27,2
237,31,rf,2.26,0
499,31,rf,2.26,0
488,31,rf,2.25,0
169,31,rf,2.24,16
372,31,rf,2.24,0
160,31,rf,2.23,0
167,31,rf,2.23,7
253,31,rf,2.23,0
299,31,rf,2.23,2
392,31,rf,2.23,0
553,31,rf,2.23,0
5,31,rf,2.22,1
6,31,rf,2.22,1
370,31,rf,2.22,1
593,31,rf,2.22,3
387,31,rf,2.21,0
668,31,rf,2.21,0
217,31,rf,2.2,2
358,31,rf,2.2,1
436,31,rf,2.2,0
507,31,rf,2.2,1
508,31,rf,2.2,7
267,31,rf,2.19,0
373,31,rf,2.19,2
129,31,rf,2.18,0
239,31,rf,2.18,-1
273,31,rf,2.18,0
477,31,rf,2.18,0
209,31,rf,2.17,1
126,31,rf,2.17,0
410,31,rf,2.17,0
478,31,rf,2.17,7
613,31,rf,2.17,0
242,31,rf,2.16,0
669,31,rf,2.15,0
386,31,rf,2.14,0
490,31,rf,2.14,0
452,31,rf,2.12,0
543,31,rf,2.09,0
225,31,rf,2.0,2
568,31,rf,2.0,0
663,31,rf,2.0,0
164,31,rf,1.99,0
427,31,rf,1.96,2
11,31,rf,1.95,1
388,31,rf,1.94,0
54,31,rf,1.93,0
302,31,rf,1.93,8
588,31,rf,1.93,4
648,31,rf,1.93,0
200,31,rf,1.92,1
351,31,rf,1.91,0
350,31,rf,1.9,0
457,31,rf,1.9,0
517,31,rf,1.89,0
491,31,rf,1.88,1
561,31,rf,1.88,0
424,31,rf,1.87,0
644,31,rf,1.87,0
646,31,rf,1.87,0
48,31,rf,1.86,0
353,31,rf,1.86,0
671,31,rf,1.86,0
362,31,rf,1.85,0
382,31,rf,1.85,0
343,31,rf,1.84,0
347,31,rf,1.84,0
84,31,rf,1.83,0
417,31,rf,1.82,0
526,31,rf,1.82,1
74,31,rf,1.8,0
93,31,rf,1.8,0
18,31,rf,1.78,1
21,31,rf,1.78,2
72,31,rf,1.78,0
605,31,rf,1.78,0
83,31,rf,1.77,2
109,31,rf,1.77,0
110,31,rf,1.77,2
121,31,rf,1.77,0
159,31,rf,1.77,3
238,31,rf,1.77,-1
240,31,rf,1.77,1
300,31,rf,1.77,0
385,31,rf,1.77,1
403,31,rf,1.77,0
422,31,rf,1.77,1
454,31,rf,1.77,1
456,31,rf,1.77,0
466,31,rf,1.77,0
696,31,rf,1.77,0
610,31,rf,1.77,1
236,31,rf,1.76,0
335,31,rf,1.76,0
310,31,rf,1.75,0
597,31,rf,1.75,0
145,31,rf,1.74,0
250,31,rf,1.74,0
325,31,rf,1.74,1
661,31,rf,1.74,0
532,31,rf,1.74,0
573,31,rf,1.74,0
419,31,rf,1.73,0
486,31,rf,1.73,1
603,31,rf,1.73,5
73,31,rf,1.72,1
440,31,rf,1.72,0
683,31,rf,1.72,0
638,31,rf,1.72,0
654,31,rf,1.72,0
22,31,rf,1.71,0
418,31,rf,1.71,1
443,31,rf,1.71,1
489,31,rf,1.71,6
637,31,rf,1.7,0
47,31,rf,1.69,13
192,31,rf,1.69,0
329,31,rf,1.69,0
681,31,rf,1.69,0
580,31,rf,1.69,1
633,31,rf,1.69,0
337,31,rf,1.68,7
260,31,rf,1.67,0
621,31,rf,1.67,0
197,31,rf,1.66,1
157,31,rf,1.65,0
497,31,rf,1.64,0
515,31,rf,1.62,0
19,31,rf,1.61,5
384,31,rf,1.61,0
17,31,rf,1.59,0
119,31,rf,1.56,0
37,31,rf,1.53,3
450,31,rf,1.49,0
632,31,rf,1.49,0
178,31,rf,1.43,0
123,31,rf,1.42,0
241,31,rf,1.41,0
26,31,rf,1.4,0
226,31,rf,1.39,0
408,31,rf,1.38,0
485,31,rf,1.38,0
643,31,rf,1.38,0
409,31,rf,1.36,1
59,31,rf,1.35,0
303,31,rf,1.35,2
311,31,rf,1.35,1
505,31,rf,1.35,2
85,31,rf,1.34,1
97,31,rf,1.34,0
474,31,rf,1.34,0
476,31,rf,1.34,0
291,31,rf,1.33,5
569,31,rf,1.33,0
173,31,rf,1.32,0
374,31,rf,1.32,2
249,31,rf,1.31,0
256,31,rf,1.31,0
270,31,rf,1.3,1
354,31,rf,1.3,0
506,31,rf,1.3,0
301,31,rf,1.29,8
304,31,rf,1.29,1
365,31,rf,1.29,1
544,31,rf,1.29,1
584,31,rf,1.29,0
7,31,rf,1.28,10
560,31,rf,1.28,0
518,31,rf,1.26,0
586,31,rf,1.26,2
257,31,rf,1.25,0
552,31,rf,1.25,1
645,31,rf,1.24,0
120,31,rf,1.23,2
166,31,rf,1.23,2
58,31,rf,1.22,0
202,31,rf,1.22,0
258,31,rf,1.22,1
366,31,rf,1.21,0
53,31,rf,1.2,0
591,31,rf,1.2,0
107,31,rf,1.19,5
293,31,rf,1.19,1
287,31,rf,1.18,0
1,31,rf,1.17,0
122,31,rf,1.17,0
585,31,rf,1.17,1
31,31,rf,1.16,6
677,31,rf,1.16,0
106,31,rf,1.16,2
251,31,rf,1.16,0
397,31,rf,1.16,2
420,31,rf,1.16,0
421,31,rf,1.16,0
453,31,rf,1.16,0
465,31,rf,1.16,7
500,31,rf,1.16,0
583,31,rf,1.16,0
531,31,rf,1.15,0
352,31,rf,1.14,0
444,31,rf,1.14,0
338,31,rf,1.12,0
411,31,rf,1.11,0
609,31,rf,1.11,14
146,31,rf,1.1,1
522,31,rf,1.1,0
36,31,rf,1.08,0
151,31,rf,1.08,0
182,31,rf,1.08,2
413,31,rf,1.08,0
431,31,rf,1.08,0
113,31,rf,1.07,1
314,31,rf,1.07,0
469,31,rf,1.07,1
295,31,rf,1.06,0
317,31,rf,1.06,0
565,31,rf,1.06,0
233,31,rf,1.05,2
220,31,rf,1.04,2
502,31,rf,1.04,0
82,31,rf,1.03,0
191,31,rf,1.02,0
441,31,rf,1.01,2
521,31,rf,1.01,0
575,31,rf,1.0,1
624,31,rf,0.99,1
207,31,rf,0.98,0
283,31,rf,0.98,14
266,31,rf,0.97,2
618,31,rf,0.97,1
90,31,rf,0.96,0
525,31,rf,0.96,0
246,31,rf,0.95,2
542,31,rf,0.92,0
685,31,rf,0.9,0
40,31,rf,0.88,16
607,31,rf,0.88,0
261,31,rf,0.87,2
342,31,rf,0.87,14
348,31,rf,0.87,0
30,31,rf,0.86,0
190,31,rf,0.86,1
541,31,rf,0.86,0
318,31,rf,0.85,12
670,31,rf,0.85,0
631,31,rf,0.85,0
33,31,rf,0.84,0
67,31,rf,0.84,0
322,31,rf,0.84,0
679,31,rf,0.84,0
321,31,rf,0.82,1
187,31,rf,0.8,0
596,31,rf,0.8,1
470,31,rf,0.78,0
407,31,rf,0.76,2
162,31,rf,0.75,0
682,31,rf,0.75,2
442,31,rf,0.74,0
635,31,rf,0.73,0
8,31,rf,0.67,1
665,31,rf,0.64,0
139,31,rf,0.63,1
101,31,rf,0.61,0
210,31,rf,0.6,0
406,31,rf,0.6,0
673,31,rf,0.6,0
547,31,rf,0.58,0
330,31,rf,0.57,5
376,31,rf,0.57,2
272,31,rf,0.56,1
356,31,rf,0.56,1
77,31,rf,0.55,0
228,31,rf,0.53,0
326,31,rf,0.53,0
128,31,rf,0.52,0
170,31,rf,0.52,6
493,31,rf,0.5,2
124,31,rf,0.49,2
38,31,rf,0.48,0
10,31,rf,0.46,6
676,31,rf,0.45,0
319,31,rf,0.44,1
9,31,rf,0.43,0
23,31,rf,0.43,1
24,31,rf,0.43,0
25,31,rf,0.43,1
662,31,rf,0.43,0
49,31,rf,0.43,0
51,31,rf,0.43,0
201,31,rf,0.43,2
215,31,rf,0.43,2
680,31,rf,0.43,10
98,31,rf,0.43,0
161,31,rf,0.43,3
163,31,rf,0.43,1
165,31,rf,0.43,5
179,31,rf,0.43,0
180,31,rf,0.43,1
284,31,rf,0.43,2
290,31,rf,0.43,2
327,31,rf,0.43,6
328,31,rf,0.43,0
691,31,rf,0.43,0
389,31,rf,0.43,0
390,31,rf,0.43,0
399,31,rf,0.43,0
404,31,rf,0.43,0
405,31,rf,0.43,1
52,31,rf,0.43,0
473,31,rf,0.43,0
426,31,rf,0.43,0
527,31,rf,0.43,1
693,31,rf,0.43,2
545,31,rf,0.43,0
587,31,rf,0.43,1
589,31,rf,0.43,3
615,31,rf,0.43,0
647,31,rf,0.43,0
331,31,rf,0.42,1
276,31,rf,0.41,0
628,31,rf,0.39,0
148,31,rf,0.38,8
116,31,rf,0.33,2
579,31,rf,0.27,0
20,31,rf,0.25,0
81,31,rf,0.25,5
415,31,rf,0.25,0
451,31,rf,0.25,0
581,31,rf,0.25,0
12,31,rf,0.24,0
27,31,rf,0.24,0
32,31,rf,0.24,1
55,31,rf,0.24,0
56,31,rf,0.24,0
57,31,rf,0.24,1
203,31,rf,0.24,0
204,31,rf,0.24,0
206,31,rf,0.24,0
208,31,rf,0.24,0
216,31,rf,0.24,0
71,31,rf,0.24,1
87,31,rf,0.24,1
88,31,rf,0.24,1
89,31,rf,0.24,1
91,31,rf,0.24,0
391,31,rf,0.24,1
125,31,rf,0.24,9
127,31,rf,0.24,0
168,31,rf,0.24,1
171,31,rf,0.24,3
172,31,rf,0.24,0
174,31,rf,0.24,0
181,31,rf,0.24,0
227,31,rf,0.24,0
243,31,rf,0.24,0
244,31,rf,0.24,-1
245,31,rf,0.24,2
672,31,rf,0.24,0
259,31,rf,0.24,2
268,31,rf,0.24,0
269,31,rf,0.24,0
271,31,rf,0.24,1
285,31,rf,0.24,9
292,31,rf,0.24,0
312,31,rf,0.24,2
316,31,rf,0.24,1
355,31,rf,0.24,0
357,31,rf,0.24,1
363,31,rf,0.24,0
364,31,rf,0.24,0
375,31,rf,0.24,0
377,31,rf,0.24,1
692,31,rf,0.24,0
400,31,rf,0.24,2
412,31,rf,0.24,0
428,31,rf,0.24,9
429,31,rf,0.24,0
432,31,rf,0.24,0
437,31,rf,0.24,0
438,31,rf,0.24,0
458,31,rf,0.24,2
475,31,rf,0.24,0
492,31,rf,0.24,0
494,31,rf,0.24,0
674,31,rf,0.24,0
684,31,rf,0.24,0
519,31,rf,0.24,3
520,31,rf,0.24,0
546,31,rf,0.24,0
548,31,rf,0.24,1
549,31,rf,0.24,1
550,31,rf,0.24,0
551,31,rf,0.24,0
590,31,rf,0.24,0
592,31,rf,0.24,0
616,31,rf,0.24,2
617,31,rf,0.24,0
619,31,rf,0.24,1
649,31,rf,0.24,0
655,31,rf,0.24,0
656,31,rf,0.24,0
50,31,rf,0.23,0
425,31,rf,0.23,2
2,31,rf,0.12,3
28,31,rf,0.12,7
29,31,rf,0.12,0
39,31,rf,0.12,6
41,31,rf,0.12,0
60,31,rf,0.12,0
61,31,rf,0.12,0
62,31,rf,0.12,0
63,31,rf,0.12,0
65,31,rf,0.12,0
183,31,rf,0.12,0
186,31,rf,0.12,2
212,31,rf,0.12,7
213,31,rf,0.12,0
214,31,rf,0.12,0
218,31,rf,0.12,0
219,31,rf,0.12,0
66,31,rf,0.12,15
92,31,rf,0.12,1
94,31,rf,0.12,1
95,31,rf,0.12,2
96,31,rf,0.12,0
99,31,rf,0.12,0
100,31,rf,0.12,0
687,31,rf,0.12,0
108,31,rf,0.12,2
111,31,rf,0.12,1
112,31,rf,0.12,0
130,31,rf,0.12,1
131,31,rf,0.12,0
132,31,rf,0.12,1
133,31,rf,0.12,6
134,31,rf,0.12,0
137,31,rf,0.12,0
138,31,rf,0.12,0
143,31,rf,0.12,0
144,31,rf,0.12,0
147,31,rf,0.12,0
149,31,rf,0.12,0
150,31,rf,0.12,0
152,31,rf,0.12,0
153,31,rf,0.12,1
175,31,rf,0.12,9
176,31,rf,0.12,0
177,31,rf,0.12,0
221,31,rf,0.12,0
229,31,rf,0.12,0
230,31,rf,0.12,-1
231,31,rf,0.12,12
232,31,rf,0.12,0
247,31,rf,0.12,0
248,31,rf,0.12,0
274,31,rf,0.12,1
275,31,rf,0.12,5
277,31,rf,0.12,1
278,31,rf,0.12,0
279,31,rf,0.12,1
280,31,rf,0.12,2
281,31,rf,0.12,2
282,31,rf,0.12,1
286,31,rf,0.12,0
690,31,rf,0.12,1
288,31,rf,0.12,16
294,31,rf,0.12,0
296,31,rf,0.12,0
305,31,rf,0.12,7
306,31,rf,0.12,0
307,31,rf,0.12,3
308,31,rf,0.12,0
309,31,rf,0.12,2
313,31,rf,0.12,0
667,31,rf,0.12,0
320,31,rf,0.12,0
333,31,rf,0.12,3
334,31,rf,0.12,0
336,31,rf,0.12,0
339,31,rf,0.12,0
359,31,rf,0.12,0
360,31,rf,0.12,0
361,31,rf,0.12,0
367,31,rf,0.12,1
393,31,rf,0.12,0
394,31,rf,0.12,2
395,31,rf,0.12,0
396,31,rf,0.12,0
398,31,rf,0.12,0
686,31,rf,0.12,1
439,31,rf,0.12,0
460,31,rf,0.12,0
461,31,rf,0.12,1
462,31,rf,0.12,0
463,31,rf,0.12,1
464,31,rf,0.12,7
467,31,rf,0.12,2
468,31,rf,0.12,2
479,31,rf,0.12,3
480,31,rf,0.12,0
495,31,rf,0.12,0
496,31,rf,0.12,0
498,31,rf,0.12,0
501,31,rf,0.12,0
689,31,rf,0.12,1
509,31,rf,0.12,1
510,31,rf,0.12,1
511,31,rf,0.12,0
512,31,rf,0.12,2
523,31,rf,0.12,0
524,31,rf,0.12,0
528,31,rf,0.12,0
554,31,rf,0.12,0
555,31,rf,0.12,0
556,31,rf,0.12,0
557,31,rf,0.12,0
558,31,rf,0.12,1
559,31,rf,0.12,0
562,31,rf,0.12,0
563,31,rf,0.12,0
564,31,rf,0.12,0
570,31,rf,0.12,5
571,31,rf,0.12,0
572,31,rf,0.12,0
574,31,rf,0.12,3
594,31,rf,0.12,2
595,31,rf,0.12,0
598,31,rf,0.12,0
599,31,rf,0.12,0
600,31,rf,0.12,0
604,31,rf,0.12,0
606,31,rf,0.12,0
608,31,rf,0.12,0
620,31,rf,0.12,0
622,31,rf,0.12,0
623,31,rf,0.12,0
626,31,rf,0.12,0
659,31,rf,0.12,0
627,31,rf,0.12,0
634,31,rf,0.12,0
636,31,rf,0.12,0
650,31,rf,0.12,0
651,31,rf,0.12,0
652,31,rf,0.12,0
653,31,rf,0.12,0
657,31,rf,0.12,0
658,31,rf,0.12,0
695,31,rf,0.12,0
3,31,rf,0.02,2
4,31,rf,0.02,0
13,31,rf,0.02,0
14,31,rf,0.02,0
15,31,rf,0.02,1
34,31,rf,0.02,0
35,31,rf,0.02,0
42,31,rf,0.02,3
43,31,rf,0.02,0
44,31,rf,0.02,6
45,31,rf,0.02,0
46,31,rf,0.02,3
688,31,rf,0.02,2
184,31,rf,0.02,0
185,31,rf,0.02,0
188,31,rf,0.02,0
189,31,rf,0.02,1
193,31,rf,0.02,0
194,31,rf,0.02,0
195,31,rf,0.02,1
196,31,rf,0.02,0
198,31,rf,0.02,0
199,31,rf,0.02,1
68,31,rf,0.02,0
69,31,rf,0.02,1
70,31,rf,0.02,2
75,31,rf,0.02,1
76,31,rf,0.02,0
78,31,rf,0.02,0
79,31,rf,0.02,2
80,31,rf,0.02,2
102,31,rf,0.02,0
103,31,rf,0.02,5
104,31,rf,0.02,5
105,31,rf,0.02,0
114,31,rf,0.02,0
115,31,rf,0.02,0
117,31,rf,0.02,0
118,31,rf,0.02,0
140,31,rf,0.02,1
141,31,rf,0.02,0
142,31,rf,0.02,1
154,31,rf,0.02,0
155,31,rf,0.02,0
156,31,rf,0.02,6
222,31,rf,0.02,0
223,31,rf,0.02,0
234,31,rf,0.02,0
254,31,rf,0.02,0
255,31,rf,0.02,1
262,31,rf,0.02,6
263,31,rf,0.02,0
264,31,rf,0.02,0
265,31,rf,0.02,2
289,31,rf,0.02,0
297,31,rf,0.02,5
298,31,rf,0.02,0
630,31,rf,0.02,0
315,31,rf,0.02,4
323,31,rf,0.02,0
664,31,rf,0.02,0
340,31,rf,0.02,3
341,31,rf,0.02,6
344,31,rf,0.02,0
345,31,rf,0.02,5
346,31,rf,0.02,2
349,31,rf,0.02,0
368,31,rf,0.02,0
369,31,rf,0.02,1
378,31,rf,0.02,0
379,31,rf,0.02,0
380,31,rf,0.02,0
401,31,rf,0.02,0
433,31,rf,0.02,2
434,31,rf,0.02,0
435,31,rf,0.02,0
445,31,rf,0.02,0
446,31,rf,0.02,2
447,31,rf,0.02,0
448,31,rf,0.02,3
471,31,rf,0.02,0
472,31,rf,0.02,0
481,31,rf,0.02,6
482,31,rf,0.02,6
483,31,rf,0.02,0
484,31,rf,0.02,6
503,31,rf,0.02,1
504,31,rf,0.02,0
513,31,rf,0.02,1
514,31,rf,0.02,6
675,31,rf,0.02,0
529,31,rf,0.02,0
530,31,rf,0.02,0
533,31,rf,0.02,0
534,31,rf,0.02,10
535,31,rf,0.02,2
536,31,rf,0.02,0
537,31,rf,0.02,0
538,31,rf,0.02,6
539,31,rf,0.02,0
540,31,rf,0.02,0
678,31,rf,0.02,0
694,31,rf,0.02,10
566,31,rf,0.02,0
567,31,rf,0.02,0
576,31,rf,0.02,1
577,31,rf,0.02,0
578,31,rf,0.02,0
601,31,rf,0.02,0
602,31,rf,0.02,1
611,31,rf,0.02,1
629,31,rf,0.02,0
639,31,rf,0.02,0
640,31,rf,0.02,0
641,31,rf,0.02,0
211,31,rf,0.0,8
252,31,rf,0.0,1
383,31,rf,-0.04,0
414,31,rf,-0.04,0
135,31,rf,-0.05,1
666,32,rf,3.27,0
381,32,rf,3.19,0
449,32,rf,3.13,0
16,32,rf,3.04,1
235,32,rf,3.01,0
64,32,rf,2.96,2
430,32,rf,2.67,-1
625,32,rf,2.62,1
423,32,rf,2.58,4
642,32,rf,2.58,0
455,32,rf,2.57,6
614,32,rf,2.57,5
516,32,rf,2.56,0
459,32,rf,2.54,1
402,32,rf,2.51,0
612,32,rf,2.5,2
224,32,rf,2.48,1
86,32,rf,2.33,2
416,32,rf,2.3,0
487,32,rf,2.3,0
582,32,rf,2.3,2
205,32,rf,2.28,2
158,32,rf,2.28,1
371,32,rf,2.27,12
237,32,rf,2.26,0
499,32,rf,2.26,0
488,32,rf,2.25,0
169,32,rf,2.24,3
372,32,rf,2.24,0
160,32,rf,2.23,0
167,32,rf,2.23,6
253,32,rf,2.23,0
392,32,rf,2.23,0
553,32,rf,2.23,0
5,32,rf,2.22,1
6,32,rf,2.22,2
370,32,rf,2.22,5
387,32,rf,2.21,0
668,32,rf,2.21,0
217,32,rf,2.2,2
358,32,rf,2.2,2
436,32,rf,2.2,0
507,32,rf,2.2,1
508,32,rf,2.2,1
267,32,rf,2.19,2
373,32,rf,2.19,5
239,32,rf,2.18,0
273,32,rf,2.18,0
477,32,rf,2.18,0
209,32,rf,2.17,2
410,32,rf,2.17,1
478,32,rf,2.17,1
613,32,rf,2.17,0
242,32,rf,2.16,0
669,32,rf,2.15,0
386,32,rf,2.14,0
490,32,rf,2.14,0
452,32,rf,2.12,0
225,32,rf,2.0,2
568,32,rf,2.0,0
663,32,rf,2.0,0
164,32,rf,1.99,0
427,32,rf,1.96,6
11,32,rf,1.95,1
388,32,rf,1.94,1
54,32,rf,1.93,0
588,32,rf,1.93,1
648,32,rf,1.93,0
200,32,rf,1.92,1
351,32,rf,1.91,0
350,32,rf,1.9,0
457,32,rf,1.9,12
517,32,rf,1.89,0
491,32,rf,1.88,0
561,32,rf,1.88,0
424,32,rf,1.87,0
644,32,rf,1.87,0
646,32,rf,1.87,0
353,32,rf,1.86,0
671,32,rf,1.86,0
362,32,rf,1.85,0
382,32,rf,1.85,0
84,32,rf,1.83,0
417,32,rf,1.82,0
526,32,rf,1.82,2
74,32,rf,1.8,0
93,32,rf,1.8,1
18,32,rf,1.78,0
21,32,rf,1.78,0
72,32,rf,1.78,0
605,32,rf,1.78,0
83,32,rf,1.77,1
110,32,rf,1.77,1
159,32,rf,1.77,3
238,32,rf,1.77,3
240,32,rf,1.77,2
385,32,rf,1.77,1
403,32,rf,1.77,0
422,32,rf,1.77,1
454,32,rf,1.77,1
456,32,rf,1.77,0
466,32,rf,1.77,0
696,32,rf,1.77,0
236,32,rf,1.76,0
597,32,rf,1.75,0
250,32,rf,1.74,0
532,32,rf,1.74,0
419,32,rf,1.73,0
486,32,rf,1.73,1
603,32,rf,1.73,8
73,32,rf,1.72,1
440,32,rf,1.72,0
683,32,rf,1.72,0
638,32,rf,1.72,0
654,32,rf,1.72,0
22,32,rf,1.71,0
418,32,rf,1.71,0
443,32,rf,1.71,-2
489,32,rf,1.71,0
637,32,rf,1.7,0
47,32,rf,1.69,2
192,32,rf,1.69,3
681,32,rf,1.69,0
580,32,rf,1.69,1
633,32,rf,1.69,0
260,32,rf,1.67,0
621,32,rf,1.67,0
197,32,rf,1.66,0
157,32,rf,1.65,0
497,32,rf,1.64,0
515,32,rf,1.62,0
19,32,rf,1.61,9
384,32,rf,1.61,0
17,32,rf,1.59,0
37,32,rf,1.53,2
450,32,rf,1.49,1
632,32,rf,1.49,0
178,32,rf,1.43,0
241,32,rf,1.41,0
26,32,rf,1.4,0
226,32,rf,1.39,0
408,32,rf,1.38,1
485,32,rf,1.38,0
409,32,rf,1.36,0
59,32,rf,1.35,0
505,32,rf,1.35,1
85,32,rf,1.34,2
97,32,rf,1.34,0
474,32,rf,1.34,0
476,32,rf,1.34,0
291,32,rf,1.33,2
173,32,rf,1.32,0
374,32,rf,1.32,2
249,32,rf,1.31,0
256,32,rf,1.31,0
270,32,rf,1.3,0
354,32,rf,1.3,0
506,32,rf,1.3,0
365,32,rf,1.29,13
584,32,rf,1.29,0
7,32,rf,1.28,7
560,32,rf,1.28,0
518,32,rf,1.26,0
257,32,rf,1.25,0
552,32,rf,1.25,0
645,32,rf,1.24,0
166,32,rf,1.23,2
58,32,rf,1.22,0
202,32,rf,1.22,0
258,32,rf,1.22,10
366,32,rf,1.21,8
53,32,rf,1.2,0
591,32,rf,1.2,0
293,32,rf,1.19,1
287,32,rf,1.18,0
1,32,rf,1.17,0
585,32,rf,1.17,1
31,32,rf,1.16,1
251,32,rf,1.16,0
397,32,rf,1.16,2
420,32,rf,1.16,0
421,32,rf,1.16,0
453,32,rf,1.16,0
465,32,rf,1.16,6
500,32,rf,1.16,0
583,32,rf,1.16,0
531,32,rf,1.15,0
352,32,rf,1.14,0
444,32,rf,1.14,0
411,32,rf,1.11,0
522,32,rf,1.1,0
36,32,rf,1.08,0
182,32,rf,1.08,6
413,32,rf,1.08,0
431,32,rf,1.08,0
469,32,rf,1.07,6
295,32,rf,1.06,6
565,32,rf,1.06,0
233,32,rf,1.05,2
220,32,rf,1.04,-1
82,32,rf,1.03,0
191,32,rf,1.02,1
441,32,rf,1.01,1
521,32,rf,1.01,0
575,32,rf,1.0,1
624,32,rf,0.99,0
207,32,rf,0.98,0
283,32,rf,0.98,7
266,32,rf,0.97,1
618,32,rf,0.97,1
90,32,rf,0.96,0
525,32,rf,0.96,0
246,32,rf,0.95,2
685,32,rf,0.9,0
40,32,rf,0.88,2
607,32,rf,0.88,0
261,32,rf,0.87,0
30,32,rf,0.86,1
190,32,rf,0.86,0
541,32,rf,0.86,0
670,32,rf,0.85,0
631,32,rf,0.85,0
33,32,rf,0.84,1
67,32,rf,0.84,1
321,32,rf,0.82,2
187,32,rf,0.8,0
470,32,rf,0.78,0
407,32,rf,0.76,2
682,32,rf,0.75,8
442,32,rf,0.74,0
8,32,rf,0.67,0
665,32,rf,0.64,0
210,32,rf,0.6,0
406,32,rf,0.6,2
547,32,rf,0.58,0
376,32,rf,0.57,2
356,32,rf,0.56,5
77,32,rf,0.55,0
228,32,rf,0.53,0
170,32,rf,0.52,5
493,32,rf,0.5,12
38,32,rf,0.48,0
10,32,rf,0.46,4
676,32,rf,0.45,0
9,32,rf,0.43,0
23,32,rf,0.43,4
24,32,rf,0.43,0
25,32,rf,0.43,1
662,32,rf,0.43,0
49,32,rf,0.43,0
51,32,rf,0.43,0
201,32,rf,0.43,2
215,32,rf,0.43,2
680,32,rf,0.43,1
98,32,rf,0.43,0
161,32,rf,0.43,3
163,32,rf,0.43,1
165,32,rf,0.43,6
179,32,rf,0.43,0
180,32,rf,0.43,6
284,32,rf,0.43,4
290,32,rf,0.43,1
691,32,rf,0.43,0
389,32,rf,0.43,0
390,32,rf,0.43,0
399,32,rf,0.43,0
404,32,rf,0.43,0
405,32,rf,0.43,0
52,32,rf,0.43,0
473,32,rf,0.43,0
426,32,rf,0.43,1
527,32,rf,0.43,0
693,32,rf,0.43,9
545,32,rf,0.43,0
589,32,rf,0.43,2
647,32,rf,0.43,0
276,32,rf,0.41,0
628,32,rf,0.39,0
579,32,rf,0.27,0
20,32,rf,0.25,0
81,32,rf,0.25,2
415,32,rf,0.25,0
451,32,rf,0.25,0
581,32,rf,0.25,0
12,32,rf,0.24,0
27,32,rf,0.24,0
32,32,rf,0.24,1
55,32,rf,0.24,0
56,32,rf,0.24,0
57,32,rf,0.24,1
203,32,rf,0.24,0
204,32,rf,0.24,1
206,32,rf,0.24,0
208,32,rf,0.24,0
216,32,rf,0.24,0
71,32,rf,0.24,0
87,32,rf,0.24,0
88,32,rf,0.24,2
89,32,rf,0.24,1
91,32,rf,0.24,0
391,32,rf,0.24,1
168,32,rf,0.24,1
171,32,rf,0.24,3
172,32,rf,0.24,0
174,32,rf,0.24,0
181,32,rf,0.24,0
227,32,rf,0.24,4
243,32,rf,0.24,0
244,32,rf,0.24,1
245,32,rf,0.24,1
672,32,rf,0.24,0
259,32,rf,0.24,2
268,32,rf,0.24,0
269,32,rf,0.24,1
271,32,rf,0.24,2
285,32,rf,0.24,5
292,32,rf,0.24,0
355,32,rf,0.24,0
357,32,rf,0.24,2
363,32,rf,0.24,1
364,32,rf,0.24,0
375,32,rf,0.24,0
377,32,rf,0.24,2
692,32,rf,0.24,0
400,32,rf,0.24,7
412,32,rf,0.24,0
428,32,rf,0.24,2
429,32,rf,0.24,0
432,32,rf,0.24,0
437,32,rf,0.24,0
438,32,rf,0.24,0
458,32,rf,0.24,6
475,32,rf,0.24,0
492,32,rf,0.24,0
494,32,rf,0.24,0
546,32,rf,0.24,0
548,32,rf,0.24,2
549,32,rf,0.24,1
590,32,rf,0.24,0
592,32,rf,0.24,0
619,32,rf,0.24,1
649,32,rf,0.24,0
655,32,rf,0.24,0
50,32,rf,0.23,0
425,32,rf,0.23,-1
2,32,rf,0.12,2
28,32,rf,0.12,2
29,32,rf,0.12,0
39,32,rf,0.12,2
41,32,rf,0.12,0
60,32,rf,0.12,0
61,32,rf,0.12,0
62,32,rf,0.12,0
63,32,rf,0.12,0
65,32,rf,0.12,0
183,32,rf,0.12,0
186,32,rf,0.12,3
212,32,rf,0.12,9
213,32,rf,0.12,0
214,32,rf,0.12,0
218,32,rf,0.12,0
219,32,rf,0.12,0
66,32,rf,0.12,2
92,32,rf,0.12,2
94,32,rf,0.12,0
95,32,rf,0.12,7
96,32,rf,0.12,0
99,32,rf,0.12,0
100,32,rf,0.12,0
687,32,rf,0.12,0
111,32,rf,0.12,1
130,32,rf,0.12,0
152,32,rf,0.12,0
153,32,rf,0.12,0
175,32,rf,0.12,10
176,32,rf,0.12,0
177,32,rf,0.12,0
221,32,rf,0.12,0
229,32,rf,0.12,0
230,32,rf,0.12,1
231,32,rf,0.12,0
232,32,rf,0.12,0
247,32,rf,0.12,0
248,32,rf,0.12,0
274,32,rf,0.12,1
275,32,rf,0.12,2
277,32,rf,0.12,1
278,32,rf,0.12,0
279,32,rf,0.12,0
280,32,rf,0.12,1
281,32,rf,0.12,2
282,32,rf,0.12,4
286,32,rf,0.12,0
288,32,rf,0.12,13
294,32,rf,0.12,0
296,32,rf,0.12,0
313,32,rf,0.12,0
667,32,rf,0.12,0
359,32,rf,0.12,0
360,32,rf,0.12,1
361,32,rf,0.12,0
367,32,rf,0.12,0
393,32,rf,0.12,0
394,32,rf,0.12,1
395,32,rf,0.12,0
396,32,rf,0.12,0
398,32,rf,0.12,0
686,32,rf,0.12,0
439,32,rf,0.12,0
460,32,rf,0.12,0
461,32,rf,0.12,6
462,32,rf,0.12,0
463,32,rf,0.12,11
464,32,rf,0.12,3
467,32,rf,0.12,9
468,32,rf,0.12,6
479,32,rf,0.12,2
480,32,rf,0.12,1
495,32,rf,0.12,0
496,32,rf,0.12,0
498,32,rf,0.12,0
501,32,rf,0.12,0
509,32,rf,0.12,1
510,32,rf,0.12,2
511,32,rf,0.12,0
512,32,rf,0.12,0
523,32,rf,0.12,0
524,32,rf,0.12,0
528,32,rf,0.12,0
554,32,rf,0.12,0
555,32,rf,0.12,0
556,32,rf,0.12,0
557,32,rf,0.12,0
558,32,rf,0.12,0
562,32,rf,0.12,1
563,32,rf,0.12,0
564,32,rf,0.12,0
570,32,rf,0.12,3
571,32,rf,0.12,0
572,32,rf,0.12,0
574,32,rf,0.12,2
594,32,rf,0.12,13
595,32,rf,0.12,0
598,32,rf,0.12,0
604,32,rf,0.12,0
608,32,rf,0.12,0
620,32,rf,0.12,0
622,32,rf,0.12,0
623,32,rf,0.12,6
626,32,rf,0.12,0
659,32,rf,0.12,0
627,32,rf,0.12,0
634,32,rf,0.12,0
636,32,rf,0.12,0
650,32,rf,0.12,0
657,32,rf,0.12,0
658,32,rf,0.12,0
695,32,rf,0.12,0
3,32,rf,0.02,0
4,32,rf,0.02,0
13,32,rf,0.02,13
14,32,rf,0.02,0
15,32,rf,0.02,2
34,32,rf,0.02,1
35,32,rf,0.02,1
42,32,rf,0.02,5
43,32,rf,0.02,0
44,32,rf,0.02,2
45,32,rf,0.02,0
46,32,rf,0.02,8
688,32,rf,0.02,2
184,32,rf,0.02,0
185,32,rf,0.02,0
188,32,rf,0.02,0
189,32,rf,0.02,3
193,32,rf,0.02,1
194,32,rf,0.02,8
195,32,rf,0.02,1
196,32,rf,0.02,0
198,32,rf,0.02,0
199,32,rf,0.02,6
68,32,rf,0.02,0
69,32,rf,0.02,2
70,32,rf,0.02,2
75,32,rf,0.02,1
76,32,rf,0.02,0
78,32,rf,0.02,0
79,32,rf,0.02,0
80,32,rf,0.02,9
105,32,rf,0.02,0
154,32,rf,0.02,0
155,32,rf,0.02,0
156,32,rf,0.02,7
222,32,rf,0.02,0
223,32,rf,0.02,0
234,32,rf,0.02,0
254,32,rf,0.02,0
255,32,rf,0.02,4
262,32,rf,0.02,8
263,32,rf,0.02,0
264,32,rf,0.02,0
265,32,rf,0.02,1
289,32,rf,0.02,0
297,32,rf,0.02,1
298,32,rf,0.02,0
630,32,rf,0.02,0
664,32,rf,0.02,0
346,32,rf,0.02,10
349,32,rf,0.02,0
368,32,rf,0.02,0
369,32,rf,0.02,4
378,32,rf,0.02,0
379,32,rf,0.02,0
380,32,rf,0.02,0
401,32,rf,0.02,0
433,32,rf,0.02,5
434,32,rf,0.02,0
435,32,rf,0.02,2
445,32,rf,0.02,0
446,32,rf,0.02,1
447,32,rf,0.02,0
448,32,rf,0.02,-1
471,32,rf,0.02,0
472,32,rf,0.02,5
481,32,rf,0.02,1
482,32,rf,0.02,1
483,32,rf,0.02,1
484,32,rf,0.02,1
503,32,rf,0.02,1
513,32,rf,0.02,0
514,32,rf,0.02,3
675,32,rf,0.02,0
529,32,rf,0.02,0
530,32,rf,0.02,0
534,32,rf,0.02,3
535,32,rf,0.02,2
536,32,rf,0.02,2
537,32,rf,0.02,0
538,32,rf,0.02,1
539,32,rf,0.02,0
540,32,rf,0.02,0
678,32,rf,0.02,0
694,32,rf,0.02,2
566,32,rf,0.02,0
567,32,rf,0.02,0
576,32,rf,0.02,0
577,32,rf,0.02,0
578,32,rf,0.02,0
601,32,rf,0.02,0
602,32,rf,0.02,1
611,32,rf,0.02,3
629,32,rf,0.02,0
639,32,rf,0.02,0
641,32,rf,0.02,0
211,32,rf,0.0,2
252,32,rf,0.0,1
383,32,rf,-0.04,0
414,32,rf,-0.04,0
666,33,rf,3.27,0
381,33,rf,3.19,0
449,33,rf,3.13,0
16,33,rf,3.04,0
235,33,rf,3.01,0
64,33,rf,2.96,2
430,33,rf,2.67,1
625,33,rf,2.62,1
423,33,rf,2.58,0
642,33,rf,2.58,0
455,33,rf,2.57,1
614,33,rf,2.57,0
516,33,rf,2.56,1
459,33,rf,2.54,6
402,33,rf,2.51,0
136,33,rf,2.5,0
612,33,rf,2.5,2
224,33,rf,2.48,0
324,33,rf,2.34,0
86,33,rf,2.33,3
660,33,rf,2.33,0
416,33,rf,2.3,0
487,33,rf,2.3,0
582,33,rf,2.3,0
332,33,rf,2.29,1
205,33,rf,2.28,1
158,33,rf,2.28,1
371,33,rf,2.27,9
237,33,rf,2.26,0
499,33,rf,2.26,0
488,33,rf,2.25,0
169,33,rf,2.24,2
372,33,rf,2.24,0
160,33,rf,2.23,0
167,33,rf,2.23,1
253,33,rf,2.23,0
299,33,rf,2.23,2
392,33,rf,2.23,0
553,33,rf,2.23,0
5,33,rf,2.22,6
6,33,rf,2.22,1
370,33,rf,2.22,3
593,33,rf,2.22,2
387,33,rf,2.21,0
668,33,rf,2.21,0
217,33,rf,2.2,2
358,33,rf,2.2,1
436,33,rf,2.2,0
507,33,rf,2.2,1
508,33,rf,2.2,6
267,33,rf,2.19,2
373,33,rf,2.19,5
129,33,rf,2.18,0
239,33,rf,2.18,2
273,33,rf,2.18,0
477,33,rf,2.18,0
209,33,rf,2.17,2
126,33,rf,2.17,0
410,33,rf,2.17,2
478,33,rf,2.17,8
613,33,rf,2.17,0
242,33,rf,2.16,0
669,33,rf,2.15,0
386,33,rf,2.14,0
490,33,rf,2.14,0
452,33,rf,2.12,0
543,33,rf,2.09,0
225,33,rf,2.0,2
568,33,rf,2.0,0
663,33,rf,2.0,0
164,33,rf,1.99,0
427,33,rf,1.96,11
11,33,rf,1.95,1
388,33,rf,1.94,2
54,33,rf,1.93,0
302,33,rf,1.93,9
588,33,rf,1.93,0
648,33,rf,1.93,0
200,33,rf,1.92,1
351,33,rf,1.91,0
350,33,rf,1.9,0
457,33,rf,1.9,1
517,33,rf,1.89,0
491,33,rf,1.88,1
561,33,rf,1.88,0
424,33,rf,1.87,0
644,33,rf,1.87,0
646,33,rf,1.87,0
48,33,rf,1.86,0
353,33,rf,1.86,0
671,33,rf,1.86,0
362,33,rf,1.85,0
382,33,rf,1.85,0
343,33,rf,1.84,0
347,33,rf,1.84,0
84,33,rf,1.83,0
417,33,rf,1.82,1
526,33,rf,1.82,6
74,33,rf,1.8,0
93,33,rf,1.8,3
18,33,rf,1.78,1
21,33,rf,1.78,1
72,33,rf,1.78,0
605,33,rf,1.78,0
83,33,rf,1.77,0
109,33,rf,1.77,0
110,33,rf,1.77,0
121,33,rf,1.77,0
159,33,rf,1.77,2
238,33,rf,1.77,2
240,33,rf,1.77,1
300,33,rf,1.77,3
385,33,rf,1.77,0
403,33,rf,1.77,0
422,33,rf,1.77,0
454,33,rf,1.77,2
456,33,rf,1.77,0
466,33,rf,1.77,0
696,33,rf,1.77,0
610,33,rf,1.77,2
236,33,rf,1.76,0
335,33,rf,1.76,12
310,33,rf,1.75,0
597,33,rf,1.75,0
145,33,rf,1.74,0
250,33,rf,1.74,0
325,33,rf,1.74,0
661,33,rf,1.74,0
532,33,rf,1.74,0
573,33,rf,1.74,0
419,33,rf,1.73,0
486,33,rf,1.73,4
603,33,rf,1.73,8
73,33,rf,1.72,8
440,33,rf,1.72,0
683,33,rf,1.72,0
638,33,rf,1.72,0
654,33,rf,1.72,0
22,33,rf,1.71,0
418,33,rf,1.71,0
443,33,rf,1.71,1
489,33,rf,1.71,0
637,33,rf,1.7,0
47,33,rf,1.69,3
192,33,rf,1.69,0
329,33,rf,1.69,0
681,33,rf,1.69,0
580,33,rf,1.69,1
633,33,rf,1.69,0
337,33,rf,1.68,0
260,33,rf,1.67,0
621,33,rf,1.67,0
197,33,rf,1.66,0
157,33,rf,1.65,0
497,33,rf,1.64,0
515,33,rf,1.62,0
19,33,rf,1.61,1
384,33,rf,1.61,0
17,33,rf,1.59,0
119,33,rf,1.56,0
37,33,rf,1.53,6
450,33,rf,1.49,0
632,33,rf,1.49,0
178,33,rf,1.43,0
123,33,rf,1.42,1
241,33,rf,1.41,0
26,33,rf,1.4,0
226,33,rf,1.39,0
408,33,rf,1.38,2
485,33,rf,1.38,0
643,33,rf,1.38,0
409,33,rf,1.36,2
59,33,rf,1.35,0
303,33,rf,1.35,1
311,33,rf,1.35,2
505,33,rf,1.35,3
85,33,rf,1.34,5
97,33,rf,1.34,0
474,33,rf,1.34,0
476,33,rf,1.34,0
291,33,rf,1.33,2
569,33,rf,1.33,0
173,33,rf,1.32,0
374,33,rf,1.32,6
249,33,rf,1.31,0
256,33,rf,1.31,0
270,33,rf,1.3,0
354,33,rf,1.3,0
506,33,rf,1.3,0
301,33,rf,1.29,19
304,33,rf,1.29,2
365,33,rf,1.29,6
544,33,rf,1.29,0
584,33,rf,1.29,0
7,33,rf,1.28,2
560,33,rf,1.28,0
518,33,rf,1.26,0
586,33,rf,1.26,1
257,33,rf,1.25,0
552,33,rf,1.25,1
645,33,rf,1.24,0
120,33,rf,1.23,2
166,33,rf,1.23,1
58,33,rf,1.22,0
202,33,rf,1.22,0
258,33,rf,1.22,2
366,33,rf,1.21,2
53,33,rf,1.2,0
591,33,rf,1.2,0
107,33,rf,1.19,5
293,33,rf,1.19,1
287,33,rf,1.18,0
1,33,rf,1.17,1
122,33,rf,1.17,0
585,33,rf,1.17,0
31,33,rf,1.16,5
677,33,rf,1.16,0
106,33,rf,1.16,1
251,33,rf,1.16,0
397,33,rf,1.16,5
420,33,rf,1.16,0
421,33,rf,1.16,0
453,33,rf,1.16,0
465,33,rf,1.16,2
500,33,rf,1.16,0
583,33,rf,1.16,1
531,33,rf,1.15,0
352,33,rf,1.14,0
444,33,rf,1.14,0
338,33,rf,1.12,0
411,33,rf,1.11,1
609,33,rf,1.11,2
146,33,rf,1.1,0
522,33,rf,1.1,0
36,33,rf,1.08,0
151,33,rf,1.08,0
182,33,rf,1.08,1
413,33,rf,1.08,1
431,33,rf,1.08,0
113,33,rf,1.07,0
314,33,rf,1.07,4
469,33,rf,1.07,0
295,33,rf,1.06,2
317,33,rf,1.06,0
565,33,rf,1.06,0
233,33,rf,1.05,8
220,33,rf,1.04,1
502,33,rf,1.04,0
82,33,rf,1.03,0
191,33,rf,1.02,2
441,33,rf,1.01,2
521,33,rf,1.01,0
575,33,rf,1.0,1
624,33,rf,0.99,0
207,33,rf,0.98,0
283,33,rf,0.98,2
266,33,rf,0.97,0
618,33,rf,0.97,1
90,33,rf,0.96,6
525,33,rf,0.96,0
246,33,rf,0.95,1
542,33,rf,0.92,0
685,33,rf,0.9,0
40,33,rf,0.88,2
607,33,rf,0.88,0
261,33,rf,0.87,6
342,33,rf,0.87,1
348,33,rf,0.87,0
30,33,rf,0.86,1
190,33,rf,0.86,0
541,33,rf,0.86,0
318,33,rf,0.85,14
670,33,rf,0.85,0
631,33,rf,0.85,0
33,33,rf,0.84,1
67,33,rf,0.84,0
322,33,rf,0.84,0
679,33,rf,0.84,9
321,33,rf,0.82,2
187,33,rf,0.8,0
596,33,rf,0.8,0
470,33,rf,0.78,0
407,33,rf,0.76,1
162,33,rf,0.75,0
682,33,rf,0.75,2
442,33,rf,0.74,0
635,33,rf,0.73,0
8,33,rf,0.67,0
665,33,rf,0.64,0
139,33,rf,0.63,1
101,33,rf,0.61,0
210,33,rf,0.6,0
406,33,rf,0.6,2
673,33,rf,0.6,0
547,33,rf,0.58,0
330,33,rf,0.57,0
376,33,rf,0.57,3
272,33,rf,0.56,0
356,33,rf,0.56,13
77,33,rf,0.55,0
228,33,rf,0.53,0
326,33,rf,0.53,0
128,33,rf,0.52,1
170,33,rf,0.52,1
493,33,rf,0.5,7
124,33,rf,0.49,2
38,33,rf,0.48,0
10,33,rf,0.46,0
676,33,rf,0.45,0
319,33,rf,0.44,1
9,33,rf,0.43,0
23,33,rf,0.43,1
24,33,rf,0.43,0
25,33,rf,0.43,0
662,33,rf,0.43,0
49,33,rf,0.43,0
51,33,rf,0.43,0
201,33,rf,0.43,2
215,33,rf,0.43,2
680,33,rf,0.43,10
98,33,rf,0.43,0
161,33,rf,0.43,0
163,33,rf,0.43,2
165,33,rf,0.43,-1
179,33,rf,0.43,0
180,33,rf,0.43,0
284,33,rf,0.43,6
290,33,rf,0.43,0
327,33,rf,0.43,2
328,33,rf,0.43,0
691,33,rf,0.43,0
389,33,rf,0.43,0
390,33,rf,0.43,0
399,33,rf,0.43,0
404,33,rf,0.43,0
405,33,rf,0.43,1
52,33,rf,0.43,0
473,33,rf,0.43,0
426,33,rf,0.43,2
527,33,rf,0.43,0
693,33,rf,0.43,2
545,33,rf,0.43,0
587,33,rf,0.43,0
589,33,rf,0.43,3
615,33,rf,0.43,0
647,33,rf,0.43,0
331,33,rf,0.42,1
276,33,rf,0.41,10
628,33,rf,0.39,2
148,33,rf,0.38,1
116,33,rf,0.33,2
579,33,rf,0.27,0
20,33,rf,0.25,0
81,33,rf,0.25,9
415,33,rf,0.25,0
451,33,rf,0.25,0
581,33,rf,0.25,0
12,33,rf,0.24,1
27,33,rf,0.24,0
32,33,rf,0.24,1
55,33,rf,0.24,0
56,33,rf,0.24,0
57,33,rf,0.24,1
203,33,rf,0.24,0
204,33,rf,0.24,1
206,33,rf,0.24,0
208,33,rf,0.24,0
216,33,rf,0.24,0
71,33,rf,0.24,6
87,33,rf,0.24,0
88,33,rf,0.24,2
89,33,rf,0.24,3
91,33,rf,0.24,0
391,33,rf,0.24,0
125,33,rf,0.24,2
127,33,rf,0.24,-1
168,33,rf,0.24,1
171,33,rf,0.24,2
172,33,rf,0.24,0
174,33,rf,0.24,0
181,33,rf,0.24,0
227,33,rf,0.24,2
243,33,rf,0.24,0
244,33,rf,0.24,0
245,33,rf,0.24,1
672,33,rf,0.24,0
259,33,rf,0.24,1
268,33,rf,0.24,0
269,33,rf,0.24,1
271,33,rf,0.24,1
285,33,rf,0.24,5
292,33,rf,0.24,0
312,33,rf,0.24,1
316,33,rf,0.24,0
355,33,rf,0.24,0
357,33,rf,0.24,2
363,33,rf,0.24,0
364,33,rf,0.24,0
375,33,rf,0.24,0
377,33,rf,0.24,2
692,33,rf,0.24,0
400,33,rf,0.24,2
412,33,rf,0.24,0
428,33,rf,0.24,8
429,33,rf,0.24,0
432,33,rf,0.24,1
437,33,rf,0.24,0
438,33,rf,0.24,0
458,33,rf,0.24,5
475,33,rf,0.24,0
492,33,rf,0.24,0
494,33,rf,0.24,0
674,33,rf,0.24,0
684,33,rf,0.24,0
519,33,rf,0.24,2
520,33,rf,0.24,0
546,33,rf,0.24,0
548,33,rf,0.24,2
549,33,rf,0.24,1
550,33,rf,0.24,0
551,33,rf,0.24,0
590,33,rf,0.24,0
592,33,rf,0.24,0
616,33,rf,0.24,0
617,33,rf,0.24,1
619,33,rf,0.24,0
649,33,rf,0.24,0
655,33,rf,0.24,0
656,33,rf,0.24,0
50,33,rf,0.23,0
425,33,rf,0.23,0
2,33,rf,0.12,2
28,33,rf,0.12,2
29,33,rf,0.12,0
39,33,rf,0.12,15
41,33,rf,0.12,0
60,33,rf,0.12,0
61,33,rf,0.12,0
62,33,rf,0.12,1
63,33,rf,0.12,0
65,33,rf,0.12,0
183,33,rf,0.12,0
186,33,rf,0.12,2
212,33,rf,0.12,1
213,33,rf,0.12,0
214,33,rf,0.12,0
218,33,rf,0.12,0
219,33,rf,0.12,0
66,33,rf,0.12,5
92,33,rf,0.12,6
94,33,rf,0.12,4
95,33,rf,0.12,6
96,33,rf,0.12,0
99,33,rf,0.12,0
100,33,rf,0.12,0
687,33,rf,0.12,0
108,33,rf,0.12,0
111,33,rf,0.12,4
112,33,rf,0.12,0
130,33,rf,0.12,1
131,33,rf,0.12,0
132,33,rf,0.12,2
133,33,rf,0.12,1
134,33,rf,0.12,2
137,33,rf,0.12,0
138,33,rf,0.12,0
143,33,rf,0.12,0
144,33,rf,0.12,0
147,33,rf,0.12,0
149,33,rf,0.12,0
150,33,rf,0.12,0
152,33,rf,0.12,0
153,33,rf,0.12,0
175,33,rf,0.12,0
176,33,rf,0.12,0
177,33,rf,0.12,0
221,33,rf,0.12,1
229,33,rf,0.12,0
230,33,rf,0.12,2
231,33,rf,0.12,2
232,33,rf,0.12,0
247,33,rf,0.12,0
248,33,rf,0.12,0
274,33,rf,0.12,1
275,33,rf,0.12,1
277,33,rf,0.12,1
278,33,rf,0.12,0
279,33,rf,0.12,0
280,33,rf,0.12,2
281,33,rf,0.12,2
282,33,rf,0.12,2
286,33,rf,0.12,0
690,33,rf,0.12,1
288,33,rf,0.12,1
294,33,rf,0.12,0
296,33,rf,0.12,0
305,33,rf,0.12,1
306,33,rf,0.12,0
307,33,rf,0.12,2
308,33,rf,0.12,0
309,33,rf,0.12,0
313,33,rf,0.12,0
667,33,rf,0.12,0
320,33,rf,0.12,0
333,33,rf,0.12,5
334,33,rf,0.12,0
336,33,rf,0.12,0
339,33,rf,0.12,0
359,33,rf,0.12,0
360,33,rf,0.12,0
361,33,rf,0.12,0
367,33,rf,0.12,5
393,33,rf,0.12,0
394,33,rf,0.12,0
395,33,rf,0.12,0
396,33,rf,0.12,0
398,33,rf,0.12,0
686,33,rf,0.12,1
439,33,rf,0.12,1
460,33,rf,0.12,0
461,33,rf,0.12,1
462,33,rf,0.12,0
463,33,rf,0.12,1
464,33,rf,0.12,2
467,33,rf,0.12,2
468,33,rf,0.12,2
479,33,rf,0.12,3
480,33,rf,0.12,13
495,33,rf,0.12,0
496,33,rf,0.12,0
498,33,rf,0.12,0
501,33,rf,0.12,0
689,33,rf,0.12,0
509,33,rf,0.12,0
510,33,rf,0.12,1
511,33,rf,0.12,0
512,33,rf,0.12,0
523,33,rf,0.12,1
524,33,rf,0.12,0
528,33,rf,0.12,0
554,33,rf,0.12,0
555,33,rf,0.12,0
556,33,rf,0.12,0
557,33,rf,0.12,0
558,33,rf,0.12,7
559,33,rf,0.12,1
562,33,rf,0.12,2
563,33,rf,0.12,0
564,33,rf,0.12,0
570,33,rf,0.12,1
571,33,rf,0.12,0
572,33,rf,0.12,0
574,33,rf,0.12,7
594,33,rf,0.12,1
595,33,rf,0.12,12
598,33,rf,0.12,0
599,33,rf,0.12,0
600,33,rf,0.12,0
604,33,rf,0.12,0
606,33,rf,0.12,0
608,33,rf,0.12,0
620,33,rf,0.12,0
622,33,rf,0.12,0
623,33,rf,0.12,2
626,33,rf,0.12,0
659,33,rf,0.12,0
627,33,rf,0.12,0
634,33,rf,0.12,0
636,33,rf,0.12,0
650,33,rf,0.12,0
651,33,rf,0.12,0
652,33,rf,0.12,0
653,33,rf,0.12,0
657,33,rf,0.12,0
658,33,rf,0.12,0
695,33,rf,0.12,0
3,33,rf,0.02,1
4,33,rf,0.02,0
13,33,rf,0.02,2
14,33,rf,0.02,0
15,33,rf,0.02,1
34,33,rf,0.02,0
35,33,rf,0.02,0
42,33,rf,0.02,3
43,33,rf,0.02,0
44,33,rf,0.02,8
45,33,rf,0.02,0
46,33,rf,0.02,3
688,33,rf,0.02,1
184,33,rf,0.02,0
185,33,rf,0.02,2
188,33,rf,0.02,0
189,33,rf,0.02,0
193,33,rf,0.02,0
194,33,rf,0.02,0
195,33,rf,0.02,1
196,33,rf,0.02,0
198,33,rf,0.02,0
199,33,rf,0.02,0
68,33,rf,0.02,0
69,33,rf,0.02,3
70,33,rf,0.02,3
75,33,rf,0.02,0
76,33,rf,0.02,0
78,33,rf,0.02,0
79,33,rf,0.02,0
80,33,rf,0.02,2
102,33,rf,0.02,10
103,33,rf,0.02,1
104,33,rf,0.02,0
105,33,rf,0.02,0
114,33,rf,0.02,0
115,33,rf,0.02,0
117,33,rf,0.02,0
118,33,rf,0.02,0
140,33,rf,0.02,0
141,33,rf,0.02,1
142,33,rf,0.02,0
154,33,rf,0.02,0
155,33,rf,0.02,0
156,33,rf,0.02,1
222,33,rf,0.02,1
223,33,rf,0.02,0
234,33,rf,0.02,0
254,33,rf,0.02,0
255,33,rf,0.02,7
262,33,rf,0.02,2
263,33,rf,0.02,0
264,33,rf,0.02,2
265,33,rf,0.02,0
289,33,rf,0.02,0
297,33,rf,0.02,1
298,33,rf,0.02,0
630,33,rf,0.02,0
315,33,rf,0.02,1
323,33,rf,0.02,0
664,33,rf,0.02,0
340,33,rf,0.02,7
341,33,rf,0.02,1
344,33,rf,0.02,0
345,33,rf,0.02,1
346,33,rf,0.02,2
349,33,rf,0.02,0
368,33,rf,0.02,0
369,33,rf,0.02,3
378,33,rf,0.02,0
379,33,rf,0.02,0
380,33,rf,0.02,0
401,33,rf,0.02,2
433,33,rf,0.02,1
434,33,rf,0.02,0
435,33,rf,0.02,0
445,33,rf,0.02,0
446,33,rf,0.02,1
447,33,rf,0.02,0
448,33,rf,0.02,1
471,33,rf,0.02,0
472,33,rf,0.02,1
481,33,rf,0.02,3
482,33,rf,0.02,6
483,33,rf,0.02,0
484,33,rf,0.02,6
503,33,rf,0.02,0
504,33,rf,0.02,1
513,33,rf,0.02,1
514,33,rf,0.02,0
675,33,rf,0.02,0
529,33,rf,0.02,0
530,33,rf,0.02,1
533,33,rf,0.02,0
534,33,rf,0.02,8
535,33,rf,0.02,11
536,33,rf,0.02,2
537,33,rf,0.02,0
538,33,rf,0.02,5
539,33,rf,0.02,0
540,33,rf,0.02,0
678,33,rf,0.02,0
694,33,rf,0.02,7
566,33,rf,0.02,0
567,33,rf,0.02,0
576,33,rf,0.02,5
577,33,rf,0.02,1
578,33,rf,0.02,0
601,33,rf,0.02,0
602,33,rf,0.02,5
611,33,rf,0.02,2
629,33,rf,0.02,0
639,33,rf,0.02,0
640,33,rf,0.02,0
641,33,rf,0.02,0
211,33,rf,0.0,2
252,33,rf,0.0,0
383,33,rf,-0.04,0
414,33,rf,-0.04,0
135,33,rf,-0.05,0
666,34,rf,3.27,0
381,34,rf,3.19,0
449,34,rf,3.13,0
16,34,rf,3.04,2
235,34,rf,3.01,0
64,34,rf,2.96,15
430,34,rf,2.67,0
625,34,rf,2.62,1
423,34,rf,2.58,1
642,34,rf,2.58,0
455,34,rf,2.57,0
455,34,rf,2.57,2
614,34,rf,2.57,0
614,34,rf,2.57,2
516,34,rf,2.56,0
459,34,rf,2.54,-1
402,34,rf,2.51,0
136,34,rf,2.5,0
612,34,rf,2.5,4
224,34,rf,2.48,1
324,34,rf,2.34,0
324,34,rf,2.34,7
86,34,rf,2.33,2
660,34,rf,2.33,0
660,34,rf,2.33,0
416,34,rf,2.3,0
487,34,rf,2.3,0
582,34,rf,2.3,0
332,34,rf,2.29,7
332,34,rf,2.29,1
205,34,rf,2.28,2
205,34,rf,2.28,1
158,34,rf,2.28,1
371,34,rf,2.27,1
237,34,rf,2.26,0
499,34,rf,2.26,0
499,34,rf,2.26,0
488,34,rf,2.25,0
169,34,rf,2.24,9
372,34,rf,2.24,0
160,34,rf,2.23,7
167,34,rf,2.23,1
253,34,rf,2.23,0
299,34,rf,2.23,1
299,34,rf,2.23,6
392,34,rf,2.23,0
553,34,rf,2.23,0
5,34,rf,2.22,1
6,34,rf,2.22,1
370,34,rf,2.22,0
593,34,rf,2.22,3
593,34,rf,2.22,1
387,34,rf,2.21,1
668,34,rf,2.21,0
217,34,rf,2.2,1
217,34,rf,2.2,2
358,34,rf,2.2,2
436,34,rf,2.2,0
507,34,rf,2.2,1
508,34,rf,2.2,0
267,34,rf,2.19,10
373,34,rf,2.19,2
129,34,rf,2.18,0
239,34,rf,2.18,0
273,34,rf,2.18,0
477,34,rf,2.18,0
209,34,rf,2.17,1
209,34,rf,2.17,2
126,34,rf,2.17,0
126,34,rf,2.17,0
410,34,rf,2.17,0
478,34,rf,2.17,-1
613,34,rf,2.17,0
613,34,rf,2.17,0
242,34,rf,2.16,0
669,34,rf,2.15,0
669,34,rf,2.15,0
386,34,rf,2.14,0
490,34,rf,2.14,0
452,34,rf,2.12,0
543,34,rf,2.09,0
543,34,rf,2.09,0
225,34,rf,2.0,1
568,34,rf,2.0,0
663,34,rf,2.0,0
164,34,rf,1.99,0
427,34,rf,1.96,8
11,34,rf,1.95,0
388,34,rf,1.94,1
54,34,rf,1.93,0
302,34,rf,1.93,2
302,34,rf,1.93,6
588,34,rf,1.93,0
588,34,rf,1.93,1
648,34,rf,1.93,0
200,34,rf,1.92,1
200,34,rf,1.92,2
351,34,rf,1.91,0
350,34,rf,1.9,1
457,34,rf,1.9,1
457,34,rf,1.9,1
517,34,rf,1.89,0
491,34,rf,1.88,0
561,34,rf,1.88,0
424,34,rf,1.87,0
644,34,rf,1.87,0
646,34,rf,1.87,0
48,34,rf,1.86,0
353,34,rf,1.86,0
671,34,rf,1.86,0
362,34,rf,1.85,0
382,34,rf,1.85,0
343,34,rf,1.84,0
343,34,rf,1.84,0
347,34,rf,1.84,0
347,34,rf,1.84,0
84,34,rf,1.83,0
417,34,rf,1.82,0
526,34,rf,1.82,2
74,34,rf,1.8,0
93,34,rf,1.8,7
18,34,rf,1.78,0
21,34,rf,1.78,1
72,34,rf,1.78,0
605,34,rf,1.78,0
83,34,rf,1.77,9
109,34,rf,1.77,5
109,34,rf,1.77,0
110,34,rf,1.77,0
121,34,rf,1.77,0
121,34,rf,1.77,0
159,34,rf,1.77,6
238,34,rf,1.77,1
240,34,rf,1.77,2
300,34,rf,1.77,2
300,34,rf,1.77,0
385,34,rf,1.77,0
403,34,rf,1.77,0
422,34,rf,1.77,0
454,34,rf,1.77,4
456,34,rf,1.77,1
456,34,rf,1.77,1
466,34,rf,1.77,0
466,34,rf,1.77,0
696,34,rf,1.77,0
610,34,rf,1.77,2
610,34,rf,1.77,1
236,34,rf,1.76,0
335,34,rf,1.76,6
335,34,rf,1.76,2
310,34,rf,1.75,0
310,34,rf,1.75,0
597,34,rf,1.75,0
145,34,rf,1.74,1
250,34,rf,1.74,0
325,34,rf,1.74,0
325,34,rf,1.74,1
661,34,rf,1.74,0
532,34,rf,1.74,0
532,34,rf,1.74,0
573,34,rf,1.74,0
573,34,rf,1.74,0
419,34,rf,1.73,0
486,34,rf,1.73,2
603,34,rf,1.73,2
603,34,rf,1.73,2
73,34,rf,1.72,2
440,34,rf,1.72,0
683,34,rf,1.72,0
638,34,rf,1.72,0
654,34,rf,1.72,0
22,34,rf,1.71,0
418,34,rf,1.71,2
443,34,rf,1.71,3
489,34,rf,1.71,0
637,34,rf,1.7,0
47,34,rf,1.69,2
192,34,rf,1.69,0
329,34,rf,1.69,0
329,34,rf,1.69,0
681,34,rf,1.69,0
580,34,rf,1.69,1
633,34,rf,1.69,0
337,34,rf,1.68,6
337,34,rf,1.68,2
260,34,rf,1.67,0
621,34,rf,1.67,0
197,34,rf,1.66,1
157,34,rf,1.65,0
497,34,rf,1.64,0
497,34,rf,1.64,0
515,34,rf,1.62,0
19,34,rf,1.61,1
384,34,rf,1.61,0
17,34,rf,1.59,0
119,34,rf,1.56,0
119,34,rf,1.56,0
37,34,rf,1.53,2
450,34,rf,1.49,1
632,34,rf,1.49,0
178,34,rf,1.43,0
123,34,rf,1.42,12
123,34,rf,1.42,1
241,34,rf,1.41,0
26,34,rf,1.4,0
226,34,rf,1.39,0
408,34,rf,1.38,1
485,34,rf,1.38,0
643,34,rf,1.38,0
643,34,rf,1.38,0
409,34,rf,1.36,0
59,34,rf,1.35,0
303,34,rf,1.35,5
303,34,rf,1.35,6
311,34,rf,1.35,1
311,34,rf,1.35,3
505,34,rf,1.35,2
85,34,rf,1.34,0
97,34,rf,1.34,0
474,34,rf,1.34,0
476,34,rf,1.34,0
291,34,rf,1.33,8
291,34,rf,1.33,3
569,34,rf,1.33,0
569,34,rf,1.33,0
173,34,rf,1.32,0
374,34,rf,1.32,2
249,34,rf,1.31,0
256,34,rf,1.31,0
270,34,rf,1.3,0
354,34,rf,1.3,0
506,34,rf,1.3,0
301,34,rf,1.29,0
301,34,rf,1.29,0
304,34,rf,1.29,2
365,34,rf,1.29,2
544,34,rf,1.29,0
544,34,rf,1.29,0
584,34,rf,1.29,0
584,34,rf,1.29,0
7,34,rf,1.28,15
560,34,rf,1.28,0
518,34,rf,1.26,0
586,34,rf,1.26,9
586,34,rf,1.26,7
257,34,rf,1.25,0
552,34,rf,1.25,1
645,34,rf,1.24,0
120,34,rf,1.23,1
120,34,rf,1.23,2
166,34,rf,1.23,1
58,34,rf,1.22,0
202,34,rf,1.22,0
202,34,rf,1.22,0
258,34,rf,1.22,1
366,34,rf,1.21,2
53,34,rf,1.2,0
591,34,rf,1.2,0
591,34,rf,1.2,0
107,34,rf,1.19,1
107,34,rf,1.19,1
293,34,rf,1.19,10
293,34,rf,1.19,3
287,34,rf,1.18,0
287,34,rf,1.18,0
1,34,rf,1.17,0
1,34,rf,1.17,2
122,34,rf,1.17,0
122,34,rf,1.17,0
585,34,rf,1.17,0
31,34,rf,1.16,3
677,34,rf,1.16,0
677,34,rf,1.16,0
106,34,rf,1.16,6
106,34,rf,1.16,5
251,34,rf,1.16,0
397,34,rf,1.16,1
420,34,rf,1.16,0
421,34,rf,1.16,0
453,34,rf,1.16,0
465,34,rf,1.16,2
465,34,rf,1.16,2
500,34,rf,1.16,0
500,34,rf,1.16,0
583,34,rf,1.16,1
531,34,rf,1.15,0
352,34,rf,1.14,0
444,34,rf,1.14,0
338,34,rf,1.12,0
338,34,rf,1.12,0
411,34,rf,1.11,1
609,34,rf,1.11,1
609,34,rf,1.11,2
146,34,rf,1.1,0
522,34,rf,1.1,0
36,34,rf,1.08,0
151,34,rf,1.08,0
182,34,rf,1.08,10
413,34,rf,1.08,2
431,34,rf,1.08,1
113,34,rf,1.07,0
113,34,rf,1.07,0
314,34,rf,1.07,1
314,34,rf,1.07,6
469,34,rf,1.07,1
469,34,rf,1.07,2
295,34,rf,1.06,0
317,34,rf,1.06,0
317,34,rf,1.06,0
565,34,rf,1.06,0
233,34,rf,1.05,2
220,34,rf,1.04,2
220,34,rf,1.04,2
502,34,rf,1.04,0
502,34,rf,1.04,0
82,34,rf,1.03,0
191,34,rf,1.02,6
441,34,rf,1.01,2
521,34,rf,1.01,0
521,34,rf,1.01,0
575,34,rf,1.0,1
575,34,rf,1.0,0
624,34,rf,0.99,0
207,34,rf,0.98,0
207,34,rf,0.98,0
283,34,rf,0.98,7
283,34,rf,0.98,11
266,34,rf,0.97,0
618,34,rf,0.97,8
618,34,rf,0.97,2
90,34,rf,0.96,0
525,34,rf,0.96,0
246,34,rf,0.95,0
542,34,rf,0.92,0
542,34,rf,0.92,0
685,34,rf,0.9,0
40,34,rf,0.88,2
607,34,rf,0.88,0
261,34,rf,0.87,2
342,34,rf,0.87,9
342,34,rf,0.87,1
348,34,rf,0.87,0
348,34,rf,0.87,0
30,34,rf,0.86,1
30,34,rf,0.86,1
190,34,rf,0.86,0
541,34,rf,0.86,0
318,34,rf,0.85,8
318,34,rf,0.85,8
670,34,rf,0.85,0
631,34,rf,0.85,0
33,34,rf,0.84,1
67,34,rf,0.84,1
322,34,rf,0.84,0
322,34,rf,0.84,0
679,34,rf,0.84,1
679,34,rf,0.84,3
321,34,rf,0.82,1
187,34,rf,0.8,0
596,34,rf,0.8,0
596,34,rf,0.8,0
470,34,rf,0.78,2
470,34,rf,0.78,2
407,34,rf,0.76,2
162,34,rf,0.75,0
162,34,rf,0.75,0
682,34,rf,0.75,0
442,34,rf,0.74,0
635,34,rf,0.73,0
8,34,rf,0.67,1
665,34,rf,0.64,0
665,34,rf,0.64,0
139,34,rf,0.63,1
101,34,rf,0.61,0
101,34,rf,0.61,0
210,34,rf,0.6,0
210,34,rf,0.6,0
406,34,rf,0.6,1
673,34,rf,0.6,0
547,34,rf,0.58,0
330,34,rf,0.57,1
330,34,rf,0.57,0
376,34,rf,0.57,2
272,34,rf,0.56,1
356,34,rf,0.56,12
77,34,rf,0.55,0
228,34,rf,0.53,0
326,34,rf,0.53,0
326,34,rf,0.53,0
128,34,rf,0.52,1
170,34,rf,0.52,1
493,34,rf,0.5,5
124,34,rf,0.49,1
124,34,rf,0.49,3
38,34,rf,0.48,0
10,34,rf,0.46,2
676,34,rf,0.45,0
319,34,rf,0.44,12
319,34,rf,0.44,2
9,34,rf,0.43,0
23,34,rf,0.43,1
24,34,rf,0.43,0
25,34,rf,0.43,0
662,34,rf,0.43,0
49,34,rf,0.43,0
51,34,rf,0.43,0
201,34,rf,0.43,1
201,34,rf,0.43,0
215,34,rf,0.43,0
215,34,rf,0.43,0
680,34,rf,0.43,8
680,34,rf,0.43,1
98,34,rf,0.43,0
161,34,rf,0.43,8
163,34,rf,0.43,0
165,34,rf,0.43,1
179,34,rf,0.43,0
180,34,rf,0.43,1
284,34,rf,0.43,1
284,34,rf,0.43,1
290,34,rf,0.43,0
290,34,rf,0.43,6
327,34,rf,0.43,6
327,34,rf,0.43,3
328,34,rf,0.43,0
328,34,rf,0.43,0
691,34,rf,0.43,0
389,34,rf,0.43,0
390,34,rf,0.43,0
399,34,rf,0.43,0
404,34,rf,0.43,0
405,34,rf,0.43,6
52,34,rf,0.43,0
473,34,rf,0.43,0
473,34,rf,0.43,0
426,34,rf,0.43,0
527,34,rf,0.43,0
693,34,rf,0.43,2
545,34,rf,0.43,0
545,34,rf,0.43,1
587,34,rf,0.43,0
587,34,rf,0.43,0
589,34,rf,0.43,2
615,34,rf,0.43,0
615,34,rf,0.43,0
647,34,rf,0.43,0
331,34,rf,0.42,0
331,34,rf,0.42,3
276,34,rf,0.41,0
276,34,rf,0.41,0
628,34,rf,0.39,1
148,34,rf,0.38,0
116,34,rf,0.33,1
116,34,rf,0.33,11
579,34,rf,0.27,0
20,34,rf,0.25,0
81,34,rf,0.25,2
415,34,rf,0.25,0
451,34,rf,0.25,0
581,34,rf,0.25,0
12,34,rf,0.24,0
27,34,rf,0.24,0
32,34,rf,0.24,1
55,34,rf,0.24,0
56,34,rf,0.24,0
57,34,rf,0.24,1
203,34,rf,0.24,0
203,34,rf,0.24,0
204,34,rf,0.24,0
204,34,rf,0.24,1
206,34,rf,0.24,0
206,34,rf,0.24,0
208,34,rf,0.24,0
208,34,rf,0.24,0
216,34,rf,0.24,0
216,34,rf,0.24,0
71,34,rf,0.24,0
87,34,rf,0.24,1
88,34,rf,0.24,2
89,34,rf,0.24,1
91,34,rf,0.24,0
391,34,rf,0.24,0
125,34,rf,0.24,8
125,34,rf,0.24,2
127,34,rf,0.24,1
168,34,rf,0.24,0
171,34,rf,0.24,5
172,34,rf,0.24,0
174,34,rf,0.24,0
181,34,rf,0.24,0
227,34,rf,0.24,6
243,34,rf,0.24,0
244,34,rf,0.24,0
245,34,rf,0.24,2
672,34,rf,0.24,0
259,34,rf,0.24,2
268,34,rf,0.24,0
269,34,rf,0.24,1
271,34,rf,0.24,1
285,34,rf,0.24,4
285,34,rf,0.24,7
292,34,rf,0.24,0
292,34,rf,0.24,6
312,34,rf,0.24,2
312,34,rf,0.24,6
316,34,rf,0.24,0
316,34,rf,0.24,0
355,34,rf,0.24,0
357,34,rf,0.24,2
363,34,rf,0.24,0
364,34,rf,0.24,0
375,34,rf,0.24,0
377,34,rf,0.24,5
692,34,rf,0.24,0
400,34,rf,0.24,-1
412,34,rf,0.24,0
428,34,rf,0.24,9
429,34,rf,0.24,0
432,34,rf,0.24,0
437,34,rf,0.24,0
438,34,rf,0.24,0
458,34,rf,0.24,7
458,34,rf,0.24,2
475,34,rf,0.24,0
492,34,rf,0.24,0
494,34,rf,0.24,0
674,34,rf,0.24,0
674,34,rf,0.24,0
684,34,rf,0.24,0
519,34,rf,0.24,3
519,34,rf,0.24,0
520,34,rf,0.24,0
546,34,rf,0.24,0
546,34,rf,0.24,0
548,34,rf,0.24,3
549,34,rf,0.24,1
550,34,rf,0.24,0
550,34,rf,0.24,0
551,34,rf,0.24,0
551,34,rf,0.24,0
590,34,rf,0.24,0
592,34,rf,0.24,0
592,34,rf,0.24,0
616,34,rf,0.24,0
617,34,rf,0.24,1
619,34,rf,0.24,5
649,34,rf,0.24,0
655,34,rf,0.24,0
656,34,rf,0.24,0
656,34,rf,0.24,0
50,34,rf,0.23,0
425,34,rf,0.23,0
2,34,rf,0.12,3
2,34,rf,0.12,2
28,34,rf,0.12,7
29,34,rf,0.12,0
39,34,rf,0.12,2
41,34,rf,0.12,0
60,34,rf,0.12,0
61,34,rf,0.12,0
62,34,rf,0.12,1
63,34,rf,0.12,0
65,34,rf,0.12,1
183,34,rf,0.12,0
186,34,rf,0.12,10
212,34,rf,0.12,5
212,34,rf,0.12,2
213,34,rf,0.12,0
213,34,rf,0.12,0
214,34,rf,0.12,0
214,34,rf,0.12,0
218,34,rf,0.12,0
218,34,rf,0.12,0
219,34,rf,0.12,0
219,34,rf,0.12,0
66,34,rf,0.12,8
92,34,rf,0.12,2
94,34,rf,0.12,1
95,34,rf,0.12,2
96,34,rf,0.12,0
99,34,rf,0.12,0
100,34,rf,0.12,0
687,34,rf,0.12,0
108,34,rf,0.12,6
108,34,rf,0.12,5
111,34,rf,0.12,1
112,34,rf,0.12,0
130,34,rf,0.12,2
131,34,rf,0.12,0
132,34,rf,0.12,4
133,34,rf,0.12,3
134,34,rf,0.12,2
137,34,rf,0.12,0
138,34,rf,0.12,0
143,34,rf,0.12,0
144,34,rf,0.12,0
147,34,rf,0.12,0
149,34,rf,0.12,3
149,34,rf,0.12,3
150,34,rf,0.12,0
152,34,rf,0.12,0
153,34,rf,0.12,0
175,34,rf,0.12,1
176,34,rf,0.12,0
177,34,rf,0.12,0
221,34,rf,0.12,0
229,34,rf,0.12,0
230,34,rf,0.12,0
231,34,rf,0.12,1
231,34,rf,0.12,1
232,34,rf,0.12,0
247,34,rf,0.12,0
248,34,rf,0.12,0
274,34,rf,0.12,0
274,34,rf,0.12,1
275,34,rf,0.12,1
275,34,rf,0.12,3
277,34,rf,0.12,0
277,34,rf,0.12,0
278,34,rf,0.12,0
278,34,rf,0.12,0
279,34,rf,0.12,0
279,34,rf,0.12,0
280,34,rf,0.12,1
280,34,rf,0.12,6
281,34,rf,0.12,2
281,34,rf,0.12,10
282,34,rf,0.12,2
282,34,rf,0.12,3
286,34,rf,0.12,0
286,34,rf,0.12,0
690,34,rf,0.12,0
288,34,rf,0.12,4
288,34,rf,0.12,1
294,34,rf,0.12,2
294,34,rf,0.12,1
296,34,rf,0.12,0
296,34,rf,0.12,0
305,34,rf,0.12,1
305,34,rf,0.12,6
306,34,rf,0.12,0
306,34,rf,0.12,0
307,34,rf,0.12,1
307,34,rf,0.12,0
308,34,rf,0.12,0
308,34,rf,0.12,15
309,34,rf,0.12,0
309,34,rf,0.12,0
313,34,rf,0.12,2
667,34,rf,0.12,0
667,34,rf,0.12,0
320,34,rf,0.12,0
320,34,rf,0.12,0
333,34,rf,0.12,11
333,34,rf,0.12,2
334,34,rf,0.12,0
334,34,rf,0.12,0
336,34,rf,0.12,0
336,34,rf,0.12,0
339,34,rf,0.12,0
339,34,rf,0.12,0
359,34,rf,0.12,0
360,34,rf,0.12,0
361,34,rf,0.12,0
367,34,rf,0.12,0
393,34,rf,0.12,0
394,34,rf,0.12,2
395,34,rf,0.12,0
396,34,rf,0.12,0
398,34,rf,0.12,0
686,34,rf,0.12,0
439,34,rf,0.12,0
460,34,rf,0.12,0
460,34,rf,0.12,0
461,34,rf,0.12,1
461,34,rf,0.12,0
462,34,rf,0.12,0
462,34,rf,0.12,0
463,34,rf,0.12,-1
463,34,rf,0.12,2
464,34,rf,0.12,1
464,34,rf,0.12,1
467,34,rf,0.12,2
467,34,rf,0.12,0
468,34,rf,0.12,15
468,34,rf,0.12,0
479,34,rf,0.12,2
480,34,rf,0.12,2
495,34,rf,0.12,0
496,34,rf,0.12,0
498,34,rf,0.12,0
498,34,rf,0.12,0
501,34,rf,0.12,0
501,34,rf,0.12,0
689,34,rf,0.12,0
509,34,rf,0.12,0
509,34,rf,0.12,1
510,34,rf,0.12,2
511,34,rf,0.12,0
512,34,rf,0.12,0
523,34,rf,0.12,0
524,34,rf,0.12,0
528,34,rf,0.12,0
554,34,rf,0.12,0
555,34,rf,0.12,0
556,34,rf,0.12,0
556,34,rf,0.12,0
557,34,rf,0.12,0
558,34,rf,0.12,-1
559,34,rf,0.12,0
559,34,rf,0.12,0
562,34,rf,0.12,1
562,34,rf,0.12,1
563,34,rf,0.12,0
563,34,rf,0.12,0
564,34,rf,0.12,0
564,34,rf,0.12,0
570,34,rf,0.12,2
571,34,rf,0.12,0
572,34,rf,0.12,0
572,34,rf,0.12,0
574,34,rf,0.12,3
594,34,rf,0.12,7
595,34,rf,0.12,0
598,34,rf,0.12,0
599,34,rf,0.12,0
599,34,rf,0.12,0
600,34,rf,0.12,0
600,34,rf,0.12,0
604,34,rf,0.12,0
606,34,rf,0.12,0
608,34,rf,0.12,0
620,34,rf,0.12,0
620,34,rf,0.12,0
622,34,rf,0.12,0
623,34,rf,0.12,0
626,34,rf,0.12,0
659,34,rf,0.12,0
627,34,rf,0.12,0
634,34,rf,0.12,0
636,34,rf,0.12,0
636,34,rf,0.12,0
650,34,rf,0.12,0
651,34,rf,0.12,0
651,34,rf,0.12,0
652,34,rf,0.12,0
652,34,rf,0.12,0
653,34,rf,0.12,0
657,34,rf,0.12,0
658,34,rf,0.12,0
695,34,rf,0.12,0
3,34,rf,0.02,13
4,34,rf,0.02,0
13,34,rf,0.02,2
14,34,rf,0.02,0
15,34,rf,0.02,3
34,34,rf,0.02,1
35,34,rf,0.02,0
42,34,rf,0.02,2
43,34,rf,0.02,0
44,34,rf,0.02,2
45,34,rf,0.02,0
46,34,rf,0.02,2
688,34,rf,0.02,2
184,34,rf,0.02,0
185,34,rf,0.02,2
188,34,rf,0.02,0
189,34,rf,0.02,0
193,34,rf,0.02,0
194,34,rf,0.02,1
195,34,rf,0.02,1
196,34,rf,0.02,0
198,34,rf,0.02,0
199,34,rf,0.02,1
68,34,rf,0.02,0
69,34,rf,0.02,2
70,34,rf,0.02,5
75,34,rf,0.02,4
76,34,rf,0.02,0
78,34,rf,0.02,0
79,34,rf,0.02,0
80,34,rf,0.02,7
102,34,rf,0.02,6
102,34,rf,0.02,9
103,34,rf,0.02,15
103,34,rf,0.02,2
104,34,rf,0.02,14
104,34,rf,0.02,0
105,34,rf,0.02,0
105,34,rf,0.02,0
114,34,rf,0.02,0
114,34,rf,0.02,0
115,34,rf,0.02,0
115,34,rf,0.02,0
117,34,rf,0.02,0
117,34,rf,0.02,0
118,34,rf,0.02,0
118,34,rf,0.02,0
140,34,rf,0.02,0
141,34,rf,0.02,1
142,34,rf,0.02,0
154,34,rf,0.02,0
155,34,rf,0.02,0
156,34,rf,0.02,1
222,34,rf,0.02,0
223,34,rf,0.02,0
234,34,rf,0.02,0
254,34,rf,0.02,0
255,34,rf,0.02,6
262,34,rf,0.02,0
263,34,rf,0.02,0
264,34,rf,0.02,2
265,34,rf,0.02,2
289,34,rf,0.02,0
289,34,rf,0.02,0
297,34,rf,0.02,1
297,34,rf,0.02,5
298,34,rf,0.02,0
298,34,rf,0.02,0
630,34,rf,0.02,0
315,34,rf,0.02,2
315,34,rf,0.02,3
323,34,rf,0.02,0
323,34,rf,0.02,0
664,34,rf,0.02,0
340,34,rf,0.02,3
340,34,rf,0.02,1
341,34,rf,0.02,0
341,34,rf,0.02,2
344,34,rf,0.02,0
344,34,rf,0.02,0
345,34,rf,0.02,1
345,34,rf,0.02,2
346,34,rf,0.02,1
346,34,rf,0.02,0
349,34,rf,0.02,0
368,34,rf,0.02,0
369,34,rf,0.02,1
378,34,rf,0.02,0
379,34,rf,0.02,0
380,34,rf,0.02,0
401,34,rf,0.02,2
433,34,rf,0.02,2
434,34,rf,0.02,0
435,34,rf,0.02,0
445,34,rf,0.02,0
446,34,rf,0.02,2
447,34,rf,0.02,0
448,34,rf,0.02,4
471,34,rf,0.02,0
471,34,rf,0.02,0
472,34,rf,0.02,6
472,34,rf,0.02,0
481,34,rf,0.02,1
482,34,rf,0.02,-1
483,34,rf,0.02,1
484,34,rf,0.02,-1
503,34,rf,0.02,0
504,34,rf,0.02,5
504,34,rf,0.02,0
513,34,rf,0.02,0
514,34,rf,0.02,2
675,34,rf,0.02,0
529,34,rf,0.02,0
529,34,rf,0.02,0
530,34,rf,0.02,0
533,34,rf,0.02,0
533,34,rf,0.02,0
534,34,rf,0.02,2
535,34,rf,0.02,0
536,34,rf,0.02,3
537,34,rf,0.02,0
538,34,rf,0.02,2
539,34,rf,0.02,0
540,34,rf,0.02,0
678,34,rf,0.02,0
694,34,rf,0.02,2
566,34,rf,0.02,0
567,34,rf,0.02,0
576,34,rf,0.02,2
577,34,rf,0.02,0
578,34,rf,0.02,0
601,34,rf,0.02,0
602,34,rf,0.02,1
611,34,rf,0.02,1
629,34,rf,0.02,0
639,34,rf,0.02,0
640,34,rf,0.02,0
640,34,rf,0.02,0
641,34,rf,0.02,0
641,34,rf,0.02,0
211,34,rf,0.0,2
211,34,rf,0.0,1
252,34,rf,0.0,0
383,34,rf,-0.04,0
414,34,rf,-0.04,0
135,34,rf,-0.05,1
666,35,rf,3.27,0
381,35,rf,3.19,0
449,35,rf,3.13,0
16,35,rf,3.04,7
235,35,rf,3.01,1
64,35,rf,2.96,2
430,35,rf,2.67,1
625,35,rf,2.62,1
423,35,rf,2.58,0
642,35,rf,2.58,0
455,35,rf,2.57,8
614,35,rf,2.57,15
516,35,rf,2.56,1
459,35,rf,2.54,7
402,35,rf,2.51,0
136,35,rf,2.5,1
612,35,rf,2.5,0
224,35,rf,2.48,2
324,35,rf,2.34,0
86,35,rf,2.33,2
660,35,rf,2.33,0
416,35,rf,2.3,0
487,35,rf,2.3,0
582,35,rf,2.3,0
332,35,rf,2.29,2
205,35,rf,2.28,1
158,35,rf,2.28,0
371,35,rf,2.27,2
237,35,rf,2.26,1
499,35,rf,2.26,0
488,35,rf,2.25,0
169,35,rf,2.24,2
372,35,rf,2.24,0
160,35,rf,2.23,1
167,35,rf,2.23,2
253,35,rf,2.23,0
299,35,rf,2.23,1
392,35,rf,2.23,0
553,35,rf,2.23,0
5,35,rf,2.22,0
6,35,rf,2.22,1
370,35,rf,2.22,0
593,35,rf,2.22,2
387,35,rf,2.21,2
668,35,rf,2.21,0
217,35,rf,2.2,4
358,35,rf,2.2,0
436,35,rf,2.2,0
507,35,rf,2.2,1
508,35,rf,2.2,0
267,35,rf,2.19,0
373,35,rf,2.19,2
129,35,rf,2.18,0
239,35,rf,2.18,4
273,35,rf,2.18,0
477,35,rf,2.18,0
209,35,rf,2.17,1
126,35,rf,2.17,0
410,35,rf,2.17,0
478,35,rf,2.17,9
613,35,rf,2.17,0
242,35,rf,2.16,0
669,35,rf,2.15,0
386,35,rf,2.14,0
490,35,rf,2.14,0
452,35,rf,2.12,0
543,35,rf,2.09,0
225,35,rf,2.0,5
568,35,rf,2.0,0
663,35,rf,2.0,0
164,35,rf,1.99,0
427,35,rf,1.96,8
11,35,rf,1.95,0
388,35,rf,1.94,1
54,35,rf,1.93,0
302,35,rf,1.93,0
588,35,rf,1.93,6
648,35,rf,1.93,0
200,35,rf,1.92,14
351,35,rf,1.91,0
350,35,rf,1.9,0
457,35,rf,1.9,6
517,35,rf,1.89,0
491,35,rf,1.88,1
561,35,rf,1.88,0
424,35,rf,1.87,0
644,35,rf,1.87,0
646,35,rf,1.87,0
48,35,rf,1.86,0
353,35,rf,1.86,0
671,35,rf,1.86,0
362,35,rf,1.85,0
382,35,rf,1.85,0
343,35,rf,1.84,0
347,35,rf,1.84,0
84,35,rf,1.83,0
417,35,rf,1.82,0
526,35,rf,1.82,2
74,35,rf,1.8,0
93,35,rf,1.8,2
18,35,rf,1.78,0
21,35,rf,1.78,2
72,35,rf,1.78,0
605,35,rf,1.78,0
83,35,rf,1.77,1
109,35,rf,1.77,0
110,35,rf,1.77,1
121,35,rf,1.77,0
159,35,rf,1.77,1
238,35,rf,1.77,0
240,35,rf,1.77,1
300,35,rf,1.77,13
385,35,rf,1.77,0
403,35,rf,1.77,0
422,35,rf,1.77,0
454,35,rf,1.77,2
456,35,rf,1.77,6
466,35,rf,1.77,0
696,35,rf,1.77,0
610,35,rf,1.77,2
236,35,rf,1.76,0
335,35,rf,1.76,2
310,35,rf,1.75,0
597,35,rf,1.75,0
145,35,rf,1.74,2
250,35,rf,1.74,0
325,35,rf,1.74,0
661,35,rf,1.74,0
532,35,rf,1.74,0
573,35,rf,1.74,2
419,35,rf,1.73,0
486,35,rf,1.73,3
603,35,rf,1.73,3
73,35,rf,1.72,1
440,35,rf,1.72,0
683,35,rf,1.72,0
638,35,rf,1.72,0
654,35,rf,1.72,0
22,35,rf,1.71,0
418,35,rf,1.71,0
443,35,rf,1.71,7
489,35,rf,1.71,14
637,35,rf,1.7,0
47,35,rf,1.69,2
192,35,rf,1.69,0
329,35,rf,1.69,0
681,35,rf,1.69,0
580,35,rf,1.69,1
633,35,rf,1.69,0
337,35,rf,1.68,2
260,35,rf,1.67,0
621,35,rf,1.67,0
197,35,rf,1.66,2
157,35,rf,1.65,0
497,35,rf,1.64,0
515,35,rf,1.62,0
19,35,rf,1.61,6
384,35,rf,1.61,0
17,35,rf,1.59,0
119,35,rf,1.56,0
37,35,rf,1.53,2
450,35,rf,1.49,0
632,35,rf,1.49,0
178,35,rf,1.43,0
123,35,rf,1.42,1
241,35,rf,1.41,0
26,35,rf,1.4,0
226,35,rf,1.39,0
408,35,rf,1.38,1
485,35,rf,1.38,0
643,35,rf,1.38,0
409,35,rf,1.36,0
59,35,rf,1.35,0
303,35,rf,1.35,10
311,35,rf,1.35,1
505,35,rf,1.35,1
85,35,rf,1.34,1
97,35,rf,1.34,0
474,35,rf,1.34,1
476,35,rf,1.34,0
291,35,rf,1.33,3
569,35,rf,1.33,0
173,35,rf,1.32,0
374,35,rf,1.32,2
249,35,rf,1.31,0
256,35,rf,1.31,0
270,35,rf,1.3,1
354,35,rf,1.3,0
506,35,rf,1.3,0
301,35,rf,1.29,3
304,35,rf,1.29,4
365,35,rf,1.29,2
544,35,rf,1.29,0
584,35,rf,1.29,0
7,35,rf,1.28,10
560,35,rf,1.28,0
518,35,rf,1.26,0
586,35,rf,1.26,0
257,35,rf,1.25,0
552,35,rf,1.25,1
645,35,rf,1.24,0
120,35,rf,1.23,2
166,35,rf,1.23,1
58,35,rf,1.22,0
202,35,rf,1.22,0
258,35,rf,1.22,0
366,35,rf,1.21,-2
53,35,rf,1.2,1
591,35,rf,1.2,0
107,35,rf,1.19,1
293,35,rf,1.19,1
287,35,rf,1.18,0
1,35,rf,1.17,0
122,35,rf,1.17,0
585,35,rf,1.17,0
31,35,rf,1.16,2
677,35,rf,1.16,0
106,35,rf,1.16,-1
251,35,rf,1.16,0
397,35,rf,1.16,12
420,35,rf,1.16,0
421,35,rf,1.16,0
453,35,rf,1.16,0
465,35,rf,1.16,3
500,35,rf,1.16,0
583,35,rf,1.16,1
531,35,rf,1.15,0
352,35,rf,1.14,0
444,35,rf,1.14,0
338,35,rf,1.12,0
411,35,rf,1.11,2
609,35,rf,1.11,2
146,35,rf,1.1,0
522,35,rf,1.1,0
36,35,rf,1.08,0
151,35,rf,1.08,0
182,35,rf,1.08,3
413,35,rf,1.08,6
431,35,rf,1.08,0
113,35,rf,1.07,0
314,35,rf,1.07,2
469,35,rf,1.07,1
295,35,rf,1.06,0
317,35,rf,1.06,0
565,35,rf,1.06,0
233,35,rf,1.05,2
220,35,rf,1.04,2
502,35,rf,1.04,0
82,35,rf,1.03,0
191,35,rf,1.02,4
441,35,rf,1.01,3
521,35,rf,1.01,0
575,35,rf,1.0,0
624,35,rf,0.99,1
207,35,rf,0.98,0
283,35,rf,0.98,10
266,35,rf,0.97,1
618,35,rf,0.97,9
90,35,rf,0.96,0
525,35,rf,0.96,0
246,35,rf,0.95,1
542,35,rf,0.92,0
685,35,rf,0.9,0
40,35,rf,0.88,1
607,35,rf,0.88,0
261,35,rf,0.87,9
342,35,rf,0.87,1
348,35,rf,0.87,0
30,35,rf,0.86,0
190,35,rf,0.86,0
541,35,rf,0.86,0
318,35,rf,0.85,2
670,35,rf,0.85,0
631,35,rf,0.85,0
33,35,rf,0.84,1
67,35,rf,0.84,1
322,35,rf,0.84,0
679,35,rf,0.84,1
321,35,rf,0.82,5
187,35,rf,0.8,0
596,35,rf,0.8,1
470,35,rf,0.78,2
407,35,rf,0.76,13
162,35,rf,0.75,0
682,35,rf,0.75,2
442,35,rf,0.74,0
635,35,rf,0.73,0
8,35,rf,0.67,1
665,35,rf,0.64,0
139,35,rf,0.63,2
101,35,rf,0.61,0
210,35,rf,0.6,0
406,35,rf,0.6,0
673,35,rf,0.6,0
547,35,rf,0.58,0
330,35,rf,0.57,0
376,35,rf,0.57,2
272,35,rf,0.56,0
356,35,rf,0.56,2
77,35,rf,0.55,0
228,35,rf,0.53,0
326,35,rf,0.53,0
128,35,rf,0.52,2
170,35,rf,0.52,2
493,35,rf,0.5,11
124,35,rf,0.49,5
38,35,rf,0.48,0
10,35,rf,0.46,6
676,35,rf,0.45,0
319,35,rf,0.44,2
9,35,rf,0.43,0
23,35,rf,0.43,1
24,35,rf,0.43,0
25,35,rf,0.43,0
662,35,rf,0.43,0
49,35,rf,0.43,0
51,35,rf,0.43,0
201,35,rf,0.43,0
215,35,rf,0.43,4
680,35,rf,0.43,3
98,35,rf,0.43,0
161,35,rf,0.43,1
163,35,rf,0.43,1
165,35,rf,0.43,1
179,35,rf,0.43,0
180,35,rf,0.43,0
284,35,rf,0.43,6
290,35,rf,0.43,5
327,35,rf,0.43,3
328,35,rf,0.43,0
691,35,rf,0.43,1
389,35,rf,0.43,0
390,35,rf,0.43,0
399,35,rf,0.43,0
404,35,rf,0.43,0
405,35,rf,0.43,5
52,35,rf,0.43,0
473,35,rf,0.43,0
426,35,rf,0.43,5
527,35,rf,0.43,0
693,35,rf,0.43,7
545,35,rf,0.43,1
587,35,rf,0.43,0
589,35,rf,0.43,3
615,35,rf,0.43,0
647,35,rf,0.43,0
331,35,rf,0.42,1
276,35,rf,0.41,0
628,35,rf,0.39,1
148,35,rf,0.38,10
116,35,rf,0.33,8
579,35,rf,0.27,0
20,35,rf,0.25,0
81,35,rf,0.25,3
415,35,rf,0.25,0
451,35,rf,0.25,0
581,35,rf,0.25,0
12,35,rf,0.24,0
27,35,rf,0.24,0
32,35,rf,0.24,0
55,35,rf,0.24,0
56,35,rf,0.24,0
57,35,rf,0.24,1
203,35,rf,0.24,0
204,35,rf,0.24,1
206,35,rf,0.24,0
208,35,rf,0.24,0
216,35,rf,0.24,0
71,35,rf,0.24,0
87,35,rf,0.24,0
88,35,rf,0.24,2
89,35,rf,0.24,1
91,35,rf,0.24,0
391,35,rf,0.24,1
125,35,rf,0.24,1
127,35,rf,0.24,1
168,35,rf,0.24,0
171,35,rf,0.24,2
172,35,rf,0.24,0
174,35,rf,0.24,0
181,35,rf,0.24,0
227,35,rf,0.24,2
243,35,rf,0.24,0
244,35,rf,0.24,1
245,35,rf,0.24,1
672,35,rf,0.24,0
259,35,rf,0.24,1
268,35,rf,0.24,0
269,35,rf,0.24,1
271,35,rf,0.24,4
285,35,rf,0.24,7
292,35,rf,0.24,1
312,35,rf,0.24,0
316,35,rf,0.24,0
355,35,rf,0.24,0
357,35,rf,0.24,1
363,35,rf,0.24,0
364,35,rf,0.24,0
375,35,rf,0.24,0
377,35,rf,0.24,1
692,35,rf,0.24,0
400,35,rf,0.24,2
412,35,rf,0.24,0
428,35,rf,0.24,3
429,35,rf,0.24,0
432,35,rf,0.24,5
437,35,rf,0.24,0
438,35,rf,0.24,0
458,35,rf,0.24,2
475,35,rf,0.24,0
492,35,rf,0.24,0
494,35,rf,0.24,0
674,35,rf,0.24,0
684,35,rf,0.24,0
519,35,rf,0.24,2
520,35,rf,0.24,0
546,35,rf,0.24,0
548,35,rf,0.24,0
549,35,rf,0.24,1
550,35,rf,0.24,0
551,35,rf,0.24,0
590,35,rf,0.24,0
592,35,rf,0.24,0
616,35,rf,0.24,0
617,35,rf,0.24,0
619,35,rf,0.24,0
649,35,rf,0.24,0
655,35,rf,0.24,0
656,35,rf,0.24,0
50,35,rf,0.23,1
425,35,rf,0.23,0
2,35,rf,0.12,9
28,35,rf,0.12,2
29,35,rf,0.12,0
39,35,rf,0.12,1
41,35,rf,0.12,0
60,35,rf,0.12,1
61,35,rf,0.12,0
62,35,rf,0.12,0
63,35,rf,0.12,0
65,35,rf,0.12,0
183,35,rf,0.12,0
186,35,rf,0.12,5
212,35,rf,0.12,5
213,35,rf,0.12,0
214,35,rf,0.12,0
218,35,rf,0.12,0
219,35,rf,0.12,0
66,35,rf,0.12,2
92,35,rf,0.12,2
94,35,rf,0.12,1
95,35,rf,0.12,1
96,35,rf,0.12,0
99,35,rf,0.12,0
100,35,rf,0.12,0
687,35,rf,0.12,0
108,35,rf,0.12,0
111,35,rf,0.12,1
112,35,rf,0.12,0
130,35,rf,0.12,6
131,35,rf,0.12,0
132,35,rf,0.12,0
133,35,rf,0.12,3
134,35,rf,0.12,5
137,35,rf,0.12,0
138,35,rf,0.12,0
143,35,rf,0.12,0
144,35,rf,0.12,0
147,35,rf,0.12,0
149,35,rf,0.12,1
150,35,rf,0.12,0
152,35,rf,0.12,0
153,35,rf,0.12,0
175,35,rf,0.12,2
176,35,rf,0.12,0
177,35,rf,0.12,0
221,35,rf,0.12,0
229,35,rf,0.12,0
230,35,rf,0.12,0
231,35,rf,0.12,0
232,35,rf,0.12,0
247,35,rf,0.12,0
248,35,rf,0.12,0
274,35,rf,0.12,1
275,35,rf,0.12,1
277,35,rf,0.12,0
278,35,rf,0.12,0
279,35,rf,0.12,0
280,35,rf,0.12,11
281,35,rf,0.12,5
282,35,rf,0.12,2
286,35,rf,0.12,0
690,35,rf,0.12,7
288,35,rf,0.12,2
294,35,rf,0.12,0
296,35,rf,0.12,0
305,35,rf,0.12,0
306,35,rf,0.12,0
307,35,rf,0.12,2
308,35,rf,0.12,1
309,35,rf,0.12,2
313,35,rf,0.12,6
667,35,rf,0.12,0
320,35,rf,0.12,0
333,35,rf,0.12,2
334,35,rf,0.12,0
336,35,rf,0.12,0
339,35,rf,0.12,0
359,35,rf,0.12,0
360,35,rf,0.12,0
361,35,rf,0.12,0
367,35,rf,0.12,1
393,35,rf,0.12,0
394,35,rf,0.12,8
395,35,rf,0.12,0
396,35,rf,0.12,0
398,35,rf,0.12,0
686,35,rf,0.12,0
439,35,rf,0.12,0
460,35,rf,0.12,0
461,35,rf,0.12,0
462,35,rf,0.12,0
463,35,rf,0.12,0
464,35,rf,0.12,11
467,35,rf,0.12,3
468,35,rf,0.12,3
479,35,rf,0.12,0
480,35,rf,0.12,6
495,35,rf,0.12,0
496,35,rf,0.12,0
498,35,rf,0.12,0
501,35,rf,0.12,0
689,35,rf,0.12,7
509,35,rf,0.12,1
510,35,rf,0.12,2
511,35,rf,0.12,0
512,35,rf,0.12,0
523,35,rf,0.12,1
524,35,rf,0.12,0
528,35,rf,0.12,0
554,35,rf,0.12,0
555,35,rf,0.12,0
556,35,rf,0.12,0
557,35,rf,0.12,0
558,35,rf,0.12,0
559,35,rf,0.12,0
562,35,rf,0.12,1
563,35,rf,0.12,0
564,35,rf,0.12,0
570,35,rf,0.12,2
571,35,rf,0.12,0
572,35,rf,0.12,0
574,35,rf,0.12,1
594,35,rf,0.12,2
595,35,rf,0.12,2
598,35,rf,0.12,0
599,35,rf,0.12,0
600,35,rf,0.12,0
604,35,rf,0.12,0
606,35,rf,0.12,0
608,35,rf,0.12,0
620,35,rf,0.12,0
622,35,rf,0.12,0
623,35,rf,0.12,0
626,35,rf,0.12,0
659,35,rf,0.12,0
627,35,rf,0.12,0
634,35,rf,0.12,0
636,35,rf,0.12,0
650,35,rf,0.12,0
651,35,rf,0.12,0
652,35,rf,0.12,0
653,35,rf,0.12,0
657,35,rf,0.12,0
658,35,rf,0.12,0
695,35,rf,0.12,0
3,35,rf,0.02,3
4,35,rf,0.02,0
13,35,rf,0.02,3
14,35,rf,0.02,0
15,35,rf,0.02,10
34,35,rf,0.02,1
35,35,rf,0.02,0
42,35,rf,0.02,2
43,35,rf,0.02,0
44,35,rf,0.02,2
45,35,rf,0.02,1
46,35,rf,0.02,1
688,35,rf,0.02,1
184,35,rf,0.02,0
185,35,rf,0.02,13
188,35,rf,0.02,1
189,35,rf,0.02,0
193,35,rf,0.02,0
194,35,rf,0.02,2
195,35,rf,0.02,1
196,35,rf,0.02,0
198,35,rf,0.02,0
199,35,rf,0.02,2
68,35,rf,0.02,0
69,35,rf,0.02,5
70,35,rf,0.02,2
75,35,rf,0.02,1
76,35,rf,0.02,0
78,35,rf,0.02,0
79,35,rf,0.02,0
80,35,rf,0.02,2
102,35,rf,0.02,-2
103,35,rf,0.02,1
104,35,rf,0.02,2
105,35,rf,0.02,0
114,35,rf,0.02,0
115,35,rf,0.02,0
117,35,rf,0.02,0
118,35,rf,0.02,0
140,35,rf,0.02,0
141,35,rf,0.02,2
142,35,rf,0.02,0
154,35,rf,0.02,0
155,35,rf,0.02,0
156,35,rf,0.02,1
222,35,rf,0.02,1
223,35,rf,0.02,0
234,35,rf,0.02,0
254,35,rf,0.02,0
255,35,rf,0.02,0
262,35,rf,0.02,0
263,35,rf,0.02,0
264,35,rf,0.02,11
265,35,rf,0.02,1
289,35,rf,0.02,0
297,35,rf,0.02,2
298,35,rf,0.02,0
630,35,rf,0.02,0
315,35,rf,0.02,1
323,35,rf,0.02,0
664,35,rf,0.02,0
340,35,rf,0.02,1
341,35,rf,0.02,1
344,35,rf,0.02,0
345,35,rf,0.02,1
346,35,rf,0.02,0
349,35,rf,0.02,0
368,35,rf,0.02,1
369,35,rf,0.02,1
378,35,rf,0.02,0
379,35,rf,0.02,0
380,35,rf,0.02,0
401,35,rf,0.02,0
433,35,rf,0.02,3
434,35,rf,0.02,0
435,35,rf,0.02,0
445,35,rf,0.02,6
446,35,rf,0.02,1
447,35,rf,0.02,0
448,35,rf,0.02,0
471,35,rf,0.02,1
472,35,rf,0.02,8
481,35,rf,0.02,1
482,35,rf,0.02,5
483,35,rf,0.02,0
484,35,rf,0.02,7
503,35,rf,0.02,1
504,35,rf,0.02,1
513,35,rf,0.02,5
514,35,rf,0.02,2
675,35,rf,0.02,0
529,35,rf,0.02,0
530,35,rf,0.02,0
533,35,rf,0.02,0
534,35,rf,0.02,21
535,35,rf,0.02,0
536,35,rf,0.02,2
537,35,rf,0.02,0
538,35,rf,0.02,2
539,35,rf,0.02,0
540,35,rf,0.02,0
678,35,rf,0.02,0
694,35,rf,0.02,2
566,35,rf,0.02,0
567,35,rf,0.02,0
576,35,rf,0.02,0
577,35,rf,0.02,3
578,35,rf,0.02,2
601,35,rf,0.02,0
602,35,rf,0.02,0
611,35,rf,0.02,1
629,35,rf,0.02,0
639,35,rf,0.02,0
640,35,rf,0.02,0
641,35,rf,0.02,0
211,35,rf,0.0,5
252,35,rf,0.0,0
383,35,rf,-0.04,0
414,35,rf,-0.04,0
135,35,rf,-0.05,4
666,36,rf,3.27,0
381,36,rf,3.19,0
449,36,rf,3.13,0
16,36,rf,3.04,1
235,36,rf,3.01,1
64,36,rf,2.96,1
430,36,rf,2.67,0
625,36,rf,2.62,1
423,36,rf,2.58,0
642,36,rf,2.58,0
455,36,rf,2.57,3
614,36,rf,2.57,3
516,36,rf,2.56,0
459,36,rf,2.54,0
402,36,rf,2.51,0
136,36,rf,2.5,4
612,36,rf,2.5,1
224,36,rf,2.48,1
324,36,rf,2.34,0
86,36,rf,2.33,3
660,36,rf,2.33,0
416,36,rf,2.3,0
487,36,rf,2.3,0
582,36,rf,2.3,0
332,36,rf,2.29,8
205,36,rf,2.28,1
158,36,rf,2.28,0
371,36,rf,2.27,2
371,36,rf,2.27,2
237,36,rf,2.26,1
499,36,rf,2.26,0
488,36,rf,2.25,0
169,36,rf,2.24,16
372,36,rf,2.24,0
372,36,rf,2.24,0
160,36,rf,2.23,1
167,36,rf,2.23,6
253,36,rf,2.23,0
299,36,rf,2.23,6
392,36,rf,2.23,0
553,36,rf,2.23,0
5,36,rf,2.22,0
6,36,rf,2.22,0
370,36,rf,2.22,0
370,36,rf,2.22,0
593,36,rf,2.22,2
387,36,rf,2.21,2
668,36,rf,2.21,0
217,36,rf,2.2,6
358,36,rf,2.2,1
358,36,rf,2.2,8
436,36,rf,2.2,0
507,36,rf,2.2,1
508,36,rf,2.2,0
267,36,rf,2.19,0
373,36,rf,2.19,5
373,36,rf,2.19,2
129,36,rf,2.18,0
239,36,rf,2.18,-2
273,36,rf,2.18,0
477,36,rf,2.18,0
209,36,rf,2.17,6
126,36,rf,2.17,0
126,36,rf,2.17,0
410,36,rf,2.17,1
478,36,rf,2.17,0
613,36,rf,2.17,0
242,36,rf,2.16,0
669,36,rf,2.15,1
386,36,rf,2.14,0
490,36,rf,2.14,0
452,36,rf,2.12,0
543,36,rf,2.09,0
543,36,rf,2.09,0
225,36,rf,2.0,5
568,36,rf,2.0,0
663,36,rf,2.0,0
164,36,rf,1.99,1
427,36,rf,1.96,7
11,36,rf,1.95,1
388,36,rf,1.94,1
54,36,rf,1.93,0
302,36,rf,1.93,0
588,36,rf,1.93,0
648,36,rf,1.93,0
200,36,rf,1.92,3
351,36,rf,1.91,0
351,36,rf,1.91,0
350,36,rf,1.9,0
350,36,rf,1.9,0
457,36,rf,1.9,0
517,36,rf,1.89,0
491,36,rf,1.88,1
561,36,rf,1.88,0
424,36,rf,1.87,0
644,36,rf,1.87,0
646,36,rf,1.87,0
48,36,rf,1.86,0
353,36,rf,1.86,0
353,36,rf,1.86,0
671,36,rf,1.86,0
362,36,rf,1.85,0
362,36,rf,1.85,0
382,36,rf,1.85,0
343,36,rf,1.84,0
347,36,rf,1.84,0
84,36,rf,1.83,0
417,36,rf,1.82,0
526,36,rf,1.82,11
74,36,rf,1.8,0
93,36,rf,1.8,1
18,36,rf,1.78,0
21,36,rf,1.78,2
72,36,rf,1.78,0
605,36,rf,1.78,0
83,36,rf,1.77,1
109,36,rf,1.77,0
109,36,rf,1.77,0
110,36,rf,1.77,1
121,36,rf,1.77,0
121,36,rf,1.77,0
159,36,rf,1.77,6
238,36,rf,1.77,0
240,36,rf,1.77,0
300,36,rf,1.77,19
385,36,rf,1.77,0
403,36,rf,1.77,0
422,36,rf,1.77,0
454,36,rf,1.77,2
456,36,rf,1.77,1
466,36,rf,1.77,0
696,36,rf,1.77,0
610,36,rf,1.77,6
236,36,rf,1.76,0
335,36,rf,1.76,0
310,36,rf,1.75,0
597,36,rf,1.75,0
145,36,rf,1.74,1
250,36,rf,1.74,0
325,36,rf,1.74,1
661,36,rf,1.74,2
532,36,rf,1.74,0
573,36,rf,1.74,0
419,36,rf,1.73,0
486,36,rf,1.73,1
603,36,rf,1.73,0
73,36,rf,1.72,1
440,36,rf,1.72,0
683,36,rf,1.72,0
683,36,rf,1.72,0
638,36,rf,1.72,0
654,36,rf,1.72,0
22,36,rf,1.71,0
418,36,rf,1.71,0
443,36,rf,1.71,0
489,36,rf,1.71,2
637,36,rf,1.7,0
47,36,rf,1.69,8
192,36,rf,1.69,0
329,36,rf,1.69,6
681,36,rf,1.69,0
580,36,rf,1.69,3
633,36,rf,1.69,0
337,36,rf,1.68,7
260,36,rf,1.67,0
621,36,rf,1.67,0
197,36,rf,1.66,1
157,36,rf,1.65,0
497,36,rf,1.64,0
515,36,rf,1.62,0
19,36,rf,1.61,1
384,36,rf,1.61,0
17,36,rf,1.59,0
119,36,rf,1.56,0
119,36,rf,1.56,0
37,36,rf,1.53,1
450,36,rf,1.49,0
632,36,rf,1.49,0
178,36,rf,1.43,0
123,36,rf,1.42,10
123,36,rf,1.42,3
241,36,rf,1.41,0
26,36,rf,1.4,0
226,36,rf,1.39,0
408,36,rf,1.38,1
485,36,rf,1.38,0
643,36,rf,1.38,0
409,36,rf,1.36,1
59,36,rf,1.35,0
303,36,rf,1.35,6
311,36,rf,1.35,1
505,36,rf,1.35,2
85,36,rf,1.34,6
97,36,rf,1.34,0
474,36,rf,1.34,0
476,36,rf,1.34,1
291,36,rf,1.33,16
569,36,rf,1.33,5
173,36,rf,1.32,0
374,36,rf,1.32,1
374,36,rf,1.32,7
249,36,rf,1.31,1
256,36,rf,1.31,0
270,36,rf,1.3,0
354,36,rf,1.3,0
506,36,rf,1.3,0
301,36,rf,1.29,0
304,36,rf,1.29,15
365,36,rf,1.29,0
365,36,rf,1.29,0
544,36,rf,1.29,0
544,36,rf,1.29,-1
584,36,rf,1.29,0
7,36,rf,1.28,2
560,36,rf,1.28,0
518,36,rf,1.26,0
586,36,rf,1.26,17
586,36,rf,1.26,0
257,36,rf,1.25,0
552,36,rf,1.25,1
552,36,rf,1.25,1
645,36,rf,1.24,0
120,36,rf,1.23,3
120,36,rf,1.23,2
166,36,rf,1.23,1
58,36,rf,1.22,0
202,36,rf,1.22,0
258,36,rf,1.22,1
366,36,rf,1.21,1
366,36,rf,1.21,1
53,36,rf,1.2,1
591,36,rf,1.2,0
107,36,rf,1.19,0
107,36,rf,1.19,0
293,36,rf,1.19,3
287,36,rf,1.18,0
1,36,rf,1.17,0
122,36,rf,1.17,0
122,36,rf,1.17,0
585,36,rf,1.17,0
31,36,rf,1.16,2
677,36,rf,1.16,0
677,36,rf,1.16,0
106,36,rf,1.16,6
106,36,rf,1.16,0
251,36,rf,1.16,0
397,36,rf,1.16,12
420,36,rf,1.16,0
421,36,rf,1.16,0
453,36,rf,1.16,0
465,36,rf,1.16,1
500,36,rf,1.16,0
583,36,rf,1.16,1
531,36,rf,1.15,0
352,36,rf,1.14,0
352,36,rf,1.14,0
444,36,rf,1.14,1
338,36,rf,1.12,0
411,36,rf,1.11,0
609,36,rf,1.11,6
146,36,rf,1.1,0
522,36,rf,1.1,0
36,36,rf,1.08,0
151,36,rf,1.08,0
182,36,rf,1.08,1
413,36,rf,1.08,1
431,36,rf,1.08,0
113,36,rf,1.07,0
113,36,rf,1.07,0
314,36,rf,1.07,6
469,36,rf,1.07,1
295,36,rf,1.06,0
317,36,rf,1.06,0
565,36,rf,1.06,0
233,36,rf,1.05,2
220,36,rf,1.04,3
502,36,rf,1.04,0
82,36,rf,1.03,0
191,36,rf,1.02,1
441,36,rf,1.01,1
521,36,rf,1.01,0
575,36,rf,1.0,1
624,36,rf,0.99,0
207,36,rf,0.98,0
283,36,rf,0.98,12
266,36,rf,0.97,0
618,36,rf,0.97,9
90,36,rf,0.96,1
525,36,rf,0.96,0
246,36,rf,0.95,1
542,36,rf,0.92,0
542,36,rf,0.92,0
685,36,rf,0.9,0
40,36,rf,0.88,4
607,36,rf,0.88,0
261,36,rf,0.87,2
342,36,rf,0.87,0
348,36,rf,0.87,0
30,36,rf,0.86,2
190,36,rf,0.86,0
541,36,rf,0.86,0
318,36,rf,0.85,7
670,36,rf,0.85,0
631,36,rf,0.85,0
33,36,rf,0.84,0
67,36,rf,0.84,1
322,36,rf,0.84,0
679,36,rf,0.84,1
679,36,rf,0.84,1
321,36,rf,0.82,1
187,36,rf,0.8,0
596,36,rf,0.8,2
596,36,rf,0.8,1
470,36,rf,0.78,8
407,36,rf,0.76,2
162,36,rf,0.75,0
682,36,rf,0.75,2
442,36,rf,0.74,0
635,36,rf,0.73,0
8,36,rf,0.67,1
665,36,rf,0.64,0
139,36,rf,0.63,0
101,36,rf,0.61,0
101,36,rf,0.61,0
210,36,rf,0.6,5
406,36,rf,0.6,1
673,36,rf,0.6,0
547,36,rf,0.58,0
330,36,rf,0.57,1
376,36,rf,0.57,8
376,36,rf,0.57,2
272,36,rf,0.56,0
356,36,rf,0.56,12
356,36,rf,0.56,12
77,36,rf,0.55,0
228,36,rf,0.53,0
326,36,rf,0.53,0
128,36,rf,0.52,0
170,36,rf,0.52,8
493,36,rf,0.5,2
124,36,rf,0.49,3
124,36,rf,0.49,2
38,36,rf,0.48,0
10,36,rf,0.46,1
676,36,rf,0.45,0
319,36,rf,0.44,2
9,36,rf,0.43,0
23,36,rf,0.43,1
24,36,rf,0.43,0
25,36,rf,0.43,0
662,36,rf,0.43,0
49,36,rf,0.43,0
51,36,rf,0.43,0
201,36,rf,0.43,0
215,36,rf,0.43,6
680,36,rf,0.43,3
98,36,rf,0.43,0
161,36,rf,0.43,0
163,36,rf,0.43,3
165,36,rf,0.43,6
179,36,rf,0.43,0
180,36,rf,0.43,0
284,36,rf,0.43,6
290,36,rf,0.43,5
327,36,rf,0.43,6
328,36,rf,0.43,0
691,36,rf,0.43,1
389,36,rf,0.43,0
390,36,rf,0.43,0
399,36,rf,0.43,0
404,36,rf,0.43,0
405,36,rf,0.43,2
52,36,rf,0.43,0
473,36,rf,0.43,0
426,36,rf,0.43,1
527,36,rf,0.43,0
693,36,rf,0.43,2
545,36,rf,0.43,1
587,36,rf,0.43,1
589,36,rf,0.43,2
615,36,rf,0.43,0
647,36,rf,0.43,0
331,36,rf,0.42,1
276,36,rf,0.41,0
628,36,rf,0.39,1
148,36,rf,0.38,1
116,36,rf,0.33,3
116,36,rf,0.33,0
579,36,rf,0.27,0
20,36,rf,0.25,0
81,36,rf,0.25,7
415,36,rf,0.25,0
451,36,rf,0.25,0
581,36,rf,0.25,0
12,36,rf,0.24,1
27,36,rf,0.24,0
32,36,rf,0.24,0
55,36,rf,0.24,0
56,36,rf,0.24,0
57,36,rf,0.24,1
203,36,rf,0.24,0
204,36,rf,0.24,1
206,36,rf,0.24,0
208,36,rf,0.24,0
216,36,rf,0.24,0
71,36,rf,0.24,1
87,36,rf,0.24,1
88,36,rf,0.24,6
89,36,rf,0.24,8
91,36,rf,0.24,0
391,36,rf,0.24,0
125,36,rf,0.24,6
125,36,rf,0.24,1
127,36,rf,0.24,0
168,36,rf,0.24,0
171,36,rf,0.24,6
172,36,rf,0.24,0
174,36,rf,0.24,0
181,36,rf,0.24,0
227,36,rf,0.24,2
243,36,rf,0.24,0
244,36,rf,0.24,7
245,36,rf,0.24,0
672,36,rf,0.24,0
259,36,rf,0.24,2
268,36,rf,0.24,0
269,36,rf,0.24,2
271,36,rf,0.24,1
285,36,rf,0.24,13
292,36,rf,0.24,0
312,36,rf,0.24,6
316,36,rf,0.24,0
355,36,rf,0.24,0
355,36,rf,0.24,0
357,36,rf,0.24,1
357,36,rf,0.24,10
363,36,rf,0.24,0
363,36,rf,0.24,1
364,36,rf,0.24,0
364,36,rf,0.24,0
375,36,rf,0.24,0
375,36,rf,0.24,0
377,36,rf,0.24,1
377,36,rf,0.24,2
692,36,rf,0.24,0
400,36,rf,0.24,2
412,36,rf,0.24,0
428,36,rf,0.24,2
429,36,rf,0.24,0
432,36,rf,0.24,1
437,36,rf,0.24,0
438,36,rf,0.24,0
458,36,rf,0.24,0
475,36,rf,0.24,1
492,36,rf,0.24,0
494,36,rf,0.24,0
674,36,rf,0.24,0
684,36,rf,0.24,0
519,36,rf,0.24,3
520,36,rf,0.24,0
546,36,rf,0.24,0
548,36,rf,0.24,1
549,36,rf,0.24,0
550,36,rf,0.24,0
551,36,rf,0.24,0
590,36,rf,0.24,0
592,36,rf,0.24,0
616,36,rf,0.24,0
617,36,rf,0.24,0
619,36,rf,0.24,0
649,36,rf,0.24,0
655,36,rf,0.24,0
656,36,rf,0.24,0
50,36,rf,0.23,0
425,36,rf,0.23,0
2,36,rf,0.12,8
28,36,rf,0.12,2
29,36,rf,0.12,0
39,36,rf,0.12,2
41,36,rf,0.12,0
60,36,rf,0.12,0
61,36,rf,0.12,0
62,36,rf,0.12,1
63,36,rf,0.12,0
65,36,rf,0.12,0
183,36,rf,0.12,0
186,36,rf,0.12,2
212,36,rf,0.12,6
213,36,rf,0.12,0
214,36,rf,0.12,0
218,36,rf,0.12,0
219,36,rf,0.12,0
66,36,rf,0.12,2
92,36,rf,0.12,7
94,36,rf,0.12,1
95,36,rf,0.12,9
96,36,rf,0.12,0
99,36,rf,0.12,0
100,36,rf,0.12,0
687,36,rf,0.12,0
108,36,rf,0.12,0
108,36,rf,0.12,0
111,36,rf,0.12,2
112,36,rf,0.12,0
130,36,rf,0.12,1
131,36,rf,0.12,0
132,36,rf,0.12,1
133,36,rf,0.12,0
134,36,rf,0.12,0
137,36,rf,0.12,0
138,36,rf,0.12,0
143,36,rf,0.12,0
144,36,rf,0.12,0
147,36,rf,0.12,1
149,36,rf,0.12,1
149,36,rf,0.12,4
150,36,rf,0.12,0
152,36,rf,0.12,0
153,36,rf,0.12,0
175,36,rf,0.12,6
176,36,rf,0.12,0
177,36,rf,0.12,0
221,36,rf,0.12,0
229,36,rf,0.12,0
230,36,rf,0.12,1
231,36,rf,0.12,0
232,36,rf,0.12,0
247,36,rf,0.12,0
248,36,rf,0.12,0
274,36,rf,0.12,1
275,36,rf,0.12,3
277,36,rf,0.12,0
278,36,rf,0.12,0
279,36,rf,0.12,0
280,36,rf,0.12,6
281,36,rf,0.12,9
282,36,rf,0.12,3
286,36,rf,0.12,0
690,36,rf,0.12,1
288,36,rf,0.12,1
294,36,rf,0.12,1
296,36,rf,0.12,1
305,36,rf,0.12,1
306,36,rf,0.12,0
307,36,rf,0.12,8
308,36,rf,0.12,0
309,36,rf,0.12,7
313,36,rf,0.12,0
667,36,rf,0.12,0
320,36,rf,0.12,0
333,36,rf,0.12,6
334,36,rf,0.12,0
336,36,rf,0.12,0
339,36,rf,0.12,0
359,36,rf,0.12,0
359,36,rf,0.12,0
360,36,rf,0.12,0
360,36,rf,0.12,0
361,36,rf,0.12,0
361,36,rf,0.12,0
367,36,rf,0.12,0
367,36,rf,0.12,1
393,36,rf,0.12,0
394,36,rf,0.12,1
395,36,rf,0.12,0
396,36,rf,0.12,0
398,36,rf,0.12,0
686,36,rf,0.12,0
439,36,rf,0.12,0
460,36,rf,0.12,2
461,36,rf,0.12,0
462,36,rf,0.12,0
463,36,rf,0.12,0
464,36,rf,0.12,1
467,36,rf,0.12,1
468,36,rf,0.12,1
479,36,rf,0.12,0
480,36,rf,0.12,2
495,36,rf,0.12,0
496,36,rf,0.12,0
498,36,rf,0.12,0
501,36,rf,0.12,0
689,36,rf,0.12,1
509,36,rf,0.12,2
510,36,rf,0.12,5
511,36,rf,0.12,0
512,36,rf,0.12,0
523,36,rf,0.12,1
524,36,rf,0.12,0
528,36,rf,0.12,1
554,36,rf,0.12,0
555,36,rf,0.12,0
555,36,rf,0.12,0
556,36,rf,0.12,0
557,36,rf,0.12,0
558,36,rf,0.12,1
559,36,rf,0.12,7
559,36,rf,0.12,0
562,36,rf,0.12,1
563,36,rf,0.12,0
564,36,rf,0.12,0
570,36,rf,0.12,1
571,36,rf,0.12,0
572,36,rf,0.12,0
574,36,rf,0.12,2
594,36,rf,0.12,5
594,36,rf,0.12,2
595,36,rf,0.12,0
598,36,rf,0.12,0
599,36,rf,0.12,0
600,36,rf,0.12,0
604,36,rf,0.12,0
606,36,rf,0.12,0
608,36,rf,0.12,0
620,36,rf,0.12,0
622,36,rf,0.12,0
623,36,rf,0.12,0
626,36,rf,0.12,0
626,36,rf,0.12,0
659,36,rf,0.12,0
627,36,rf,0.12,0
634,36,rf,0.12,0
636,36,rf,0.12,0
650,36,rf,0.12,0
651,36,rf,0.12,0
651,36,rf,0.12,0
652,36,rf,0.12,0
652,36,rf,0.12,0
653,36,rf,0.12,0
657,36,rf,0.12,0
658,36,rf,0.12,0
695,36,rf,0.12,0
3,36,rf,0.02,1
4,36,rf,0.02,0
13,36,rf,0.02,2
14,36,rf,0.02,0
15,36,rf,0.02,2
34,36,rf,0.02,0
35,36,rf,0.02,0
42,36,rf,0.02,3
43,36,rf,0.02,1
44,36,rf,0.02,2
45,36,rf,0.02,6
46,36,rf,0.02,10
688,36,rf,0.02,3
184,36,rf,0.02,0
185,36,rf,0.02,2
188,36,rf,0.02,1
189,36,rf,0.02,1
193,36,rf,0.02,0
194,36,rf,0.02,0
195,36,rf,0.02,1
195,36,rf,0.02,1
196,36,rf,0.02,0
198,36,rf,0.02,0
199,36,rf,0.02,1
68,36,rf,0.02,0
69,36,rf,0.02,1
70,36,rf,0.02,1
75,36,rf,0.02,1
76,36,rf,0.02,0
78,36,rf,0.02,0
79,36,rf,0.02,0
80,36,rf,0.02,0
102,36,rf,0.02,6
102,36,rf,0.02,1
103,36,rf,0.02,1
103,36,rf,0.02,1
104,36,rf,0.02,5
104,36,rf,0.02,1
105,36,rf,0.02,0
114,36,rf,0.02,0
114,36,rf,0.02,0
115,36,rf,0.02,0
115,36,rf,0.02,0
117,36,rf,0.02,0
117,36,rf,0.02,0
118,36,rf,0.02,0
118,36,rf,0.02,0
140,36,rf,0.02,0
141,36,rf,0.02,2
142,36,rf,0.02,0
154,36,rf,0.02,1
155,36,rf,0.02,0
156,36,rf,0.02,7
222,36,rf,0.02,9
223,36,rf,0.02,0
234,36,rf,0.02,0
254,36,rf,0.02,0
255,36,rf,0.02,2
262,36,rf,0.02,0
263,36,rf,0.02,0
264,36,rf,0.02,2
265,36,rf,0.02,2
289,36,rf,0.02,0
297,36,rf,0.02,0
298,36,rf,0.02,0
630,36,rf,0.02,0
315,36,rf,0.02,3
323,36,rf,0.02,0
664,36,rf,0.02,0
340,36,rf,0.02,3
341,36,rf,0.02,6
344,36,rf,0.02,0
345,36,rf,0.02,8
346,36,rf,0.02,0
349,36,rf,0.02,0
368,36,rf,0.02,1
368,36,rf,0.02,1
369,36,rf,0.02,2
369,36,rf,0.02,5
378,36,rf,0.02,0
379,36,rf,0.02,0
380,36,rf,0.02,0
401,36,rf,0.02,1
433,36,rf,0.02,2
434,36,rf,0.02,0
435,36,rf,0.02,0
445,36,rf,0.02,1
446,36,rf,0.02,1
447,36,rf,0.02,0
448,36,rf,0.02,1
471,36,rf,0.02,1
472,36,rf,0.02,1
481,36,rf,0.02,1
482,36,rf,0.02,1
483,36,rf,0.02,1
484,36,rf,0.02,1
503,36,rf,0.02,0
504,36,rf,0.02,0
513,36,rf,0.02,1
514,36,rf,0.02,3
675,36,rf,0.02,0
529,36,rf,0.02,0
530,36,rf,0.02,0
533,36,rf,0.02,0
534,36,rf,0.02,2
535,36,rf,0.02,0
536,36,rf,0.02,5
537,36,rf,0.02,0
538,36,rf,0.02,1
539,36,rf,0.02,0
540,36,rf,0.02,0
678,36,rf,0.02,0
694,36,rf,0.02,2
566,36,rf,0.02,0
567,36,rf,0.02,0
576,36,rf,0.02,0
577,36,rf,0.02,1
578,36,rf,0.02,1
601,36,rf,0.02,0
602,36,rf,0.02,3
611,36,rf,0.02,1
629,36,rf,0.02,0
639,36,rf,0.02,0
640,36,rf,0.02,0
640,36,rf,0.02,0
641,36,rf,0.02,0
211,36,rf,0.0,6
252,36,rf,0.0,0
383,36,rf,-0.04,0
414,36,rf,-0.04,0
135,36,rf,-0.05,1
666,37,rf,3.27,0
381,37,rf,3.19,0
449,37,rf,3.13,0
16,37,rf,3.04,1
235,37,rf,3.01,1
64,37,rf,2.96,2
430,37,rf,2.67,0
625,37,rf,2.62,1
423,37,rf,2.58,0
642,37,rf,2.58,0
455,37,rf,2.57,2
614,37,rf,2.57,6
516,37,rf,2.56,2
459,37,rf,2.54,1
402,37,rf,2.51,0
136,37,rf,2.5,2
136,37,rf,2.5,1
612,37,rf,2.5,6
224,37,rf,2.48,2
324,37,rf,2.34,11
324,37,rf,2.34,5
86,37,rf,2.33,2
660,37,rf,2.33,0
660,37,rf,2.33,0
416,37,rf,2.3,0
487,37,rf,2.3,0
582,37,rf,2.3,0
332,37,rf,2.29,9
332,37,rf,2.29,1
205,37,rf,2.28,1
158,37,rf,2.28,0
371,37,rf,2.27,0
237,37,rf,2.26,1
499,37,rf,2.26,0
488,37,rf,2.25,0
169,37,rf,2.24,5
372,37,rf,2.24,0
160,37,rf,2.23,0
167,37,rf,2.23,1
253,37,rf,2.23,0
299,37,rf,2.23,6
299,37,rf,2.23,2
392,37,rf,2.23,0
553,37,rf,2.23,0
5,37,rf,2.22,0
6,37,rf,2.22,2
370,37,rf,2.22,3
593,37,rf,2.22,9
593,37,rf,2.22,7
387,37,rf,2.21,3
668,37,rf,2.21,0
217,37,rf,2.2,0
358,37,rf,2.2,8
436,37,rf,2.2,0
507,37,rf,2.2,5
508,37,rf,2.2,0
267,37,rf,2.19,0
373,37,rf,2.19,0
129,37,rf,2.18,0
129,37,rf,2.18,0
239,37,rf,2.18,0
273,37,rf,2.18,0
477,37,rf,2.18,0
209,37,rf,2.17,0
126,37,rf,2.17,0
126,37,rf,2.17,0
410,37,rf,2.17,0
478,37,rf,2.17,0
613,37,rf,2.17,0
242,37,rf,2.16,0
669,37,rf,2.15,1
386,37,rf,2.14,0
490,37,rf,2.14,0
452,37,rf,2.12,0
543,37,rf,2.09,0
543,37,rf,2.09,0
225,37,rf,2.0,6
568,37,rf,2.0,0
663,37,rf,2.0,0
164,37,rf,1.99,0
427,37,rf,1.96,7
11,37,rf,1.95,1
388,37,rf,1.94,6
54,37,rf,1.93,0
302,37,rf,1.93,1
302,37,rf,1.93,2
588,37,rf,1.93,1
648,37,rf,1.93,0
200,37,rf,1.92,2
351,37,rf,1.91,0
350,37,rf,1.9,0
457,37,rf,1.9,0
517,37,rf,1.89,0
491,37,rf,1.88,5
561,37,rf,1.88,0
424,37,rf,1.87,0
644,37,rf,1.87,0
646,37,rf,1.87,0
48,37,rf,1.86,1
48,37,rf,1.86,2
353,37,rf,1.86,0
671,37,rf,1.86,0
362,37,rf,1.85,0
382,37,rf,1.85,0
343,37,rf,1.84,0
343,37,rf,1.84,0
347,37,rf,1.84,0
347,37,rf,1.84,0
84,37,rf,1.83,0
417,37,rf,1.82,0
526,37,rf,1.82,2
74,37,rf,1.8,0
93,37,rf,1.8,1
18,37,rf,1.78,0
21,37,rf,1.78,0
72,37,rf,1.78,0
605,37,rf,1.78,0
83,37,rf,1.77,1
109,37,rf,1.77,1
109,37,rf,1.77,0
110,37,rf,1.77,1
121,37,rf,1.77,0
121,37,rf,1.77,0
159,37,rf,1.77,2
238,37,rf,1.77,0
240,37,rf,1.77,0
300,37,rf,1.77,0
300,37,rf,1.77,2
385,37,rf,1.77,0
403,37,rf,1.77,0
422,37,rf,1.77,0
454,37,rf,1.77,1
456,37,rf,1.77,2
466,37,rf,1.77,0
696,37,rf,1.77,0
610,37,rf,1.77,1
610,37,rf,1.77,0
236,37,rf,1.76,0
335,37,rf,1.76,0
335,37,rf,1.76,7
310,37,rf,1.75,0
310,37,rf,1.75,0
597,37,rf,1.75,0
145,37,rf,1.74,1
145,37,rf,1.74,2
250,37,rf,1.74,0
325,37,rf,1.74,3
325,37,rf,1.74,1
661,37,rf,1.74,2
661,37,rf,1.74,5
532,37,rf,1.74,0
573,37,rf,1.74,6
573,37,rf,1.74,2
419,37,rf,1.73,1
486,37,rf,1.73,0
603,37,rf,1.73,4
73,37,rf,1.72,2
440,37,rf,1.72,0
683,37,rf,1.72,0
638,37,rf,1.72,0
654,37,rf,1.72,0
22,37,rf,1.71,0
418,37,rf,1.71,0
443,37,rf,1.71,0
489,37,rf,1.71,2
637,37,rf,1.7,0
47,37,rf,1.69,8
192,37,rf,1.69,1
329,37,rf,1.69,6
329,37,rf,1.69,2
681,37,rf,1.69,0
580,37,rf,1.69,1
633,37,rf,1.69,0
337,37,rf,1.68,6
337,37,rf,1.68,2
260,37,rf,1.67,0
621,37,rf,1.67,0
197,37,rf,1.66,1
157,37,rf,1.65,0
497,37,rf,1.64,0
515,37,rf,1.62,0
19,37,rf,1.61,0
384,37,rf,1.61,0
17,37,rf,1.59,0
119,37,rf,1.56,0
119,37,rf,1.56,0
37,37,rf,1.53,2
450,37,rf,1.49,0
632,37,rf,1.49,0
178,37,rf,1.43,0
123,37,rf,1.42,1
123,37,rf,1.42,1
241,37,rf,1.41,0
26,37,rf,1.4,0
226,37,rf,1.39,0
408,37,rf,1.38,0
485,37,rf,1.38,0
643,37,rf,1.38,0
643,37,rf,1.38,0
409,37,rf,1.36,1
59,37,rf,1.35,0
303,37,rf,1.35,3
303,37,rf,1.35,2
311,37,rf,1.35,0
311,37,rf,1.35,1
505,37,rf,1.35,0
85,37,rf,1.34,1
97,37,rf,1.34,0
474,37,rf,1.34,1
476,37,rf,1.34,0
291,37,rf,1.33,2
569,37,rf,1.33,1
569,37,rf,1.33,1
173,37,rf,1.32,0
374,37,rf,1.32,2
249,37,rf,1.31,6
256,37,rf,1.31,0
270,37,rf,1.3,6
354,37,rf,1.3,0
506,37,rf,1.3,0
301,37,rf,1.29,1
301,37,rf,1.29,1
304,37,rf,1.29,2
304,37,rf,1.29,0
365,37,rf,1.29,1
544,37,rf,1.29,1
544,37,rf,1.29,1
584,37,rf,1.29,0
7,37,rf,1.28,2
560,37,rf,1.28,0
518,37,rf,1.26,1
586,37,rf,1.26,2
586,37,rf,1.26,2
257,37,rf,1.25,0
552,37,rf,1.25,3
645,37,rf,1.24,0
120,37,rf,1.23,2
120,37,rf,1.23,2
166,37,rf,1.23,8
58,37,rf,1.22,0
202,37,rf,1.22,0
258,37,rf,1.22,6
366,37,rf,1.21,6
53,37,rf,1.2,2
591,37,rf,1.2,0
107,37,rf,1.19,0
107,37,rf,1.19,0
293,37,rf,1.19,2
287,37,rf,1.18,0
1,37,rf,1.17,0
122,37,rf,1.17,0
122,37,rf,1.17,0
585,37,rf,1.17,0
31,37,rf,1.16,2
677,37,rf,1.16,0
677,37,rf,1.16,0
106,37,rf,1.16,2
106,37,rf,1.16,0
251,37,rf,1.16,0
397,37,rf,1.16,6
420,37,rf,1.16,0
421,37,rf,1.16,0
453,37,rf,1.16,0
465,37,rf,1.16,13
500,37,rf,1.16,0
583,37,rf,1.16,1
531,37,rf,1.15,0
352,37,rf,1.14,0
444,37,rf,1.14,1
338,37,rf,1.12,1
338,37,rf,1.12,1
411,37,rf,1.11,0
609,37,rf,1.11,3
609,37,rf,1.11,1
146,37,rf,1.1,0
146,37,rf,1.1,0
522,37,rf,1.1,0
36,37,rf,1.08,0
151,37,rf,1.08,0
151,37,rf,1.08,0
182,37,rf,1.08,3
413,37,rf,1.08,1
431,37,rf,1.08,1
113,37,rf,1.07,0
113,37,rf,1.07,0
314,37,rf,1.07,3
314,37,rf,1.07,9
469,37,rf,1.07,2
295,37,rf,1.06,0
317,37,rf,1.06,0
317,37,rf,1.06,0
565,37,rf,1.06,0
233,37,rf,1.05,2
220,37,rf,1.04,1
502,37,rf,1.04,0
502,37,rf,1.04,0
82,37,rf,1.03,0
191,37,rf,1.02,1
441,37,rf,1.01,2
521,37,rf,1.01,0
575,37,rf,1.0,0
624,37,rf,0.99,0
207,37,rf,0.98,0
283,37,rf,0.98,5
266,37,rf,0.97,0
618,37,rf,0.97,0
90,37,rf,0.96,1
525,37,rf,0.96,0
246,37,rf,0.95,1
542,37,rf,0.92,0
542,37,rf,0.92,0
685,37,rf,0.9,0
40,37,rf,0.88,0
607,37,rf,0.88,0
261,37,rf,0.87,1
342,37,rf,0.87,0
342,37,rf,0.87,0
348,37,rf,0.87,0
348,37,rf,0.87,0
30,37,rf,0.86,5
190,37,rf,0.86,0
541,37,rf,0.86,0
318,37,rf,0.85,1
318,37,rf,0.85,5
670,37,rf,0.85,0
631,37,rf,0.85,0
33,37,rf,0.84,0
67,37,rf,0.84,1
322,37,rf,0.84,0
322,37,rf,0.84,0
679,37,rf,0.84,0
679,37,rf,0.84,2
321,37,rf,0.82,2
187,37,rf,0.8,0
596,37,rf,0.8,13
596,37,rf,0.8,1
470,37,rf,0.78,1
407,37,rf,0.76,4
162,37,rf,0.75,0
162,37,rf,0.75,0
682,37,rf,0.75,1
442,37,rf,0.74,0
635,37,rf,0.73,0
635,37,rf,0.73,0
8,37,rf,0.67,1
665,37,rf,0.64,0
139,37,rf,0.63,0
139,37,rf,0.63,0
101,37,rf,0.61,0
101,37,rf,0.61,0
210,37,rf,0.6,13
406,37,rf,0.6,6
673,37,rf,0.6,0
673,37,rf,0.6,0
547,37,rf,0.58,0
330,37,rf,0.57,0
330,37,rf,0.57,0
376,37,rf,0.57,6
272,37,rf,0.56,2
272,37,rf,0.56,0
356,37,rf,0.56,2
77,37,rf,0.55,0
228,37,rf,0.53,0
326,37,rf,0.53,0
326,37,rf,0.53,0
128,37,rf,0.52,2
128,37,rf,0.52,0
170,37,rf,0.52,1
493,37,rf,0.5,5
124,37,rf,0.49,5
124,37,rf,0.49,2
38,37,rf,0.48,0
10,37,rf,0.46,2
676,37,rf,0.45,0
319,37,rf,0.44,8
319,37,rf,0.44,1
9,37,rf,0.43,0
23,37,rf,0.43,0
24,37,rf,0.43,0
25,37,rf,0.43,1
662,37,rf,0.43,0
49,37,rf,0.43,0
51,37,rf,0.43,0
201,37,rf,0.43,0
215,37,rf,0.43,1
680,37,rf,0.43,2
98,37,rf,0.43,0
161,37,rf,0.43,0
163,37,rf,0.43,2
165,37,rf,0.43,1
179,37,rf,0.43,0
180,37,rf,0.43,7
284,37,rf,0.43,2
290,37,rf,0.43,1
327,37,rf,0.43,7
327,37,rf,0.43,3
328,37,rf,0.43,0
328,37,rf,0.43,0
691,37,rf,0.43,1
389,37,rf,0.43,0
390,37,rf,0.43,0
399,37,rf,0.43,0
404,37,rf,0.43,0
405,37,rf,0.43,1
52,37,rf,0.43,0
473,37,rf,0.43,0
426,37,rf,0.43,1
527,37,rf,0.43,0
693,37,rf,0.43,1
545,37,rf,0.43,2
587,37,rf,0.43,7
587,37,rf,0.43,1
589,37,rf,0.43,0
615,37,rf,0.43,0
615,37,rf,0.43,0
647,37,rf,0.43,0
331,37,rf,0.42,1
331,37,rf,0.42,1
276,37,rf,0.41,0
628,37,rf,0.39,6
148,37,rf,0.38,2
148,37,rf,0.38,2
116,37,rf,0.33,5
116,37,rf,0.33,1
579,37,rf,0.27,0
20,37,rf,0.25,0
81,37,rf,0.25,4
415,37,rf,0.25,0
451,37,rf,0.25,0
581,37,rf,0.25,0
12,37,rf,0.24,0
27,37,rf,0.24,0
32,37,rf,0.24,0
55,37,rf,0.24,0
56,37,rf,0.24,0
57,37,rf,0.24,2
203,37,rf,0.24,0
204,37,rf,0.24,0
206,37,rf,0.24,0
208,37,rf,0.24,0
216,37,rf,0.24,0
71,37,rf,0.24,0
87,37,rf,0.24,0
88,37,rf,0.24,2
89,37,rf,0.24,12
91,37,rf,0.24,0
391,37,rf,0.24,0
125,37,rf,0.24,1
125,37,rf,0.24,7
127,37,rf,0.24,2
127,37,rf,0.24,0
168,37,rf,0.24,1
171,37,rf,0.24,2
172,37,rf,0.24,0
174,37,rf,0.24,0
181,37,rf,0.24,0
227,37,rf,0.24,1
243,37,rf,0.24,0
244,37,rf,0.24,1
245,37,rf,0.24,1
672,37,rf,0.24,0
259,37,rf,0.24,3
268,37,rf,0.24,0
269,37,rf,0.24,3
271,37,rf,0.24,1
285,37,rf,0.24,1
292,37,rf,0.24,1
312,37,rf,0.24,0
312,37,rf,0.24,0
316,37,rf,0.24,6
316,37,rf,0.24,1
355,37,rf,0.24,0
357,37,rf,0.24,9
363,37,rf,0.24,0
364,37,rf,0.24,0
375,37,rf,0.24,0
377,37,rf,0.24,8
692,37,rf,0.24,0
400,37,rf,0.24,2
412,37,rf,0.24,0
428,37,rf,0.24,2
429,37,rf,0.24,0
432,37,rf,0.24,1
437,37,rf,0.24,0
438,37,rf,0.24,0
458,37,rf,0.24,0
475,37,rf,0.24,0
492,37,rf,0.24,0
494,37,rf,0.24,0
674,37,rf,0.24,0
674,37,rf,0.24,0
684,37,rf,0.24,0
684,37,rf,0.24,1
519,37,rf,0.24,8
519,37,rf,0.24,6
520,37,rf,0.24,1
520,37,rf,0.24,0
546,37,rf,0.24,0
548,37,rf,0.24,9
549,37,rf,0.24,0
550,37,rf,0.24,0
550,37,rf,0.24,0
551,37,rf,0.24,0
551,37,rf,0.24,0
590,37,rf,0.24,0
592,37,rf,0.24,0
616,37,rf,0.24,0
616,37,rf,0.24,0
617,37,rf,0.24,0
617,37,rf,0.24,0
619,37,rf,0.24,1
649,37,rf,0.24,0
655,37,rf,0.24,0
656,37,rf,0.24,0
656,37,rf,0.24,0
50,37,rf,0.23,0
425,37,rf,0.23,0
2,37,rf,0.12,2
28,37,rf,0.12,1
29,37,rf,0.12,0
39,37,rf,0.12,1
41,37,rf,0.12,0
60,37,rf,0.12,1
61,37,rf,0.12,0
62,37,rf,0.12,1
63,37,rf,0.12,0
65,37,rf,0.12,0
183,37,rf,0.12,0
186,37,rf,0.12,2
212,37,rf,0.12,5
213,37,rf,0.12,0
214,37,rf,0.12,0
218,37,rf,0.12,0
219,37,rf,0.12,0
66,37,rf,0.12,2
92,37,rf,0.12,2
94,37,rf,0.12,1
95,37,rf,0.12,16
96,37,rf,0.12,0
99,37,rf,0.12,0
100,37,rf,0.12,0
687,37,rf,0.12,0
108,37,rf,0.12,0
108,37,rf,0.12,0
111,37,rf,0.12,2
112,37,rf,0.12,0
112,37,rf,0.12,0
130,37,rf,0.12,2
131,37,rf,0.12,0
131,37,rf,0.12,0
132,37,rf,0.12,0
132,37,rf,0.12,0
133,37,rf,0.12,2
133,37,rf,0.12,1
134,37,rf,0.12,0
134,37,rf,0.12,0
137,37,rf,0.12,0
137,37,rf,0.12,0
138,37,rf,0.12,0
138,37,rf,0.12,0
143,37,rf,0.12,0
143,37,rf,0.12,0
144,37,rf,0.12,0
144,37,rf,0.12,0
147,37,rf,0.12,0
147,37,rf,0.12,0
149,37,rf,0.12,1
149,37,rf,0.12,1
150,37,rf,0.12,0
150,37,rf,0.12,0
152,37,rf,0.12,0
153,37,rf,0.12,0
175,37,rf,0.12,1
176,37,rf,0.12,0
177,37,rf,0.12,0
221,37,rf,0.12,0
229,37,rf,0.12,0
230,37,rf,0.12,0
231,37,rf,0.12,0
232,37,rf,0.12,0
247,37,rf,0.12,0
248,37,rf,0.12,0
274,37,rf,0.12,1
275,37,rf,0.12,2
277,37,rf,0.12,0
278,37,rf,0.12,0
279,37,rf,0.12,7
280,37,rf,0.12,2
281,37,rf,0.12,2
282,37,rf,0.12,1
286,37,rf,0.12,0
690,37,rf,0.12,0
690,37,rf,0.12,5
288,37,rf,0.12,1
294,37,rf,0.12,1
296,37,rf,0.12,0
305,37,rf,0.12,0
305,37,rf,0.12,0
306,37,rf,0.12,0
306,37,rf,0.12,0
307,37,rf,0.12,0
307,37,rf,0.12,0
308,37,rf,0.12,0
308,37,rf,0.12,0
309,37,rf,0.12,6
309,37,rf,0.12,0
313,37,rf,0.12,0
667,37,rf,0.12,0
320,37,rf,0.12,0
320,37,rf,0.12,0
333,37,rf,0.12,3
333,37,rf,0.12,8
334,37,rf,0.12,0
334,37,rf,0.12,0
336,37,rf,0.12,0
336,37,rf,0.12,0
339,37,rf,0.12,0
339,37,rf,0.12,0
359,37,rf,0.12,0
360,37,rf,0.12,0
361,37,rf,0.12,0
367,37,rf,0.12,0
393,37,rf,0.12,0
394,37,rf,0.12,1
395,37,rf,0.12,0
396,37,rf,0.12,0
398,37,rf,0.12,0
686,37,rf,0.12,0
439,37,rf,0.12,0
460,37,rf,0.12,7
461,37,rf,0.12,1
462,37,rf,0.12,0
463,37,rf,0.12,2
464,37,rf,0.12,0
467,37,rf,0.12,9
468,37,rf,0.12,2
479,37,rf,0.12,1
480,37,rf,0.12,2
495,37,rf,0.12,0
496,37,rf,0.12,0
498,37,rf,0.12,0
501,37,rf,0.12,0
689,37,rf,0.12,0
689,37,rf,0.12,0
509,37,rf,0.12,0
510,37,rf,0.12,5
511,37,rf,0.12,0
512,37,rf,0.12,2
523,37,rf,0.12,0
524,37,rf,0.12,0
528,37,rf,0.12,0
554,37,rf,0.12,0
555,37,rf,0.12,0
556,37,rf,0.12,0
557,37,rf,0.12,0
558,37,rf,0.12,0
559,37,rf,0.12,6
559,37,rf,0.12,6
562,37,rf,0.12,1
563,37,rf,0.12,0
564,37,rf,0.12,0
570,37,rf,0.12,1
571,37,rf,0.12,0
572,37,rf,0.12,0
574,37,rf,0.12,3
594,37,rf,0.12,1
595,37,rf,0.12,1
598,37,rf,0.12,0
599,37,rf,0.12,0
599,37,rf,0.12,0
600,37,rf,0.12,0
600,37,rf,0.12,0
604,37,rf,0.12,0
606,37,rf,0.12,0
606,37,rf,0.12,0
608,37,rf,0.12,0
620,37,rf,0.12,0
622,37,rf,0.12,0
623,37,rf,0.12,0
626,37,rf,0.12,0
659,37,rf,0.12,0
627,37,rf,0.12,0
634,37,rf,0.12,0
636,37,rf,0.12,0
650,37,rf,0.12,0
651,37,rf,0.12,0
651,37,rf,0.12,0
652,37,rf,0.12,0
652,37,rf,0.12,0
653,37,rf,0.12,0
653,37,rf,0.12,0
657,37,rf,0.12,0
658,37,rf,0.12,0
695,37,rf,0.12,0
3,37,rf,0.02,2
4,37,rf,0.02,0
13,37,rf,0.02,2
14,37,rf,0.02,0
15,37,rf,0.02,2
34,37,rf,0.02,0
35,37,rf,0.02,0
42,37,rf,0.02,1
43,37,rf,0.02,2
44,37,rf,0.02,1
45,37,rf,0.02,1
46,37,rf,0.02,9
688,37,rf,0.02,2
184,37,rf,0.02,0
185,37,rf,0.02,2
188,37,rf,0.02,10
189,37,rf,0.02,1
193,37,rf,0.02,0
194,37,rf,0.02,0
195,37,rf,0.02,1
196,37,rf,0.02,0
198,37,rf,0.02,0
199,37,rf,0.02,2
68,37,rf,0.02,0
69,37,rf,0.02,2
70,37,rf,0.02,0
75,37,rf,0.02,2
76,37,rf,0.02,0
78,37,rf,0.02,0
79,37,rf,0.02,0
80,37,rf,0.02,0
102,37,rf,0.02,2
102,37,rf,0.02,3
103,37,rf,0.02,1
103,37,rf,0.02,2
104,37,rf,0.02,9
104,37,rf,0.02,2
105,37,rf,0.02,0
114,37,rf,0.02,0
114,37,rf,0.02,0
115,37,rf,0.02,0
115,37,rf,0.02,0
117,37,rf,0.02,0
117,37,rf,0.02,0
118,37,rf,0.02,0
118,37,rf,0.02,0
140,37,rf,0.02,1
140,37,rf,0.02,1
141,37,rf,0.02,2
141,37,rf,0.02,0
142,37,rf,0.02,0
142,37,rf,0.02,0
154,37,rf,0.02,0
155,37,rf,0.02,0
156,37,rf,0.02,7
222,37,rf,0.02,1
223,37,rf,0.02,0
234,37,rf,0.02,0
254,37,rf,0.02,0
255,37,rf,0.02,2
262,37,rf,0.02,1
263,37,rf,0.02,0
264,37,rf,0.02,1
265,37,rf,0.02,3
289,37,rf,0.02,0
297,37,rf,0.02,0
298,37,rf,0.02,0
630,37,rf,0.02,0
315,37,rf,0.02,1
315,37,rf,0.02,2
323,37,rf,0.02,0
323,37,rf,0.02,0
664,37,rf,0.02,0
340,37,rf,0.02,3
340,37,rf,0.02,7
341,37,rf,0.02,6
341,37,rf,0.02,2
344,37,rf,0.02,0
344,37,rf,0.02,0
345,37,rf,0.02,1
345,37,rf,0.02,7
346,37,rf,0.02,0
349,37,rf,0.02,0
368,37,rf,0.02,1
369,37,rf,0.02,3
378,37,rf,0.02,0
379,37,rf,0.02,0
380,37,rf,0.02,0
401,37,rf,0.02,2
433,37,rf,0.02,0
434,37,rf,0.02,0
435,37,rf,0.02,1
445,37,rf,0.02,1
446,37,rf,0.02,5
447,37,rf,0.02,0
448,37,rf,0.02,1
471,37,rf,0.02,1
472,37,rf,0.02,0
481,37,rf,0.02,11
482,37,rf,0.02,1
483,37,rf,0.02,3
484,37,rf,0.02,0
503,37,rf,0.02,0
504,37,rf,0.02,0
504,37,rf,0.02,0
513,37,rf,0.02,1
514,37,rf,0.02,2
675,37,rf,0.02,0
529,37,rf,0.02,0
530,37,rf,0.02,0
533,37,rf,0.02,0
533,37,rf,0.02,0
534,37,rf,0.02,2
535,37,rf,0.02,0
536,37,rf,0.02,3
537,37,rf,0.02,0
538,37,rf,0.02,0
539,37,rf,0.02,0
540,37,rf,0.02,0
678,37,rf,0.02,0
694,37,rf,0.02,1
566,37,rf,0.02,0
567,37,rf,0.02,0
576,37,rf,0.02,2
577,37,rf,0.02,2
578,37,rf,0.02,3
601,37,rf,0.02,0
602,37,rf,0.02,6
611,37,rf,0.02,2
629,37,rf,0.02,1
639,37,rf,0.02,0
640,37,rf,0.02,0
640,37,rf,0.02,0
641,37,rf,0.02,0
211,37,rf,0.0,2
252,37,rf,0.0,1
383,37,rf,-0.04,0
414,37,rf,-0.04,0
135,37,rf,-0.05,0
135,37,rf,-0.05,4
666,38,rf,3.27,0
381,38,rf,3.19,0
449,38,rf,3.13,0
16,38,rf,3.04,6
235,38,rf,3.01,-1
64,38,rf,2.96,2
430,38,rf,2.67,0
625,38,rf,2.62,0
423,38,rf,2.58,0
642,38,rf,2.58,0
455,38,rf,2.57,1
614,38,rf,2.57,5
516,38,rf,2.56,0
459,38,rf,2.54,0
402,38,rf,2.51,0
136,38,rf,2.5,1
612,38,rf,2.5,10
224,38,rf,2.48,2
324,38,rf,2.34,0
86,38,rf,2.33,2
660,38,rf,2.33,0
416,38,rf,2.3,0
487,38,rf,2.3,0
582,38,rf,2.3,0
332,38,rf,2.29,0
205,38,rf,2.28,0
158,38,rf,2.28,0
371,38,rf,2.27,0
237,38,rf,2.26,0
499,38,rf,2.26,0
488,38,rf,2.25,0
169,38,rf,2.24,2
372,38,rf,2.24,1
160,38,rf,2.23,0
167,38,rf,2.23,2
253,38,rf,2.23,0
299,38,rf,2.23,2
392,38,rf,2.23,0
553,38,rf,2.23,0
5,38,rf,2.22,0
6,38,rf,2.22,3
370,38,rf,2.22,0
593,38,rf,2.22,2
387,38,rf,2.21,1
668,38,rf,2.21,0
217,38,rf,2.2,1
358,38,rf,2.2,1
436,38,rf,2.2,0
507,38,rf,2.2,2
508,38,rf,2.2,0
267,38,rf,2.19,0
373,38,rf,2.19,0
129,38,rf,2.18,0
239,38,rf,2.18,0
273,38,rf,2.18,0
477,38,rf,2.18,0
209,38,rf,2.17,1
126,38,rf,2.17,0
410,38,rf,2.17,0
478,38,rf,2.17,1
613,38,rf,2.17,0
242,38,rf,2.16,0
669,38,rf,2.15,0
386,38,rf,2.14,0
490,38,rf,2.14,0
452,38,rf,2.12,0
543,38,rf,2.09,0
225,38,rf,2.0,2
568,38,rf,2.0,0
663,38,rf,2.0,0
164,38,rf,1.99,1
427,38,rf,1.96,16
11,38,rf,1.95,1
388,38,rf,1.94,2
54,38,rf,1.93,0
302,38,rf,1.93,0
588,38,rf,1.93,1
648,38,rf,1.93,0
200,38,rf,1.92,2
351,38,rf,1.91,0
350,38,rf,1.9,0
457,38,rf,1.9,1
517,38,rf,1.89,0
491,38,rf,1.88,2
561,38,rf,1.88,0
424,38,rf,1.87,0
644,38,rf,1.87,0
646,38,rf,1.87,0
48,38,rf,1.86,1
353,38,rf,1.86,0
671,38,rf,1.86,0
362,38,rf,1.85,0
382,38,rf,1.85,0
343,38,rf,1.84,0
347,38,rf,1.84,1
84,38,rf,1.83,0
417,38,rf,1.82,0
526,38,rf,1.82,6
74,38,rf,1.8,0
93,38,rf,1.8,3
18,38,rf,1.78,0
21,38,rf,1.78,0
72,38,rf,1.78,3
605,38,rf,1.78,0
83,38,rf,1.77,1
109,38,rf,1.77,0
110,38,rf,1.77,0
121,38,rf,1.77,0
159,38,rf,1.77,2
238,38,rf,1.77,0
240,38,rf,1.77,0
300,38,rf,1.77,0
385,38,rf,1.77,0
403,38,rf,1.77,0
422,38,rf,1.77,0
454,38,rf,1.77,1
456,38,rf,1.77,0
466,38,rf,1.77,0
696,38,rf,1.77,0
610,38,rf,1.77,0
236,38,rf,1.76,0
335,38,rf,1.76,2
310,38,rf,1.75,0
597,38,rf,1.75,0
145,38,rf,1.74,1
250,38,rf,1.74,0
325,38,rf,1.74,2
661,38,rf,1.74,2
532,38,rf,1.74,0
573,38,rf,1.74,2
419,38,rf,1.73,1
486,38,rf,1.73,0
603,38,rf,1.73,2
73,38,rf,1.72,2
440,38,rf,1.72,0
683,38,rf,1.72,0
638,38,rf,1.72,0
654,38,rf,1.72,0
22,38,rf,1.71,0
418,38,rf,1.71,0
443,38,rf,1.71,0
489,38,rf,1.71,1
637,38,rf,1.7,0
47,38,rf,1.69,9
192,38,rf,1.69,0
329,38,rf,1.69,0
681,38,rf,1.69,0
580,38,rf,1.69,2
633,38,rf,1.69,0
337,38,rf,1.68,2
260,38,rf,1.67,0
621,38,rf,1.67,0
197,38,rf,1.66,0
157,38,rf,1.65,0
497,38,rf,1.64,0
515,38,rf,1.62,0
19,38,rf,1.61,0
384,38,rf,1.61,0
17,38,rf,1.59,0
119,38,rf,1.56,0
37,38,rf,1.53,1
450,38,rf,1.49,4
632,38,rf,1.49,0
178,38,rf,1.43,0
123,38,rf,1.42,5
241,38,rf,1.41,0
26,38,rf,1.4,0
226,38,rf,1.39,0
408,38,rf,1.38,5
485,38,rf,1.38,0
643,38,rf,1.38,0
409,38,rf,1.36,0
59,38,rf,1.35,0
303,38,rf,1.35,2
311,38,rf,1.35,0
505,38,rf,1.35,0
85,38,rf,1.34,7
97,38,rf,1.34,0
474,38,rf,1.34,2
476,38,rf,1.34,2
291,38,rf,1.33,1
569,38,rf,1.33,2
173,38,rf,1.32,0
374,38,rf,1.32,2
249,38,rf,1.31,1
256,38,rf,1.31,1
270,38,rf,1.3,2
354,38,rf,1.3,0
506,38,rf,1.3,0
301,38,rf,1.29,0
304,38,rf,1.29,5
365,38,rf,1.29,1
544,38,rf,1.29,1
584,38,rf,1.29,0
7,38,rf,1.28,3
560,38,rf,1.28,0
518,38,rf,1.26,3
586,38,rf,1.26,1
257,38,rf,1.25,0
552,38,rf,1.25,7
645,38,rf,1.24,0
120,38,rf,1.23,0
166,38,rf,1.23,2
58,38,rf,1.22,0
202,38,rf,1.22,0
258,38,rf,1.22,2
366,38,rf,1.21,2
53,38,rf,1.2,2
591,38,rf,1.2,0
107,38,rf,1.19,0
293,38,rf,1.19,1
287,38,rf,1.18,0
1,38,rf,1.17,0
122,38,rf,1.17,0
585,38,rf,1.17,1
31,38,rf,1.16,3
677,38,rf,1.16,1
106,38,rf,1.16,0
251,38,rf,1.16,0
397,38,rf,1.16,8
420,38,rf,1.16,0
421,38,rf,1.16,0
453,38,rf,1.16,0
465,38,rf,1.16,1
500,38,rf,1.16,0
583,38,rf,1.16,1
531,38,rf,1.15,0
352,38,rf,1.14,0
444,38,rf,1.14,2
338,38,rf,1.12,0
411,38,rf,1.11,0
609,38,rf,1.11,0
146,38,rf,1.1,0
522,38,rf,1.1,0
36,38,rf,1.08,0
151,38,rf,1.08,0
182,38,rf,1.08,5
413,38,rf,1.08,3
431,38,rf,1.08,6
113,38,rf,1.07,0
314,38,rf,1.07,2
469,38,rf,1.07,10
295,38,rf,1.06,0
317,38,rf,1.06,0
565,38,rf,1.06,0
233,38,rf,1.05,8
220,38,rf,1.04,1
502,38,rf,1.04,0
82,38,rf,1.03,0
191,38,rf,1.02,0
441,38,rf,1.01,2
521,38,rf,1.01,0
575,38,rf,1.0,1
624,38,rf,0.99,0
207,38,rf,0.98,0
283,38,rf,0.98,5
266,38,rf,0.97,3
618,38,rf,0.97,1
90,38,rf,0.96,1
525,38,rf,0.96,0
246,38,rf,0.95,1
542,38,rf,0.92,0
685,38,rf,0.9,0
40,38,rf,0.88,9
607,38,rf,0.88,0
261,38,rf,0.87,2
342,38,rf,0.87,2
348,38,rf,0.87,0
30,38,rf,0.86,3
190,38,rf,0.86,0
541,38,rf,0.86,0
318,38,rf,0.85,0
670,38,rf,0.85,0
631,38,rf,0.85,0
33,38,rf,0.84,2
67,38,rf,0.84,0
322,38,rf,0.84,0
679,38,rf,0.84,1
321,38,rf,0.82,2
187,38,rf,0.8,0
596,38,rf,0.8,2
470,38,rf,0.78,1
407,38,rf,0.76,7
162,38,rf,0.75,0
682,38,rf,0.75,0
442,38,rf,0.74,0
635,38,rf,0.73,0
8,38,rf,0.67,1
665,38,rf,0.64,0
139,38,rf,0.63,0
101,38,rf,0.61,0
210,38,rf,0.6,-1
406,38,rf,0.6,2
673,38,rf,0.6,0
547,38,rf,0.58,0
330,38,rf,0.57,2
376,38,rf,0.57,0
272,38,rf,0.56,1
356,38,rf,0.56,1
77,38,rf,0.55,0
228,38,rf,0.53,0
326,38,rf,0.53,0
128,38,rf,0.52,2
170,38,rf,0.52,2
493,38,rf,0.5,4
124,38,rf,0.49,1
38,38,rf,0.48,0
10,38,rf,0.46,6
676,38,rf,0.45,0
319,38,rf,0.44,2
9,38,rf,0.43,0
23,38,rf,0.43,1
24,38,rf,0.43,0
25,38,rf,0.43,1
662,38,rf,0.43,0
49,38,rf,0.43,0
51,38,rf,0.43,0
201,38,rf,0.43,0
215,38,rf,0.43,8
680,38,rf,0.43,6
98,38,rf,0.43,0
161,38,rf,0.43,0
163,38,rf,0.43,10
165,38,rf,0.43,2
179,38,rf,0.43,0
180,38,rf,0.43,0
284,38,rf,0.43,0
290,38,rf,0.43,0
327,38,rf,0.43,7
328,38,rf,0.43,0
691,38,rf,0.43,-1
389,38,rf,0.43,0
390,38,rf,0.43,0
399,38,rf,0.43,0
404,38,rf,0.43,0
405,38,rf,0.43,1
52,38,rf,0.43,0
473,38,rf,0.43,0
426,38,rf,0.43,2
527,38,rf,0.43,0
693,38,rf,0.43,5
545,38,rf,0.43,1
587,38,rf,0.43,2
589,38,rf,0.43,1
615,38,rf,0.43,0
647,38,rf,0.43,0
331,38,rf,0.42,5
276,38,rf,0.41,0
628,38,rf,0.39,2
148,38,rf,0.38,2
116,38,rf,0.33,2
579,38,rf,0.27,0
20,38,rf,0.25,0
81,38,rf,0.25,6
415,38,rf,0.25,0
451,38,rf,0.25,0
581,38,rf,0.25,0
12,38,rf,0.24,4
27,38,rf,0.24,0
32,38,rf,0.24,0
55,38,rf,0.24,0
56,38,rf,0.24,0
57,38,rf,0.24,1
203,38,rf,0.24,0
204,38,rf,0.24,0
206,38,rf,0.24,0
208,38,rf,0.24,0
216,38,rf,0.24,0
71,38,rf,0.24,0
87,38,rf,0.24,1
88,38,rf,0.24,0
89,38,rf,0.24,2
91,38,rf,0.24,0
391,38,rf,0.24,1
125,38,rf,0.24,2
127,38,rf,0.24,2
168,38,rf,0.24,1
171,38,rf,0.24,6
172,38,rf,0.24,0
174,38,rf,0.24,0
181,38,rf,0.24,0
227,38,rf,0.24,0
243,38,rf,0.24,0
244,38,rf,0.24,0
245,38,rf,0.24,0
672,38,rf,0.24,0
259,38,rf,0.24,6
268,38,rf,0.24,0
269,38,rf,0.24,2
271,38,rf,0.24,0
285,38,rf,0.24,4
292,38,rf,0.24,-1
312,38,rf,0.24,0
316,38,rf,0.24,2
355,38,rf,0.24,3
357,38,rf,0.24,0
363,38,rf,0.24,0
364,38,rf,0.24,0
375,38,rf,0.24,0
377,38,rf,0.24,3
692,38,rf,0.24,0
400,38,rf,0.24,5
412,38,rf,0.24,0
428,38,rf,0.24,5
429,38,rf,0.24,0
432,38,rf,0.24,2
437,38,rf,0.24,0
438,38,rf,0.24,0
458,38,rf,0.24,2
475,38,rf,0.24,6
492,38,rf,0.24,0
494,38,rf,0.24,0
674,38,rf,0.24,0
684,38,rf,0.24,0
519,38,rf,0.24,1
520,38,rf,0.24,0
546,38,rf,0.24,0
548,38,rf,0.24,2
549,38,rf,0.24,0
550,38,rf,0.24,0
551,38,rf,0.24,0
590,38,rf,0.24,0
592,38,rf,0.24,0
616,38,rf,0.24,0
617,38,rf,0.24,0
619,38,rf,0.24,1
649,38,rf,0.24,0
655,38,rf,0.24,0
656,38,rf,0.24,0
50,38,rf,0.23,0
425,38,rf,0.23,0
2,38,rf,0.12,3
28,38,rf,0.12,12
29,38,rf,0.12,0
39,38,rf,0.12,1
41,38,rf,0.12,0
60,38,rf,0.12,1
61,38,rf,0.12,0
62,38,rf,0.12,1
63,38,rf,0.12,0
65,38,rf,0.12,0
183,38,rf,0.12,0
186,38,rf,0.12,3
212,38,rf,0.12,2
213,38,rf,0.12,0
214,38,rf,0.12,0
218,38,rf,0.12,0
219,38,rf,0.12,0
66,38,rf,0.12,1
92,38,rf,0.12,15
94,38,rf,0.12,1
95,38,rf,0.12,5
96,38,rf,0.12,0
99,38,rf,0.12,0
100,38,rf,0.12,0
687,38,rf,0.12,0
108,38,rf,0.12,1
111,38,rf,0.12,9
112,38,rf,0.12,0
130,38,rf,0.12,3
131,38,rf,0.12,0
132,38,rf,0.12,1
133,38,rf,0.12,3
134,38,rf,0.12,0
137,38,rf,0.12,0
138,38,rf,0.12,0
143,38,rf,0.12,0
144,38,rf,0.12,0
147,38,rf,0.12,0
149,38,rf,0.12,0
150,38,rf,0.12,0
152,38,rf,0.12,0
153,38,rf,0.12,0
175,38,rf,0.12,3
176,38,rf,0.12,0
177,38,rf,0.12,0
221,38,rf,0.12,-1
229,38,rf,0.12,0
230,38,rf,0.12,0
231,38,rf,0.12,1
232,38,rf,0.12,0
247,38,rf,0.12,0
248,38,rf,0.12,0
274,38,rf,0.12,2
275,38,rf,0.12,1
277,38,rf,0.12,0
278,38,rf,0.12,0
279,38,rf,0.12,5
280,38,rf,0.12,0
281,38,rf,0.12,0
282,38,rf,0.12,4
286,38,rf,0.12,0
690,38,rf,0.12,1
288,38,rf,0.12,13
294,38,rf,0.12,0
296,38,rf,0.12,0
305,38,rf,0.12,0
306,38,rf,0.12,0
307,38,rf,0.12,3
308,38,rf,0.12,8
309,38,rf,0.12,2
313,38,rf,0.12,0
667,38,rf,0.12,0
320,38,rf,0.12,0
333,38,rf,0.12,10
334,38,rf,0.12,0
336,38,rf,0.12,0
339,38,rf,0.12,0
359,38,rf,0.12,0
360,38,rf,0.12,0
361,38,rf,0.12,0
367,38,rf,0.12,2
393,38,rf,0.12,0
394,38,rf,0.12,2
395,38,rf,0.12,0
396,38,rf,0.12,0
398,38,rf,0.12,0
686,38,rf,0.12,1
439,38,rf,0.12,0
460,38,rf,0.12,1
461,38,rf,0.12,0
462,38,rf,0.12,0
463,38,rf,0.12,1
464,38,rf,0.12,2
467,38,rf,0.12,2
468,38,rf,0.12,0
479,38,rf,0.12,0
480,38,rf,0.12,1
495,38,rf,0.12,0
496,38,rf,0.12,0
498,38,rf,0.12,0
501,38,rf,0.12,0
689,38,rf,0.12,0
509,38,rf,0.12,2
510,38,rf,0.12,6
511,38,rf,0.12,0
512,38,rf,0.12,0
523,38,rf,0.12,1
524,38,rf,0.12,0
528,38,rf,0.12,0
554,38,rf,0.12,0
555,38,rf,0.12,0
556,38,rf,0.12,0
557,38,rf,0.12,0
558,38,rf,0.12,0
559,38,rf,0.12,1
562,38,rf,0.12,1
563,38,rf,0.12,0
564,38,rf,0.12,0
570,38,rf,0.12,3
571,38,rf,0.12,0
572,38,rf,0.12,0
574,38,rf,0.12,0
594,38,rf,0.12,2
595,38,rf,0.12,6
598,38,rf,0.12,0
599,38,rf,0.12,0
600,38,rf,0.12,0
604,38,rf,0.12,0
606,38,rf,0.12,0
608,38,rf,0.12,0
620,38,rf,0.12,0
622,38,rf,0.12,0
623,38,rf,0.12,0
626,38,rf,0.12,0
659,38,rf,0.12,0
627,38,rf,0.12,0
634,38,rf,0.12,0
636,38,rf,0.12,0
650,38,rf,0.12,0
651,38,rf,0.12,0
652,38,rf,0.12,0
653,38,rf,0.12,0
657,38,rf,0.12,0
658,38,rf,0.12,0
695,38,rf,0.12,0
3,38,rf,0.02,15
4,38,rf,0.02,0
13,38,rf,0.02,6
14,38,rf,0.02,0
15,38,rf,0.02,6
34,38,rf,0.02,0
35,38,rf,0.02,0
42,38,rf,0.02,1
43,38,rf,0.02,1
44,38,rf,0.02,2
45,38,rf,0.02,2
46,38,rf,0.02,7
688,38,rf,0.02,1
184,38,rf,0.02,0
185,38,rf,0.02,11
188,38,rf,0.02,8
189,38,rf,0.02,3
193,38,rf,0.02,0
194,38,rf,0.02,0
195,38,rf,0.02,10
196,38,rf,0.02,0
198,38,rf,0.02,0
199,38,rf,0.02,8
68,38,rf,0.02,0
69,38,rf,0.02,2
70,38,rf,0.02,2
75,38,rf,0.02,1
76,38,rf,0.02,0
78,38,rf,0.02,0
79,38,rf,0.02,0
80,38,rf,0.02,0
102,38,rf,0.02,2
103,38,rf,0.02,0
104,38,rf,0.02,5
105,38,rf,0.02,0
114,38,rf,0.02,0
115,38,rf,0.02,0
117,38,rf,0.02,0
118,38,rf,0.02,0
140,38,rf,0.02,1
141,38,rf,0.02,1
142,38,rf,0.02,0
154,38,rf,0.02,1
155,38,rf,0.02,0
156,38,rf,0.02,2
222,38,rf,0.02,0
223,38,rf,0.02,0
234,38,rf,0.02,0
254,38,rf,0.02,0
255,38,rf,0.02,1
262,38,rf,0.02,5
263,38,rf,0.02,0
264,38,rf,0.02,7
265,38,rf,0.02,0
289,38,rf,0.02,2
297,38,rf,0.02,0
298,38,rf,0.02,0
630,38,rf,0.02,0
315,38,rf,0.02,0
323,38,rf,0.02,0
664,38,rf,0.02,0
340,38,rf,0.02,9
341,38,rf,0.02,0
344,38,rf,0.02,0
345,38,rf,0.02,1
346,38,rf,0.02,0
349,38,rf,0.02,0
368,38,rf,0.02,2
369,38,rf,0.02,2
378,38,rf,0.02,0
379,38,rf,0.02,0
380,38,rf,0.02,0
401,38,rf,0.02,1
433,38,rf,0.02,0
434,38,rf,0.02,0
435,38,rf,0.02,2
445,38,rf,0.02,2
446,38,rf,0.02,3
447,38,rf,0.02,0
448,38,rf,0.02,0
471,38,rf,0.02,0
472,38,rf,0.02,1
481,38,rf,0.02,2
482,38,rf,0.02,0
483,38,rf,0.02,0
484,38,rf,0.02,0
503,38,rf,0.02,0
504,38,rf,0.02,2
513,38,rf,0.02,2
514,38,rf,0.02,2
675,38,rf,0.02,0
529,38,rf,0.02,0
530,38,rf,0.02,0
533,38,rf,0.02,0
534,38,rf,0.02,3
535,38,rf,0.02,0
536,38,rf,0.02,2
537,38,rf,0.02,0
538,38,rf,0.02,0
539,38,rf,0.02,0
540,38,rf,0.02,0
678,38,rf,0.02,0
694,38,rf,0.02,0
566,38,rf,0.02,1
567,38,rf,0.02,0
576,38,rf,0.02,1
577,38,rf,0.02,3
578,38,rf,0.02,1
601,38,rf,0.02,0
602,38,rf,0.02,1
611,38,rf,0.02,3
629,38,rf,0.02,1
639,38,rf,0.02,0
640,38,rf,0.02,0
641,38,rf,0.02,0
211,38,rf,0.0,1
252,38,rf,0.0,1
383,38,rf,-0.04,0
414,38,rf,-0.04,0
135,38,rf,-0.05,0
666,30,ma3,3.27,0
381,30,ma3,3.19,0
449,30,ma3,3.13,0
16,30,ma3,3.04,1
235,30,ma3,3.01,0
64,30,ma3,2.96,3
430,30,ma3,2.67,2
625,30,ma3,2.62,2
423,30,ma3,2.58,0
642,30,ma3,2.58,0
455,30,ma3,2.57,8
614,30,ma3,2.57,2
516,30,ma3,2.56,1
459,30,ma3,2.54,6
402,30,ma3,2.51,0
136,30,ma3,2.5,0
612,30,ma3,2.5,2
224,30,ma3,2.48,0
324,30,ma3,2.34,0
86,30,ma3,2.33,1
660,30,ma3,2.33,0
416,30,ma3,2.3,1
487,30,ma3,2.3,0
582,30,ma3,2.3,1
332,30,ma3,2.29,0
205,30,ma3,2.28,1
158,30,ma3,2.28,1
371,30,ma3,2.27,7
237,30,ma3,2.26,0
499,30,ma3,2.26,0
488,30,ma3,2.25,0
169,30,ma3,2.24,8
372,30,ma3,2.24,0
160,30,ma3,2.23,0
167,30,ma3,2.23,8
253,30,ma3,2.23,0
299,30,ma3,2.23,1
392,30,ma3,2.23,0
553,30,ma3,2.23,0
5,30,ma3,2.22,1
6,30,ma3,2.22,2
370,30,ma3,2.22,1
593,30,ma3,2.22,0
387,30,ma3,2.21,0
668,30,ma3,2.21,0
217,30,ma3,2.2,2
358,30,ma3,2.2,2
436,30,ma3,2.2,0
507,30,ma3,2.2,1
508,30,ma3,2.2,1
267,30,ma3,2.19,0
373,30,ma3,2.19,2
129,30,ma3,2.18,0
239,30,ma3,2.18,-1
273,30,ma3,2.18,0
477,30,ma3,2.18,0
209,30,ma3,2.17,2
126,30,ma3,2.17,0
410,30,ma3,2.17,0
478,30,ma3,2.17,6
613,30,ma3,2.17,0
242,30,ma3,2.16,0
669,30,ma3,2.15,0
386,30,ma3,2.14,0
490,30,ma3,2.14,0
452,30,ma3,2.12,0
543,30,ma3,2.09,0
225,30,ma3,2.0,1
568,30,ma3,2.0,0
663,30,ma3,2.0,0
164,30,ma3,1.99,0
427,30,ma3,1.96,9
11,30,ma3,1.95,0
388,30,ma3,1.94,2
54,30,ma3,1.93,0
302,30,ma3,1.93,0
588,30,ma3,1.93,0
648,30,ma3,1.93,0
200,30,ma3,1.92,1
351,30,ma3,1.91,0
350,30,ma3,1.9,1
457,30,ma3,1.9,8
517,30,ma3,1.89,0
491,30,ma3,1.88,1
561,30,ma3,1.88,0
424,30,ma3,1.87,0
644,30,ma3,1.87,0
646,30,ma3,1.87,0
48,30,ma3,1.86,0
353,30,ma3,1.86,0
671,30,ma3,1.86,0
362,30,ma3,1.85,0
382,30,ma3,1.85,0
343,30,ma3,1.84,0
347,30,ma3,1.84,0
84,30,ma3,1.83,0
417,30,ma3,1.82,1
526,30,ma3,1.82,1
74,30,ma3,1.8,0
93,30,ma3,1.8,0
18,30,ma3,1.78,0
21,30,ma3,1.78,2
72,30,ma3,1.78,0
605,30,ma3,1.78,0
83,30,ma3,1.77,2
109,30,ma3,1.77,1
110,30,ma3,1.77,1
121,30,ma3,1.77,0
159,30,ma3,1.77,14
238,30,ma3,1.77,0
240,30,ma3,1.77,0
300,30,ma3,1.77,2
385,30,ma3,1.77,0
403,30,ma3,1.77,0
422,30,ma3,1.77,1
454,30,ma3,1.77,0
456,30,ma3,1.77,9
466,30,ma3,1.77,0
696,30,ma3,1.77,0
610,30,ma3,1.77,2
236,30,ma3,1.76,0
335,30,ma3,1.76,6
310,30,ma3,1.75,0
597,30,ma3,1.75,0
145,30,ma3,1.74,2
250,30,ma3,1.74,0
325,30,ma3,1.74,1
661,30,ma3,1.74,0
532,30,ma3,1.74,0
573,30,ma3,1.74,0
419,30,ma3,1.73,0
486,30,ma3,1.73,0
603,30,ma3,1.73,0
73,30,ma3,1.72,5
440,30,ma3,1.72,0
683,30,ma3,1.72,0
638,30,ma3,1.72,0
654,30,ma3,1.72,0
22,30,ma3,1.71,0
418,30,ma3,1.71,4
443,30,ma3,1.71,1
489,30,ma3,1.71,6
637,30,ma3,1.7,0
47,30,ma3,1.69,6
192,30,ma3,1.69,0
329,30,ma3,1.69,0
681,30,ma3,1.69,0
580,30,ma3,1.69,0
633,30,ma3,1.69,0
337,30,ma3,1.68,0
260,30,ma3,1.67,0
621,30,ma3,1.67,0
197,30,ma3,1.66,1
157,30,ma3,1.65,1
497,30,ma3,1.64,0
515,30,ma3,1.62,0
19,30,ma3,1.61,13
384,30,ma3,1.61,0
17,30,ma3,1.59,0
119,30,ma3,1.56,0
37,30,ma3,1.53,3
450,30,ma3,1.49,1
632,30,ma3,1.49,0
178,30,ma3,1.43,1
123,30,ma3,1.42,0
241,30,ma3,1.41,0
26,30,ma3,1.4,0
226,30,ma3,1.39,0
408,30,ma3,1.38,0
485,30,ma3,1.38,0
643,30,ma3,1.38,0
409,30,ma3,1.36,0
59,30,ma3,1.35,0
303,30,ma3,1.35,1
311,30,ma3,1.35,1
505,30,ma3,1.35,0
85,30,ma3,1.34,5
97,30,ma3,1.34,0
474,30,ma3,1.34,0
476,30,ma3,1.34,0
291,30,ma3,1.33,1
569,30,ma3,1.33,0
173,30,ma3,1.32,0
374,30,ma3,1.32,2
249,30,ma3,1.31,0
256,30,ma3,1.31,1
270,30,ma3,1.3,0
354,30,ma3,1.3,0
506,30,ma3,1.3,0
301,30,ma3,1.29,9
304,30,ma3,1.29,1
365,30,ma3,1.29,1
544,30,ma3,1.29,0
584,30,ma3,1.29,0
7,30,ma3,1.28,2
560,30,ma3,1.28,0
518,30,ma3,1.26,0
586,30,ma3,1.26,1
257,30,ma3,1.25,2
552,30,ma3,1.25,1
645,30,ma3,1.24,0
120,30,ma3,1.23,2
166,30,ma3,1.23,6
58,30,ma3,1.22,0
202,30,ma3,1.22,0
258,30,ma3,1.22,2
366,30,ma3,1.21,2
53,30,ma3,1.2,0
591,30,ma3,1.2,0
107,30,ma3,1.19,7
293,30,ma3,1.19,0
287,30,ma3,1.18,0
1,30,ma3,1.17,2
122,30,ma3,1.17,0
585,30,ma3,1.17,0
31,30,ma3,1.16,9
677,30,ma3,1.16,0
106,30,ma3,1.16,8
251,30,ma3,1.16,0
397,30,ma3,1.16,0
420,30,ma3,1.16,0
421,30,ma3,1.16,0
453,30,ma3,1.16,0
465,30,ma3,1.16,6
500,30,ma3,1.16,0
583,30,ma3,1.16,1
531,30,ma3,1.15,0
352,30,ma3,1.14,0
444,30,ma3,1.14,0
338,30,ma3,1.12,10
411,30,ma3,1.11,0
609,30,ma3,1.11,1
146,30,ma3,1.1,2
522,30,ma3,1.1,0
36,30,ma3,1.08,0
151,30,ma3,1.08,0
182,30,ma3,1.08,4
413,30,ma3,1.08,0
431,30,ma3,1.08,0
113,30,ma3,1.07,0
314,30,ma3,1.07,0
469,30,ma3,1.07,1
295,30,ma3,1.06,1
317,30,ma3,1.06,0
565,30,ma3,1.06,0
233,30,ma3,1.05,2
220,30,ma3,1.04,2
502,30,ma3,1.04,0
82,30,ma3,1.03,0
191,30,ma3,1.02,0
441,30,ma3,1.01,2
521,30,ma3,1.01,0
575,30,ma3,1.0,1
624,30,ma3,0.99,0
207,30,ma3,0.98,0
283,30,ma3,0.98,5
266,30,ma3,0.97,0
618,30,ma3,0.97,1
90,30,ma3,0.96,0
525,30,ma3,0.96,0
246,30,ma3,0.95,4
542,30,ma3,0.92,0
685,30,ma3,0.9,0
40,30,ma3,0.88,7
607,30,ma3,0.88,0
261,30,ma3,0.87,2
342,30,ma3,0.87,0
348,30,ma3,0.87,0
30,30,ma3,0.86,2
190,30,ma3,0.86,1
541,30,ma3,0.86,0
318,30,ma3,0.85,12
670,30,ma3,0.85,0
631,30,ma3,0.85,0
33,30,ma3,0.84,0
67,30,ma3,0.84,1
322,30,ma3,0.84,0
679,30,ma3,0.84,0
321,30,ma3,0.82,2
187,30,ma3,0.8,0
596,30,ma3,0.8,1
470,30,ma3,0.78,0
407,30,ma3,0.76,2
162,30,ma3,0.75,0
682,30,ma3,0.75,2
442,30,ma3,0.74,0
635,30,ma3,0.73,0
8,30,ma3,0.67,1
665,30,ma3,0.64,0
139,30,ma3,0.63,0
101,30,ma3,0.61,0
210,30,ma3,0.6,0
406,30,ma3,0.6,2
673,30,ma3,0.6,0
547,30,ma3,0.58,0
330,30,ma3,0.57,6
376,30,ma3,0.57,11
272,30,ma3,0.56,2
356,30,ma3,0.56,4
77,30,ma3,0.55,0
228,30,ma3,0.53,0
326,30,ma3,0.53,0
128,30,ma3,0.52,0
170,30,ma3,0.52,2
493,30,ma3,0.5,2
124,30,ma3,0.49,2
38,30,ma3,0.48,0
10,30,ma3,0.46,0
676,30,ma3,0.45,0
319,30,ma3,0.44,5
9,30,ma3,0.43,0
23,30,ma3,0.43,0
24,30,ma3,0.43,0
25,30,ma3,0.43,0
662,30,ma3,0.43,0
49,30,ma3,0.43,0
51,30,ma3,0.43,0
201,30,ma3,0.43,2
215,30,ma3,0.43,1
680,30,ma3,0.43,2
98,30,ma3,0.43,0
161,30,ma3,0.43,5
163,30,ma3,0.43,4
165,30,ma3,0.43,2
179,30,ma3,0.43,0
180,30,ma3,0.43,1
284,30,ma3,0.43,0
290,30,ma3,0.43,1
327,30,ma3,0.43,6
328,30,ma3,0.43,0
691,30,ma3,0.43,0
389,30,ma3,0.43,0
390,30,ma3,0.43,0
399,30,ma3,0.43,0
404,30,ma3,0.43,6
405,30,ma3,0.43,1
52,30,ma3,0.43,0
473,30,ma3,0.43,0
426,30,ma3,0.43,0
527,30,ma3,0.43,0
693,30,ma3,0.43,2
545,30,ma3,0.43,0
587,30,ma3,0.43,1
589,30,ma3,0.43,10
615,30,ma3,0.43,0
647,30,ma3,0.43,0
331,30,ma3,0.42,1
276,30,ma3,0.41,0
628,30,ma3,0.39,0
148,30,ma3,0.38,1
116,30,ma3,0.33,2
579,30,ma3,0.27,0
20,30,ma3,0.25,0
81,30,ma3,0.25,0
415,30,ma3,0.25,0
451,30,ma3,0.25,0
581,30,ma3,0.25,0
12,30,ma3,0.24,0
27,30,ma3,0.24,0
32,30,ma3,0.24,0
55,30,ma3,0.24,0
56,30,ma3,0.24,0
57,30,ma3,0.24,5
203,30,ma3,0.24,0
204,30,ma3,0.24,0
206,30,ma3,0.24,0
208,30,ma3,0.24,0
216,30,ma3,0.24,0
71,30,ma3,0.24,8
87,30,ma3,0.24,0
88,30,ma3,0.24,2
89,30,ma3,0.24,1
91,30,ma3,0.24,0
391,30,ma3,0.24,0
125,30,ma3,0.24,1
127,30,ma3,0.24,0
168,30,ma3,0.24,1
171,30,ma3,0.24,14
172,30,ma3,0.24,0
174,30,ma3,0.24,0
181,30,ma3,0.24,0
227,30,ma3,0.24,6
243,30,ma3,0.24,0
244,30,ma3,0.24,0
245,30,ma3,0.24,2
672,30,ma3,0.24,0
259,30,ma3,0.24,0
268,30,ma3,0.24,0
269,30,ma3,0.24,2
271,30,ma3,0.24,1
285,30,ma3,0.24,5
292,30,ma3,0.24,0
312,30,ma3,0.24,2
316,30,ma3,0.24,0
355,30,ma3,0.24,0
357,30,ma3,0.24,2
363,30,ma3,0.24,0
364,30,ma3,0.24,0
375,30,ma3,0.24,0
377,30,ma3,0.24,1
692,30,ma3,0.24,0
400,30,ma3,0.24,2
412,30,ma3,0.24,0
428,30,ma3,0.24,7
429,30,ma3,0.24,0
432,30,ma3,0.24,0
437,30,ma3,0.24,0
438,30,ma3,0.24,0
458,30,ma3,0.24,2
475,30,ma3,0.24,0
492,30,ma3,0.24,0
494,30,ma3,0.24,0
674,30,ma3,0.24,0
684,30,ma3,0.24,0
519,30,ma3,0.24,1
520,30,ma3,0.24,2
546,30,ma3,0.24,0
548,30,ma3,0.24,4
549,30,ma3,0.24,1
550,30,ma3,0.24,0
551,30,ma3,0.24,0
590,30,ma3,0.24,0
592,30,ma3,0.24,0
616,30,ma3,0.24,0
617,30,ma3,0.24,1
619,30,ma3,0.24,0
649,30,ma3,0.24,0
655,30,ma3,0.24,0
656,30,ma3,0.24,0
50,30,ma3,0.23,0
425,30,ma3,0.23,3
2,30,ma3,0.12,3
28,30,ma3,0.12,7
29,30,ma3,0.12,0
39,30,ma3,0.12,6
41,30,ma3,0.12,0
60,30,ma3,0.12,0
61,30,ma3,0.12,0
62,30,ma3,0.12,0
63,30,ma3,0.12,0
65,30,ma3,0.12,0
183,30,ma3,0.12,0
186,30,ma3,0.12,2
212,30,ma3,0.12,1
213,30,ma3,0.12,0
214,30,ma3,0.12,0
218,30,ma3,0.12,0
219,30,ma3,0.12,0
66,30,ma3,0.12,2
92,30,ma3,0.12,1
94,30,ma3,0.12,1
95,30,ma3,0.12,1
96,30,ma3,0.12,0
99,30,ma3,0.12,0
100,30,ma3,0.12,0
687,30,ma3,0.12,0
108,30,ma3,0.12,1
111,30,ma3,0.12,1
112,30,ma3,0.12,1
130,30,ma3,0.12,0
131,30,ma3,0.12,0
132,30,ma3,0.12,1
133,30,ma3,0.12,3
134,30,ma3,0.12,0
137,30,ma3,0.12,0
138,30,ma3,0.12,0
143,30,ma3,0.12,0
144,30,ma3,0.12,0
147,30,ma3,0.12,0
149,30,ma3,0.12,0
150,30,ma3,0.12,0
152,30,ma3,0.12,0
153,30,ma3,0.12,0
175,30,ma3,0.12,4
176,30,ma3,0.12,0
177,30,ma3,0.12,0
221,30,ma3,0.12,0
229,30,ma3,0.12,0
230,30,ma3,0.12,0
231,30,ma3,0.12,1
232,30,ma3,0.12,0
247,30,ma3,0.12,0
248,30,ma3,0.12,0
274,30,ma3,0.12,0
275,30,ma3,0.12,5
277,30,ma3,0.12,1
278,30,ma3,0.12,0
279,30,ma3,0.12,6
280,30,ma3,0.12,0
281,30,ma3,0.12,2
282,30,ma3,0.12,1
286,30,ma3,0.12,0
690,30,ma3,0.12,2
288,30,ma3,0.12,2
294,30,ma3,0.12,0
296,30,ma3,0.12,0
305,30,ma3,0.12,12
306,30,ma3,0.12,0
307,30,ma3,0.12,2
308,30,ma3,0.12,2
309,30,ma3,0.12,0
313,30,ma3,0.12,1
667,30,ma3,0.12,0
320,30,ma3,0.12,0
333,30,ma3,0.12,3
334,30,ma3,0.12,0
336,30,ma3,0.12,0
339,30,ma3,0.12,0
359,30,ma3,0.12,0
360,30,ma3,0.12,1
361,30,ma3,0.12,0
367,30,ma3,0.12,0
393,30,ma3,0.12,0
394,30,ma3,0.12,2
395,30,ma3,0.12,0
396,30,ma3,0.12,0
398,30,ma3,0.12,0
686,30,ma3,0.12,2
439,30,ma3,0.12,1
460,30,ma3,0.12,0
461,30,ma3,0.12,6
462,30,ma3,0.12,0
463,30,ma3,0.12,6
464,30,ma3,0.12,1
467,30,ma3,0.12,2
468,30,ma3,0.12,3
479,30,ma3,0.12,1
480,30,ma3,0.12,0
495,30,ma3,0.12,0
496,30,ma3,0.12,0
498,30,ma3,0.12,0
501,30,ma3,0.12,0
689,30,ma3,0.12,0
509,30,ma3,0.12,1
510,30,ma3,0.12,1
511,30,ma3,0.12,0
512,30,ma3,0.12,0
523,30,ma3,0.12,0
524,30,ma3,0.12,0
528,30,ma3,0.12,5
554,30,ma3,0.12,0
555,30,ma3,0.12,0
556,30,ma3,0.12,0
557,30,ma3,0.12,0
558,30,ma3,0.12,0
559,30,ma3,0.12,2
562,30,ma3,0.12,1
563,30,ma3,0.12,0
564,30,ma3,0.12,0
570,30,ma3,0.12,1
571,30,ma3,0.12,0
572,30,ma3,0.12,0
574,30,ma3,0.12,8
594,30,ma3,0.12,5
595,30,ma3,0.12,1
598,30,ma3,0.12,0
599,30,ma3,0.12,0
600,30,ma3,0.12,0
604,30,ma3,0.12,0
606,30,ma3,0.12,0
608,30,ma3,0.12,0
620,30,ma3,0.12,0
622,30,ma3,0.12,0
623,30,ma3,0.12,0
626,30,ma3,0.12,0
659,30,ma3,0.12,0
627,30,ma3,0.12,0
634,30,ma3,0.12,0
636,30,ma3,0.12,0
650,30,ma3,0.12,0
651,30,ma3,0.12,0
652,30,ma3,0.12,0
653,30,ma3,0.12,0
657,30,ma3,0.12,0
658,30,ma3,0.12,0
695,30,ma3,0.12,0
3,30,ma3,0.02,1
4,30,ma3,0.02,0
13,30,ma3,0.02,1
14,30,ma3,0.02,0
15,30,ma3,0.02,1
34,30,ma3,0.02,8
35,30,ma3,0.02,0
42,30,ma3,0.02,3
43,30,ma3,0.02,0
44,30,ma3,0.02,5
45,30,ma3,0.02,1
46,30,ma3,0.02,3
688,30,ma3,0.02,2
184,30,ma3,0.02,0
185,30,ma3,0.02,0
188,30,ma3,0.02,0
189,30,ma3,0.02,2
193,30,ma3,0.02,1
194,30,ma3,0.02,1
195,30,ma3,0.02,1
196,30,ma3,0.02,0
198,30,ma3,0.02,0
199,30,ma3,0.02,1
68,30,ma3,0.02,0
69,30,ma3,0.02,3
70,30,ma3,0.02,11
75,30,ma3,0.02,0
76,30,ma3,0.02,0
78,30,ma3,0.02,1
79,30,ma3,0.02,2
80,30,ma3,0.02,4
102,30,ma3,0.02,1
103,30,ma3,0.02,2
104,30,ma3,0.02,1
105,30,ma3,0.02,0
114,30,ma3,0.02,0
115,30,ma3,0.02,0
117,30,ma3,0.02,0
118,30,ma3,0.02,0
140,30,ma3,0.02,1
141,30,ma3,0.02,1
142,30,ma3,0.02,0
154,30,ma3,0.02,1
155,30,ma3,0.02,0
156,30,ma3,0.02,1
222,30,ma3,0.02,0
223,30,ma3,0.02,0
234,30,ma3,0.02,0
254,30,ma3,0.02,0
255,30,ma3,0.02,1
262,30,ma3,0.02,1
263,30,ma3,0.02,0
264,30,ma3,0.02,2
265,30,ma3,0.02,2
289,30,ma3,0.02,0
297,30,ma3,0.02,1
298,30,ma3,0.02,0
630,30,ma3,0.02,0
315,30,ma3,0.02,2
323,30,ma3,0.02,0
664,30,ma3,0.02,0
340,30,ma3,0.02,6
341,30,ma3,0.02,6
344,30,ma3,0.02,0
345,30,ma3,0.02,5
346,30,ma3,0.02,2
349,30,ma3,0.02,1
368,30,ma3,0.02,0
369,30,ma3,0.02,0
378,30,ma3,0.02,0
379,30,ma3,0.02,0
380,30,ma3,0.02,0
401,30,ma3,0.02,0
433,30,ma3,0.02,4
434,30,ma3,0.02,0
435,30,ma3,0.02,0
445,30,ma3,0.02,0
446,30,ma3,0.02,2
447,30,ma3,0.02,0
448,30,ma3,0.02,4
471,30,ma3,0.02,0
472,30,ma3,0.02,0
481,30,ma3,0.02,1
482,30,ma3,0.02,9
483,30,ma3,0.02,3
484,30,ma3,0.02,7
503,30,ma3,0.02,1
504,30,ma3,0.02,9
513,30,ma3,0.02,2
514,30,ma3,0.02,2
675,30,ma3,0.02,0
529,30,ma3,0.02,0
530,30,ma3,0.02,0
533,30,ma3,0.02,7
534,30,ma3,0.02,2
535,30,ma3,0.02,1
536,30,ma3,0.02,0
537,30,ma3,0.02,0
538,30,ma3,0.02,8
539,30,ma3,0.02,0
540,30,ma3,0.02,0
678,30,ma3,0.02,0
694,30,ma3,0.02,5
566,30,ma3,0.02,0
567,30,ma3,0.02,0
576,30,ma3,0.02,0
577,30,ma3,0.02,1
578,30,ma3,0.02,0
601,30,ma3,0.02,0
602,30,ma3,0.02,0
611,30,ma3,0.02,1
629,30,ma3,0.02,0
639,30,ma3,0.02,0
640,30,ma3,0.02,0
641,30,ma3,0.02,0
211,30,ma3,0.0,-1
252,30,ma3,0.0,0
383,30,ma3,-0.04,0
414,30,ma3,-0.04,0
135,30,ma3,-0.05,0
666,31,ma3,3.27,0
381,31,ma3,3.19,0
449,31,ma3,3.13,0
16,31,ma3,3.04,1
235,31,ma3,3.01,-1
64,31,ma3,2.96,2
430,31,ma3,2.67,1
625,31,ma3,2.62,9
423,31,ma3,2.58,0
642,31,ma3,2.58,0
455,31,ma3,2.57,2
614,31,ma3,2.57,5
516,31,ma3,2.56,0
459,31,ma3,2.54,8
402,31,ma3,2.51,0
136,31,ma3,2.5,0
612,31,ma3,2.5,1
224,31,ma3,2.48,1
324,31,ma3,2.34,0
86,31,ma3,2.33,1
660,31,ma3,2.33,0
416,31,ma3,2.3,0
487,31,ma3,2.3,0
582,31,ma3,2.3,2
332,31,ma3,2.29,0
205,31,ma3,2.28,1
158,31,ma3,2.28,1
371,31,ma3,2.27,2
237,31,ma3,2.26,0
499,31,ma3,2.26,0
488,31,ma3,2.25,0
169,31,ma3,2.24,16
372,31,ma3,2.24,0
160,31,ma3,2.23,0
167,31,ma3,2.23,7
253,31,ma3,2.23,0
299,31,ma3,2.23,2
392,31,ma3,2.23,0
553,31,ma3,2.23,0
5,31,ma3,2.22,1
6,31,ma3,2.22,1
370,31,ma3,2.22,1
593,31,ma3,2.22,3
387,31,ma3,2.21,0
668,31,ma3,2.21,0
217,31,ma3,2.2,2
358,31,ma3,2.2,1
436,31,ma3,2.2,0
507,31,ma3,2.2,1
508,31,ma3,2.2,7
267,31,ma3,2.19,0
373,31,ma3,2.19,2
129,31,ma3,2.18,0
239,31,ma3,2.18,-1
273,31,ma3,2.18,0
477,31,ma3,2.18,0
209,31,ma3,2.17,1
126,31,ma3,2.17,0
410,31,ma3,2.17,0
478,31,ma3,2.17,7
613,31,ma3,2.17,0
242,31,ma3,2.16,0
669,31,ma3,2.15,0
386,31,ma3,2.14,0
490,31,ma3,2.14,0
452,31,ma3,2.12,0
543,31,ma3,2.09,0
225,31,ma3,2.0,2
568,31,ma3,2.0,0
663,31,ma3,2.0,0
164,31,ma3,1.99,0
427,31,ma3,1.96,2
11,31,ma3,1.95,1
388,31,ma3,1.94,0
54,31,ma3,1.93,0
302,31,ma3,1.93,8
588,31,ma3,1.93,4
648,31,ma3,1.93,0
200,31,ma3,1.92,1
351,31,ma3,1.91,0
350,31,ma3,1.9,0
457,31,ma3,1.9,0
517,31,ma3,1.89,0
491,31,ma3,1.88,1
561,31,ma3,1.88,0
424,31,ma3,1.87,0
644,31,ma3,1.87,0
646,31,ma3,1.87,0
48,31,ma3,1.86,0
353,31,ma3,1.86,0
671,31,ma3,1.86,0
362,31,ma3,1.85,0
382,31,ma3,1.85,0
343,31,ma3,1.84,0
347,31,ma3,1.84,0
84,31,ma3,1.83,0
417,31,ma3,1.82,0
526,31,ma3,1.82,1
74,31,ma3,1.8,0
93,31,ma3,1.8,0
18,31,ma3,1.78,1
21,31,ma3,1.78,2
72,31,ma3,1.78,0
605,31,ma3,1.78,0
83,31,ma3,1.77,2
109,31,ma3,1.77,0
110,31,ma3,1.77,2
121,31,ma3,1.77,0
159,31,ma3,1.77,3
238,31,ma3,1.77,-1
240,31,ma3,1.77,1
300,31,ma3,1.77,0
385,31,ma3,1.77,1
403,31,ma3,1.77,0
422,31,ma3,1.77,1
454,31,ma3,1.77,1
456,31,ma3,1.77,0
466,31,ma3,1.77,0
696,31,ma3,1.77,0
610,31,ma3,1.77,1
236,31,ma3,1.76,0
335,31,ma3,1.76,0
310,31,ma3,1.75,0
597,31,ma3,1.75,0
145,31,ma3,1.74,0
250,31,ma3,1.74,0
325,31,ma3,1.74,1
661,31,ma3,1.74,0
532,31,ma3,1.74,0
573,31,ma3,1.74,0
419,31,ma3,1.73,0
486,31,ma3,1.73,1
603,31,ma3,1.73,5
73,31,ma3,1.72,1
440,31,ma3,1.72,0
683,31,ma3,1.72,0
638,31,ma3,1.72,0
654,31,ma3,1.72,0
22,31,ma3,1.71,0
418,31,ma3,1.71,1
443,31,ma3,1.71,1
489,31,ma3,1.71,6
637,31,ma3,1.7,0
47,31,ma3,1.69,13
192,31,ma3,1.69,0
329,31,ma3,1.69,0
681,31,ma3,1.69,0
580,31,ma3,1.69,1
633,31,ma3,1.69,0
337,31,ma3,1.68,7
260,31,ma3,1.67,0
621,31,ma3,1.67,0
197,31,ma3,1.66,1
157,31,ma3,1.65,0
497,31,ma3,1.64,0
515,31,ma3,1.62,0
19,31,ma3,1.61,5
384,31,ma3,1.61,0
17,31,ma3,1.59,0
119,31,ma3,1.56,0
37,31,ma3,1.53,3
450,31,ma3,1.49,0
632,31,ma3,1.49,0
178,31,ma3,1.43,0
123,31,ma3,1.42,0
241,31,ma3,1.41,0
26,31,ma3,1.4,0
226,31,ma3,1.39,0
408,31,ma3,1.38,0
485,31,ma3,1.38,0
643,31,ma3,1.38,0
409,31,ma3,1.36,1
59,31,ma3,1.35,0
303,31,ma3,1.35,2
311,31,ma3,1.35,1
505,31,ma3,1.35,2
85,31,ma3,1.34,1
97,31,ma3,1.34,0
474,31,ma3,1.34,0
476,31,ma3,1.34,0
291,31,ma3,1.33,5
569,31,ma3,1.33,0
173,31,ma3,1.32,0
374,31,ma3,1.32,2
249,31,ma3,1.31,0
256,31,ma3,1.31,0
270,31,ma3,1.3,1
354,31,ma3,1.3,0
506,31,ma3,1.3,0
301,31,ma3,1.29,8
304,31,ma3,1.29,1
365,31,ma3,1.29,1
544,31,ma3,1.29,1
584,31,ma3,1.29,0
7,31,ma3,1.28,10
560,31,ma3,1.28,0
518,31,ma3,1.26,0
586,31,ma3,1.26,2
257,31,ma3,1.25,0
552,31,ma3,1.25,1
645,31,ma3,1.24,0
120,31,ma3,1.23,2
166,31,ma3,1.23,2
58,31,ma3,1.22,0
202,31,ma3,1.22,0
258,31,ma3,1.22,1
366,31,ma3,1.21,0
53,31,ma3,1.2,0
591,31,ma3,1.2,0
107,31,ma3,1.19,5
293,31,ma3,1.19,1
287,31,ma3,1.18,0
1,31,ma3,1.17,0
122,31,ma3,1.17,0
585,31,ma3,1.17,1
31,31,ma3,1.16,6
677,31,ma3,1.16,0
106,31,ma3,1.16,2
251,31,ma3,1.16,0
397,31,ma3,1.16,2
420,31,ma3,1.16,0
421,31,ma3,1.16,0
453,31,ma3,1.16,0
465,31,ma3,1.16,7
500,31,ma3,1.16,0
583,31,ma3,1.16,0
531,31,ma3,1.15,0
352,31,ma3,1.14,0
444,31,ma3,1.14,0
338,31,ma3,1.12,0
411,31,ma3,1.11,0
609,31,ma3,1.11,14
146,31,ma3,1.1,1
522,31,ma3,1.1,0
36,31,ma3,1.08,0
151,31,ma3,1.08,0
182,31,ma3,1.08,2
413,31,ma3,1.08,0
431,31,ma3,1.08,0
113,31,ma3,1.07,1
314,31,ma3,1.07,0
469,31,ma3,1.07,1
295,31,ma3,1.06,0
317,31,ma3,1.06,0
565,31,ma3,1.06,0
233,31,ma3,1.05,2
220,31,ma3,1.04,2
502,31,ma3,1.04,0
82,31,ma3,1.03,0
191,31,ma3,1.02,0
441,31,ma3,1.01,2
521,31,ma3,1.01,0
575,31,ma3,1.0,1
624,31,ma3,0.99,1
207,31,ma3,0.98,0
283,31,ma3,0.98,14
266,31,ma3,0.97,2
618,31,ma3,0.97,1
90,31,ma3,0.96,0
525,31,ma3,0.96,0
246,31,ma3,0.95,2
542,31,ma3,0.92,0
685,31,ma3,0.9,0
40,31,ma3,0.88,16
607,31,ma3,0.88,0
261,31,ma3,0.87,2
342,31,ma3,0.87,14
348,31,ma3,0.87,0
30,31,ma3,0.86,0
190,31,ma3,0.86,1
541,31,ma3,0.86,0
318,31,ma3,0.85,12
670,31,ma3,0.85,0
631,31,ma3,0.85,0
33,31,ma3,0.84,0
67,31,ma3,0.84,0
322,31,ma3,0.84,0
679,31,ma3,0.84,0
321,31,ma3,0.82,1
187,31,ma3,0.8,0
596,31,ma3,0.8,1
470,31,ma3,0.78,0
407,31,ma3,0.76,2
162,31,ma3,0.75,0
682,31,ma3,0.75,2
442,31,ma3,0.74,0
635,31,ma3,0.73,0
8,31,ma3,0.67,1
665,31,ma3,0.64,0
139,31,ma3,0.63,1
101,31,ma3,0.61,0
210,31,ma3,0.6,0
406,31,ma3,0.6,0
673,31,ma3,0.6,0
547,31,ma3,0.58,0
330,31,ma3,0.57,5
376,31,ma3,0.57,2
272,31,ma3,0.56,1
356,31,ma3,0.56,1
77,31,ma3,0.55,0
228,31,ma3,0.53,0
326,31,ma3,0.53,0
128,31,ma3,0.52,0
170,31,ma3,0.52,6
493,31,ma3,0.5,2
124,31,ma3,0.49,2
38,31,ma3,0.48,0
10,31,ma3,0.46,6
676,31,ma3,0.45,0
319,31,ma3,0.44,1
9,31,ma3,0.43,0
23,31,ma3,0.43,1
24,31,ma3,0.43,0
25,31,ma3,0.43,1
662,31,ma3,0.43,0
49,31,ma3,0.43,0
51,31,ma3,0.43,0
201,31,ma3,0.43,2
215,31,ma3,0.43,2
680,31,ma3,0.43,10
98,31,ma3,0.43,0
161,31,ma3,0.43,3
163,31,ma3,0.43,1
165,31,ma3,0.43,5
179,31,ma3,0.43,0
180,31,ma3,0.43,1
284,31,ma3,0.43,2
290,31,ma3,0.43,2
327,31,ma3,0.43,6
328,31,ma3,0.43,0
691,31,ma3,0.43,0
389,31,ma3,0.43,0
390,31,ma3,0.43,0
399,31,ma3,0.43,0
404,31,ma3,0.43,0
405,31,ma3,0.43,1
52,31,ma3,0.43,0
473,31,ma3,0.43,0
426,31,ma3,0.43,0
527,31,ma3,0.43,1
693,31,ma3,0.43,2
545,31,ma3,0.43,0
587,31,ma3,0.43,1
589,31,ma3,0.43,3
615,31,ma3,0.43,0
647,31,ma3,0.43,0
331,31,ma3,0.42,1
276,31,ma3,0.41,0
628,31,ma3,0.39,0
148,31,ma3,0.38,8
116,31,ma3,0.33,2
579,31,ma3,0.27,0
20,31,ma3,0.25,0
81,31,ma3,0.25,5
415,31,ma3,0.25,0
451,31,ma3,0.25,0
581,31,ma3,0.25,0
12,31,ma3,0.24,0
27,31,ma3,0.24,0
32,31,ma3,0.24,1
55,31,ma3,0.24,0
56,31,ma3,0.24,0
57,31,ma3,0.24,1
203,31,ma3,0.24,0
204,31,ma3,0.24,0
206,31,ma3,0.24,0
208,31,ma3,0.24,0
216,31,ma3,0.24,0
71,31,ma3,0.24,1
87,31,ma3,0.24,1
88,31,ma3,0.24,1
89,31,ma3,0.24,1
91,31,ma3,0.24,0
391,31,ma3,0.24,1
125,31,ma3,0.24,9
127,31,ma3,0.24,0
168,31,ma3,0.24,1
171,31,ma3,0.24,3
172,31,ma3,0.24,0
174,31,ma3,0.24,0
181,31,ma3,0.24,0
227,31,ma3,0.24,0
243,31,ma3,0.24,0
244,31,ma3,0.24,-1
245,31,ma3,0.24,2
672,31,ma3,0.24,0
259,31,ma3,0.24,2
268,31,ma3,0.24,0
269,31,ma3,0.24,0
271,31,ma3,0.24,1
285,31,ma3,0.24,9
292,31,ma3,0.24,0
312,31,ma3,0.24,2
316,31,ma3,0.24,1
355,31,ma3,0.24,0
357,31,ma3,0.24,1
363,31,ma3,0.24,0
364,31,ma3,0.24,0
375,31,ma3,0.24,0
377,31,ma3,0.24,1
692,31,ma3,0.24,0
400,31,ma3,0.24,2
412,31,ma3,0.24,0
428,31,ma3,0.24,9
429,31,ma3,0.24,0
432,31,ma3,0.24,0
437,31,ma3,0.24,0
438,31,ma3,0.24,0
458,31,ma3,0.24,2
475,31,ma3,0.24,0
492,31,ma3,0.24,0
494,31,ma3,0.24,0
674,31,ma3,0.24,0
684,31,ma3,0.24,0
519,31,ma3,0.24,3
520,31,ma3,0.24,0
546,31,ma3,0.24,0
548,31,ma3,0.24,1
549,31,ma3,0.24,1
550,31,ma3,0.24,0
551,31,ma3,0.24,0
590,31,ma3,0.24,0
592,31,ma3,0.24,0
616,31,ma3,0.24,2
617,31,ma3,0.24,0
619,31,ma3,0.24,1
649,31,ma3,0.24,0
655,31,ma3,0.24,0
656,31,ma3,0.24,0
50,31,ma3,0.23,0
425,31,ma3,0.23,2
2,31,ma3,0.12,3
28,31,ma3,0.12,7
29,31,ma3,0.12,0
39,31,ma3,0.12,6
41,31,ma3,0.12,0
60,31,ma3,0.12,0
61,31,ma3,0.12,0
62,31,ma3,0.12,0
63,31,ma3,0.12,0
65,31,ma3,0.12,0
183,31,ma3,0.12,0
186,31,ma3,0.12,2
212,31,ma3,0.12,7
213,31,ma3,0.12,0
214,31,ma3,0.12,0
218,31,ma3,0.12,0
219,31,ma3,0.12,0
66,31,ma3,0.12,15
92,31,ma3,0.12,1
94,31,ma3,0.12,1
95,31,ma3,0.12,2
96,31,ma3,0.12,0
99,31,ma3,0.12,0
100,31,ma3,0.12,0
687,31,ma3,0.12,0
108,31,ma3,0.12,2
111,31,ma3,0.12,1
112,31,ma3,0.12,0
130,31,ma3,0.12,1
131,31,ma3,0.12,0
132,31,ma3,0.12,1
133,31,ma3,0.12,6
134,31,ma3,0.12,0
137,31,ma3,0.12,0
138,31,ma3,0.12,0
143,31,ma3,0.12,0
144,31,ma3,0.12,0
147,31,ma3,0.12,0
149,31,ma3,0.12,0
150,31,ma3,0.12,0
152,31,ma3,0.12,0
153,31,ma3,0.12,1
175,31,ma3,0.12,9
176,31,ma3,0.12,0
177,31,ma3,0.12,0
221,31,ma3,0.12,0
229,31,ma3,0.12,0
230,31,ma3,0.12,-1
231,31,ma3,0.12,12
232,31,ma3,0.12,0
247,31,ma3,0.12,0
248,31,ma3,0.12,0
274,31,ma3,0.12,1
275,31,ma3,0.12,5
277,31,ma3,0.12,1
278,31,ma3,0.12,0
279,31,ma3,0.12,1
280,31,ma3,0.12,2
281,31,ma3,0.12,2
282,31,ma3,0.12,1
286,31,ma3,0.12,0
690,31,ma3,0.12,1
288,31,ma3,0.12,16
294,31,ma3,0.12,0
296,31,ma3,0.12,0
305,31,ma3,0.12,7
306,31,ma3,0.12,0
307,31,ma3,0.12,3
308,31,ma3,0.12,0
309,31,ma3,0.12,2
313,31,ma3,0.12,0
667,31,ma3,0.12,0
320,31,ma3,0.12,0
333,31,ma3,0.12,3
334,31,ma3,0.12,0
336,31,ma3,0.12,0
339,31,ma3,0.12,0
359,31,ma3,0.12,0
360,31,ma3,0.12,0
361,31,ma3,0.12,0
367,31,ma3,0.12,1
393,31,ma3,0.12,0
394,31,ma3,0.12,2
395,31,ma3,0.12,0
396,31,ma3,0.12,0
398,31,ma3,0.12,0
686,31,ma3,0.12,1
439,31,ma3,0.12,0
460,31,ma3,0.12,0
461,31,ma3,0.12,1
462,31,ma3,0.12,0
463,31,ma3,0.12,1
464,31,ma3,0.12,7
467,31,ma3,0.12,2
468,31,ma3,0.12,2
479,31,ma3,0.12,3
480,31,ma3,0.12,0
495,31,ma3,0.12,0
496,31,ma3,0.12,0
498,31,ma3,0.12,0
501,31,ma3,0.12,0
689,31,ma3,0.12,1
509,31,ma3,0.12,1
510,31,ma3,0.12,1
511,31,ma3,0.12,0
512,31,ma3,0.12,2
523,31,ma3,0.12,0
524,31,ma3,0.12,0
528,31,ma3,0.12,0
554,31,ma3,0.12,0
555,31,ma3,0.12,0
556,31,ma3,0.12,0
557,31,ma3,0.12,0
558,31,ma3,0.12,1
559,31,ma3,0.12,0
562,31,ma3,0.12,0
563,31,ma3,0.12,0
564,31,ma3,0.12,0
570,31,ma3,0.12,5
571,31,ma3,0.12,0
572,31,ma3,0.12,0
574,31,ma3,0.12,3
594,31,ma3,0.12,2
595,31,ma3,0.12,0
598,31,ma3,0.12,0
599,31,ma3,0.12,0
600,31,ma3,0.12,0
604,31,ma3,0.12,0
606,31,ma3,0.12,0
608,31,ma3,0.12,0
620,31,ma3,0.12,0
622,31,ma3,0.12,0
623,31,ma3,0.12,0
626,31,ma3,0.12,0
659,31,ma3,0.12,0
627,31,ma3,0.12,0
634,31,ma3,0.12,0
636,31,ma3,0.12,0
650,31,ma3,0.12,0
651,31,ma3,0.12,0
652,31,ma3,0.12,0
653,31,ma3,0.12,0
657,31,ma3,0.12,0
658,31,ma3,0.12,0
695,31,ma3,0.12,0
3,31,ma3,0.02,2
4,31,ma3,0.02,0
13,31,ma3,0.02,0
14,31,ma3,0.02,0
15,31,ma3,0.02,1
34,31,ma3,0.02,0
35,31,ma3,0.02,0
42,31,ma3,0.02,3
43,31,ma3,0.02,0
44,31,ma3,0.02,6
45,31,ma3,0.02,0
46,31,ma3,0.02,3
688,31,ma3,0.02,2
184,31,ma3,0.02,0
185,31,ma3,0.02,0
188,31,ma3,0.02,0
189,31,ma3,0.02,1
193,31,ma3,0.02,0
194,31,ma3,0.02,0
195,31,ma3,0.02,1
196,31,ma3,0.02,0
198,31,ma3,0.02,0
199,31,ma3,0.02,1
68,31,ma3,0.02,0
69,31,ma3,0.02,1
70,31,ma3,0.02,2
75,31,ma3,0.02,1
76,31,ma3,0.02,0
78,31,ma3,0.02,0
79,31,ma3,0.02,2
80,31,ma3,0.02,2
102,31,ma3,0.02,0
103,31,ma3,0.02,5
104,31,ma3,0.02,5
105,31,ma3,0.02,0
114,31,ma3,0.02,0
115,31,ma3,0.02,0
117,31,ma3,0.02,0
118,31,ma3,0.02,0
140,31,ma3,0.02,1
141,31,ma3,0.02,0
142,31,ma3,0.02,1
154,31,ma3,0.02,0
155,31,ma3,0.02,0
156,31,ma3,0.02,6
222,31,ma3,0.02,0
223,31,ma3,0.02,0
234,31,ma3,0.02,0
254,31,ma3,0.02,0
255,31,ma3,0.02,1
262,31,ma3,0.02,6
263,31,ma3,0.02,0
264,31,ma3,0.02,0
265,31,ma3,0.02,2
289,31,ma3,0.02,0
297,31,ma3,0.02,5
298,31,ma3,0.02,0
630,31,ma3,0.02,0
315,31,ma3,0.02,4
323,31,ma3,0.02,0
664,31,ma3,0.02,0
340,31,ma3,0.02,3
341,31,ma3,0.02,6
344,31,ma3,0.02,0
345,31,ma3,0.02,5
346,31,ma3,0.02,2
349,31,ma3,0.02,0
368,31,ma3,0.02,0
369,31,ma3,0.02,1
378,31,ma3,0.02,0
379,31,ma3,0.02,0
380,31,ma3,0.02,0
401,31,ma3,0.02,0
433,31,ma3,0.02,2
434,31,ma3,0.02,0
435,31,ma3,0.02,0
445,31,ma3,0.02,0
446,31,ma3,0.02,2
447,31,ma3,0.02,0
448,31,ma3,0.02,3
471,31,ma3,0.02,0
472,31,ma3,0.02,0
481,31,ma3,0.02,6
482,31,ma3,0.02,6
483,31,ma3,0.02,0
484,31,ma3,0.02,6
503,31,ma3,0.02,1
504,31,ma3,0.02,0
513,31,ma3,0.02,1
514,31,ma3,0.02,6
675,31,ma3,0.02,0
529,31,ma3,0.02,0
530,31,ma3,0.02,0
533,31,ma3,0.02,0
534,31,ma3,0.02,10
535,31,ma3,0.02,2
536,31,ma3,0.02,0
537,31,ma3,0.02,0
538,31,ma3,0.02,6
539,31,ma3,0.02,0
540,31,ma3,0.02,0
678,31,ma3,0.02,0
694,31,ma3,0.02,10
566,31,ma3,0.02,0
567,31,ma3,0.02,0
576,31,ma3,0.02,1
577,31,ma3,0.02,0
578,31,ma3,0.02,0
601,31,ma3,0.02,0
602,31,ma3,0.02,1
611,31,ma3,0.02,1
629,31,ma3,0.02,0
639,31,ma3,0.02,0
640,31,ma3,0.02,0
641,31,ma3,0.02,0
211,31,ma3,0.0,8
252,31,ma3,0.0,1
383,31,ma3,-0.04,0
414,31,ma3,-0.04,0
135,31,ma3,-0.05,1
666,32,ma3,3.27,0
381,32,ma3,3.19,0
449,32,ma3,3.13,0
16,32,ma3,3.04,1
235,32,ma3,3.01,0
64,32,ma3,2.96,2
430,32,ma3,2.67,-1
625,32,ma3,2.62,1
423,32,ma3,2.58,4
642,32,ma3,2.58,0
455,32,ma3,2.57,6
614,32,ma3,2.57,5
516,32,ma3,2.56,0
459,32,ma3,2.54,1
402,32,ma3,2.51,0
612,32,ma3,2.5,2
224,32,ma3,2.48,1
86,32,ma3,2.33,2
416,32,ma3,2.3,0
487,32,ma3,2.3,0
582,32,ma3,2.3,2
205,32,ma3,2.28,2
158,32,ma3,2.28,1
371,32,ma3,2.27,12
237,32,ma3,2.26,0
499,32,ma3,2.26,0
488,32,ma3,2.25,0
169,32,ma3,2.24,3
372,32,ma3,2.24,0
160,32,ma3,2.23,0
167,32,ma3,2.23,6
253,32,ma3,2.23,0
392,32,ma3,2.23,0
553,32,ma3,2.23,0
5,32,ma3,2.22,1
6,32,ma3,2.22,2
370,32,ma3,2.22,5
387,32,ma3,2.21,0
668,32,ma3,2.21,0
217,32,ma3,2.2,2
358,32,ma3,2.2,2
436,32,ma3,2.2,0
507,32,ma3,2.2,1
508,32,ma3,2.2,1
267,32,ma3,2.19,2
373,32,ma3,2.19,5
239,32,ma3,2.18,0
273,32,ma3,2.18,0
477,32,ma3,2.18,0
209,32,ma3,2.17,2
410,32,ma3,2.17,1
478,32,ma3,2.17,1
613,32,ma3,2.17,0
242,32,ma3,2.16,0
669,32,ma3,2.15,0
386,32,ma3,2.14,0
490,32,ma3,2.14,0
452,32,ma3,2.12,0
225,32,ma3,2.0,2
568,32,ma3,2.0,0
663,32,ma3,2.0,0
164,32,ma3,1.99,0
427,32,ma3,1.96,6
11,32,ma3,1.95,1
388,32,ma3,1.94,1
54,32,ma3,1.93,0
588,32,ma3,1.93,1
648,32,ma3,1.93,0
200,32,ma3,1.92,1
351,32,ma3,1.91,0
350,32,ma3,1.9,0
457,32,ma3,1.9,12
517,32,ma3,1.89,0
491,32,ma3,1.88,0
561,32,ma3,1.88,0
424,32,ma3,1.87,0
644,32,ma3,1.87,0
646,32,ma3,1.87,0
353,32,ma3,1.86,0
671,32,ma3,1.86,0
362,32,ma3,1.85,0
382,32,ma3,1.85,0
84,32,ma3,1.83,0
417,32,ma3,1.82,0
526,32,ma3,1.82,2
74,32,ma3,1.8,0
93,32,ma3,1.8,1
18,32,ma3,1.78,0
21,32,ma3,1.78,0
72,32,ma3,1.78,0
605,32,ma3,1.78,0
83,32,ma3,1.77,1
110,32,ma3,1.77,1
159,32,ma3,1.77,3
238,32,ma3,1.77,3
240,32,ma3,1.77,2
385,32,ma3,1.77,1
403,32,ma3,1.77,0
422,32,ma3,1.77,1
454,32,ma3,1.77,1
456,32,ma3,1.77,0
466,32,ma3,1.77,0
696,32,ma3,1.77,0
236,32,ma3,1.76,0
597,32,ma3,1.75,0
250,32,ma3,1.74,0
532,32,ma3,1.74,0
419,32,ma3,1.73,0
486,32,ma3,1.73,1
603,32,ma3,1.73,8
73,32,ma3,1.72,1
440,32,ma3,1.72,0
683,32,ma3,1.72,0
638,32,ma3,1.72,0
654,32,ma3,1.72,0
22,32,ma3,1.71,0
418,32,ma3,1.71,0
443,32,ma3,1.71,-2
489,32,ma3,1.71,0
637,32,ma3,1.7,0
47,32,ma3,1.69,2
192,32,ma3,1.69,3
681,32,ma3,1.69,0
580,32,ma3,1.69,1
633,32,ma3,1.69,0
260,32,ma3,1.67,0
621,32,ma3,1.67,0
197,32,ma3,1.66,0
157,32,ma3,1.65,0
497,32,ma3,1.64,0
515,32,ma3,1.62,0
19,32,ma3,1.61,9
384,32,ma3,1.61,0
17,32,ma3,1.59,0
37,32,ma3,1.53,2
450,32,ma3,1.49,1
632,32,ma3,1.49,0
178,32,ma3,1.43,0
241,32,ma3,1.41,0
26,32,ma3,1.4,0
226,32,ma3,1.39,0
408,32,ma3,1.38,1
485,32,ma3,1.38,0
409,32,ma3,1.36,0
59,32,ma3,1.35,0
505,32,ma3,1.35,1
85,32,ma3,1.34,2
97,32,ma3,1.34,0
474,32,ma3,1.34,0
476,32,ma3,1.34,0
291,32,ma3,1.33,2
173,32,ma3,1.32,0
374,32,ma3,1.32,2
249,32,ma3,1.31,0
256,32,ma3,1.31,0
270,32,ma3,1.3,0
354,32,ma3,1.3,0
506,32,ma3,1.3,0
365,32,ma3,1.29,13
584,32,ma3,1.29,0
7,32,ma3,1.28,7
560,32,ma3,1.28,0
518,32,ma3,1.26,0
257,32,ma3,1.25,0
552,32,ma3,1.25,0
645,32,ma3,1.24,0
166,32,ma3,1.23,2
58,32,ma3,1.22,0
202,32,ma3,1.22,0
258,32,ma3,1.22,10
366,32,ma3,1.21,8
53,32,ma3,1.2,0
591,32,ma3,1.2,0
293,32,ma3,1.19,1
287,32,ma3,1.18,0
1,32,ma3,1.17,0
585,32,ma3,1.17,1
31,32,ma3,1.16,1
251,32,ma3,1.16,0
397,32,ma3,1.16,2
420,32,ma3,1.16,0
421,32,ma3,1.16,0
453,32,ma3,1.16,0
465,32,ma3,1.16,6
500,32,ma3,1.16,0
583,32,ma3,1.16,0
531,32,ma3,1.15,0
352,32,ma3,1.14,0
444,32,ma3,1.14,0
411,32,ma3,1.11,0
522,32,ma3,1.1,0
36,32,ma3,1.08,0
182,32,ma3,1.08,6
413,32,ma3,1.08,0
431,32,ma3,1.08,0
469,32,ma3,1.07,6
295,32,ma3,1.06,6
565,32,ma3,1.06,0
233,32,ma3,1.05,2
220,32,ma3,1.04,-1
82,32,ma3,1.03,0
191,32,ma3,1.02,1
441,32,ma3,1.01,1
521,32,ma3,1.01,0
575,32,ma3,1.0,1
624,32,ma3,0.99,0
207,32,ma3,0.98,0
283,32,ma3,0.98,7
266,32,ma3,0.97,1
618,32,ma3,0.97,1
90,32,ma3,0.96,0
525,32,ma3,0.96,0
246,32,ma3,0.95,2
685,32,ma3,0.9,0
40,32,ma3,0.88,2
607,32,ma3,0.88,0
261,32,ma3,0.87,0
30,32,ma3,0.86,1
190,32,ma3,0.86,0
541,32,ma3,0.86,0
670,32,ma3,0.85,0
631,32,ma3,0.85,0
33,32,ma3,0.84,1
67,32,ma3,0.84,1
321,32,ma3,0.82,2
187,32,ma3,0.8,0
470,32,ma3,0.78,0
407,32,ma3,0.76,2
682,32,ma3,0.75,8
442,32,ma3,0.74,0
8,32,ma3,0.67,0
665,32,ma3,0.64,0
210,32,ma3,0.6,0
406,32,ma3,0.6,2
547,32,ma3,0.58,0
376,32,ma3,0.57,2
356,32,ma3,0.56,5
77,32,ma3,0.55,0
228,32,ma3,0.53,0
170,32,ma3,0.52,5
493,32,ma3,0.5,12
38,32,ma3,0.48,0
10,32,ma3,0.46,4
676,32,ma3,0.45,0
9,32,ma3,0.43,0
23,32,ma3,0.43,4
24,32,ma3,0.43,0
25,32,ma3,0.43,1
662,32,ma3,0.43,0
49,32,ma3,0.43,0
51,32,ma3,0.43,0
201,32,ma3,0.43,2
215,32,ma3,0.43,2
680,32,ma3,0.43,1
98,32,ma3,0.43,0
161,32,ma3,0.43,3
163,32,ma3,0.43,1
165,32,ma3,0.43,6
179,32,ma3,0.43,0
180,32,ma3,0.43,6
284,32,ma3,0.43,4
290,32,ma3,0.43,1
691,32,ma3,0.43,0
389,32,ma3,0.43,0
390,32,ma3,0.43,0
399,32,ma3,0.43,0
404,32,ma3,0.43,0
405,32,ma3,0.43,0
52,32,ma3,0.43,0
473,32,ma3,0.43,0
426,32,ma3,0.43,1
527,32,ma3,0.43,0
693,32,ma3,0.43,9
545,32,ma3,0.43,0
589,32,ma3,0.43,2
647,32,ma3,0.43,0
276,32,ma3,0.41,0
628,32,ma3,0.39,0
579,32,ma3,0.27,0
20,32,ma3,0.25,0
81,32,ma3,0.25,2
415,32,ma3,0.25,0
451,32,ma3,0.25,0
581,32,ma3,0.25,0
12,32,ma3,0.24,0
27,32,ma3,0.24,0
32,32,ma3,0.24,1
55,32,ma3,0.24,0
56,32,ma3,0.24,0
57,32,ma3,0.24,1
203,32,ma3,0.24,0
204,32,ma3,0.24,1
206,32,ma3,0.24,0
208,32,ma3,0.24,0
216,32,ma3,0.24,0
71,32,ma3,0.24,0
87,32,ma3,0.24,0
88,32,ma3,0.24,2
89,32,ma3,0.24,1
91,32,ma3,0.24,0
391,32,ma3,0.24,1
168,32,ma3,0.24,1
171,32,ma3,0.24,3
172,32,ma3,0.24,0
174,32,ma3,0.24,0
181,32,ma3,0.24,0
227,32,ma3,0.24,4
243,32,ma3,0.24,0
244,32,ma3,0.24,1
245,32,ma3,0.24,1
672,32,ma3,0.24,0
259,32,ma3,0.24,2
268,32,ma3,0.24,0
269,32,ma3,0.24,1
271,32,ma3,0.24,2
285,32,ma3,0.24,5
292,32,ma3,0.24,0
355,32,ma3,0.24,0
357,32,ma3,0.24,2
363,32,ma3,0.24,1
364,32,ma3,0.24,0
375,32,ma3,0.24,0
377,32,ma3,0.24,2
692,32,ma3,0.24,0
400,32,ma3,0.24,7
412,32,ma3,0.24,0
428,32,ma3,0.24,2
429,32,ma3,0.24,0
432,32,ma3,0.24,0
437,32,ma3,0.24,0
438,32,ma3,0.24,0
458,32,ma3,0.24,6
475,32,ma3,0.24,0
492,32,ma3,0.24,0
494,32,ma3,0.24,0
546,32,ma3,0.24,0
548,32,ma3,0.24,2
549,32,ma3,0.24,1
590,32,ma3,0.24,0
592,32,ma3,0.24,0
619,32,ma3,0.24,1
649,32,ma3,0.24,0
655,32,ma3,0.24,0
50,32,ma3,0.23,0
425,32,ma3,0.23,-1
2,32,ma3,0.12,2
28,32,ma3,0.12,2
29,32,ma3,0.12,0
39,32,ma3,0.12,2
41,32,ma3,0.12,0
60,32,ma3,0.12,0
61,32,ma3,0.12,0
62,32,ma3,0.12,0
63,32,ma3,0.12,0
65,32,ma3,0.12,0
183,32,ma3,0.12,0
186,32,ma3,0.12,3
212,32,ma3,0.12,9
213,32,ma3,0.12,0
214,32,ma3,0.12,0
218,32,ma3,0.12,0
219,32,ma3,0.12,0
66,32,ma3,0.12,2
92,32,ma3,0.12,2
94,32,ma3,0.12,0
95,32,ma3,0.12,7
96,32,ma3,0.12,0
99,32,ma3,0.12,0
100,32,ma3,0.12,0
687,32,ma3,0.12,0
111,32,ma3,0.12,1
130,32,ma3,0.12,0
152,32,ma3,0.12,0
153,32,ma3,0.12,0
175,32,ma3,0.12,10
176,32,ma3,0.12,0
177,32,ma3,0.12,0
221,32,ma3,0.12,0
229,32,ma3,0.12,0
230,32,ma3,0.12,1
231,32,ma3,0.12,0
232,32,ma3,0.12,0
247,32,ma3,0.12,0
248,32,ma3,0.12,0
274,32,ma3,0.12,1
275,32,ma3,0.12,2
277,32,ma3,0.12,1
278,32,ma3,0.12,0
279,32,ma3,0.12,0
280,32,ma3,0.12,1
281,32,ma3,0.12,2
282,32,ma3,0.12,4
286,32,ma3,0.12,0
288,32,ma3,0.12,13
294,32,ma3,0.12,0
296,32,ma3,0.12,0
313,32,ma3,0.12,0
667,32,ma3,0.12,0
359,32,ma3,0.12,0
360,32,ma3,0.12,1
361,32,ma3,0.12,0
367,32,ma3,0.12,0
393,32,ma3,0.12,0
394,32,ma3,0.12,1
395,32,ma3,0.12,0
396,32,ma3,0.12,0
398,32,ma3,0.12,0
686,32,ma3,0.12,0
439,32,ma3,0.12,0
460,32,ma3,0.12,0
461,32,ma3,0.12,6
462,32,ma3,0.12,0
463,32,ma3,0.12,11
464,32,ma3,0.12,3
467,32,ma3,0.12,9
468,32,ma3,0.12,6
479,32,ma3,0.12,2
480,32,ma3,0.12,1
495,32,ma3,0.12,0
496,32,ma3,0.12,0
498,32,ma3,0.12,0
501,32,ma3,0.12,0
509,32,ma3,0.12,1
510,32,ma3,0.12,2
511,32,ma3,0.12,0
512,32,ma3,0.12,0
523,32,ma3,0.12,0
524,32,ma3,0.12,0
528,32,ma3,0.12,0
554,32,ma3,0.12,0
555,32,ma3,0.12,0
556,32,ma3,0.12,0
557,32,ma3,0.12,0
558,32,ma3,0.12,0
562,32,ma3,0.12,1
563,32,ma3,0.12,0
564,32,ma3,0.12,0
570,32,ma3,0.12,3
571,32,ma3,0.12,0
572,32,ma3,0.12,0
574,32,ma3,0.12,2
594,32,ma3,0.12,13
595,32,ma3,0.12,0
598,32,ma3,0.12,0
604,32,ma3,0.12,0
608,32,ma3,0.12,0
620,32,ma3,0.12,0
622,32,ma3,0.12,0
623,32,ma3,0.12,6
626,32,ma3,0.12,0
659,32,ma3,0.12,0
627,32,ma3,0.12,0
634,32,ma3,0.12,0
636,32,ma3,0.12,0
650,32,ma3,0.12,0
657,32,ma3,0.12,0
658,32,ma3,0.12,0
695,32,ma3,0.12,0
3,32,ma3,0.02,0
4,32,ma3,0.02,0
13,32,ma3,0.02,13
14,32,ma3,0.02,0
15,32,ma3,0.02,2
34,32,ma3,0.02,1
35,32,ma3,0.02,1
42,32,ma3,0.02,5
43,32,ma3,0.02,0
44,32,ma3,0.02,2
45,32,ma3,0.02,0
46,32,ma3,0.02,8
688,32,ma3,0.02,2
184,32,ma3,0.02,0
185,32,ma3,0.02,0
188,32,ma3,0.02,0
189,32,ma3,0.02,3
193,32,ma3,0.02,1
194,32,ma3,0.02,8
195,32,ma3,0.02,1
196,32,ma3,0.02,0
198,32,ma3,0.02,0
199,32,ma3,0.02,6
68,32,ma3,0.02,0
69,32,ma3,0.02,2
70,32,ma3,0.02,2
75,32,ma3,0.02,1
76,32,ma3,0.02,0
78,32,ma3,0.02,0
79,32,ma3,0.02,0
80,32,ma3,0.02,9
105,32,ma3,0.02,0
154,32,ma3,0.02,0
155,32,ma3,0.02,0
156,32,ma3,0.02,7
222,32,ma3,0.02,0
223,32,ma3,0.02,0
234,32,ma3,0.02,0
254,32,ma3,0.02,0
255,32,ma3,0.02,4
262,32,ma3,0.02,8
263,32,ma3,0.02,0
264,32,ma3,0.02,0
265,32,ma3,0.02,1
289,32,ma3,0.02,0
297,32,ma3,0.02,1
298,32,ma3,0.02,0
630,32,ma3,0.02,0
664,32,ma3,0.02,0
346,32,ma3,0.02,10
349,32,ma3,0.02,0
368,32,ma3,0.02,0
369,32,ma3,0.02,4
378,32,ma3,0.02,0
379,32,ma3,0.02,0
380,32,ma3,0.02,0
401,32,ma3,0.02,0
433,32,ma3,0.02,5
434,32,ma3,0.02,0
435,32,ma3,0.02,2
445,32,ma3,0.02,0
446,32,ma3,0.02,1
447,32,ma3,0.02,0
448,32,ma3,0.02,-1
471,32,ma3,0.02,0
472,32,ma3,0.02,5
481,32,ma3,0.02,1
482,32,ma3,0.02,1
483,32,ma3,0.02,1
484,32,ma3,0.02,1
503,32,ma3,0.02,1
513,32,ma3,0.02,0
514,32,ma3,0.02,3
675,32,ma3,0.02,0
529,32,ma3,0.02,0
530,32,ma3,0.02,0
534,32,ma3,0.02,3
535,32,ma3,0.02,2
536,32,ma3,0.02,2
537,32,ma3,0.02,0
538,32,ma3,0.02,1
539,32,ma3,0.02,0
540,32,ma3,0.02,0
678,32,ma3,0.02,0
694,32,ma3,0.02,2
566,32,ma3,0.02,0
567,32,ma3,0.02,0
576,32,ma3,0.02,0
577,32,ma3,0.02,0
578,32,ma3,0.02,0
601,32,ma3,0.02,0
602,32,ma3,0.02,1
611,32,ma3,0.02,3
629,32,ma3,0.02,0
639,32,ma3,0.02,0
641,32,ma3,0.02,0
211,32,ma3,0.0,2
252,32,ma3,0.0,1
383,32,ma3,-0.04,0
414,32,ma3,-0.04,0
666,33,ma3,3.27,0
381,33,ma3,3.19,0
449,33,ma3,3.13,0
16,33,ma3,3.04,0
235,33,ma3,3.01,0
64,33,ma3,2.96,2
430,33,ma3,2.67,1
625,33,ma3,2.62,1
423,33,ma3,2.58,0
642,33,ma3,2.58,0
455,33,ma3,2.57,1
614,33,ma3,2.57,0
516,33,ma3,2.56,1
459,33,ma3,2.54,6
402,33,ma3,2.51,0
136,33,ma3,2.5,0
612,33,ma3,2.5,2
224,33,ma3,2.48,0
324,33,ma3,2.34,0
86,33,ma3,2.33,3
660,33,ma3,2.33,0
416,33,ma3,2.3,0
487,33,ma3,2.3,0
582,33,ma3,2.3,0
332,33,ma3,2.29,1
205,33,ma3,2.28,1
158,33,ma3,2.28,1
371,33,ma3,2.27,9
237,33,ma3,2.26,0
499,33,ma3,2.26,0
488,33,ma3,2.25,0
169,33,ma3,2.24,2
372,33,ma3,2.24,0
160,33,ma3,2.23,0
167,33,ma3,2.23,1
253,33,ma3,2.23,0
299,33,ma3,2.23,2
392,33,ma3,2.23,0
553,33,ma3,2.23,0
5,33,ma3,2.22,6
6,33,ma3,2.22,1
370,33,ma3,2.22,3
593,33,ma3,2.22,2
387,33,ma3,2.21,0
668,33,ma3,2.21,0
217,33,ma3,2.2,2
358,33,ma3,2.2,1
436,33,ma3,2.2,0
507,33,ma3,2.2,1
508,33,ma3,2.2,6
267,33,ma3,2.19,2
373,33,ma3,2.19,5
129,33,ma3,2.18,0
239,33,ma3,2.18,2
273,33,ma3,2.18,0
477,33,ma3,2.18,0
209,33,ma3,2.17,2
126,33,ma3,2.17,0
410,33,ma3,2.17,2
478,33,ma3,2.17,8
613,33,ma3,2.17,0
242,33,ma3,2.16,0
669,33,ma3,2.15,0
386,33,ma3,2.14,0
490,33,ma3,2.14,0
452,33,ma3,2.12,0
543,33,ma3,2.09,0
225,33,ma3,2.0,2
568,33,ma3,2.0,0
663,33,ma3,2.0,0
164,33,ma3,1.99,0
427,33,ma3,1.96,11
11,33,ma3,1.95,1
388,33,ma3,1.94,2
54,33,ma3,1.93,0
302,33,ma3,1.93,9
588,33,ma3,1.93,0
648,33,ma3,1.93,0
200,33,ma3,1.92,1
351,33,ma3,1.91,0
350,33,ma3,1.9,0
457,33,ma3,1.9,1
517,33,ma3,1.89,0
491,33,ma3,1.88,1
561,33,ma3,1.88,0
424,33,ma3,1.87,0
644,33,ma3,1.87,0
646,33,ma3,1.87,0
48,33,ma3,1.86,0
353,33,ma3,1.86,0
671,33,ma3,1.86,0
362,33,ma3,1.85,0
382,33,ma3,1.85,0
343,33,ma3,1.84,0
347,33,ma3,1.84,0
84,33,ma3,1.83,0
417,33,ma3,1.82,1
526,33,ma3,1.82,6
74,33,ma3,1.8,0
93,33,ma3,1.8,3
18,33,ma3,1.78,1
21,33,ma3,1.78,1
72,33,ma3,1.78,0
605,33,ma3,1.78,0
83,33,ma3,1.77,0
109,33,ma3,1.77,0
110,33,ma3,1.77,0
121,33,ma3,1.77,0
159,33,ma3,1.77,2
238,33,ma3,1.77,2
240,33,ma3,1.77,1
300,33,ma3,1.77,3
385,33,ma3,1.77,0
403,33,ma3,1.77,0
422,33,ma3,1.77,0
454,33,ma3,1.77,2
456,33,ma3,1.77,0
466,33,ma3,1.77,0
696,33,ma3,1.77,0
610,33,ma3,1.77,2
236,33,ma3,1.76,0
335,33,ma3,1.76,12
310,33,ma3,1.75,0
597,33,ma3,1.75,0
145,33,ma3,1.74,0
250,33,ma3,1.74,0
325,33,ma3,1.74,0
661,33,ma3,1.74,0
532,33,ma3,1.74,0
573,33,ma3,1.74,0
419,33,ma3,1.73,0
486,33,ma3,1.73,4
603,33,ma3,1.73,8
73,33,ma3,1.72,8
440,33,ma3,1.72,0
683,33,ma3,1.72,0
638,33,ma3,1.72,0
654,33,ma3,1.72,0
22,33,ma3,1.71,0
418,33,ma3,1.71,0
443,33,ma3,1.71,1
489,33,ma3,1.71,0
637,33,ma3,1.7,0
47,33,ma3,1.69,3
192,33,ma3,1.69,0
329,33,ma3,1.69,0
681,33,ma3,1.69,0
580,33,ma3,1.69,1
633,33,ma3,1.69,0
337,33,ma3,1.68,0
260,33,ma3,1.67,0
621,33,ma3,1.67,0
197,33,ma3,1.66,0
157,33,ma3,1.65,0
497,33,ma3,1.64,0
515,33,ma3,1.62,0
19,33,ma3,1.61,1
384,33,ma3,1.61,0
17,33,ma3,1.59,0
119,33,ma3,1.56,0
37,33,ma3,1.53,6
450,33,ma3,1.49,0
632,33,ma3,1.49,0
178,33,ma3,1.43,0
123,33,ma3,1.42,1
241,33,ma3,1.41,0
26,33,ma3,1.4,0
226,33,ma3,1.39,0
408,33,ma3,1.38,2
485,33,ma3,1.38,0
643,33,ma3,1.38,0
409,33,ma3,1.36,2
59,33,ma3,1.35,0
303,33,ma3,1.35,1
311,33,ma3,1.35,2
505,33,ma3,1.35,3
85,33,ma3,1.34,5
97,33,ma3,1.34,0
474,33,ma3,1.34,0
476,33,ma3,1.34,0
291,33,ma3,1.33,2
569,33,ma3,1.33,0
173,33,ma3,1.32,0
374,33,ma3,1.32,6
249,33,ma3,1.31,0
256,33,ma3,1.31,0
270,33,ma3,1.3,0
354,33,ma3,1.3,0
506,33,ma3,1.3,0
301,33,ma3,1.29,19
304,33,ma3,1.29,2
365,33,ma3,1.29,6
544,33,ma3,1.29,0
584,33,ma3,1.29,0
7,33,ma3,1.28,2
560,33,ma3,1.28,0
518,33,ma3,1.26,0
586,33,ma3,1.26,1
257,33,ma3,1.25,0
552,33,ma3,1.25,1
645,33,ma3,1.24,0
120,33,ma3,1.23,2
166,33,ma3,1.23,1
58,33,ma3,1.22,0
202,33,ma3,1.22,0
258,33,ma3,1.22,2
366,33,ma3,1.21,2
53,33,ma3,1.2,0
591,33,ma3,1.2,0
107,33,ma3,1.19,5
293,33,ma3,1.19,1
287,33,ma3,1.18,0
1,33,ma3,1.17,1
122,33,ma3,1.17,0
585,33,ma3,1.17,0
31,33,ma3,1.16,5
677,33,ma3,1.16,0
106,33,ma3,1.16,1
251,33,ma3,1.16,0
397,33,ma3,1.16,5
420,33,ma3,1.16,0
421,33,ma3,1.16,0
453,33,ma3,1.16,0
465,33,ma3,1.16,2
500,33,ma3,1.16,0
583,33,ma3,1.16,1
531,33,ma3,1.15,0
352,33,ma3,1.14,0
444,33,ma3,1.14,0
338,33,ma3,1.12,0
411,33,ma3,1.11,1
609,33,ma3,1.11,2
146,33,ma3,1.1,0
522,33,ma3,1.1,0
36,33,ma3,1.08,0
151,33,ma3,1.08,0
182,33,ma3,1.08,1
413,33,ma3,1.08,1
431,33,ma3,1.08,0
113,33,ma3,1.07,0
314,33,ma3,1.07,4
469,33,ma3,1.07,0
295,33,ma3,1.06,2
317,33,ma3,1.06,0
565,33,ma3,1.06,0
233,33,ma3,1.05,8
220,33,ma3,1.04,1
502,33,ma3,1.04,0
82,33,ma3,1.03,0
191,33,ma3,1.02,2
441,33,ma3,1.01,2
521,33,ma3,1.01,0
575,33,ma3,1.0,1
624,33,ma3,0.99,0
207,33,ma3,0.98,0
283,33,ma3,0.98,2
266,33,ma3,0.97,0
618,33,ma3,0.97,1
90,33,ma3,0.96,6
525,33,ma3,0.96,0
246,33,ma3,0.95,1
542,33,ma3,0.92,0
685,33,ma3,0.9,0
40,33,ma3,0.88,2
607,33,ma3,0.88,0
261,33,ma3,0.87,6
342,33,ma3,0.87,1
348,33,ma3,0.87,0
30,33,ma3,0.86,1
190,33,ma3,0.86,0
541,33,ma3,0.86,0
318,33,ma3,0.85,14
670,33,ma3,0.85,0
631,33,ma3,0.85,0
33,33,ma3,0.84,1
67,33,ma3,0.84,0
322,33,ma3,0.84,0
679,33,ma3,0.84,9
321,33,ma3,0.82,2
187,33,ma3,0.8,0
596,33,ma3,0.8,0
470,33,ma3,0.78,0
407,33,ma3,0.76,1
162,33,ma3,0.75,0
682,33,ma3,0.75,2
442,33,ma3,0.74,0
635,33,ma3,0.73,0
8,33,ma3,0.67,0
665,33,ma3,0.64,0
139,33,ma3,0.63,1
101,33,ma3,0.61,0
210,33,ma3,0.6,0
406,33,ma3,0.6,2
673,33,ma3,0.6,0
547,33,ma3,0.58,0
330,33,ma3,0.57,0
376,33,ma3,0.57,3
272,33,ma3,0.56,0
356,33,ma3,0.56,13
77,33,ma3,0.55,0
228,33,ma3,0.53,0
326,33,ma3,0.53,0
128,33,ma3,0.52,1
170,33,ma3,0.52,1
493,33,ma3,0.5,7
124,33,ma3,0.49,2
38,33,ma3,0.48,0
10,33,ma3,0.46,0
676,33,ma3,0.45,0
319,33,ma3,0.44,1
9,33,ma3,0.43,0
23,33,ma3,0.43,1
24,33,ma3,0.43,0
25,33,ma3,0.43,0
662,33,ma3,0.43,0
49,33,ma3,0.43,0
51,33,ma3,0.43,0
201,33,ma3,0.43,2
215,33,ma3,0.43,2
680,33,ma3,0.43,10
98,33,ma3,0.43,0
161,33,ma3,0.43,0
163,33,ma3,0.43,2
165,33,ma3,0.43,-1
179,33,ma3,0.43,0
180,33,ma3,0.43,0
284,33,ma3,0.43,6
290,33,ma3,0.43,0
327,33,ma3,0.43,2
328,33,ma3,0.43,0
691,33,ma3,0.43,0
389,33,ma3,0.43,0
390,33,ma3,0.43,0
399,33,ma3,0.43,0
404,33,ma3,0.43,0
405,33,ma3,0.43,1
52,33,ma3,0.43,0
473,33,ma3,0.43,0
426,33,ma3,0.43,2
527,33,ma3,0.43,0
693,33,ma3,0.43,2
545,33,ma3,0.43,0
587,33,ma3,0.43,0
589,33,ma3,0.43,3
615,33,ma3,0.43,0
647,33,ma3,0.43,0
331,33,ma3,0.42,1
276,33,ma3,0.41,10
628,33,ma3,0.39,2
148,33,ma3,0.38,1
116,33,ma3,0.33,2
579,33,ma3,0.27,0
20,33,ma3,0.25,0
81,33,ma3,0.25,9
415,33,ma3,0.25,0
451,33,ma3,0.25,0
581,33,ma3,0.25,0
12,33,ma3,0.24,1
27,33,ma3,0.24,0
32,33,ma3,0.24,1
55,33,ma3,0.24,0
56,33,ma3,0.24,0
57,33,ma3,0.24,1
203,33,ma3,0.24,0
204,33,ma3,0.24,1
206,33,ma3,0.24,0
208,33,ma3,0.24,0
216,33,ma3,0.24,0
71,33,ma3,0.24,6
87,33,ma3,0.24,0
88,33,ma3,0.24,2
89,33,ma3,0.24,3
91,33,ma3,0.24,0
391,33,ma3,0.24,0
125,33,ma3,0.24,2
127,33,ma3,0.24,-1
168,33,ma3,0.24,1
171,33,ma3,0.24,2
172,33,ma3,0.24,0
174,33,ma3,0.24,0
181,33,ma3,0.24,0
227,33,ma3,0.24,2
243,33,ma3,0.24,0
244,33,ma3,0.24,0
245,33,ma3,0.24,1
672,33,ma3,0.24,0
259,33,ma3,0.24,1
268,33,ma3,0.24,0
269,33,ma3,0.24,1
271,33,ma3,0.24,1
285,33,ma3,0.24,5
292,33,ma3,0.24,0
312,33,ma3,0.24,1
316,33,ma3,0.24,0
355,33,ma3,0.24,0
357,33,ma3,0.24,2
363,33,ma3,0.24,0
364,33,ma3,0.24,0
375,33,ma3,0.24,0
377,33,ma3,0.24,2
692,33,ma3,0.24,0
400,33,ma3,0.24,2
412,33,ma3,0.24,0
428,33,ma3,0.24,8
429,33,ma3,0.24,0
432,33,ma3,0.24,1
437,33,ma3,0.24,0
438,33,ma3,0.24,0
458,33,ma3,0.24,5
475,33,ma3,0.24,0
492,33,ma3,0.24,0
494,33,ma3,0.24,0
674,33,ma3,0.24,0
684,33,ma3,0.24,0
519,33,ma3,0.24,2
520,33,ma3,0.24,0
546,33,ma3,0.24,0
548,33,ma3,0.24,2
549,33,ma3,0.24,1
550,33,ma3,0.24,0
551,33,ma3,0.24,0
590,33,ma3,0.24,0
592,33,ma3,0.24,0
616,33,ma3,0.24,0
617,33,ma3,0.24,1
619,33,ma3,0.24,0
649,33,ma3,0.24,0
655,33,ma3,0.24,0
656,33,ma3,0.24,0
50,33,ma3,0.23,0
425,33,ma3,0.23,0
2,33,ma3,0.12,2
28,33,ma3,0.12,2
29,33,ma3,0.12,0
39,33,ma3,0.12,15
41,33,ma3,0.12,0
60,33,ma3,0.12,0
61,33,ma3,0.12,0
62,33,ma3,0.12,1
63,33,ma3,0.12,0
65,33,ma3,0.12,0
183,33,ma3,0.12,0
186,33,ma3,0.12,2
212,33,ma3,0.12,1
213,33,ma3,0.12,0
214,33,ma3,0.12,0
218,33,ma3,0.12,0
219,33,ma3,0.12,0
66,33,ma3,0.12,5
92,33,ma3,0.12,6
94,33,ma3,0.12,4
95,33,ma3,0.12,6
96,33,ma3,0.12,0
99,33,ma3,0.12,0
100,33,ma3,0.12,0
687,33,ma3,0.12,0
108,33,ma3,0.12,0
111,33,ma3,0.12,4
112,33,ma3,0.12,0
130,33,ma3,0.12,1
131,33,ma3,0.12,0
132,33,ma3,0.12,2
133,33,ma3,0.12,1
134,33,ma3,0.12,2
137,33,ma3,0.12,0
138,33,ma3,0.12,0
143,33,ma3,0.12,0
144,33,ma3,0.12,0
147,33,ma3,0.12,0
149,33,ma3,0.12,0
150,33,ma3,0.12,0
152,33,ma3,0.12,0
153,33,ma3,0.12,0
175,33,ma3,0.12,0
176,33,ma3,0.12,0
177,33,ma3,0.12,0
221,33,ma3,0.12,1
229,33,ma3,0.12,0
230,33,ma3,0.12,2
231,33,ma3,0.12,2
232,33,ma3,0.12,0
247,33,ma3,0.12,0
248,33,ma3,0.12,0
274,33,ma3,0.12,1
275,33,ma3,0.12,1
277,33,ma3,0.12,1
278,33,ma3,0.12,0
279,33,ma3,0.12,0
280,33,ma3,0.12,2
281,33,ma3,0.12,2
282,33,ma3,0.12,2
286,33,ma3,0.12,0
690,33,ma3,0.12,1
288,33,ma3,0.12,1
294,33,ma3,0.12,0
296,33,ma3,0.12,0
305,33,ma3,0.12,1
306,33,ma3,0.12,0
307,33,ma3,0.12,2
308,33,ma3,0.12,0
309,33,ma3,0.12,0
313,33,ma3,0.12,0
667,33,ma3,0.12,0
320,33,ma3,0.12,0
333,33,ma3,0.12,5
334,33,ma3,0.12,0
336,33,ma3,0.12,0
339,33,ma3,0.12,0
359,33,ma3,0.12,0
360,33,ma3,0.12,0
361,33,ma3,0.12,0
367,33,ma3,0.12,5
393,33,ma3,0.12,0
394,33,ma3,0.12,0
395,33,ma3,0.12,0
396,33,ma3,0.12,0
398,33,ma3,0.12,0
686,33,ma3,0.12,1
439,33,ma3,0.12,1
460,33,ma3,0.12,0
461,33,ma3,0.12,1
462,33,ma3,0.12,0
463,33,ma3,0.12,1
464,33,ma3,0.12,2
467,33,ma3,0.12,2
468,33,ma3,0.12,2
479,33,ma3,0.12,3
480,33,ma3,0.12,13
495,33,ma3,0.12,0
496,33,ma3,0.12,0
498,33,ma3,0.12,0
501,33,ma3,0.12,0
689,33,ma3,0.12,0
509,33,ma3,0.12,0
510,33,ma3,0.12,1
511,33,ma3,0.12,0
512,33,ma3,0.12,0
523,33,ma3,0.12,1
524,33,ma3,0.12,0
528,33,ma3,0.12,0
554,33,ma3,0.12,0
555,33,ma3,0.12,0
556,33,ma3,0.12,0
557,33,ma3,0.12,0
558,33,ma3,0.12,7
559,33,ma3,0.12,1
562,33,ma3,0.12,2
563,33,ma3,0.12,0
564,33,ma3,0.12,0
570,33,ma3,0.12,1
571,33,ma3,0.12,0
572,33,ma3,0.12,0
574,33,ma3,0.12,7
594,33,ma3,0.12,1
595,33,ma3,0.12,12
598,33,ma3,0.12,0
599,33,ma3,0.12,0
600,33,ma3,0.12,0
604,33,ma3,0.12,0
606,33,ma3,0.12,0
608,33,ma3,0.12,0
620,33,ma3,0.12,0
622,33,ma3,0.12,0
623,33,ma3,0.12,2
626,33,ma3,0.12,0
659,33,ma3,0.12,0
627,33,ma3,0.12,0
634,33,ma3,0.12,0
636,33,ma3,0.12,0
650,33,ma3,0.12,0
651,33,ma3,0.12,0
652,33,ma3,0.12,0
653,33,ma3,0.12,0
657,33,ma3,0.12,0
658,33,ma3,0.12,0
695,33,ma3,0.12,0
3,33,ma3,0.02,1
4,33,ma3,0.02,0
13,33,ma3,0.02,2
14,33,ma3,0.02,0
15,33,ma3,0.02,1
34,33,ma3,0.02,0
35,33,ma3,0.02,0
42,33,ma3,0.02,3
43,33,ma3,0.02,0
44,33,ma3,0.02,8
45,33,ma3,0.02,0
46,33,ma3,0.02,3
688,33,ma3,0.02,1
184,33,ma3,0.02,0
185,33,ma3,0.02,2
188,33,ma3,0.02,0
189,33,ma3,0.02,0
193,33,ma3,0.02,0
194,33,ma3,0.02,0
195,33,ma3,0.02,1
196,33,ma3,0.02,0
198,33,ma3,0.02,0
199,33,ma3,0.02,0
68,33,ma3,0.02,0
69,33,ma3,0.02,3
70,33,ma3,0.02,3
75,33,ma3,0.02,0
76,33,ma3,0.02,0
78,33,ma3,0.02,0
79,33,ma3,0.02,0
80,33,ma3,0.02,2
102,33,ma3,0.02,10
103,33,ma3,0.02,1
104,33,ma3,0.02,0
105,33,ma3,0.02,0
114,33,ma3,0.02,0
115,33,ma3,0.02,0
117,33,ma3,0.02,0
118,33,ma3,0.02,0
140,33,ma3,0.02,0
141,33,ma3,0.02,1
142,33,ma3,0.02,0
154,33,ma3,0.02,0
155,33,ma3,0.02,0
156,33,ma3,0.02,1
222,33,ma3,0.02,1
223,33,ma3,0.02,0
234,33,ma3,0.02,0
254,33,ma3,0.02,0
255,33,ma3,0.02,7
262,33,ma3,0.02,2
263,33,ma3,0.02,0
264,33,ma3,0.02,2
265,33,ma3,0.02,0
289,33,ma3,0.02,0
297,33,ma3,0.02,1
298,33,ma3,0.02,0
630,33,ma3,0.02,0
315,33,ma3,0.02,1
323,33,ma3,0.02,0
664,33,ma3,0.02,0
340,33,ma3,0.02,7
341,33,ma3,0.02,1
344,33,ma3,0.02,0
345,33,ma3,0.02,1
346,33,ma3,0.02,2
349,33,ma3,0.02,0
368,33,ma3,0.02,0
369,33,ma3,0.02,3
378,33,ma3,0.02,0
379,33,ma3,0.02,0
380,33,ma3,0.02,0
401,33,ma3,0.02,2
433,33,ma3,0.02,1
434,33,ma3,0.02,0
435,33,ma3,0.02,0
445,33,ma3,0.02,0
446,33,ma3,0.02,1
447,33,ma3,0.02,0
448,33,ma3,0.02,1
471,33,ma3,0.02,0
472,33,ma3,0.02,1
481,33,ma3,0.02,3
482,33,ma3,0.02,6
483,33,ma3,0.02,0
484,33,ma3,0.02,6
503,33,ma3,0.02,0
504,33,ma3,0.02,1
513,33,ma3,0.02,1
514,33,ma3,0.02,0
675,33,ma3,0.02,0
529,33,ma3,0.02,0
530,33,ma3,0.02,1
533,33,ma3,0.02,0
534,33,ma3,0.02,8
535,33,ma3,0.02,11
536,33,ma3,0.02,2
537,33,ma3,0.02,0
538,33,ma3,0.02,5
539,33,ma3,0.02,0
540,33,ma3,0.02,0
678,33,ma3,0.02,0
694,33,ma3,0.02,7
566,33,ma3,0.02,0
567,33,ma3,0.02,0
576,33,ma3,0.02,5
577,33,ma3,0.02,1
578,33,ma3,0.02,0
601,33,ma3,0.02,0
602,33,ma3,0.02,5
611,33,ma3,0.02,2
629,33,ma3,0.02,0
639,33,ma3,0.02,0
640,33,ma3,0.02,0
641,33,ma3,0.02,0
211,33,ma3,0.0,2
252,33,ma3,0.0,0
383,33,ma3,-0.04,0
414,33,ma3,-0.04,0
135,33,ma3,-0.05,0
666,34,ma3,3.27,0
381,34,ma3,3.19,0
449,34,ma3,3.13,0
16,34,ma3,3.04,2
235,34,ma3,3.01,0
64,34,ma3,2.96,15
430,34,ma3,2.67,0
625,34,ma3,2.62,1
423,34,ma3,2.58,1
642,34,ma3,2.58,0
455,34,ma3,2.57,0
455,34,ma3,2.57,2
614,34,ma3,2.57,0
614,34,ma3,2.57,2
516,34,ma3,2.56,0
459,34,ma3,2.54,-1
402,34,ma3,2.51,0
136,34,ma3,2.5,0
612,34,ma3,2.5,4
224,34,ma3,2.48,1
324,34,ma3,2.34,0
324,34,ma3,2.34,7
86,34,ma3,2.33,2
660,34,ma3,2.33,0
660,34,ma3,2.33,0
416,34,ma3,2.3,0
487,34,ma3,2.3,0
582,34,ma3,2.3,0
332,34,ma3,2.29,7
332,34,ma3,2.29,1
205,34,ma3,2.28,2
205,34,ma3,2.28,1
158,34,ma3,2.28,1
371,34,ma3,2.27,1
237,34,ma3,2.26,0
499,34,ma3,2.26,0
499,34,ma3,2.26,0
488,34,ma3,2.25,0
169,34,ma3,2.24,9
372,34,ma3,2.24,0
160,34,ma3,2.23,7
167,34,ma3,2.23,1
253,34,ma3,2.23,0
299,34,ma3,2.23,1
299,34,ma3,2.23,6
392,34,ma3,2.23,0
553,34,ma3,2.23,0
5,34,ma3,2.22,1
6,34,ma3,2.22,1
370,34,ma3,2.22,0
593,34,ma3,2.22,3
593,34,ma3,2.22,1
387,34,ma3,2.21,1
668,34,ma3,2.21,0
217,34,ma3,2.2,1
217,34,ma3,2.2,2
358,34,ma3,2.2,2
436,34,ma3,2.2,0
507,34,ma3,2.2,1
508,34,ma3,2.2,0
267,34,ma3,2.19,10
373,34,ma3,2.19,2
129,34,ma3,2.18,0
239,34,ma3,2.18,0
273,34,ma3,2.18,0
477,34,ma3,2.18,0
209,34,ma3,2.17,1
209,34,ma3,2.17,2
126,34,ma3,2.17,0
126,34,ma3,2.17,0
410,34,ma3,2.17,0
478,34,ma3,2.17,-1
613,34,ma3,2.17,0
613,34,ma3,2.17,0
242,34,ma3,2.16,0
669,34,ma3,2.15,0
669,34,ma3,2.15,0
386,34,ma3,2.14,0
490,34,ma3,2.14,0
452,34,ma3,2.12,0
543,34,ma3,2.09,0
543,34,ma3,2.09,0
225,34,ma3,2.0,1
568,34,ma3,2.0,0
663,34,ma3,2.0,0
164,34,ma3,1.99,0
427,34,ma3,1.96,8
11,34,ma3,1.95,0
388,34,ma3,1.94,1
54,34,ma3,1.93,0
302,34,ma3,1.93,2
302,34,ma3,1.93,6
588,34,ma3,1.93,0
588,34,ma3,1.93,1
648,34,ma3,1.93,0
200,34,ma3,1.92,1
200,34,ma3,1.92,2
351,34,ma3,1.91,0
350,34,ma3,1.9,1
457,34,ma3,1.9,1
457,34,ma3,1.9,1
517,34,ma3,1.89,0
491,34,ma3,1.88,0
561,34,ma3,1.88,0
424,34,ma3,1.87,0
644,34,ma3,1.87,0
646,34,ma3,1.87,0
48,34,ma3,1.86,0
353,34,ma3,1.86,0
671,34,ma3,1.86,0
362,34,ma3,1.85,0
382,34,ma3,1.85,0
343,34,ma3,1.84,0
343,34,ma3,1.84,0
347,34,ma3,1.84,0
347,34,ma3,1.84,0
84,34,ma3,1.83,0
417,34,ma3,1.82,0
526,34,ma3,1.82,2
74,34,ma3,1.8,0
93,34,ma3,1.8,7
18,34,ma3,1.78,0
21,34,ma3,1.78,1
72,34,ma3,1.78,0
605,34,ma3,1.78,0
83,34,ma3,1.77,9
109,34,ma3,1.77,5
109,34,ma3,1.77,0
110,34,ma3,1.77,0
121,34,ma3,1.77,0
121,34,ma3,1.77,0
159,34,ma3,1.77,6
238,34,ma3,1.77,1
240,34,ma3,1.77,2
300,34,ma3,1.77,2
300,34,ma3,1.77,0
385,34,ma3,1.77,0
403,34,ma3,1.77,0
422,34,ma3,1.77,0
454,34,ma3,1.77,4
456,34,ma3,1.77,1
456,34,ma3,1.77,1
466,34,ma3,1.77,0
466,34,ma3,1.77,0
696,34,ma3,1.77,0
610,34,ma3,1.77,2
610,34,ma3,1.77,1
236,34,ma3,1.76,0
335,34,ma3,1.76,6
335,34,ma3,1.76,2
310,34,ma3,1.75,0
310,34,ma3,1.75,0
597,34,ma3,1.75,0
145,34,ma3,1.74,1
250,34,ma3,1.74,0
325,34,ma3,1.74,0
325,34,ma3,1.74,1
661,34,ma3,1.74,0
532,34,ma3,1.74,0
532,34,ma3,1.74,0
573,34,ma3,1.74,0
573,34,ma3,1.74,0
419,34,ma3,1.73,0
486,34,ma3,1.73,2
603,34,ma3,1.73,2
603,34,ma3,1.73,2
73,34,ma3,1.72,2
440,34,ma3,1.72,0
683,34,ma3,1.72,0
638,34,ma3,1.72,0
654,34,ma3,1.72,0
22,34,ma3,1.71,0
418,34,ma3,1.71,2
443,34,ma3,1.71,3
489,34,ma3,1.71,0
637,34,ma3,1.7,0
47,34,ma3,1.69,2
192,34,ma3,1.69,0
329,34,ma3,1.69,0
329,34,ma3,1.69,0
681,34,ma3,1.69,0
580,34,ma3,1.69,1
633,34,ma3,1.69,0
337,34,ma3,1.68,6
337,34,ma3,1.68,2
260,34,ma3,1.67,0
621,34,ma3,1.67,0
197,34,ma3,1.66,1
157,34,ma3,1.65,0
497,34,ma3,1.64,0
497,34,ma3,1.64,0
515,34,ma3,1.62,0
19,34,ma3,1.61,1
384,34,ma3,1.61,0
17,34,ma3,1.59,0
119,34,ma3,1.56,0
119,34,ma3,1.56,0
37,34,ma3,1.53,2
450,34,ma3,1.49,1
632,34,ma3,1.49,0
178,34,ma3,1.43,0
123,34,ma3,1.42,12
123,34,ma3,1.42,1
241,34,ma3,1.41,0
26,34,ma3,1.4,0
226,34,ma3,1.39,0
408,34,ma3,1.38,1
485,34,ma3,1.38,0
643,34,ma3,1.38,0
643,34,ma3,1.38,0
409,34,ma3,1.36,0
59,34,ma3,1.35,0
303,34,ma3,1.35,5
303,34,ma3,1.35,6
311,34,ma3,1.35,1
311,34,ma3,1.35,3
505,34,ma3,1.35,2
85,34,ma3,1.34,0
97,34,ma3,1.34,0
474,34,ma3,1.34,0
476,34,ma3,1.34,0
291,34,ma3,1.33,8
291,34,ma3,1.33,3
569,34,ma3,1.33,0
569,34,ma3,1.33,0
173,34,ma3,1.32,0
374,34,ma3,1.32,2
249,34,ma3,1.31,0
256,34,ma3,1.31,0
270,34,ma3,1.3,0
354,34,ma3,1.3,0
506,34,ma3,1.3,0
301,34,ma3,1.29,0
301,34,ma3,1.29,0
304,34,ma3,1.29,2
365,34,ma3,1.29,2
544,34,ma3,1.29,0
544,34,ma3,1.29,0
584,34,ma3,1.29,0
584,34,ma3,1.29,0
7,34,ma3,1.28,15
560,34,ma3,1.28,0
518,34,ma3,1.26,0
586,34,ma3,1.26,9
586,34,ma3,1.26,7
257,34,ma3,1.25,0
552,34,ma3,1.25,1
645,34,ma3,1.24,0
120,34,ma3,1.23,1
120,34,ma3,1.23,2
166,34,ma3,1.23,1
58,34,ma3,1.22,0
202,34,ma3,1.22,0
202,34,ma3,1.22,0
258,34,ma3,1.22,1
366,34,ma3,1.21,2
53,34,ma3,1.2,0
591,34,ma3,1.2,0
591,34,ma3,1.2,0
107,34,ma3,1.19,1
107,34,ma3,1.19,1
293,34,ma3,1.19,10
293,34,ma3,1.19,3
287,34,ma3,1.18,0
287,34,ma3,1.18,0
1,34,ma3,1.17,0
1,34,ma3,1.17,2
122,34,ma3,1.17,0
122,34,ma3,1.17,0
585,34,ma3,1.17,0
31,34,ma3,1.16,3
677,34,ma3,1.16,0
677,34,ma3,1.16,0
106,34,ma3,1.16,6
106,34,ma3,1.16,5
251,34,ma3,1.16,0
397,34,ma3,1.16,1
420,34,ma3,1.16,0
421,34,ma3,1.16,0
453,34,ma3,1.16,0
465,34,ma3,1.16,2
465,34,ma3,1.16,2
500,34,ma3,1.16,0
500,34,ma3,1.16,0
583,34,ma3,1.16,1
531,34,ma3,1.15,0
352,34,ma3,1.14,0
444,34,ma3,1.14,0
338,34,ma3,1.12,0
338,34,ma3,1.12,0
411,34,ma3,1.11,1
609,34,ma3,1.11,1
609,34,ma3,1.11,2
146,34,ma3,1.1,0
522,34,ma3,1.1,0
36,34,ma3,1.08,0
151,34,ma3,1.08,0
182,34,ma3,1.08,10
413,34,ma3,1.08,2
431,34,ma3,1.08,1
113,34,ma3,1.07,0
113,34,ma3,1.07,0
314,34,ma3,1.07,1
314,34,ma3,1.07,6
469,34,ma3,1.07,1
469,34,ma3,1.07,2
295,34,ma3,1.06,0
317,34,ma3,1.06,0
317,34,ma3,1.06,0
565,34,ma3,1.06,0
233,34,ma3,1.05,2
220,34,ma3,1.04,2
220,34,ma3,1.04,2
502,34,ma3,1.04,0
502,34,ma3,1.04,0
82,34,ma3,1.03,0
191,34,ma3,1.02,6
441,34,ma3,1.01,2
521,34,ma3,1.01,0
521,34,ma3,1.01,0
575,34,ma3,1.0,1
575,34,ma3,1.0,0
624,34,ma3,0.99,0
207,34,ma3,0.98,0
207,34,ma3,0.98,0
283,34,ma3,0.98,7
283,34,ma3,0.98,11
266,34,ma3,0.97,0
618,34,ma3,0.97,8
618,34,ma3,0.97,2
90,34,ma3,0.96,0
525,34,ma3,0.96,0
246,34,ma3,0.95,0
542,34,ma3,0.92,0
542,34,ma3,0.92,0
685,34,ma3,0.9,0
40,34,ma3,0.88,2
607,34,ma3,0.88,0
261,34,ma3,0.87,2
342,34,ma3,0.87,9
342,34,ma3,0.87,1
348,34,ma3,0.87,0
348,34,ma3,0.87,0
30,34,ma3,0.86,1
30,34,ma3,0.86,1
190,34,ma3,0.86,0
541,34,ma3,0.86,0
318,34,ma3,0.85,8
318,34,ma3,0.85,8
670,34,ma3,0.85,0
631,34,ma3,0.85,0
33,34,ma3,0.84,1
67,34,ma3,0.84,1
322,34,ma3,0.84,0
322,34,ma3,0.84,0
679,34,ma3,0.84,1
679,34,ma3,0.84,3
321,34,ma3,0.82,1
187,34,ma3,0.8,0
596,34,ma3,0.8,0
596,34,ma3,0.8,0
470,34,ma3,0.78,2
470,34,ma3,0.78,2
407,34,ma3,0.76,2
162,34,ma3,0.75,0
162,34,ma3,0.75,0
682,34,ma3,0.75,0
442,34,ma3,0.74,0
635,34,ma3,0.73,0
8,34,ma3,0.67,1
665,34,ma3,0.64,0
665,34,ma3,0.64,0
139,34,ma3,0.63,1
101,34,ma3,0.61,0
101,34,ma3,0.61,0
210,34,ma3,0.6,0
210,34,ma3,0.6,0
406,34,ma3,0.6,1
673,34,ma3,0.6,0
547,34,ma3,0.58,0
330,34,ma3,0.57,1
330,34,ma3,0.57,0
376,34,ma3,0.57,2
272,34,ma3,0.56,1
356,34,ma3,0.56,12
77,34,ma3,0.55,0
228,34,ma3,0.53,0
326,34,ma3,0.53,0
326,34,ma3,0.53,0
128,34,ma3,0.52,1
170,34,ma3,0.52,1
493,34,ma3,0.5,5
124,34,ma3,0.49,1
124,34,ma3,0.49,3
38,34,ma3,0.48,0
10,34,ma3,0.46,2
676,34,ma3,0.45,0
319,34,ma3,0.44,12
319,34,ma3,0.44,2
9,34,ma3,0.43,0
23,34,ma3,0.43,1
24,34,ma3,0.43,0
25,34,ma3,0.43,0
662,34,ma3,0.43,0
49,34,ma3,0.43,0
51,34,ma3,0.43,0
201,34,ma3,0.43,1
201,34,ma3,0.43,0
215,34,ma3,0.43,0
215,34,ma3,0.43,0
680,34,ma3,0.43,8
680,34,ma3,0.43,1
98,34,ma3,0.43,0
161,34,ma3,0.43,8
163,34,ma3,0.43,0
165,34,ma3,0.43,1
179,34,ma3,0.43,0
180,34,ma3,0.43,1
284,34,ma3,0.43,1
284,34,ma3,0.43,1
290,34,ma3,0.43,0
290,34,ma3,0.43,6
327,34,ma3,0.43,6
327,34,ma3,0.43,3
328,34,ma3,0.43,0
328,34,ma3,0.43,0
691,34,ma3,0.43,0
389,34,ma3,0.43,0
390,34,ma3,0.43,0
399,34,ma3,0.43,0
404,34,ma3,0.43,0
405,34,ma3,0.43,6
52,34,ma3,0.43,0
473,34,ma3,0.43,0
473,34,ma3,0.43,0
426,34,ma3,0.43,0
527,34,ma3,0.43,0
693,34,ma3,0.43,2
545,34,ma3,0.43,0
545,34,ma3,0.43,1
587,34,ma3,0.43,0
587,34,ma3,0.43,0
589,34,ma3,0.43,2
615,34,ma3,0.43,0
615,34,ma3,0.43,0
647,34,ma3,0.43,0
331,34,ma3,0.42,0
331,34,ma3,0.42,3
276,34,ma3,0.41,0
276,34,ma3,0.41,0
628,34,ma3,0.39,1
148,34,ma3,0.38,0
116,34,ma3,0.33,1
116,34,ma3,0.33,11
579,34,ma3,0.27,0
20,34,ma3,0.25,0
81,34,ma3,0.25,2
415,34,ma3,0.25,0
451,34,ma3,0.25,0
581,34,ma3,0.25,0
12,34,ma3,0.24,0
27,34,ma3,0.24,0
32,34,ma3,0.24,1
55,34,ma3,0.24,0
56,34,ma3,0.24,0
57,34,ma3,0.24,1
203,34,ma3,0.24,0
203,34,ma3,0.24,0
204,34,ma3,0.24,0
204,34,ma3,0.24,1
206,34,ma3,0.24,0
206,34,ma3,0.24,0
208,34,ma3,0.24,0
208,34,ma3,0.24,0
216,34,ma3,0.24,0
216,34,ma3,0.24,0
71,34,ma3,0.24,0
87,34,ma3,0.24,1
88,34,ma3,0.24,2
89,34,ma3,0.24,1
91,34,ma3,0.24,0
391,34,ma3,0.24,0
125,34,ma3,0.24,8
125,34,ma3,0.24,2
127,34,ma3,0.24,1
168,34,ma3,0.24,0
171,34,ma3,0.24,5
172,34,ma3,0.24,0
174,34,ma3,0.24,0
181,34,ma3,0.24,0
227,34,ma3,0.24,6
243,34,ma3,0.24,0
244,34,ma3,0.24,0
245,34,ma3,0.24,2
672,34,ma3,0.24,0
259,34,ma3,0.24,2
268,34,ma3,0.24,0
269,34,ma3,0.24,1
271,34,ma3,0.24,1
285,34,ma3,0.24,4
285,34,ma3,0.24,7
292,34,ma3,0.24,0
292,34,ma3,0.24,6
312,34,ma3,0.24,2
312,34,ma3,0.24,6
316,34,ma3,0.24,0
316,34,ma3,0.24,0
355,34,ma3,0.24,0
357,34,ma3,0.24,2
363,34,ma3,0.24,0
364,34,ma3,0.24,0
375,34,ma3,0.24,0
377,34,ma3,0.24,5
692,34,ma3,0.24,0
400,34,ma3,0.24,-1
412,34,ma3,0.24,0
428,34,ma3,0.24,9
429,34,ma3,0.24,0
432,34,ma3,0.24,0
437,34,ma3,0.24,0
438,34,ma3,0.24,0
458,34,ma3,0.24,7
458,34,ma3,0.24,2
475,34,ma3,0.24,0
492,34,ma3,0.24,0
494,34,ma3,0.24,0
674,34,ma3,0.24,0
674,34,ma3,0.24,0
684,34,ma3,0.24,0
519,34,ma3,0.24,3
519,34,ma3,0.24,0
520,34,ma3,0.24,0
546,34,ma3,0.24,0
546,34,ma3,0.24,0
548,34,ma3,0.24,3
549,34,ma3,0.24,1
550,34,ma3,0.24,0
550,34,ma3,0.24,0
551,34,ma3,0.24,0
551,34,ma3,0.24,0
590,34,ma3,0.24,0
592,34,ma3,0.24,0
592,34,ma3,0.24,0
616,34,ma3,0.24,0
617,34,ma3,0.24,1
619,34,ma3,0.24,5
649,34,ma3,0.24,0
655,34,ma3,0.24,0
656,34,ma3,0.24,0
656,34,ma3,0.24,0
50,34,ma3,0.23,0
425,34,ma3,0.23,0
2,34,ma3,0.12,3
2,34,ma3,0.12,2
28,34,ma3,0.12,7
29,34,ma3,0.12,0
39,34,ma3,0.12,2
41,34,ma3,0.12,0
60,34,ma3,0.12,0
61,34,ma3,0.12,0
62,34,ma3,0.12,1
63,34,ma3,0.12,0
65,34,ma3,0.12,1
183,34,ma3,0.12,0
186,34,ma3,0.12,10
212,34,ma3,0.12,5
212,34,ma3,0.12,2
213,34,ma3,0.12,0
213,34,ma3,0.12,0
214,34,ma3,0.12,0
214,34,ma3,0.12,0
218,34,ma3,0.12,0
218,34,ma3,0.12,0
219,34,ma3,0.12,0
219,34,ma3,0.12,0
66,34,ma3,0.12,8
92,34,ma3,0.12,2
94,34,ma3,0.12,1
95,34,ma3,0.12,2
96,34,ma3,0.12,0
99,34,ma3,0.12,0
100,34,ma3,0.12,0
687,34,ma3,0.12,0
108,34,ma3,0.12,6
108,34,ma3,0.12,5
111,34,ma3,0.12,1
112,34,ma3,0.12,0
130,34,ma3,0.12,2
131,34,ma3,0.12,0
132,34,ma3,0.12,4
133,34,ma3,0.12,3
134,34,ma3,0.12,2
137,34,ma3,0.12,0
138,34,ma3,0.12,0
143,34,ma3,0.12,0
144,34,ma3,0.12,0
147,34,ma3,0.12,0
149,34,ma3,0.12,3
149,34,ma3,0.12,3
150,34,ma3,0.12,0
152,34,ma3,0.12,0
153,34,ma3,0.12,0
175,34,ma3,0.12,1
176,34,ma3,0.12,0
177,34,ma3,0.12,0
221,34,ma3,0.12,0
229,34,ma3,0.12,0
230,34,ma3,0.12,0
231,34,ma3,0.12,1
231,34,ma3,0.12,1
232,34,ma3,0.12,0
247,34,ma3,0.12,0
248,34,ma3,0.12,0
274,34,ma3,0.12,0
274,34,ma3,0.12,1
275,34,ma3,0.12,1
275,34,ma3,0.12,3
277,34,ma3,0.12,0
277,34,ma3,0.12,0
278,34,ma3,0.12,0
278,34,ma3,0.12,0
279,34,ma3,0.12,0
279,34,ma3,0.12,0
280,34,ma3,0.12,1
280,34,ma3,0.12,6
281,34,ma3,0.12,2
281,34,ma3,0.12,10
282,34,ma3,0.12,2
282,34,ma3,0.12,3
286,34,ma3,0.12,0
286,34,ma3,0.12,0
690,34,ma3,0.12,0
288,34,ma3,0.12,4
288,34,ma3,0.12,1
294,34,ma3,0.12,2
294,34,ma3,0.12,1
296,34,ma3,0.12,0
296,34,ma3,0.12,0
305,34,ma3,0.12,1
305,34,ma3,0.12,6
306,34,ma3,0.12,0
306,34,ma3,0.12,0
307,34,ma3,0.12,1
307,34,ma3,0.12,0
308,34,ma3,0.12,0
308,34,ma3,0.12,15
309,34,ma3,0.12,0
309,34,ma3,0.12,0
313,34,ma3,0.12,2
667,34,ma3,0.12,0
667,34,ma3,0.12,0
320,34,ma3,0.12,0
320,34,ma3,0.12,0
333,34,ma3,0.12,11
333,34,ma3,0.12,2
334,34,ma3,0.12,0
334,34,ma3,0.12,0
336,34,ma3,0.12,0
336,34,ma3,0.12,0
339,34,ma3,0.12,0
339,34,ma3,0.12,0
359,34,ma3,0.12,0
360,34,ma3,0.12,0
361,34,ma3,0.12,0
367,34,ma3,0.12,0
393,34,ma3,0.12,0
394,34,ma3,0.12,2
395,34,ma3,0.12,0
396,34,ma3,0.12,0
398,34,ma3,0.12,0
686,34,ma3,0.12,0
439,34,ma3,0.12,0
460,34,ma3,0.12,0
460,34,ma3,0.12,0
461,34,ma3,0.12,1
461,34,ma3,0.12,0
462,34,ma3,0.12,0
462,34,ma3,0.12,0
463,34,ma3,0.12,-1
463,34,ma3,0.12,2
464,34,ma3,0.12,1
464,34,ma3,0.12,1
467,34,ma3,0.12,2
467,34,ma3,0.12,0
468,34,ma3,0.12,15
468,34,ma3,0.12,0
479,34,ma3,0.12,2
480,34,ma3,0.12,2
495,34,ma3,0.12,0
496,34,ma3,0.12,0
498,34,ma3,0.12,0
498,34,ma3,0.12,0
501,34,ma3,0.12,0
501,34,ma3,0.12,0
689,34,ma3,0.12,0
509,34,ma3,0.12,0
509,34,ma3,0.12,1
510,34,ma3,0.12,2
511,34,ma3,0.12,0
512,34,ma3,0.12,0
523,34,ma3,0.12,0
524,34,ma3,0.12,0
528,34,ma3,0.12,0
554,34,ma3,0.12,0
555,34,ma3,0.12,0
556,34,ma3,0.12,0
556,34,ma3,0.12,0
557,34,ma3,0.12,0
558,34,ma3,0.12,-1
559,34,ma3,0.12,0
559,34,ma3,0.12,0
562,34,ma3,0.12,1
562,34,ma3,0.12,1
563,34,ma3,0.12,0
563,34,ma3,0.12,0
564,34,ma3,0.12,0
564,34,ma3,0.12,0
570,34,ma3,0.12,2
571,34,ma3,0.12,0
572,34,ma3,0.12,0
572,34,ma3,0.12,0
574,34,ma3,0.12,3
594,34,ma3,0.12,7
595,34,ma3,0.12,0
598,34,ma3,0.12,0
599,34,ma3,0.12,0
599,34,ma3,0.12,0
600,34,ma3,0.12,0
600,34,ma3,0.12,0
604,34,ma3,0.12,0
606,34,ma3,0.12,0
608,34,ma3,0.12,0
620,34,ma3,0.12,0
620,34,ma3,0.12,0
622,34,ma3,0.12,0
623,34,ma3,0.12,0
626,34,ma3,0.12,0
659,34,ma3,0.12,0
627,34,ma3,0.12,0
634,34,ma3,0.12,0
636,34,ma3,0.12,0
636,34,ma3,0.12,0
650,34,ma3,0.12,0
651,34,ma3,0.12,0
651,34,ma3,0.12,0
652,34,ma3,0.12,0
652,34,ma3,0.12,0
653,34,ma3,0.12,0
657,34,ma3,0.12,0
658,34,ma3,0.12,0
695,34,ma3,0.12,0
3,34,ma3,0.02,13
4,34,ma3,0.02,0
13,34,ma3,0.02,2
14,34,ma3,0.02,0
15,34,ma3,0.02,3
34,34,ma3,0.02,1
35,34,ma3,0.02,0
42,34,ma3,0.02,2
43,34,ma3,0.02,0
44,34,ma3,0.02,2
45,34,ma3,0.02,0
46,34,ma3,0.02,2
688,34,ma3,0.02,2
184,34,ma3,0.02,0
185,34,ma3,0.02,2
188,34,ma3,0.02,0
189,34,ma3,0.02,0
193,34,ma3,0.02,0
194,34,ma3,0.02,1
195,34,ma3,0.02,1
196,34,ma3,0.02,0
198,34,ma3,0.02,0
199,34,ma3,0.02,1
68,34,ma3,0.02,0
69,34,ma3,0.02,2
70,34,ma3,0.02,5
75,34,ma3,0.02,4
76,34,ma3,0.02,0
78,34,ma3,0.02,0
79,34,ma3,0.02,0
80,34,ma3,0.02,7
102,34,ma3,0.02,6
102,34,ma3,0.02,9
103,34,ma3,0.02,15
103,34,ma3,0.02,2
104,34,ma3,0.02,14
104,34,ma3,0.02,0
105,34,ma3,0.02,0
105,34,ma3,0.02,0
114,34,ma3,0.02,0
114,34,ma3,0.02,0
115,34,ma3,0.02,0
115,34,ma3,0.02,0
117,34,ma3,0.02,0
117,34,ma3,0.02,0
118,34,ma3,0.02,0
118,34,ma3,0.02,0
140,34,ma3,0.02,0
141,34,ma3,0.02,1
142,34,ma3,0.02,0
154,34,ma3,0.02,0
155,34,ma3,0.02,0
156,34,ma3,0.02,1
222,34,ma3,0.02,0
223,34,ma3,0.02,0
234,34,ma3,0.02,0
254,34,ma3,0.02,0
255,34,ma3,0.02,6
262,34,ma3,0.02,0
263,34,ma3,0.02,0
264,34,ma3,0.02,2
265,34,ma3,0.02,2
289,34,ma3,0.02,0
289,34,ma3,0.02,0
297,34,ma3,0.02,1
297,34,ma3,0.02,5
298,34,ma3,0.02,0
298,34,ma3,0.02,0
630,34,ma3,0.02,0
315,34,ma3,0.02,2
315,34,ma3,0.02,3
323,34,ma3,0.02,0
323,34,ma3,0.02,0
664,34,ma3,0.02,0
340,34,ma3,0.02,3
340,34,ma3,0.02,1
341,34,ma3,0.02,0
341,34,ma3,0.02,2
344,34,ma3,0.02,0
344,34,ma3,0.02,0
345,34,ma3,0.02,1
345,34,ma3,0.02,2
346,34,ma3,0.02,1
346,34,ma3,0.02,0
349,34,ma3,0.02,0
368,34,ma3,0.02,0
369,34,ma3,0.02,1
378,34,ma3,0.02,0
379,34,ma3,0.02,0
380,34,ma3,0.02,0
401,34,ma3,0.02,2
433,34,ma3,0.02,2
434,34,ma3,0.02,0
435,34,ma3,0.02,0
445,34,ma3,0.02,0
446,34,ma3,0.02,2
447,34,ma3,0.02,0
448,34,ma3,0.02,4
471,34,ma3,0.02,0
471,34,ma3,0.02,0
472,34,ma3,0.02,6
472,34,ma3,0.02,0
481,34,ma3,0.02,1
482,34,ma3,0.02,-1
483,34,ma3,0.02,1
484,34,ma3,0.02,-1
503,34,ma3,0.02,0
504,34,ma3,0.02,5
504,34,ma3,0.02,0
513,34,ma3,0.02,0
514,34,ma3,0.02,2
675,34,ma3,0.02,0
529,34,ma3,0.02,0
529,34,ma3,0.02,0
530,34,ma3,0.02,0
533,34,ma3,0.02,0
533,34,ma3,0.02,0
534,34,ma3,0.02,2
535,34,ma3,0.02,0
536,34,ma3,0.02,3
537,34,ma3,0.02,0
538,34,ma3,0.02,2
539,34,ma3,0.02,0
540,34,ma3,0.02,0
678,34,ma3,0.02,0
694,34,ma3,0.02,2
566,34,ma3,0.02,0
567,34,ma3,0.02,0
576,34,ma3,0.02,2
577,34,ma3,0.02,0
578,34,ma3,0.02,0
601,34,ma3,0.02,0
602,34,ma3,0.02,1
611,34,ma3,0.02,1
629,34,ma3,0.02,0
639,34,ma3,0.02,0
640,34,ma3,0.02,0
640,34,ma3,0.02,0
641,34,ma3,0.02,0
641,34,ma3,0.02,0
211,34,ma3,0.0,2
211,34,ma3,0.0,1
252,34,ma3,0.0,0
383,34,ma3,-0.04,0
414,34,ma3,-0.04,0
135,34,ma3,-0.05,1
666,35,ma3,3.27,0
381,35,ma3,3.19,0
449,35,ma3,3.13,0
16,35,ma3,3.04,7
235,35,ma3,3.01,1
64,35,ma3,2.96,2
430,35,ma3,2.67,1
625,35,ma3,2.62,1
423,35,ma3,2.58,0
642,35,ma3,2.58,0
455,35,ma3,2.57,8
614,35,ma3,2.57,15
516,35,ma3,2.56,1
459,35,ma3,2.54,7
402,35,ma3,2.51,0
136,35,ma3,2.5,1
612,35,ma3,2.5,0
224,35,ma3,2.48,2
324,35,ma3,2.34,0
86,35,ma3,2.33,2
660,35,ma3,2.33,0
416,35,ma3,2.3,0
487,35,ma3,2.3,0
582,35,ma3,2.3,0
332,35,ma3,2.29,2
205,35,ma3,2.28,1
158,35,ma3,2.28,0
371,35,ma3,2.27,2
237,35,ma3,2.26,1
499,35,ma3,2.26,0
488,35,ma3,2.25,0
169,35,ma3,2.24,2
372,35,ma3,2.24,0
160,35,ma3,2.23,1
167,35,ma3,2.23,2
253,35,ma3,2.23,0
299,35,ma3,2.23,1
392,35,ma3,2.23,0
553,35,ma3,2.23,0
5,35,ma3,2.22,0
6,35,ma3,2.22,1
370,35,ma3,2.22,0
593,35,ma3,2.22,2
387,35,ma3,2.21,2
668,35,ma3,2.21,0
217,35,ma3,2.2,4
358,35,ma3,2.2,0
436,35,ma3,2.2,0
507,35,ma3,2.2,1
508,35,ma3,2.2,0
267,35,ma3,2.19,0
373,35,ma3,2.19,2
129,35,ma3,2.18,0
239,35,ma3,2.18,4
273,35,ma3,2.18,0
477,35,ma3,2.18,0
209,35,ma3,2.17,1
126,35,ma3,2.17,0
410,35,ma3,2.17,0
478,35,ma3,2.17,9
613,35,ma3,2.17,0
242,35,ma3,2.16,0
669,35,ma3,2.15,0
386,35,ma3,2.14,0
490,35,ma3,2.14,0
452,35,ma3,2.12,0
543,35,ma3,2.09,0
225,35,ma3,2.0,5
568,35,ma3,2.0,0
663,35,ma3,2.0,0
164,35,ma3,1.99,0
427,35,ma3,1.96,8
11,35,ma3,1.95,0
388,35,ma3,1.94,1
54,35,ma3,1.93,0
302,35,ma3,1.93,0
588,35,ma3,1.93,6
648,35,ma3,1.93,0
200,35,ma3,1.92,14
351,35,ma3,1.91,0
350,35,ma3,1.9,0
457,35,ma3,1.9,6
517,35,ma3,1.89,0
491,35,ma3,1.88,1
561,35,ma3,1.88,0
424,35,ma3,1.87,0
644,35,ma3,1.87,0
646,35,ma3,1.87,0
48,35,ma3,1.86,0
353,35,ma3,1.86,0
671,35,ma3,1.86,0
362,35,ma3,1.85,0
382,35,ma3,1.85,0
343,35,ma3,1.84,0
347,35,ma3,1.84,0
84,35,ma3,1.83,0
417,35,ma3,1.82,0
526,35,ma3,1.82,2
74,35,ma3,1.8,0
93,35,ma3,1.8,2
18,35,ma3,1.78,0
21,35,ma3,1.78,2
72,35,ma3,1.78,0
605,35,ma3,1.78,0
83,35,ma3,1.77,1
109,35,ma3,1.77,0
110,35,ma3,1.77,1
121,35,ma3,1.77,0
159,35,ma3,1.77,1
238,35,ma3,1.77,0
240,35,ma3,1.77,1
300,35,ma3,1.77,13
385,35,ma3,1.77,0
403,35,ma3,1.77,0
422,35,ma3,1.77,0
454,35,ma3,1.77,2
456,35,ma3,1.77,6
466,35,ma3,1.77,0
696,35,ma3,1.77,0
610,35,ma3,1.77,2
236,35,ma3,1.76,0
335,35,ma3,1.76,2
310,35,ma3,1.75,0
597,35,ma3,1.75,0
145,35,ma3,1.74,2
250,35,ma3,1.74,0
325,35,ma3,1.74,0
661,35,ma3,1.74,0
532,35,ma3,1.74,0
573,35,ma3,1.74,2
419,35,ma3,1.73,0
486,35,ma3,1.73,3
603,35,ma3,1.73,3
73,35,ma3,1.72,1
440,35,ma3,1.72,0
683,35,ma3,1.72,0
638,35,ma3,1.72,0
654,35,ma3,1.72,0
22,35,ma3,1.71,0
418,35,ma3,1.71,0
443,35,ma3,1.71,7
489,35,ma3,1.71,14
637,35,ma3,1.7,0
47,35,ma3,1.69,2
192,35,ma3,1.69,0
329,35,ma3,1.69,0
681,35,ma3,1.69,0
580,35,ma3,1.69,1
633,35,ma3,1.69,0
337,35,ma3,1.68,2
260,35,ma3,1.67,0
621,35,ma3,1.67,0
197,35,ma3,1.66,2
157,35,ma3,1.65,0
497,35,ma3,1.64,0
515,35,ma3,1.62,0
19,35,ma3,1.61,6
384,35,ma3,1.61,0
17,35,ma3,1.59,0
119,35,ma3,1.56,0
37,35,ma3,1.53,2
450,35,ma3,1.49,0
632,35,ma3,1.49,0
178,35,ma3,1.43,0
123,35,ma3,1.42,1
241,35,ma3,1.41,0
26,35,ma3,1.4,0
226,35,ma3,1.39,0
408,35,ma3,1.38,1
485,35,ma3,1.38,0
643,35,ma3,1.38,0
409,35,ma3,1.36,0
59,35,ma3,1.35,0
303,35,ma3,1.35,10
311,35,ma3,1.35,1
505,35,ma3,1.35,1
85,35,ma3,1.34,1
97,35,ma3,1.34,0
474,35,ma3,1.34,1
476,35,ma3,1.34,0
291,35,ma3,1.33,3
569,35,ma3,1.33,0
173,35,ma3,1.32,0
374,35,ma3,1.32,2
249,35,ma3,1.31,0
256,35,ma3,1.31,0
270,35,ma3,1.3,1
354,35,ma3,1.3,0
506,35,ma3,1.3,0
301,35,ma3,1.29,3
304,35,ma3,1.29,4
365,35,ma3,1.29,2
544,35,ma3,1.29,0
584,35,ma3,1.29,0
7,35,ma3,1.28,10
560,35,ma3,1.28,0
518,35,ma3,1.26,0
586,35,ma3,1.26,0
257,35,ma3,1.25,0
552,35,ma3,1.25,1
645,35,ma3,1.24,0
120,35,ma3,1.23,2
166,35,ma3,1.23,1
58,35,ma3,1.22,0
202,35,ma3,1.22,0
258,35,ma3,1.22,0
366,35,ma3,1.21,-2
53,35,ma3,1.2,1
591,35,ma3,1.2,0
107,35,ma3,1.19,1
293,35,ma3,1.19,1
287,35,ma3,1.18,0
1,35,ma3,1.17,0
122,35,ma3,1.17,0
585,35,ma3,1.17,0
31,35,ma3,1.16,2
677,35,ma3,1.16,0
106,35,ma3,1.16,-1
251,35,ma3,1.16,0
397,35,ma3,1.16,12
420,35,ma3,1.16,0
421,35,ma3,1.16,0
453,35,ma3,1.16,0
465,35,ma3,1.16,3
500,35,ma3,1.16,0
583,35,ma3,1.16,1
531,35,ma3,1.15,0
352,35,ma3,1.14,0
444,35,ma3,1.14,0
338,35,ma3,1.12,0
411,35,ma3,1.11,2
609,35,ma3,1.11,2
146,35,ma3,1.1,0
522,35,ma3,1.1,0
36,35,ma3,1.08,0
151,35,ma3,1.08,0
182,35,ma3,1.08,3
413,35,ma3,1.08,6
431,35,ma3,1.08,0
113,35,ma3,1.07,0
314,35,ma3,1.07,2
469,35,ma3,1.07,1
295,35,ma3,1.06,0
317,35,ma3,1.06,0
565,35,ma3,1.06,0
233,35,ma3,1.05,2
220,35,ma3,1.04,2
502,35,ma3,1.04,0
82,35,ma3,1.03,0
191,35,ma3,1.02,4
441,35,ma3,1.01,3
521,35,ma3,1.01,0
575,35,ma3,1.0,0
624,35,ma3,0.99,1
207,35,ma3,0.98,0
283,35,ma3,0.98,10
266,35,ma3,0.97,1
618,35,ma3,0.97,9
90,35,ma3,0.96,0
525,35,ma3,0.96,0
246,35,ma3,0.95,1
542,35,ma3,0.92,0
685,35,ma3,0.9,0
40,35,ma3,0.88,1
607,35,ma3,0.88,0
261,35,ma3,0.87,9
342,35,ma3,0.87,1
348,35,ma3,0.87,0
30,35,ma3,0.86,0
190,35,ma3,0.86,0
541,35,ma3,0.86,0
318,35,ma3,0.85,2
670,35,ma3,0.85,0
631,35,ma3,0.85,0
33,35,ma3,0.84,1
67,35,ma3,0.84,1
322,35,ma3,0.84,0
679,35,ma3,0.84,1
321,35,ma3,0.82,5
187,35,ma3,0.8,0
596,35,ma3,0.8,1
470,35,ma3,0.78,2
407,35,ma3,0.76,13
162,35,ma3,0.75,0
682,35,ma3,0.75,2
442,35,ma3,0.74,0
635,35,ma3,0.73,0
8,35,ma3,0.67,1
665,35,ma3,0.64,0
139,35,ma3,0.63,2
101,35,ma3,0.61,0
210,35,ma3,0.6,0
406,35,ma3,0.6,0
673,35,ma3,0.6,0
547,35,ma3,0.58,0
330,35,ma3,0.57,0
376,35,ma3,0.57,2
272,35,ma3,0.56,0
356,35,ma3,0.56,2
77,35,ma3,0.55,0
228,35,ma3,0.53,0
326,35,ma3,0.53,0
128,35,ma3,0.52,2
170,35,ma3,0.52,2
493,35,ma3,0.5,11
124,35,ma3,0.49,5
38,35,ma3,0.48,0
10,35,ma3,0.46,6
676,35,ma3,0.45,0
319,35,ma3,0.44,2
9,35,ma3,0.43,0
23,35,ma3,0.43,1
24,35,ma3,0.43,0
25,35,ma3,0.43,0
662,35,ma3,0.43,0
49,35,ma3,0.43,0
51,35,ma3,0.43,0
201,35,ma3,0.43,0
215,35,ma3,0.43,4
680,35,ma3,0.43,3
98,35,ma3,0.43,0
161,35,ma3,0.43,1
163,35,ma3,0.43,1
165,35,ma3,0.43,1
179,35,ma3,0.43,0
180,35,ma3,0.43,0
284,35,ma3,0.43,6
290,35,ma3,0.43,5
327,35,ma3,0.43,3
328,35,ma3,0.43,0
691,35,ma3,0.43,1
389,35,ma3,0.43,0
390,35,ma3,0.43,0
399,35,ma3,0.43,0
404,35,ma3,0.43,0
405,35,ma3,0.43,5
52,35,ma3,0.43,0
473,35,ma3,0.43,0
426,35,ma3,0.43,5
527,35,ma3,0.43,0
693,35,ma3,0.43,7
545,35,ma3,0.43,1
587,35,ma3,0.43,0
589,35,ma3,0.43,3
615,35,ma3,0.43,0
647,35,ma3,0.43,0
331,35,ma3,0.42,1
276,35,ma3,0.41,0
628,35,ma3,0.39,1
148,35,ma3,0.38,10
116,35,ma3,0.33,8
579,35,ma3,0.27,0
20,35,ma3,0.25,0
81,35,ma3,0.25,3
415,35,ma3,0.25,0
451,35,ma3,0.25,0
581,35,ma3,0.25,0
12,35,ma3,0.24,0
27,35,ma3,0.24,0
32,35,ma3,0.24,0
55,35,ma3,0.24,0
56,35,ma3,0.24,0
57,35,ma3,0.24,1
203,35,ma3,0.24,0
204,35,ma3,0.24,1
206,35,ma3,0.24,0
208,35,ma3,0.24,0
216,35,ma3,0.24,0
71,35,ma3,0.24,0
87,35,ma3,0.24,0
88,35,ma3,0.24,2
89,35,ma3,0.24,1
91,35,ma3,0.24,0
391,35,ma3,0.24,1
125,35,ma3,0.24,1
127,35,ma3,0.24,1
168,35,ma3,0.24,0
171,35,ma3,0.24,2
172,35,ma3,0.24,0
174,35,ma3,0.24,0
181,35,ma3,0.24,0
227,35,ma3,0.24,2
243,35,ma3,0.24,0
244,35,ma3,0.24,1
245,35,ma3,0.24,1
672,35,ma3,0.24,0
259,35,ma3,0.24,1
268,35,ma3,0.24,0
269,35,ma3,0.24,1
271,35,ma3,0.24,4
285,35,ma3,0.24,7
292,35,ma3,0.24,1
312,35,ma3,0.24,0
316,35,ma3,0.24,0
355,35,ma3,0.24,0
357,35,ma3,0.24,1
363,35,ma3,0.24,0
364,35,ma3,0.24,0
375,35,ma3,0.24,0
377,35,ma3,0.24,1
692,35,ma3,0.24,0
400,35,ma3,0.24,2
412,35,ma3,0.24,0
428,35,ma3,0.24,3
429,35,ma3,0.24,0
432,35,ma3,0.24,5
437,35,ma3,0.24,0
438,35,ma3,0.24,0
458,35,ma3,0.24,2
475,35,ma3,0.24,0
492,35,ma3,0.24,0
494,35,ma3,0.24,0
674,35,ma3,0.24,0
684,35,ma3,0.24,0
519,35,ma3,0.24,2
520,35,ma3,0.24,0
546,35,ma3,0.24,0
548,35,ma3,0.24,0
549,35,ma3,0.24,1
550,35,ma3,0.24,0
551,35,ma3,0.24,0
590,35,ma3,0.24,0
592,35,ma3,0.24,0
616,35,ma3,0.24,0
617,35,ma3,0.24,0
619,35,ma3,0.24,0
649,35,ma3,0.24,0
655,35,ma3,0.24,0
656,35,ma3,0.24,0
50,35,ma3,0.23,1
425,35,ma3,0.23,0
2,35,ma3,0.12,9
28,35,ma3,0.12,2
29,35,ma3,0.12,0
39,35,ma3,0.12,1
41,35,ma3,0.12,0
60,35,ma3,0.12,1
61,35,ma3,0.12,0
62,35,ma3,0.12,0
63,35,ma3,0.12,0
65,35,ma3,0.12,0
183,35,ma3,0.12,0
186,35,ma3,0.12,5
212,35,ma3,0.12,5
213,35,ma3,0.12,0
214,35,ma3,0.12,0
218,35,ma3,0.12,0
219,35,ma3,0.12,0
66,35,ma3,0.12,2
92,35,ma3,0.12,2
94,35,ma3,0.12,1
95,35,ma3,0.12,1
96,35,ma3,0.12,0
99,35,ma3,0.12,0
100,35,ma3,0.12,0
687,35,ma3,0.12,0
108,35,ma3,0.12,0
111,35,ma3,0.12,1
112,35,ma3,0.12,0
130,35,ma3,0.12,6
131,35,ma3,0.12,0
132,35,ma3,0.12,0
133,35,ma3,0.12,3
134,35,ma3,0.12,5
137,35,ma3,0.12,0
138,35,ma3,0.12,0
143,35,ma3,0.12,0
144,35,ma3,0.12,0
147,35,ma3,0.12,0
149,35,ma3,0.12,1
150,35,ma3,0.12,0
152,35,ma3,0.12,0
153,35,ma3,0.12,0
175,35,ma3,0.12,2
176,35,ma3,0.12,0
177,35,ma3,0.12,0
221,35,ma3,0.12,0
229,35,ma3,0.12,0
230,35,ma3,0.12,0
231,35,ma3,0.12,0
232,35,ma3,0.12,0
247,35,ma3,0.12,0
248,35,ma3,0.12,0
274,35,ma3,0.12,1
275,35,ma3,0.12,1
277,35,ma3,0.12,0
278,35,ma3,0.12,0
279,35,ma3,0.12,0
280,35,ma3,0.12,11
281,35,ma3,0.12,5
282,35,ma3,0.12,2
286,35,ma3,0.12,0
690,35,ma3,0.12,7
288,35,ma3,0.12,2
294,35,ma3,0.12,0
296,35,ma3,0.12,0
305,35,ma3,0.12,0
306,35,ma3,0.12,0
307,35,ma3,0.12,2
308,35,ma3,0.12,1
309,35,ma3,0.12,2
313,35,ma3,0.12,6
667,35,ma3,0.12,0
320,35,ma3,0.12,0
333,35,ma3,0.12,2
334,35,ma3,0.12,0
336,35,ma3,0.12,0
339,35,ma3,0.12,0
359,35,ma3,0.12,0
360,35,ma3,0.12,0
361,35,ma3,0.12,0
367,35,ma3,0.12,1
393,35,ma3,0.12,0
394,35,ma3,0.12,8
395,35,ma3,0.12,0
396,35,ma3,0.12,0
398,35,ma3,0.12,0
686,35,ma3,0.12,0
439,35,ma3,0.12,0
460,35,ma3,0.12,0
461,35,ma3,0.12,0
462,35,ma3,0.12,0
463,35,ma3,0.12,0
464,35,ma3,0.12,11
467,35,ma3,0.12,3
468,35,ma3,0.12,3
479,35,ma3,0.12,0
480,35,ma3,0.12,6
495,35,ma3,0.12,0
496,35,ma3,0.12,0
498,35,ma3,0.12,0
501,35,ma3,0.12,0
689,35,ma3,0.12,7
509,35,ma3,0.12,1
510,35,ma3,0.12,2
511,35,ma3,0.12,0
512,35,ma3,0.12,0
523,35,ma3,0.12,1
524,35,ma3,0.12,0
528,35,ma3,0.12,0
554,35,ma3,0.12,0
555,35,ma3,0.12,0
556,35,ma3,0.12,0
557,35,ma3,0.12,0
558,35,ma3,0.12,0
559,35,ma3,0.12,0
562,35,ma3,0.12,1
563,35,ma3,0.12,0
564,35,ma3,0.12,0
570,35,ma3,0.12,2
571,35,ma3,0.12,0
572,35,ma3,0.12,0
574,35,ma3,0.12,1
594,35,ma3,0.12,2
595,35,ma3,0.12,2
598,35,ma3,0.12,0
599,35,ma3,0.12,0
600,35,ma3,0.12,0
604,35,ma3,0.12,0
606,35,ma3,0.12,0
608,35,ma3,0.12,0
620,35,ma3,0.12,0
622,35,ma3,0.12,0
623,35,ma3,0.12,0
626,35,ma3,0.12,0
659,35,ma3,0.12,0
627,35,ma3,0.12,0
634,35,ma3,0.12,0
636,35,ma3,0.12,0
650,35,ma3,0.12,0
651,35,ma3,0.12,0
652,35,ma3,0.12,0
653,35,ma3,0.12,0
657,35,ma3,0.12,0
658,35,ma3,0.12,0
695,35,ma3,0.12,0
3,35,ma3,0.02,3
4,35,ma3,0.02,0
13,35,ma3,0.02,3
14,35,ma3,0.02,0
15,35,ma3,0.02,10
34,35,ma3,0.02,1
35,35,ma3,0.02,0
42,35,ma3,0.02,2
43,35,ma3,0.02,0
44,35,ma3,0.02,2
45,35,ma3,0.02,1
46,35,ma3,0.02,1
688,35,ma3,0.02,1
184,35,ma3,0.02,0
185,35,ma3,0.02,13
188,35,ma3,0.02,1
189,35,ma3,0.02,0
193,35,ma3,0.02,0
194,35,ma3,0.02,2
195,35,ma3,0.02,1
196,35,ma3,0.02,0
198,35,ma3,0.02,0
199,35,ma3,0.02,2
68,35,ma3,0.02,0
69,35,ma3,0.02,5
70,35,ma3,0.02,2
75,35,ma3,0.02,1
76,35,ma3,0.02,0
78,35,ma3,0.02,0
79,35,ma3,0.02,0
80,35,ma3,0.02,2
102,35,ma3,0.02,-2
103,35,ma3,0.02,1
104,35,ma3,0.02,2
105,35,ma3,0.02,0
114,35,ma3,0.02,0
115,35,ma3,0.02,0
117,35,ma3,0.02,0
118,35,ma3,0.02,0
140,35,ma3,0.02,0
141,35,ma3,0.02,2
142,35,ma3,0.02,0
154,35,ma3,0.02,0
155,35,ma3,0.02,0
156,35,ma3,0.02,1
222,35,ma3,0.02,1
223,35,ma3,0.02,0
234,35,ma3,0.02,0
254,35,ma3,0.02,0
255,35,ma3,0.02,0
262,35,ma3,0.02,0
263,35,ma3,0.02,0
264,35,ma3,0.02,11
265,35,ma3,0.02,1
289,35,ma3,0.02,0
297,35,ma3,0.02,2
298,35,ma3,0.02,0
630,35,ma3,0.02,0
315,35,ma3,0.02,1
323,35,ma3,0.02,0
664,35,ma3,0.02,0
340,35,ma3,0.02,1
341,35,ma3,0.02,1
344,35,ma3,0.02,0
345,35,ma3,0.02,1
346,35,ma3,0.02,0
349,35,ma3,0.02,0
368,35,ma3,0.02,1
369,35,ma3,0.02,1
378,35,ma3,0.02,0
379,35,ma3,0.02,0
380,35,ma3,0.02,0
401,35,ma3,0.02,0
433,35,ma3,0.02,3
434,35,ma3,0.02,0
435,35,ma3,0.02,0
445,35,ma3,0.02,6
446,35,ma3,0.02,1
447,35,ma3,0.02,0
448,35,ma3,0.02,0
471,35,ma3,0.02,1
472,35,ma3,0.02,8
481,35,ma3,0.02,1
482,35,ma3,0.02,5
483,35,ma3,0.02,0
484,35,ma3,0.02,7
503,35,ma3,0.02,1
504,35,ma3,0.02,1
513,35,ma3,0.02,5
514,35,ma3,0.02,2
675,35,ma3,0.02,0
529,35,ma3,0.02,0
530,35,ma3,0.02,0
533,35,ma3,0.02,0
534,35,ma3,0.02,21
535,35,ma3,0.02,0
536,35,ma3,0.02,2
537,35,ma3,0.02,0
538,35,ma3,0.02,2
539,35,ma3,0.02,0
540,35,ma3,0.02,0
678,35,ma3,0.02,0
694,35,ma3,0.02,2
566,35,ma3,0.02,0
567,35,ma3,0.02,0
576,35,ma3,0.02,0
577,35,ma3,0.02,3
578,35,ma3,0.02,2
601,35,ma3,0.02,0
602,35,ma3,0.02,0
611,35,ma3,0.02,1
629,35,ma3,0.02,0
639,35,ma3,0.02,0
640,35,ma3,0.02,0
641,35,ma3,0.02,0
211,35,ma3,0.0,5
252,35,ma3,0.0,0
383,35,ma3,-0.04,0
414,35,ma3,-0.04,0
135,35,ma3,-0.05,4
666,36,ma3,3.27,0
381,36,ma3,3.19,0
449,36,ma3,3.13,0
16,36,ma3,3.04,1
235,36,ma3,3.01,1
64,36,ma3,2.96,1
430,36,ma3,2.67,0
625,36,ma3,2.62,1
423,36,ma3,2.58,0
642,36,ma3,2.58,0
455,36,ma3,2.57,3
614,36,ma3,2.57,3
516,36,ma3,2.56,0
459,36,ma3,2.54,0
402,36,ma3,2.51,0
136,36,ma3,2.5,4
612,36,ma3,2.5,1
224,36,ma3,2.48,1
324,36,ma3,2.34,0
86,36,ma3,2.33,3
660,36,ma3,2.33,0
416,36,ma3,2.3,0
487,36,ma3,2.3,0
582,36,ma3,2.3,0
332,36,ma3,2.29,8
205,36,ma3,2.28,1
158,36,ma3,2.28,0
371,36,ma3,2.27,2
371,36,ma3,2.27,2
237,36,ma3,2.26,1
499,36,ma3,2.26,0
488,36,ma3,2.25,0
169,36,ma3,2.24,16
372,36,ma3,2.24,0
372,36,ma3,2.24,0
160,36,ma3,2.23,1
167,36,ma3,2.23,6
253,36,ma3,2.23,0
299,36,ma3,2.23,6
392,36,ma3,2.23,0
553,36,ma3,2.23,0
5,36,ma3,2.22,0
6,36,ma3,2.22,0
370,36,ma3,2.22,0
370,36,ma3,2.22,0
593,36,ma3,2.22,2
387,36,ma3,2.21,2
668,36,ma3,2.21,0
217,36,ma3,2.2,6
358,36,ma3,2.2,1
358,36,ma3,2.2,8
436,36,ma3,2.2,0
507,36,ma3,2.2,1
508,36,ma3,2.2,0
267,36,ma3,2.19,0
373,36,ma3,2.19,5
373,36,ma3,2.19,2
129,36,ma3,2.18,0
239,36,ma3,2.18,-2
273,36,ma3,2.18,0
477,36,ma3,2.18,0
209,36,ma3,2.17,6
126,36,ma3,2.17,0
126,36,ma3,2.17,0
410,36,ma3,2.17,1
478,36,ma3,2.17,0
613,36,ma3,2.17,0
242,36,ma3,2.16,0
669,36,ma3,2.15,1
386,36,ma3,2.14,0
490,36,ma3,2.14,0
452,36,ma3,2.12,0
543,36,ma3,2.09,0
543,36,ma3,2.09,0
225,36,ma3,2.0,5
568,36,ma3,2.0,0
663,36,ma3,2.0,0
164,36,ma3,1.99,1
427,36,ma3,1.96,7
11,36,ma3,1.95,1
388,36,ma3,1.94,1
54,36,ma3,1.93,0
302,36,ma3,1.93,0
588,36,ma3,1.93,0
648,36,ma3,1.93,0
200,36,ma3,1.92,3
351,36,ma3,1.91,0
351,36,ma3,1.91,0
350,36,ma3,1.9,0
350,36,ma3,1.9,0
457,36,ma3,1.9,0
517,36,ma3,1.89,0
491,36,ma3,1.88,1
561,36,ma3,1.88,0
424,36,ma3,1.87,0
644,36,ma3,1.87,0
646,36,ma3,1.87,0
48,36,ma3,1.86,0
353,36,ma3,1.86,0
353,36,ma3,1.86,0
671,36,ma3,1.86,0
362,36,ma3,1.85,0
362,36,ma3,1.85,0
382,36,ma3,1.85,0
343,36,ma3,1.84,0
347,36,ma3,1.84,0
84,36,ma3,1.83,0
417,36,ma3,1.82,0
526,36,ma3,1.82,11
74,36,ma3,1.8,0
93,36,ma3,1.8,1
18,36,ma3,1.78,0
21,36,ma3,1.78,2
72,36,ma3,1.78,0
605,36,ma3,1.78,0
83,36,ma3,1.77,1
109,36,ma3,1.77,0
109,36,ma3,1.77,0
110,36,ma3,1.77,1
121,36,ma3,1.77,0
121,36,ma3,1.77,0
159,36,ma3,1.77,6
238,36,ma3,1.77,0
240,36,ma3,1.77,0
300,36,ma3,1.77,19
385,36,ma3,1.77,0
403,36,ma3,1.77,0
422,36,ma3,1.77,0
454,36,ma3,1.77,2
456,36,ma3,1.77,1
466,36,ma3,1.77,0
696,36,ma3,1.77,0
610,36,ma3,1.77,6
236,36,ma3,1.76,0
335,36,ma3,1.76,0
310,36,ma3,1.75,0
597,36,ma3,1.75,0
145,36,ma3,1.74,1
250,36,ma3,1.74,0
325,36,ma3,1.74,1
661,36,ma3,1.74,2
532,36,ma3,1.74,0
573,36,ma3,1.74,0
419,36,ma3,1.73,0
486,36,ma3,1.73,1
603,36,ma3,1.73,0
73,36,ma3,1.72,1
440,36,ma3,1.72,0
683,36,ma3,1.72,0
683,36,ma3,1.72,0
638,36,ma3,1.72,0
654,36,ma3,1.72,0
22,36,ma3,1.71,0
418,36,ma3,1.71,0
443,36,ma3,1.71,0
489,36,ma3,1.71,2
637,36,ma3,1.7,0
47,36,ma3,1.69,8
192,36,ma3,1.69,0
329,36,ma3,1.69,6
681,36,ma3,1.69,0
580,36,ma3,1.69,3
633,36,ma3,1.69,0
337,36,ma3,1.68,7
260,36,ma3,1.67,0
621,36,ma3,1.67,0
197,36,ma3,1.66,1
157,36,ma3,1.65,0
497,36,ma3,1.64,0
515,36,ma3,1.62,0
19,36,ma3,1.61,1
384,36,ma3,1.61,0
17,36,ma3,1.59,0
119,36,ma3,1.56,0
119,36,ma3,1.56,0
37,36,ma3,1.53,1
450,36,ma3,1.49,0
632,36,ma3,1.49,0
178,36,ma3,1.43,0
123,36,ma3,1.42,10
123,36,ma3,1.42,3
241,36,ma3,1.41,0
26,36,ma3,1.4,0
226,36,ma3,1.39,0
408,36,ma3,1.38,1
485,36,ma3,1.38,0
643,36,ma3,1.38,0
409,36,ma3,1.36,1
59,36,ma3,1.35,0
303,36,ma3,1.35,6
311,36,ma3,1.35,1
505,36,ma3,1.35,2
85,36,ma3,1.34,6
97,36,ma3,1.34,0
474,36,ma3,1.34,0
476,36,ma3,1.34,1
291,36,ma3,1.33,16
569,36,ma3,1.33,5
173,36,ma3,1.32,0
374,36,ma3,1.32,1
374,36,ma3,1.32,7
249,36,ma3,1.31,1
256,36,ma3,1.31,0
270,36,ma3,1.3,0
354,36,ma3,1.3,0
506,36,ma3,1.3,0
301,36,ma3,1.29,0
304,36,ma3,1.29,15
365,36,ma3,1.29,0
365,36,ma3,1.29,0
544,36,ma3,1.29,0
544,36,ma3,1.29,-1
584,36,ma3,1.29,0
7,36,ma3,1.28,2
560,36,ma3,1.28,0
518,36,ma3,1.26,0
586,36,ma3,1.26,17
586,36,ma3,1.26,0
257,36,ma3,1.25,0
552,36,ma3,1.25,1
552,36,ma3,1.25,1
645,36,ma3,1.24,0
120,36,ma3,1.23,3
120,36,ma3,1.23,2
166,36,ma3,1.23,1
58,36,ma3,1.22,0
202,36,ma3,1.22,0
258,36,ma3,1.22,1
366,36,ma3,1.21,1
366,36,ma3,1.21,1
53,36,ma3,1.2,1
591,36,ma3,1.2,0
107,36,ma3,1.19,0
107,36,ma3,1.19,0
293,36,ma3,1.19,3
287,36,ma3,1.18,0
1,36,ma3,1.17,0
122,36,ma3,1.17,0
122,36,ma3,1.17,0
585,36,ma3,1.17,0
31,36,ma3,1.16,2
677,36,ma3,1.16,0
677,36,ma3,1.16,0
106,36,ma3,1.16,6
106,36,ma3,1.16,0
251,36,ma3,1.16,0
397,36,ma3,1.16,12
420,36,ma3,1.16,0
421,36,ma3,1.16,0
453,36,ma3,1.16,0
465,36,ma3,1.16,1
500,36,ma3,1.16,0
583,36,ma3,1.16,1
531,36,ma3,1.15,0
352,36,ma3,1.14,0
352,36,ma3,1.14,0
444,36,ma3,1.14,1
338,36,ma3,1.12,0
411,36,ma3,1.11,0
609,36,ma3,1.11,6
146,36,ma3,1.1,0
522,36,ma3,1.1,0
36,36,ma3,1.08,0
151,36,ma3,1.08,0
182,36,ma3,1.08,1
413,36,ma3,1.08,1
431,36,ma3,1.08,0
113,36,ma3,1.07,0
113,36,ma3,1.07,0
314,36,ma3,1.07,6
469,36,ma3,1.07,1
295,36,ma3,1.06,0
317,36,ma3,1.06,0
565,36,ma3,1.06,0
233,36,ma3,1.05,2
220,36,ma3,1.04,3
502,36,ma3,1.04,0
82,36,ma3,1.03,0
191,36,ma3,1.02,1
441,36,ma3,1.01,1
521,36,ma3,1.01,0
575,36,ma3,1.0,1
624,36,ma3,0.99,0
207,36,ma3,0.98,0
283,36,ma3,0.98,12
266,36,ma3,0.97,0
618,36,ma3,0.97,9
90,36,ma3,0.96,1
525,36,ma3,0.96,0
246,36,ma3,0.95,1
542,36,ma3,0.92,0
542,36,ma3,0.92,0
685,36,ma3,0.9,0
40,36,ma3,0.88,4
607,36,ma3,0.88,0
261,36,ma3,0.87,2
342,36,ma3,0.87,0
348,36,ma3,0.87,0
30,36,ma3,0.86,2
190,36,ma3,0.86,0
541,36,ma3,0.86,0
318,36,ma3,0.85,7
670,36,ma3,0.85,0
631,36,ma3,0.85,0
33,36,ma3,0.84,0
67,36,ma3,0.84,1
322,36,ma3,0.84,0
679,36,ma3,0.84,1
679,36,ma3,0.84,1
321,36,ma3,0.82,1
187,36,ma3,0.8,0
596,36,ma3,0.8,2
596,36,ma3,0.8,1
470,36,ma3,0.78,8
407,36,ma3,0.76,2
162,36,ma3,0.75,0
682,36,ma3,0.75,2
442,36,ma3,0.74,0
635,36,ma3,0.73,0
8,36,ma3,0.67,1
665,36,ma3,0.64,0
139,36,ma3,0.63,0
101,36,ma3,0.61,0
101,36,ma3,0.61,0
210,36,ma3,0.6,5
406,36,ma3,0.6,1
673,36,ma3,0.6,0
547,36,ma3,0.58,0
330,36,ma3,0.57,1
376,36,ma3,0.57,8
376,36,ma3,0.57,2
272,36,ma3,0.56,0
356,36,ma3,0.56,12
356,36,ma3,0.56,12
77,36,ma3,0.55,0
228,36,ma3,0.53,0
326,36,ma3,0.53,0
128,36,ma3,0.52,0
170,36,ma3,0.52,8
493,36,ma3,0.5,2
124,36,ma3,0.49,3
124,36,ma3,0.49,2
38,36,ma3,0.48,0
10,36,ma3,0.46,1
676,36,ma3,0.45,0
319,36,ma3,0.44,2
9,36,ma3,0.43,0
23,36,ma3,0.43,1
24,36,ma3,0.43,0
25,36,ma3,0.43,0
662,36,ma3,0.43,0
49,36,ma3,0.43,0
51,36,ma3,0.43,0
201,36,ma3,0.43,0
215,36,ma3,0.43,6
680,36,ma3,0.43,3
98,36,ma3,0.43,0
161,36,ma3,0.43,0
163,36,ma3,0.43,3
165,36,ma3,0.43,6
179,36,ma3,0.43,0
180,36,ma3,0.43,0
284,36,ma3,0.43,6
290,36,ma3,0.43,5
327,36,ma3,0.43,6
328,36,ma3,0.43,0
691,36,ma3,0.43,1
389,36,ma3,0.43,0
390,36,ma3,0.43,0
399,36,ma3,0.43,0
404,36,ma3,0.43,0
405,36,ma3,0.43,2
52,36,ma3,0.43,0
473,36,ma3,0.43,0
426,36,ma3,0.43,1
527,36,ma3,0.43,0
693,36,ma3,0.43,2
545,36,ma3,0.43,1
587,36,ma3,0.43,1
589,36,ma3,0.43,2
615,36,ma3,0.43,0
647,36,ma3,0.43,0
331,36,ma3,0.42,1
276,36,ma3,0.41,0
628,36,ma3,0.39,1
148,36,ma3,0.38,1
116,36,ma3,0.33,3
116,36,ma3,0.33,0
579,36,ma3,0.27,0
20,36,ma3,0.25,0
81,36,ma3,0.25,7
415,36,ma3,0.25,0
451,36,ma3,0.25,0
581,36,ma3,0.25,0
12,36,ma3,0.24,1
27,36,ma3,0.24,0
32,36,ma3,0.24,0
55,36,ma3,0.24,0
56,36,ma3,0.24,0
57,36,ma3,0.24,1
203,36,ma3,0.24,0
204,36,ma3,0.24,1
206,36,ma3,0.24,0
208,36,ma3,0.24,0
216,36,ma3,0.24,0
71,36,ma3,0.24,1
87,36,ma3,0.24,1
88,36,ma3,0.24,6
89,36,ma3,0.24,8
91,36,ma3,0.24,0
391,36,ma3,0.24,0
125,36,ma3,0.24,6
125,36,ma3,0.24,1
127,36,ma3,0.24,0
168,36,ma3,0.24,0
171,36,ma3,0.24,6
172,36,ma3,0.24,0
174,36,ma3,0.24,0
181,36,ma3,0.24,0
227,36,ma3,0.24,2
243,36,ma3,0.24,0
244,36,ma3,0.24,7
245,36,ma3,0.24,0
672,36,ma3,0.24,0
259,36,ma3,0.24,2
268,36,ma3,0.24,0
269,36,ma3,0.24,2
271,36,ma3,0.24,1
285,36,ma3,0.24,13
292,36,ma3,0.24,0
312,36,ma3,0.24,6
316,36,ma3,0.24,0
355,36,ma3,0.24,0
355,36,ma3,0.24,0
357,36,ma3,0.24,1
357,36,ma3,0.24,10
363,36,ma3,0.24,0
363,36,ma3,0.24,1
364,36,ma3,0.24,0
364,36,ma3,0.24,0
375,36,ma3,0.24,0
375,36,ma3,0.24,0
377,36,ma3,0.24,1
377,36,ma3,0.24,2
692,36,ma3,0.24,0
400,36,ma3,0.24,2
412,36,ma3,0.24,0
428,36,ma3,0.24,2
429,36,ma3,0.24,0
432,36,ma3,0.24,1
437,36,ma3,0.24,0
438,36,ma3,0.24,0
458,36,ma3,0.24,0
475,36,ma3,0.24,1
492,36,ma3,0.24,0
494,36,ma3,0.24,0
674,36,ma3,0.24,0
684,36,ma3,0.24,0
519,36,ma3,0.24,3
520,36,ma3,0.24,0
546,36,ma3,0.24,0
548,36,ma3,0.24,1
549,36,ma3,0.24,0
550,36,ma3,0.24,0
551,36,ma3,0.24,0
590,36,ma3,0.24,0
592,36,ma3,0.24,0
616,36,ma3,0.24,0
617,36,ma3,0.24,0
619,36,ma3,0.24,0
649,36,ma3,0.24,0
655,36,ma3,0.24,0
656,36,ma3,0.24,0
50,36,ma3,0.23,0
425,36,ma3,0.23,0
2,36,ma3,0.12,8
28,36,ma3,0.12,2
29,36,ma3,0.12,0
39,36,ma3,0.12,2
41,36,ma3,0.12,0
60,36,ma3,0.12,0
61,36,ma3,0.12,0
62,36,ma3,0.12,1
63,36,ma3,0.12,0
65,36,ma3,0.12,0
183,36,ma3,0.12,0
186,36,ma3,0.12,2
212,36,ma3,0.12,6
213,36,ma3,0.12,0
214,36,ma3,0.12,0
218,36,ma3,0.12,0
219,36,ma3,0.12,0
66,36,ma3,0.12,2
92,36,ma3,0.12,7
94,36,ma3,0.12,1
95,36,ma3,0.12,9
96,36,ma3,0.12,0
99,36,ma3,0.12,0
100,36,ma3,0.12,0
687,36,ma3,0.12,0
108,36,ma3,0.12,0
108,36,ma3,0.12,0
111,36,ma3,0.12,2
112,36,ma3,0.12,0
130,36,ma3,0.12,1
131,36,ma3,0.12,0
132,36,ma3,0.12,1
133,36,ma3,0.12,0
134,36,ma3,0.12,0
137,36,ma3,0.12,0
138,36,ma3,0.12,0
143,36,ma3,0.12,0
144,36,ma3,0.12,0
147,36,ma3,0.12,1
149,36,ma3,0.12,1
149,36,ma3,0.12,4
150,36,ma3,0.12,0
152,36,ma3,0.12,0
153,36,ma3,0.12,0
175,36,ma3,0.12,6
176,36,ma3,0.12,0
177,36,ma3,0.12,0
221,36,ma3,0.12,0
229,36,ma3,0.12,0
230,36,ma3,0.12,1
231,36,ma3,0.12,0
232,36,ma3,0.12,0
247,36,ma3,0.12,0
248,36,ma3,0.12,0
274,36,ma3,0.12,1
275,36,ma3,0.12,3
277,36,ma3,0.12,0
278,36,ma3,0.12,0
279,36,ma3,0.12,0
280,36,ma3,0.12,6
281,36,ma3,0.12,9
282,36,ma3,0.12,3
286,36,ma3,0.12,0
690,36,ma3,0.12,1
288,36,ma3,0.12,1
294,36,ma3,0.12,1
296,36,ma3,0.12,1
305,36,ma3,0.12,1
306,36,ma3,0.12,0
307,36,ma3,0.12,8
308,36,ma3,0.12,0
309,36,ma3,0.12,7
313,36,ma3,0.12,0
667,36,ma3,0.12,0
320,36,ma3,0.12,0
333,36,ma3,0.12,6
334,36,ma3,0.12,0
336,36,ma3,0.12,0
339,36,ma3,0.12,0
359,36,ma3,0.12,0
359,36,ma3,0.12,0
360,36,ma3,0.12,0
360,36,ma3,0.12,0
361,36,ma3,0.12,0
361,36,ma3,0.12,0
367,36,ma3,0.12,0
367,36,ma3,0.12,1
393,36,ma3,0.12,0
394,36,ma3,0.12,1
395,36,ma3,0.12,0
396,36,ma3,0.12,0
398,36,ma3,0.12,0
686,36,ma3,0.12,0
439,36,ma3,0.12,0
460,36,ma3,0.12,2
461,36,ma3,0.12,0
462,36,ma3,0.12,0
463,36,ma3,0.12,0
464,36,ma3,0.12,1
467,36,ma3,0.12,1
468,36,ma3,0.12,1
479,36,ma3,0.12,0
480,36,ma3,0.12,2
495,36,ma3,0.12,0
496,36,ma3,0.12,0
498,36,ma3,0.12,0
501,36,ma3,0.12,0
689,36,ma3,0.12,1
509,36,ma3,0.12,2
510,36,ma3,0.12,5
511,36,ma3,0.12,0
512,36,ma3,0.12,0
523,36,ma3,0.12,1
524,36,ma3,0.12,0
528,36,ma3,0.12,1
554,36,ma3,0.12,0
555,36,ma3,0.12,0
555,36,ma3,0.12,0
556,36,ma3,0.12,0
557,36,ma3,0.12,0
558,36,ma3,0.12,1
559,36,ma3,0.12,7
559,36,ma3,0.12,0
562,36,ma3,0.12,1
563,36,ma3,0.12,0
564,36,ma3,0.12,0
570,36,ma3,0.12,1
571,36,ma3,0.12,0
572,36,ma3,0.12,0
574,36,ma3,0.12,2
594,36,ma3,0.12,5
594,36,ma3,0.12,2
595,36,ma3,0.12,0
598,36,ma3,0.12,0
599,36,ma3,0.12,0
600,36,ma3,0.12,0
604,36,ma3,0.12,0
606,36,ma3,0.12,0
608,36,ma3,0.12,0
620,36,ma3,0.12,0
622,36,ma3,0.12,0
623,36,ma3,0.12,0
626,36,ma3,0.12,0
626,36,ma3,0.12,0
659,36,ma3,0.12,0
627,36,ma3,0.12,0
634,36,ma3,0.12,0
636,36,ma3,0.12,0
650,36,ma3,0.12,0
651,36,ma3,0.12,0
651,36,ma3,0.12,0
652,36,ma3,0.12,0
652,36,ma3,0.12,0
653,36,ma3,0.12,0
657,36,ma3,0.12,0
658,36,ma3,0.12,0
695,36,ma3,0.12,0
3,36,ma3,0.02,1
4,36,ma3,0.02,0
13,36,ma3,0.02,2
14,36,ma3,0.02,0
15,36,ma3,0.02,2
34,36,ma3,0.02,0
35,36,ma3,0.02,0
42,36,ma3,0.02,3
43,36,ma3,0.02,1
44,36,ma3,0.02,2
45,36,ma3,0.02,6
46,36,ma3,0.02,10
688,36,ma3,0.02,3
184,36,ma3,0.02,0
185,36,ma3,0.02,2
188,36,ma3,0.02,1
189,36,ma3,0.02,1
193,36,ma3,0.02,0
194,36,ma3,0.02,0
195,36,ma3,0.02,1
195,36,ma3,0.02,1
196,36,ma3,0.02,0
198,36,ma3,0.02,0
199,36,ma3,0.02,1
68,36,ma3,0.02,0
69,36,ma3,0.02,1
70,36,ma3,0.02,1
75,36,ma3,0.02,1
76,36,ma3,0.02,0
78,36,ma3,0.02,0
79,36,ma3,0.02,0
80,36,ma3,0.02,0
102,36,ma3,0.02,6
102,36,ma3,0.02,1
103,36,ma3,0.02,1
103,36,ma3,0.02,1
104,36,ma3,0.02,5
104,36,ma3,0.02,1
105,36,ma3,0.02,0
114,36,ma3,0.02,0
114,36,ma3,0.02,0
115,36,ma3,0.02,0
115,36,ma3,0.02,0
117,36,ma3,0.02,0
117,36,ma3,0.02,0
118,36,ma3,0.02,0
118,36,ma3,0.02,0
140,36,ma3,0.02,0
141,36,ma3,0.02,2
142,36,ma3,0.02,0
154,36,ma3,0.02,1
155,36,ma3,0.02,0
156,36,ma3,0.02,7
222,36,ma3,0.02,9
223,36,ma3,0.02,0
234,36,ma3,0.02,0
254,36,ma3,0.02,0
255,36,ma3,0.02,2
262,36,ma3,0.02,0
263,36,ma3,0.02,0
264,36,ma3,0.02,2
265,36,ma3,0.02,2
289,36,ma3,0.02,0
297,36,ma3,0.02,0
298,36,ma3,0.02,0
630,36,ma3,0.02,0
315,36,ma3,0.02,3
323,36,ma3,0.02,0
664,36,ma3,0.02,0
340,36,ma3,0.02,3
341,36,ma3,0.02,6
344,36,ma3,0.02,0
345,36,ma3,0.02,8
346,36,ma3,0.02,0
349,36,ma3,0.02,0
368,36,ma3,0.02,1
368,36,ma3,0.02,1
369,36,ma3,0.02,2
369,36,ma3,0.02,5
378,36,ma3,0.02,0
379,36,ma3,0.02,0
380,36,ma3,0.02,0
401,36,ma3,0.02,1
433,36,ma3,0.02,2
434,36,ma3,0.02,0
435,36,ma3,0.02,0
445,36,ma3,0.02,1
446,36,ma3,0.02,1
447,36,ma3,0.02,0
448,36,ma3,0.02,1
471,36,ma3,0.02,1
472,36,ma3,0.02,1
481,36,ma3,0.02,1
482,36,ma3,0.02,1
483,36,ma3,0.02,1
484,36,ma3,0.02,1
503,36,ma3,0.02,0
504,36,ma3,0.02,0
513,36,ma3,0.02,1
514,36,ma3,0.02,3
675,36,ma3,0.02,0
529,36,ma3,0.02,0
530,36,ma3,0.02,0
533,36,ma3,0.02,0
534,36,ma3,0.02,2
535,36,ma3,0.02,0
536,36,ma3,0.02,5
537,36,ma3,0.02,0
538,36,ma3,0.02,1
539,36,ma3,0.02,0
540,36,ma3,0.02,0
678,36,ma3,0.02,0
694,36,ma3,0.02,2
566,36,ma3,0.02,0
567,36,ma3,0.02,0
576,36,ma3,0.02,0
577,36,ma3,0.02,1
578,36,ma3,0.02,1
601,36,ma3,0.02,0
602,36,ma3,0.02,3
611,36,ma3,0.02,1
629,36,ma3,0.02,0
639,36,ma3,0.02,0
640,36,ma3,0.02,0
640,36,ma3,0.02,0
641,36,ma3,0.02,0
211,36,ma3,0.0,6
252,36,ma3,0.0,0
383,36,ma3,-0.04,0
414,36,ma3,-0.04,0
135,36,ma3,-0.05,1
666,37,ma3,3.27,0
381,37,ma3,3.19,0
449,37,ma3,3.13,0
16,37,ma3,3.04,1
235,37,ma3,3.01,1
64,37,ma3,2.96,2
430,37,ma3,2.67,0
625,37,ma3,2.62,1
423,37,ma3,2.58,0
642,37,ma3,2.58,0
455,37,ma3,2.57,2
614,37,ma3,2.57,6
516,37,ma3,2.56,2
459,37,ma3,2.54,1
402,37,ma3,2.51,0
136,37,ma3,2.5,2
136,37,ma3,2.5,1
612,37,ma3,2.5,6
224,37,ma3,2.48,2
324,37,ma3,2.34,11
324,37,ma3,2.34,5
86,37,ma3,2.33,2
660,37,ma3,2.33,0
660,37,ma3,2.33,0
416,37,ma3,2.3,0
487,37,ma3,2.3,0
582,37,ma3,2.3,0
332,37,ma3,2.29,9
332,37,ma3,2.29,1
205,37,ma3,2.28,1
158,37,ma3,2.28,0
371,37,ma3,2.27,0
237,37,ma3,2.26,1
499,37,ma3,2.26,0
488,37,ma3,2.25,0
169,37,ma3,2.24,5
372,37,ma3,2.24,0
160,37,ma3,2.23,0
167,37,ma3,2.23,1
253,37,ma3,2.23,0
299,37,ma3,2.23,6
299,37,ma3,2.23,2
392,37,ma3,2.23,0
553,37,ma3,2.23,0
5,37,ma3,2.22,0
6,37,ma3,2.22,2
370,37,ma3,2.22,3
593,37,ma3,2.22,9
593,37,ma3,2.22,7
387,37,ma3,2.21,3
668,37,ma3,2.21,0
217,37,ma3,2.2,0
358,37,ma3,2.2,8
436,37,ma3,2.2,0
507,37,ma3,2.2,5
508,37,ma3,2.2,0
267,37,ma3,2.19,0
373,37,ma3,2.19,0
129,37,ma3,2.18,0
129,37,ma3,2.18,0
239,37,ma3,2.18,0
273,37,ma3,2.18,0
477,37,ma3,2.18,0
209,37,ma3,2.17,0
126,37,ma3,2.17,0
126,37,ma3,2.17,0
410,37,ma3,2.17,0
478,37,ma3,2.17,0
613,37,ma3,2.17,0
242,37,ma3,2.16,0
669,37,ma3,2.15,1
386,37,ma3,2.14,0
490,37,ma3,2.14,0
452,37,ma3,2.12,0
543,37,ma3,2.09,0
543,37,ma3,2.09,0
225,37,ma3,2.0,6
568,37,ma3,2.0,0
663,37,ma3,2.0,0
164,37,ma3,1.99,0
427,37,ma3,1.96,7
11,37,ma3,1.95,1
388,37,ma3,1.94,6
54,37,ma3,1.93,0
302,37,ma3,1.93,1
302,37,ma3,1.93,2
588,37,ma3,1.93,1
648,37,ma3,1.93,0
200,37,ma3,1.92,2
351,37,ma3,1.91,0
350,37,ma3,1.9,0
457,37,ma3,1.9,0
517,37,ma3,1.89,0
491,37,ma3,1.88,5
561,37,ma3,1.88,0
424,37,ma3,1.87,0
644,37,ma3,1.87,0
646,37,ma3,1.87,0
48,37,ma3,1.86,1
48,37,ma3,1.86,2
353,37,ma3,1.86,0
671,37,ma3,1.86,0
362,37,ma3,1.85,0
382,37,ma3,1.85,0
343,37,ma3,1.84,0
343,37,ma3,1.84,0
347,37,ma3,1.84,0
347,37,ma3,1.84,0
84,37,ma3,1.83,0
417,37,ma3,1.82,0
526,37,ma3,1.82,2
74,37,ma3,1.8,0
93,37,ma3,1.8,1
18,37,ma3,1.78,0
21,37,ma3,1.78,0
72,37,ma3,1.78,0
605,37,ma3,1.78,0
83,37,ma3,1.77,1
109,37,ma3,1.77,1
109,37,ma3,1.77,0
110,37,ma3,1.77,1
121,37,ma3,1.77,0
121,37,ma3,1.77,0
159,37,ma3,1.77,2
238,37,ma3,1.77,0
240,37,ma3,1.77,0
300,37,ma3,1.77,0
300,37,ma3,1.77,2
385,37,ma3,1.77,0
403,37,ma3,1.77,0
422,37,ma3,1.77,0
454,37,ma3,1.77,1
456,37,ma3,1.77,2
466,37,ma3,1.77,0
696,37,ma3,1.77,0
610,37,ma3,1.77,1
610,37,ma3,1.77,0
236,37,ma3,1.76,0
335,37,ma3,1.76,0
335,37,ma3,1.76,7
310,37,ma3,1.75,0
310,37,ma3,1.75,0
597,37,ma3,1.75,0
145,37,ma3,1.74,1
145,37,ma3,1.74,2
250,37,ma3,1.74,0
325,37,ma3,1.74,3
325,37,ma3,1.74,1
661,37,ma3,1.74,2
661,37,ma3,1.74,5
532,37,ma3,1.74,0
573,37,ma3,1.74,6
573,37,ma3,1.74,2
419,37,ma3,1.73,1
486,37,ma3,1.73,0
603,37,ma3,1.73,4
73,37,ma3,1.72,2
440,37,ma3,1.72,0
683,37,ma3,1.72,0
638,37,ma3,1.72,0
654,37,ma3,1.72,0
22,37,ma3,1.71,0
418,37,ma3,1.71,0
443,37,ma3,1.71,0
489,37,ma3,1.71,2
637,37,ma3,1.7,0
47,37,ma3,1.69,8
192,37,ma3,1.69,1
329,37,ma3,1.69,6
329,37,ma3,1.69,2
681,37,ma3,1.69,0
580,37,ma3,1.69,1
633,37,ma3,1.69,0
337,37,ma3,1.68,6
337,37,ma3,1.68,2
260,37,ma3,1.67,0
621,37,ma3,1.67,0
197,37,ma3,1.66,1
157,37,ma3,1.65,0
497,37,ma3,1.64,0
515,37,ma3,1.62,0
19,37,ma3,1.61,0
384,37,ma3,1.61,0
17,37,ma3,1.59,0
119,37,ma3,1.56,0
119,37,ma3,1.56,0
37,37,ma3,1.53,2
450,37,ma3,1.49,0
632,37,ma3,1.49,0
178,37,ma3,1.43,0
123,37,ma3,1.42,1
123,37,ma3,1.42,1
241,37,ma3,1.41,0
26,37,ma3,1.4,0
226,37,ma3,1.39,0
408,37,ma3,1.38,0
485,37,ma3,1.38,0
643,37,ma3,1.38,0
643,37,ma3,1.38,0
409,37,ma3,1.36,1
59,37,ma3,1.35,0
303,37,ma3,1.35,3
303,37,ma3,1.35,2
311,37,ma3,1.35,0
311,37,ma3,1.35,1
505,37,ma3,1.35,0
85,37,ma3,1.34,1
97,37,ma3,1.34,0
474,37,ma3,1.34,1
476,37,ma3,1.34,0
291,37,ma3,1.33,2
569,37,ma3,1.33,1
569,37,ma3,1.33,1
173,37,ma3,1.32,0
374,37,ma3,1.32,2
249,37,ma3,1.31,6
256,37,ma3,1.31,0
270,37,ma3,1.3,6
354,37,ma3,1.3,0
506,37,ma3,1.3,0
301,37,ma3,1.29,1
301,37,ma3,1.29,1
304,37,ma3,1.29,2
304,37,ma3,1.29,0
365,37,ma3,1.29,1
544,37,ma3,1.29,1
544,37,ma3,1.29,1
584,37,ma3,1.29,0
7,37,ma3,1.28,2
560,37,ma3,1.28,0
518,37,ma3,1.26,1
586,37,ma3,1.26,2
586,37,ma3,1.26,2
257,37,ma3,1.25,0
552,37,ma3,1.25,3
645,37,ma3,1.24,0
120,37,ma3,1.23,2
120,37,ma3,1.23,2
166,37,ma3,1.23,8
58,37,ma3,1.22,0
202,37,ma3,1.22,0
258,37,ma3,1.22,6
366,37,ma3,1.21,6
53,37,ma3,1.2,2
591,37,ma3,1.2,0
107,37,ma3,1.19,0
107,37,ma3,1.19,0
293,37,ma3,1.19,2
287,37,ma3,1.18,0
1,37,ma3,1.17,0
122,37,ma3,1.17,0
122,37,ma3,1.17,0
585,37,ma3,1.17,0
31,37,ma3,1.16,2
677,37,ma3,1.16,0
677,37,ma3,1.16,0
106,37,ma3,1.16,2
106,37,ma3,1.16,0
251,37,ma3,1.16,0
397,37,ma3,1.16,6
420,37,ma3,1.16,0
421,37,ma3,1.16,0
453,37,ma3,1.16,0
465,37,ma3,1.16,13
500,37,ma3,1.16,0
583,37,ma3,1.16,1
531,37,ma3,1.15,0
352,37,ma3,1.14,0
444,37,ma3,1.14,1
338,37,ma3,1.12,1
338,37,ma3,1.12,1
411,37,ma3,1.11,0
609,37,ma3,1.11,3
609,37,ma3,1.11,1
146,37,ma3,1.1,0
146,37,ma3,1.1,0
522,37,ma3,1.1,0
36,37,ma3,1.08,0
151,37,ma3,1.08,0
151,37,ma3,1.08,0
182,37,ma3,1.08,3
413,37,ma3,1.08,1
431,37,ma3,1.08,1
113,37,ma3,1.07,0
113,37,ma3,1.07,0
314,37,ma3,1.07,3
314,37,ma3,1.07,9
469,37,ma3,1.07,2
295,37,ma3,1.06,0
317,37,ma3,1.06,0
317,37,ma3,1.06,0
565,37,ma3,1.06,0
233,37,ma3,1.05,2
220,37,ma3,1.04,1
502,37,ma3,1.04,0
502,37,ma3,1.04,0
82,37,ma3,1.03,0
191,37,ma3,1.02,1
441,37,ma3,1.01,2
521,37,ma3,1.01,0
575,37,ma3,1.0,0
624,37,ma3,0.99,0
207,37,ma3,0.98,0
283,37,ma3,0.98,5
266,37,ma3,0.97,0
618,37,ma3,0.97,0
90,37,ma3,0.96,1
525,37,ma3,0.96,0
246,37,ma3,0.95,1
542,37,ma3,0.92,0
542,37,ma3,0.92,0
685,37,ma3,0.9,0
40,37,ma3,0.88,0
607,37,ma3,0.88,0
261,37,ma3,0.87,1
342,37,ma3,0.87,0
342,37,ma3,0.87,0
348,37,ma3,0.87,0
348,37,ma3,0.87,0
30,37,ma3,0.86,5
190,37,ma3,0.86,0
541,37,ma3,0.86,0
318,37,ma3,0.85,1
318,37,ma3,0.85,5
670,37,ma3,0.85,0
631,37,ma3,0.85,0
33,37,ma3,0.84,0
67,37,ma3,0.84,1
322,37,ma3,0.84,0
322,37,ma3,0.84,0
679,37,ma3,0.84,0
679,37,ma3,0.84,2
321,37,ma3,0.82,2
187,37,ma3,0.8,0
596,37,ma3,0.8,13
596,37,ma3,0.8,1
470,37,ma3,0.78,1
407,37,ma3,0.76,4
162,37,ma3,0.75,0
162,37,ma3,0.75,0
682,37,ma3,0.75,1
442,37,ma3,0.74,0
635,37,ma3,0.73,0
635,37,ma3,0.73,0
8,37,ma3,0.67,1
665,37,ma3,0.64,0
139,37,ma3,0.63,0
139,37,ma3,0.63,0
101,37,ma3,0.61,0
101,37,ma3,0.61,0
210,37,ma3,0.6,13
406,37,ma3,0.6,6
673,37,ma3,0.6,0
673,37,ma3,0.6,0
547,37,ma3,0.58,0
330,37,ma3,0.57,0
330,37,ma3,0.57,0
376,37,ma3,0.57,6
272,37,ma3,0.56,2
272,37,ma3,0.56,0
356,37,ma3,0.56,2
77,37,ma3,0.55,0
228,37,ma3,0.53,0
326,37,ma3,0.53,0
326,37,ma3,0.53,0
128,37,ma3,0.52,2
128,37,ma3,0.52,0
170,37,ma3,0.52,1
493,37,ma3,0.5,5
124,37,ma3,0.49,5
124,37,ma3,0.49,2
38,37,ma3,0.48,0
10,37,ma3,0.46,2
676,37,ma3,0.45,0
319,37,ma3,0.44,8
319,37,ma3,0.44,1
9,37,ma3,0.43,0
23,37,ma3,0.43,0
24,37,ma3,0.43,0
25,37,ma3,0.43,1
662,37,ma3,0.43,0
49,37,ma3,0.43,0
51,37,ma3,0.43,0
201,37,ma3,0.43,0
215,37,ma3,0.43,1
680,37,ma3,0.43,2
98,37,ma3,0.43,0
161,37,ma3,0.43,0
163,37,ma3,0.43,2
165,37,ma3,0.43,1
179,37,ma3,0.43,0
180,37,ma3,0.43,7
284,37,ma3,0.43,2
290,37,ma3,0.43,1
327,37,ma3,0.43,7
327,37,ma3,0.43,3
328,37,ma3,0.43,0
328,37,ma3,0.43,0
691,37,ma3,0.43,1
389,37,ma3,0.43,0
390,37,ma3,0.43,0
399,37,ma3,0.43,0
404,37,ma3,0.43,0
405,37,ma3,0.43,1
52,37,ma3,0.43,0
473,37,ma3,0.43,0
426,37,ma3,0.43,1
527,37,ma3,0.43,0
693,37,ma3,0.43,1
545,37,ma3,0.43,2
587,37,ma3,0.43,7
587,37,ma3,0.43,1
589,37,ma3,0.43,0
615,37,ma3,0.43,0
615,37,ma3,0.43,0
647,37,ma3,0.43,0
331,37,ma3,0.42,1
331,37,ma3,0.42,1
276,37,ma3,0.41,0
628,37,ma3,0.39,6
148,37,ma3,0.38,2
148,37,ma3,0.38,2
116,37,ma3,0.33,5
116,37,ma3,0.33,1
579,37,ma3,0.27,0
20,37,ma3,0.25,0
81,37,ma3,0.25,4
415,37,ma3,0.25,0
451,37,ma3,0.25,0
581,37,ma3,0.25,0
12,37,ma3,0.24,0
27,37,ma3,0.24,0
32,37,ma3,0.24,0
55,37,ma3,0.24,0
56,37,ma3,0.24,0
57,37,ma3,0.24,2
203,37,ma3,0.24,0
204,37,ma3,0.24,0
206,37,ma3,0.24,0
208,37,ma3,0.24,0
216,37,ma3,0.24,0
71,37,ma3,0.24,0
87,37,ma3,0.24,0
88,37,ma3,0.24,2
89,37,ma3,0.24,12
91,37,ma3,0.24,0
391,37,ma3,0.24,0
125,37,ma3,0.24,1
125,37,ma3,0.24,7
127,37,ma3,0.24,2
127,37,ma3,0.24,0
168,37,ma3,0.24,1
171,37,ma3,0.24,2
172,37,ma3,0.24,0
174,37,ma3,0.24,0
181,37,ma3,0.24,0
227,37,ma3,0.24,1
243,37,ma3,0.24,0
244,37,ma3,0.24,1
245,37,ma3,0.24,1
672,37,ma3,0.24,0
259,37,ma3,0.24,3
268,37,ma3,0.24,0
269,37,ma3,0.24,3
271,37,ma3,0.24,1
285,37,ma3,0.24,1
292,37,ma3,0.24,1
312,37,ma3,0.24,0
312,37,ma3,0.24,0
316,37,ma3,0.24,6
316,37,ma3,0.24,1
355,37,ma3,0.24,0
357,37,ma3,0.24,9
363,37,ma3,0.24,0
364,37,ma3,0.24,0
375,37,ma3,0.24,0
377,37,ma3,0.24,8
692,37,ma3,0.24,0
400,37,ma3,0.24,2
412,37,ma3,0.24,0
428,37,ma3,0.24,2
429,37,ma3,0.24,0
432,37,ma3,0.24,1
437,37,ma3,0.24,0
438,37,ma3,0.24,0
458,37,ma3,0.24,0
475,37,ma3,0.24,0
492,37,ma3,0.24,0
494,37,ma3,0.24,0
674,37,ma3,0.24,0
674,37,ma3,0.24,0
684,37,ma3,0.24,0
684,37,ma3,0.24,1
519,37,ma3,0.24,8
519,37,ma3,0.24,6
520,37,ma3,0.24,1
520,37,ma3,0.24,0
546,37,ma3,0.24,0
548,37,ma3,0.24,9
549,37,ma3,0.24,0
550,37,ma3,0.24,0
550,37,ma3,0.24,0
551,37,ma3,0.24,0
551,37,ma3,0.24,0
590,37,ma3,0.24,0
592,37,ma3,0.24,0
616,37,ma3,0.24,0
616,37,ma3,0.24,0
617,37,ma3,0.24,0
617,37,ma3,0.24,0
619,37,ma3,0.24,1
649,37,ma3,0.24,0
655,37,ma3,0.24,0
656,37,ma3,0.24,0
656,37,ma3,0.24,0
50,37,ma3,0.23,0
425,37,ma3,0.23,0
2,37,ma3,0.12,2
28,37,ma3,0.12,1
29,37,ma3,0.12,0
39,37,ma3,0.12,1
41,37,ma3,0.12,0
60,37,ma3,0.12,1
61,37,ma3,0.12,0
62,37,ma3,0.12,1
63,37,ma3,0.12,0
65,37,ma3,0.12,0
183,37,ma3,0.12,0
186,37,ma3,0.12,2
212,37,ma3,0.12,5
213,37,ma3,0.12,0
214,37,ma3,0.12,0
218,37,ma3,0.12,0
219,37,ma3,0.12,0
66,37,ma3,0.12,2
92,37,ma3,0.12,2
94,37,ma3,0.12,1
95,37,ma3,0.12,16
96,37,ma3,0.12,0
99,37,ma3,0.12,0
100,37,ma3,0.12,0
687,37,ma3,0.12,0
108,37,ma3,0.12,0
108,37,ma3,0.12,0
111,37,ma3,0.12,2
112,37,ma3,0.12,0
112,37,ma3,0.12,0
130,37,ma3,0.12,2
131,37,ma3,0.12,0
131,37,ma3,0.12,0
132,37,ma3,0.12,0
132,37,ma3,0.12,0
133,37,ma3,0.12,2
133,37,ma3,0.12,1
134,37,ma3,0.12,0
134,37,ma3,0.12,0
137,37,ma3,0.12,0
137,37,ma3,0.12,0
138,37,ma3,0.12,0
138,37,ma3,0.12,0
143,37,ma3,0.12,0
143,37,ma3,0.12,0
144,37,ma3,0.12,0
144,37,ma3,0.12,0
147,37,ma3,0.12,0
147,37,ma3,0.12,0
149,37,ma3,0.12,1
149,37,ma3,0.12,1
150,37,ma3,0.12,0
150,37,ma3,0.12,0
152,37,ma3,0.12,0
153,37,ma3,0.12,0
175,37,ma3,0.12,1
176,37,ma3,0.12,0
177,37,ma3,0.12,0
221,37,ma3,0.12,0
229,37,ma3,0.12,0
230,37,ma3,0.12,0
231,37,ma3,0.12,0
232,37,ma3,0.12,0
247,37,ma3,0.12,0
248,37,ma3,0.12,0
274,37,ma3,0.12,1
275,37,ma3,0.12,2
277,37,ma3,0.12,0
278,37,ma3,0.12,0
279,37,ma3,0.12,7
280,37,ma3,0.12,2
281,37,ma3,0.12,2
282,37,ma3,0.12,1
286,37,ma3,0.12,0
690,37,ma3,0.12,0
690,37,ma3,0.12,5
288,37,ma3,0.12,1
294,37,ma3,0.12,1
296,37,ma3,0.12,0
305,37,ma3,0.12,0
305,37,ma3,0.12,0
306,37,ma3,0.12,0
306,37,ma3,0.12,0
307,37,ma3,0.12,0
307,37,ma3,0.12,0
308,37,ma3,0.12,0
308,37,ma3,0.12,0
309,37,ma3,0.12,6
309,37,ma3,0.12,0
313,37,ma3,0.12,0
667,37,ma3,0.12,0
320,37,ma3,0.12,0
320,37,ma3,0.12,0
333,37,ma3,0.12,3
333,37,ma3,0.12,8
334,37,ma3,0.12,0
334,37,ma3,0.12,0
336,37,ma3,0.12,0
336,37,ma3,0.12,0
339,37,ma3,0.12,0
339,37,ma3,0.12,0
359,37,ma3,0.12,0
360,37,ma3,0.12,0
361,37,ma3,0.12,0
367,37,ma3,0.12,0
393,37,ma3,0.12,0
394,37,ma3,0.12,1
395,37,ma3,0.12,0
396,37,ma3,0.12,0
398,37,ma3,0.12,0
686,37,ma3,0.12,0
439,37,ma3,0.12,0
460,37,ma3,0.12,7
461,37,ma3,0.12,1
462,37,ma3,0.12,0
463,37,ma3,0.12,2
464,37,ma3,0.12,0
467,37,ma3,0.12,9
468,37,ma3,0.12,2
479,37,ma3,0.12,1
480,37,ma3,0.12,2
495,37,ma3,0.12,0
496,37,ma3,0.12,0
498,37,ma3,0.12,0
501,37,ma3,0.12,0
689,37,ma3,0.12,0
689,37,ma3,0.12,0
509,37,ma3,0.12,0
510,37,ma3,0.12,5
511,37,ma3,0.12,0
512,37,ma3,0.12,2
523,37,ma3,0.12,0
524,37,ma3,0.12,0
528,37,ma3,0.12,0
554,37,ma3,0.12,0
555,37,ma3,0.12,0
556,37,ma3,0.12,0
557,37,ma3,0.12,0
558,37,ma3,0.12,0
559,37,ma3,0.12,6
559,37,ma3,0.12,6
562,37,ma3,0.12,1
563,37,ma3,0.12,0
564,37,ma3,0.12,0
570,37,ma3,0.12,1
571,37,ma3,0.12,0
572,37,ma3,0.12,0
574,37,ma3,0.12,3
594,37,ma3,0.12,1
595,37,ma3,0.12,1
598,37,ma3,0.12,0
599,37,ma3,0.12,0
599,37,ma3,0.12,0
600,37,ma3,0.12,0
600,37,ma3,0.12,0
604,37,ma3,0.12,0
606,37,ma3,0.12,0
606,37,ma3,0.12,0
608,37,ma3,0.12,0
620,37,ma3,0.12,0
622,37,ma3,0.12,0
623,37,ma3,0.12,0
626,37,ma3,0.12,0
659,37,ma3,0.12,0
627,37,ma3,0.12,0
634,37,ma3,0.12,0
636,37,ma3,0.12,0
650,37,ma3,0.12,0
651,37,ma3,0.12,0
651,37,ma3,0.12,0
652,37,ma3,0.12,0
652,37,ma3,0.12,0
653,37,ma3,0.12,0
653,37,ma3,0.12,0
657,37,ma3,0.12,0
658,37,ma3,0.12,0
695,37,ma3,0.12,0
3,37,ma3,0.02,2
4,37,ma3,0.02,0
13,37,ma3,0.02,2
14,37,ma3,0.02,0
15,37,ma3,0.02,2
34,37,ma3,0.02,0
35,37,ma3,0.02,0
42,37,ma3,0.02,1
43,37,ma3,0.02,2
44,37,ma3,0.02,1
45,37,ma3,0.02,1
46,37,ma3,0.02,9
688,37,ma3,0.02,2
184,37,ma3,0.02,0
185,37,ma3,0.02,2
188,37,ma3,0.02,10
189,37,ma3,0.02,1
193,37,ma3,0.02,0
194,37,ma3,0.02,0
195,37,ma3,0.02,1
196,37,ma3,0.02,0
198,37,ma3,0.02,0
199,37,ma3,0.02,2
68,37,ma3,0.02,0
69,37,ma3,0.02,2
70,37,ma3,0.02,0
75,37,ma3,0.02,2
76,37,ma3,0.02,0
78,37,ma3,0.02,0
79,37,ma3,0.02,0
80,37,ma3,0.02,0
102,37,ma3,0.02,2
102,37,ma3,0.02,3
103,37,ma3,0.02,1
103,37,ma3,0.02,2
104,37,ma3,0.02,9
104,37,ma3,0.02,2
105,37,ma3,0.02,0
114,37,ma3,0.02,0
114,37,ma3,0.02,0
115,37,ma3,0.02,0
115,37,ma3,0.02,0
117,37,ma3,0.02,0
117,37,ma3,0.02,0
118,37,ma3,0.02,0
118,37,ma3,0.02,0
140,37,ma3,0.02,1
140,37,ma3,0.02,1
141,37,ma3,0.02,2
141,37,ma3,0.02,0
142,37,ma3,0.02,0
142,37,ma3,0.02,0
154,37,ma3,0.02,0
155,37,ma3,0.02,0
156,37,ma3,0.02,7
222,37,ma3,0.02,1
223,37,ma3,0.02,0
234,37,ma3,0.02,0
254,37,ma3,0.02,0
255,37,ma3,0.02,2
262,37,ma3,0.02,1
263,37,ma3,0.02,0
264,37,ma3,0.02,1
265,37,ma3,0.02,3
289,37,ma3,0.02,0
297,37,ma3,0.02,0
298,37,ma3,0.02,0
630,37,ma3,0.02,0
315,37,ma3,0.02,1
315,37,ma3,0.02,2
323,37,ma3,0.02,0
323,37,ma3,0.02,0
664,37,ma3,0.02,0
340,37,ma3,0.02,3
340,37,ma3,0.02,7
341,37,ma3,0.02,6
341,37,ma3,0.02,2
344,37,ma3,0.02,0
344,37,ma3,0.02,0
345,37,ma3,0.02,1
345,37,ma3,0.02,7
346,37,ma3,0.02,0
349,37,ma3,0.02,0
368,37,ma3,0.02,1
369,37,ma3,0.02,3
378,37,ma3,0.02,0
379,37,ma3,0.02,0
380,37,ma3,0.02,0
401,37,ma3,0.02,2
433,37,ma3,0.02,0
434,37,ma3,0.02,0
435,37,ma3,0.02,1
445,37,ma3,0.02,1
446,37,ma3,0.02,5
447,37,ma3,0.02,0
448,37,ma3,0.02,1
471,37,ma3,0.02,1
472,37,ma3,0.02,0
481,37,ma3,0.02,11
482,37,ma3,0.02,1
483,37,ma3,0.02,3
484,37,ma3,0.02,0
503,37,ma3,0.02,0
504,37,ma3,0.02,0
504,37,ma3,0.02,0
513,37,ma3,0.02,1
514,37,ma3,0.02,2
675,37,ma3,0.02,0
529,37,ma3,0.02,0
530,37,ma3,0.02,0
533,37,ma3,0.02,0
533,37,ma3,0.02,0
534,37,ma3,0.02,2
535,37,ma3,0.02,0
536,37,ma3,0.02,3
537,37,ma3,0.02,0
538,37,ma3,0.02,0
539,37,ma3,0.02,0
540,37,ma3,0.02,0
678,37,ma3,0.02,0
694,37,ma3,0.02,1
566,37,ma3,0.02,0
567,37,ma3,0.02,0
576,37,ma3,0.02,2
577,37,ma3,0.02,2
578,37,ma3,0.02,3
601,37,ma3,0.02,0
602,37,ma3,0.02,6
611,37,ma3,0.02,2
629,37,ma3,0.02,1
639,37,ma3,0.02,0
640,37,ma3,0.02,0
640,37,ma3,0.02,0
641,37,ma3,0.02,0
211,37,ma3,0.0,2
252,37,ma3,0.0,1
383,37,ma3,-0.04,0
414,37,ma3,-0.04,0
135,37,ma3,-0.05,0
135,37,ma3,-0.05,4
666,38,ma3,3.27,0
381,38,ma3,3.19,0
449,38,ma3,3.13,0
16,38,ma3,3.04,6
235,38,ma3,3.01,-1
64,38,ma3,2.96,2
430,38,ma3,2.67,0
625,38,ma3,2.62,0
423,38,ma3,2.58,0
642,38,ma3,2.58,0
455,38,ma3,2.57,1
614,38,ma3,2.57,5
516,38,ma3,2.56,0
459,38,ma3,2.54,0
402,38,ma3,2.51,0
136,38,ma3,2.5,1
612,38,ma3,2.5,10
224,38,ma3,2.48,2
324,38,ma3,2.34,0
86,38,ma3,2.33,2
660,38,ma3,2.33,0
416,38,ma3,2.3,0
487,38,ma3,2.3,0
582,38,ma3,2.3,0
332,38,ma3,2.29,0
205,38,ma3,2.28,0
158,38,ma3,2.28,0
371,38,ma3,2.27,0
237,38,ma3,2.26,0
499,38,ma3,2.26,0
488,38,ma3,2.25,0
169,38,ma3,2.24,2
372,38,ma3,2.24,1
160,38,ma3,2.23,0
167,38,ma3,2.23,2
253,38,ma3,2.23,0
299,38,ma3,2.23,2
392,38,ma3,2.23,0
553,38,ma3,2.23,0
5,38,ma3,2.22,0
6,38,ma3,2.22,3
370,38,ma3,2.22,0
593,38,ma3,2.22,2
387,38,ma3,2.21,1
668,38,ma3,2.21,0
217,38,ma3,2.2,1
358,38,ma3,2.2,1
436,38,ma3,2.2,0
507,38,ma3,2.2,2
508,38,ma3,2.2,0
267,38,ma3,2.19,0
373,38,ma3,2.19,0
129,38,ma3,2.18,0
239,38,ma3,2.18,0
273,38,ma3,2.18,0
477,38,ma3,2.18,0
209,38,ma3,2.17,1
126,38,ma3,2.17,0
410,38,ma3,2.17,0
478,38,ma3,2.17,1
613,38,ma3,2.17,0
242,38,ma3,2.16,0
669,38,ma3,2.15,0
386,38,ma3,2.14,0
490,38,ma3,2.14,0
452,38,ma3,2.12,0
543,38,ma3,2.09,0
225,38,ma3,2.0,2
568,38,ma3,2.0,0
663,38,ma3,2.0,0
164,38,ma3,1.99,1
427,38,ma3,1.96,16
11,38,ma3,1.95,1
388,38,ma3,1.94,2
54,38,ma3,1.93,0
302,38,ma3,1.93,0
588,38,ma3,1.93,1
648,38,ma3,1.93,0
200,38,ma3,1.92,2
351,38,ma3,1.91,0
350,38,ma3,1.9,0
457,38,ma3,1.9,1
517,38,ma3,1.89,0
491,38,ma3,1.88,2
561,38,ma3,1.88,0
424,38,ma3,1.87,0
644,38,ma3,1.87,0
646,38,ma3,1.87,0
48,38,ma3,1.86,1
353,38,ma3,1.86,0
671,38,ma3,1.86,0
362,38,ma3,1.85,0
382,38,ma3,1.85,0
343,38,ma3,1.84,0
347,38,ma3,1.84,1
84,38,ma3,1.83,0
417,38,ma3,1.82,0
526,38,ma3,1.82,6
74,38,ma3,1.8,0
93,38,ma3,1.8,3
18,38,ma3,1.78,0
21,38,ma3,1.78,0
72,38,ma3,1.78,3
605,38,ma3,1.78,0
83,38,ma3,1.77,1
109,38,ma3,1.77,0
110,38,ma3,1.77,0
121,38,ma3,1.77,0
159,38,ma3,1.77,2
238,38,ma3,1.77,0
240,38,ma3,1.77,0
300,38,ma3,1.77,0
385,38,ma3,1.77,0
403,38,ma3,1.77,0
422,38,ma3,1.77,0
454,38,ma3,1.77,1
456,38,ma3,1.77,0
466,38,ma3,1.77,0
696,38,ma3,1.77,0
610,38,ma3,1.77,0
236,38,ma3,1.76,0
335,38,ma3,1.76,2
310,38,ma3,1.75,0
597,38,ma3,1.75,0
145,38,ma3,1.74,1
250,38,ma3,1.74,0
325,38,ma3,1.74,2
661,38,ma3,1.74,2
532,38,ma3,1.74,0
573,38,ma3,1.74,2
419,38,ma3,1.73,1
486,38,ma3,1.73,0
603,38,ma3,1.73,2
73,38,ma3,1.72,2
440,38,ma3,1.72,0
683,38,ma3,1.72,0
638,38,ma3,1.72,0
654,38,ma3,1.72,0
22,38,ma3,1.71,0
418,38,ma3,1.71,0
443,38,ma3,1.71,0
489,38,ma3,1.71,1
637,38,ma3,1.7,0
47,38,ma3,1.69,9
192,38,ma3,1.69,0
329,38,ma3,1.69,0
681,38,ma3,1.69,0
580,38,ma3,1.69,2
633,38,ma3,1.69,0
337,38,ma3,1.68,2
260,38,ma3,1.67,0
621,38,ma3,1.67,0
197,38,ma3,1.66,0
157,38,ma3,1.65,0
497,38,ma3,1.64,0
515,38,ma3,1.62,0
19,38,ma3,1.61,0
384,38,ma3,1.61,0
17,38,ma3,1.59,0
119,38,ma3,1.56,0
37,38,ma3,1.53,1
450,38,ma3,1.49,4
632,38,ma3,1.49,0
178,38,ma3,1.43,0
123,38,ma3,1.42,5
241,38,ma3,1.41,0
26,38,ma3,1.4,0
226,38,ma3,1.39,0
408,38,ma3,1.38,5
485,38,ma3,1.38,0
643,38,ma3,1.38,0
409,38,ma3,1.36,0
59,38,ma3,1.35,0
303,38,ma3,1.35,2
311,38,ma3,1.35,0
505,38,ma3,1.35,0
85,38,ma3,1.34,7
97,38,ma3,1.34,0
474,38,ma3,1.34,2
476,38,ma3,1.34,2
291,38,ma3,1.33,1
569,38,ma3,1.33,2
173,38,ma3,1.32,0
374,38,ma3,1.32,2
249,38,ma3,1.31,1
256,38,ma3,1.31,1
270,38,ma3,1.3,2
354,38,ma3,1.3,0
506,38,ma3,1.3,0
301,38,ma3,1.29,0
304,38,ma3,1.29,5
365,38,ma3,1.29,1
544,38,ma3,1.29,1
584,38,ma3,1.29,0
7,38,ma3,1.28,3
560,38,ma3,1.28,0
518,38,ma3,1.26,3
586,38,ma3,1.26,1
257,38,ma3,1.25,0
552,38,ma3,1.25,7
645,38,ma3,1.24,0
120,38,ma3,1.23,0
166,38,ma3,1.23,2
58,38,ma3,1.22,0
202,38,ma3,1.22,0
258,38,ma3,1.22,2
366,38,ma3,1.21,2
53,38,ma3,1.2,2
591,38,ma3,1.2,0
107,38,ma3,1.19,0
293,38,ma3,1.19,1
287,38,ma3,1.18,0
1,38,ma3,1.17,0
122,38,ma3,1.17,0
585,38,ma3,1.17,1
31,38,ma3,1.16,3
677,38,ma3,1.16,1
106,38,ma3,1.16,0
251,38,ma3,1.16,0
397,38,ma3,1.16,8
420,38,ma3,1.16,0
421,38,ma3,1.16,0
453,38,ma3,1.16,0
465,38,ma3,1.16,1
500,38,ma3,1.16,0
583,38,ma3,1.16,1
531,38,ma3,1.15,0
352,38,ma3,1.14,0
444,38,ma3,1.14,2
338,38,ma3,1.12,0
411,38,ma3,1.11,0
609,38,ma3,1.11,0
146,38,ma3,1.1,0
522,38,ma3,1.1,0
36,38,ma3,1.08,0
151,38,ma3,1.08,0
182,38,ma3,1.08,5
413,38,ma3,1.08,3
431,38,ma3,1.08,6
113,38,ma3,1.07,0
314,38,ma3,1.07,2
469,38,ma3,1.07,10
295,38,ma3,1.06,0
317,38,ma3,1.06,0
565,38,ma3,1.06,0
233,38,ma3,1.05,8
220,38,ma3,1.04,1
502,38,ma3,1.04,0
82,38,ma3,1.03,0
191,38,ma3,1.02,0
441,38,ma3,1.01,2
521,38,ma3,1.01,0
575,38,ma3,1.0,1
624,38,ma3,0.99,0
207,38,ma3,0.98,0
283,38,ma3,0.98,5
266,38,ma3,0.97,3
618,38,ma3,0.97,1
90,38,ma3,0.96,1
525,38,ma3,0.96,0
246,38,ma3,0.95,1
542,38,ma3,0.92,0
685,38,ma3,0.9,0
40,38,ma3,0.88,9
607,38,ma3,0.88,0
261,38,ma3,0.87,2
342,38,ma3,0.87,2
348,38,ma3,0.87,0
30,38,ma3,0.86,3
190,38,ma3,0.86,0
541,38,ma3,0.86,0
318,38,ma3,0.85,0
670,38,ma3,0.85,0
631,38,ma3,0.85,0
33,38,ma3,0.84,2
67,38,ma3,0.84,0
322,38,ma3,0.84,0
679,38,ma3,0.84,1
321,38,ma3,0.82,2
187,38,ma3,0.8,0
596,38,ma3,0.8,2
470,38,ma3,0.78,1
407,38,ma3,0.76,7
162,38,ma3,0.75,0
682,38,ma3,0.75,0
442,38,ma3,0.74,0
635,38,ma3,0.73,0
8,38,ma3,0.67,1
665,38,ma3,0.64,0
139,38,ma3,0.63,0
101,38,ma3,0.61,0
210,38,ma3,0.6,-1
406,38,ma3,0.6,2
673,38,ma3,0.6,0
547,38,ma3,0.58,0
330,38,ma3,0.57,2
376,38,ma3,0.57,0
272,38,ma3,0.56,1
356,38,ma3,0.56,1
77,38,ma3,0.55,0
228,38,ma3,0.53,0
326,38,ma3,0.53,0
128,38,ma3,0.52,2
170,38,ma3,0.52,2
493,38,ma3,0.5,4
124,38,ma3,0.49,1
38,38,ma3,0.48,0
10,38,ma3,0.46,6
676,38,ma3,0.45,0
319,38,ma3,0.44,2
9,38,ma3,0.43,0
23,38,ma3,0.43,1
24,38,ma3,0.43,0
25,38,ma3,0.43,1
662,38,ma3,0.43,0
49,38,ma3,0.43,0
51,38,ma3,0.43,0
201,38,ma3,0.43,0
215,38,ma3,0.43,8
680,38,ma3,0.43,6
98,38,ma3,0.43,0
161,38,ma3,0.43,0
163,38,ma3,0.43,10
165,38,ma3,0.43,2
179,38,ma3,0.43,0
180,38,ma3,0.43,0
284,38,ma3,0.43,0
290,38,ma3,0.43,0
327,38,ma3,0.43,7
328,38,ma3,0.43,0
691,38,ma3,0.43,-1
389,38,ma3,0.43,0
390,38,ma3,0.43,0
399,38,ma3,0.43,0
404,38,ma3,0.43,0
405,38,ma3,0.43,1
52,38,ma3,0.43,0
473,38,ma3,0.43,0
426,38,ma3,0.43,2
527,38,ma3,0.43,0
693,38,ma3,0.43,5
545,38,ma3,0.43,1
587,38,ma3,0.43,2
589,38,ma3,0.43,1
615,38,ma3,0.43,0
647,38,ma3,0.43,0
331,38,ma3,0.42,5
276,38,ma3,0.41,0
628,38,ma3,0.39,2
148,38,ma3,0.38,2
116,38,ma3,0.33,2
579,38,ma3,0.27,0
20,38,ma3,0.25,0
81,38,ma3,0.25,6
415,38,ma3,0.25,0
451,38,ma3,0.25,0
581,38,ma3,0.25,0
12,38,ma3,0.24,4
27,38,ma3,0.24,0
32,38,ma3,0.24,0
55,38,ma3,0.24,0
56,38,ma3,0.24,0
57,38,ma3,0.24,1
203,38,ma3,0.24,0
204,38,ma3,0.24,0
206,38,ma3,0.24,0
208,38,ma3,0.24,0
216,38,ma3,0.24,0
71,38,ma3,0.24,0
87,38,ma3,0.24,1
88,38,ma3,0.24,0
89,38,ma3,0.24,2
91,38,ma3,0.24,0
391,38,ma3,0.24,1
125,38,ma3,0.24,2
127,38,ma3,0.24,2
168,38,ma3,0.24,1
171,38,ma3,0.24,6
172,38,ma3,0.24,0
174,38,ma3,0.24,0
181,38,ma3,0.24,0
227,38,ma3,0.24,0
243,38,ma3,0.24,0
244,38,ma3,0.24,0
245,38,ma3,0.24,0
672,38,ma3,0.24,0
259,38,ma3,0.24,6
268,38,ma3,0.24,0
269,38,ma3,0.24,2
271,38,ma3,0.24,0
285,38,ma3,0.24,4
292,38,ma3,0.24,-1
312,38,ma3,0.24,0
316,38,ma3,0.24,2
355,38,ma3,0.24,3
357,38,ma3,0.24,0
363,38,ma3,0.24,0
364,38,ma3,0.24,0
375,38,ma3,0.24,0
377,38,ma3,0.24,3
692,38,ma3,0.24,0
400,38,ma3,0.24,5
412,38,ma3,0.24,0
428,38,ma3,0.24,5
429,38,ma3,0.24,0
432,38,ma3,0.24,2
437,38,ma3,0.24,0
438,38,ma3,0.24,0
458,38,ma3,0.24,2
475,38,ma3,0.24,6
492,38,ma3,0.24,0
494,38,ma3,0.24,0
674,38,ma3,0.24,0
684,38,ma3,0.24,0
519,38,ma3,0.24,1
520,38,ma3,0.24,0
546,38,ma3,0.24,0
548,38,ma3,0.24,2
549,38,ma3,0.24,0
550,38,ma3,0.24,0
551,38,ma3,0.24,0
590,38,ma3,0.24,0
592,38,ma3,0.24,0
616,38,ma3,0.24,0
617,38,ma3,0.24,0
619,38,ma3,0.24,1
649,38,ma3,0.24,0
655,38,ma3,0.24,0
656,38,ma3,0.24,0
50,38,ma3,0.23,0
425,38,ma3,0.23,0
2,38,ma3,0.12,3
28,38,ma3,0.12,12
29,38,ma3,0.12,0
39,38,ma3,0.12,1
41,38,ma3,0.12,0
60,38,ma3,0.12,1
61,38,ma3,0.12,0
62,38,ma3,0.12,1
63,38,ma3,0.12,0
65,38,ma3,0.12,0
183,38,ma3,0.12,0
186,38,ma3,0.12,3
212,38,ma3,0.12,2
213,38,ma3,0.12,0
214,38,ma3,0.12,0
218,38,ma3,0.12,0
219,38,ma3,0.12,0
66,38,ma3,0.12,1
92,38,ma3,0.12,15
94,38,ma3,0.12,1
95,38,ma3,0.12,5
96,38,ma3,0.12,0
99,38,ma3,0.12,0
100,38,ma3,0.12,0
687,38,ma3,0.12,0
108,38,ma3,0.12,1
111,38,ma3,0.12,9
112,38,ma3,0.12,0
130,38,ma3,0.12,3
131,38,ma3,0.12,0
132,38,ma3,0.12,1
133,38,ma3,0.12,3
134,38,ma3,0.12,0
137,38,ma3,0.12,0
138,38,ma3,0.12,0
143,38,ma3,0.12,0
144,38,ma3,0.12,0
147,38,ma3,0.12,0
149,38,ma3,0.12,0
150,38,ma3,0.12,0
152,38,ma3,0.12,0
153,38,ma3,0.12,0
175,38,ma3,0.12,3
176,38,ma3,0.12,0
177,38,ma3,0.12,0
221,38,ma3,0.12,-1
229,38,ma3,0.12,0
230,38,ma3,0.12,0
231,38,ma3,0.12,1
232,38,ma3,0.12,0
247,38,ma3,0.12,0
248,38,ma3,0.12,0
274,38,ma3,0.12,2
275,38,ma3,0.12,1
277,38,ma3,0.12,0
278,38,ma3,0.12,0
279,38,ma3,0.12,5
280,38,ma3,0.12,0
281,38,ma3,0.12,0
282,38,ma3,0.12,4
286,38,ma3,0.12,0
690,38,ma3,0.12,1
288,38,ma3,0.12,13
294,38,ma3,0.12,0
296,38,ma3,0.12,0
305,38,ma3,0.12,0
306,38,ma3,0.12,0
307,38,ma3,0.12,3
308,38,ma3,0.12,8
309,38,ma3,0.12,2
313,38,ma3,0.12,0
667,38,ma3,0.12,0
320,38,ma3,0.12,0
333,38,ma3,0.12,10
334,38,ma3,0.12,0
336,38,ma3,0.12,0
339,38,ma3,0.12,0
359,38,ma3,0.12,0
360,38,ma3,0.12,0
361,38,ma3,0.12,0
367,38,ma3,0.12,2
393,38,ma3,0.12,0
394,38,ma3,0.12,2
395,38,ma3,0.12,0
396,38,ma3,0.12,0
398,38,ma3,0.12,0
686,38,ma3,0.12,1
439,38,ma3,0.12,0
460,38,ma3,0.12,1
461,38,ma3,0.12,0
462,38,ma3,0.12,0
463,38,ma3,0.12,1
464,38,ma3,0.12,2
467,38,ma3,0.12,2
468,38,ma3,0.12,0
479,38,ma3,0.12,0
480,38,ma3,0.12,1
495,38,ma3,0.12,0
496,38,ma3,0.12,0
498,38,ma3,0.12,0
501,38,ma3,0.12,0
689,38,ma3,0.12,0
509,38,ma3,0.12,2
510,38,ma3,0.12,6
511,38,ma3,0.12,0
512,38,ma3,0.12,0
523,38,ma3,0.12,1
524,38,ma3,0.12,0
528,38,ma3,0.12,0
554,38,ma3,0.12,0
555,38,ma3,0.12,0
556,38,ma3,0.12,0
557,38,ma3,0.12,0
558,38,ma3,0.12,0
559,38,ma3,0.12,1
562,38,ma3,0.12,1
563,38,ma3,0.12,0
564,38,ma3,0.12,0
570,38,ma3,0.12,3
571,38,ma3,0.12,0
572,38,ma3,0.12,0
574,38,ma3,0.12,0
594,38,ma3,0.12,2
595,38,ma3,0.12,6
598,38,ma3,0.12,0
599,38,ma3,0.12,0
600,38,ma3,0.12,0
604,38,ma3,0.12,0
606,38,ma3,0.12,0
608,38,ma3,0.12,0
620,38,ma3,0.12,0
622,38,ma3,0.12,0
623,38,ma3,0.12,0
626,38,ma3,0.12,0
659,38,ma3,0.12,0
627,38,ma3,0.12,0
634,38,ma3,0.12,0
636,38,ma3,0.12,0
650,38,ma3,0.12,0
651,38,ma3,0.12,0
652,38,ma3,0.12,0
653,38,ma3,0.12,0
657,38,ma3,0.12,0
658,38,ma3,0.12,0
695,38,ma3,0.12,0
3,38,ma3,0.02,15
4,38,ma3,0.02,0
13,38,ma3,0.02,6
14,38,ma3,0.02,0
15,38,ma3,0.02,6
34,38,ma3,0.02,0
35,38,ma3,0.02,0
42,38,ma3,0.02,1
43,38,ma3,0.02,1
44,38,ma3,0.02,2
45,38,ma3,0.02,2
46,38,ma3,0.02,7
688,38,ma3,0.02,1
184,38,ma3,0.02,0
185,38,ma3,0.02,11
188,38,ma3,0.02,8
189,38,ma3,0.02,3
193,38,ma3,0.02,0
194,38,ma3,0.02,0
195,38,ma3,0.02,10
196,38,ma3,0.02,0
198,38,ma3,0.02,0
199,38,ma3,0.02,8
68,38,ma3,0.02,0
69,38,ma3,0.02,2
70,38,ma3,0.02,2
75,38,ma3,0.02,1
76,38,ma3,0.02,0
78,38,ma3,0.02,0
79,38,ma3,0.02,0
80,38,ma3,0.02,0
102,38,ma3,0.02,2
103,38,ma3,0.02,0
104,38,ma3,0.02,5
105,38,ma3,0.02,0
114,38,ma3,0.02,0
115,38,ma3,0.02,0
117,38,ma3,0.02,0
118,38,ma3,0.02,0
140,38,ma3,0.02,1
141,38,ma3,0.02,1
142,38,ma3,0.02,0
154,38,ma3,0.02,1
155,38,ma3,0.02,0
156,38,ma3,0.02,2
222,38,ma3,0.02,0
223,38,ma3,0.02,0
234,38,ma3,0.02,0
254,38,ma3,0.02,0
255,38,ma3,0.02,1
262,38,ma3,0.02,5
263,38,ma3,0.02,0
264,38,ma3,0.02,7
265,38,ma3,0.02,0
289,38,ma3,0.02,2
297,38,ma3,0.02,0
298,38,ma3,0.02,0
630,38,ma3,0.02,0
315,38,ma3,0.02,0
323,38,ma3,0.02,0
664,38,ma3,0.02,0
340,38,ma3,0.02,9
341,38,ma3,0.02,0
344,38,ma3,0.02,0
345,38,ma3,0.02,1
346,38,ma3,0.02,0
349,38,ma3,0.02,0
368,38,ma3,0.02,2
369,38,ma3,0.02,2
378,38,ma3,0.02,0
379,38,ma3,0.02,0
380,38,ma3,0.02,0
401,38,ma3,0.02,1
433,38,ma3,0.02,0
434,38,ma3,0.02,0
435,38,ma3,0.02,2
445,38,ma3,0.02,2
446,38,ma3,0.02,3
447,38,ma3,0.02,0
448,38,ma3,0.02,0
471,38,ma3,0.02,0
472,38,ma3,0.02,1
481,38,ma3,0.02,2
482,38,ma3,0.02,0
483,38,ma3,0.02,0
484,38,ma3,0.02,0
503,38,ma3,0.02,0
504,38,ma3,0.02,2
513,38,ma3,0.02,2
514,38,ma3,0.02,2
675,38,ma3,0.02,0
529,38,ma3,0.02,0
530,38,ma3,0.02,0
533,38,ma3,0.02,0
534,38,ma3,0.02,3
535,38,ma3,0.02,0
536,38,ma3,0.02,2
537,38,ma3,0.02,0
538,38,ma3,0.02,0
539,38,ma3,0.02,0
540,38,ma3,0.02,0
678,38,ma3,0.02,0
694,38,ma3,0.02,0
566,38,ma3,0.02,1
567,38,ma3,0.02,0
576,38,ma3,0.02,1
577,38,ma3,0.02,3
578,38,ma3,0.02,1
601,38,ma3,0.02,0
602,38,ma3,0.02,1
611,38,ma3,0.02,3
629,38,ma3,0.02,1
639,38,ma3,0.02,0
640,38,ma3,0.02,0
641,38,ma3,0.02,0
211,38,ma3,0.0,1
252,38,ma3,0.0,1
383,38,ma3,-0.04,0
414,38,ma3,-0.04,0
135,38,ma3,-0.05,0
666,30,pos,0.9162666666666669,0
381,30,pos,0.9501618122977347,0
449,30,pos,0.9501618122977347,0
16,30,pos,0.9501618122977347,1
235,30,pos,0.9501618122977347,0
64,30,pos,0.9162666666666669,3
430,30,pos,0.9162666666666669,2
625,30,pos,0.9162666666666669,2
423,30,pos,0.9501618122977347,0
642,30,pos,0.9501618122977347,0
455,30,pos,0.9501618122977347,8
614,30,pos,0.9501618122977347,2
516,30,pos,0.9501618122977347,1
459,30,pos,0.9501618122977347,6
402,30,pos,0.648961038961039,0
136,30,pos,0.9162666666666669,0
612,30,pos,0.9501618122977347,2
224,30,pos,0.648961038961039,0
324,30,pos,0.9501618122977347,0
86,30,pos,0.9501618122977347,1
660,30,pos,0.9501618122977347,0
416,30,pos,0.9501618122977347,1
487,30,pos,0.9501618122977347,0
582,30,pos,0.9501618122977347,1
332,30,pos,0.9501618122977347,0
205,30,pos,0.9501618122977347,1
158,30,pos,0.9501618122977347,1
371,30,pos,0.648961038961039,7
237,30,pos,0.9501618122977347,0
499,30,pos,0.9162666666666669,0
488,30,pos,0.9501618122977347,0
169,30,pos,0.9501618122977347,8
372,30,pos,0.648961038961039,0
160,30,pos,0.9501618122977347,0
167,30,pos,0.9501618122977347,8
253,30,pos,0.2871604938271605,0
299,30,pos,0.9501618122977347,1
392,30,pos,0.9501618122977347,0
553,30,pos,0.9501618122977347,0
5,30,pos,0.648961038961039,1
6,30,pos,0.648961038961039,2
370,30,pos,0.648961038961039,1
593,30,pos,0.9501618122977347,0
387,30,pos,0.9501618122977347,0
668,30,pos,0.9501618122977347,0
217,30,pos,0.9162666666666669,2
358,30,pos,0.9501618122977347,2
436,30,pos,0.648961038961039,0
507,30,pos,0.648961038961039,1
508,30,pos,0.648961038961039,1
267,30,pos,0.9501618122977347,0
373,30,pos,0.648961038961039,2
129,30,pos,0.9501618122977347,0
239,30,pos,0.9501618122977347,-1
273,30,pos,0.9501618122977347,0
477,30,pos,0.648961038961039,0
209,30,pos,0.9501618122977347,2
126,30,pos,0.9501618122977347,0
410,30,pos,0.648961038961039,0
478,30,pos,0.648961038961039,6
613,30,pos,0.9501618122977347,0
242,30,pos,0.9501618122977347,0
669,30,pos,0.9501618122977347,0
386,30,pos,0.9501618122977347,0
490,30,pos,0.9501618122977347,0
452,30,pos,0.9501618122977347,0
543,30,pos,0.9501618122977347,0
225,30,pos,0.648961038961039,1
568,30,pos,0.648961038961039,0
663,30,pos,0.9501618122977347,0
164,30,pos,0.9501618122977347,0
427,30,pos,0.9501618122977347,9
11,30,pos,0.648961038961039,0
388,30,pos,0.9501618122977347,2
54,30,pos,0.9501618122977347,0
302,30,pos,0.9501618122977347,0
588,30,pos,0.9501618122977347,0
648,30,pos,0.9501618122977347,0
200,30,pos,0.9501618122977347,1
351,30,pos,0.9501618122977347,0
350,30,pos,0.9501618122977347,1
457,30,pos,0.9501618122977347,8
517,30,pos,0.9501618122977347,0
491,30,pos,0.9501618122977347,1
561,30,pos,0.9162666666666669,0
424,30,pos,0.9501618122977347,0
644,30,pos,0.9501618122977347,0
646,30,pos,0.9501618122977347,0
48,30,pos,0.9501618122977347,0
353,30,pos,0.9501618122977347,0
671,30,pos,0.9162666666666669,0
362,30,pos,0.9162666666666669,0
382,30,pos,0.9501618122977347,0
343,30,pos,0.648961038961039,0
347,30,pos,0.648961038961039,0
84,30,pos,0.9501618122977347,0
417,30,pos,0.9501618122977347,1
526,30,pos,0.9162666666666669,1
74,30,pos,0.648961038961039,0
93,30,pos,0.9501618122977347,0
18,30,pos,0.9501618122977347,0
21,30,pos,0.9501618122977347,2
72,30,pos,0.648961038961039,0
605,30,pos,0.648961038961039,0
83,30,pos,0.9501618122977347,2
109,30,pos,0.648961038961039,1
110,30,pos,0.648961038961039,1
121,30,pos,0.9501618122977347,0
159,30,pos,0.9501618122977347,14
238,30,pos,0.9501618122977347,0
240,30,pos,0.9501618122977347,0
300,30,pos,0.9501618122977347,2
385,30,pos,0.9501618122977347,0
403,30,pos,0.648961038961039,0
422,30,pos,0.9501618122977347,1
454,30,pos,0.9501618122977347,0
456,30,pos,0.9501618122977347,9
466,30,pos,0.9162666666666669,0
696,30,pos,0.9162666666666669,0
610,30,pos,0.648961038961039,2
236,30,pos,0.9501618122977347,0
335,30,pos,0.9501618122977347,6
310,30,pos,0.9162666666666669,0
597,30,pos,0.9162666666666669,0
145,30,pos,0.648961038961039,2
250,30,pos,0.9162666666666669,0
325,30,pos,0.9501618122977347,1
661,30,pos,0.9162666666666669,0
532,30,pos,0.648961038961039,0
573,30,pos,0.648961038961039,0
419,30,pos,0.9501618122977347,0
486,30,pos,0.9501618122977347,0
603,30,pos,0.648961038961039,0
73,30,pos,0.648961038961039,5
440,30,pos,0.648961038961039,0
683,30,pos,0.648961038961039,0
638,30,pos,0.648961038961039,0
654,30,pos,0.9162666666666669,0
22,30,pos,0.9501618122977347,0
418,30,pos,0.9501618122977347,4
443,30,pos,0.648961038961039,1
489,30,pos,0.9501618122977347,6
637,30,pos,0.648961038961039,0
47,30,pos,0.9501618122977347,6
192,30,pos,0.648961038961039,0
329,30,pos,0.9501618122977347,0
681,30,pos,0.9162666666666669,0
580,30,pos,0.9501618122977347,0
633,30,pos,0.648961038961039,0
337,30,pos,0.9162666666666669,0
260,30,pos,0.648961038961039,0
621,30,pos,0.9501618122977347,0
197,30,pos,0.648961038961039,1
157,30,pos,0.9501618122977347,1
497,30,pos,0.9501618122977347,0
515,30,pos,0.9501618122977347,0
19,30,pos,0.9501618122977347,13
384,30,pos,0.9501618122977347,0
17,30,pos,0.9501618122977347,0
119,30,pos,0.9501618122977347,0
37,30,pos,0.648961038961039,3
450,30,pos,0.9501618122977347,1
632,30,pos,0.648961038961039,0
178,30,pos,0.9162666666666669,1
123,30,pos,0.9501618122977347,0
241,30,pos,0.9501618122977347,0
26,30,pos,0.9501618122977347,0
226,30,pos,0.648961038961039,0
408,30,pos,0.648961038961039,0
485,30,pos,0.9501618122977347,0
643,30,pos,0.9501618122977347,0
409,30,pos,0.648961038961039,0
59,30,pos,0.9501618122977347,0
303,30,pos,0.9501618122977347,1
311,30,pos,0.9162666666666669,1
505,30,pos,0.648961038961039,0
85,30,pos,0.9501618122977347,5
97,30,pos,0.9162666666666669,0
474,30,pos,0.648961038961039,0
476,30,pos,0.648961038961039,0
291,30,pos,0.648961038961039,1
569,30,pos,0.648961038961039,0
173,30,pos,0.9501618122977347,0
374,30,pos,0.648961038961039,2
249,30,pos,0.9162666666666669,0
256,30,pos,0.648961038961039,1
270,30,pos,0.9501618122977347,0
354,30,pos,0.9501618122977347,0
506,30,pos,0.648961038961039,0
301,30,pos,0.9501618122977347,9
304,30,pos,0.9501618122977347,1
365,30,pos,0.9162666666666669,1
544,30,pos,0.9501618122977347,0
584,30,pos,0.9501618122977347,0
7,30,pos,0.648961038961039,2
560,30,pos,0.9162666666666669,0
518,30,pos,0.9501618122977347,0
586,30,pos,0.9501618122977347,1
257,30,pos,0.648961038961039,2
552,30,pos,0.9501618122977347,1
645,30,pos,0.9501618122977347,0
120,30,pos,0.9501618122977347,2
166,30,pos,0.9501618122977347,6
58,30,pos,0.9501618122977347,0
202,30,pos,0.9501618122977347,0
258,30,pos,0.648961038961039,2
366,30,pos,0.2871604938271605,2
53,30,pos,0.9501618122977347,0
591,30,pos,0.9501618122977347,0
107,30,pos,0.648961038961039,7
293,30,pos,0.648961038961039,0
287,30,pos,0.2871604938271605,0
1,30,pos,0.2871604938271605,2
122,30,pos,0.9501618122977347,0
585,30,pos,0.9501618122977347,0
31,30,pos,0.9162666666666669,9
677,30,pos,0.9501618122977347,0
106,30,pos,0.648961038961039,8
251,30,pos,0.9162666666666669,0
397,30,pos,0.9162666666666669,0
420,30,pos,0.9501618122977347,0
421,30,pos,0.9501618122977347,0
453,30,pos,0.9501618122977347,0
465,30,pos,0.9162666666666669,6
500,30,pos,0.9162666666666669,0
583,30,pos,0.9501618122977347,1
531,30,pos,0.648961038961039,0
352,30,pos,0.9501618122977347,0
444,30,pos,0.648961038961039,0
338,30,pos,0.9162666666666669,10
411,30,pos,0.648961038961039,0
609,30,pos,0.648961038961039,1
146,30,pos,0.648961038961039,2
522,30,pos,0.9501618122977347,0
36,30,pos,0.648961038961039,0
151,30,pos,0.648961038961039,0
182,30,pos,0.2871604938271605,4
413,30,pos,0.9501618122977347,0
431,30,pos,0.2871604938271605,0
113,30,pos,0.648961038961039,0
314,30,pos,0.2871604938271605,0
469,30,pos,0.2871604938271605,1
295,30,pos,0.648961038961039,1
317,30,pos,0.648961038961039,0
565,30,pos,0.2871604938271605,0
233,30,pos,0.648961038961039,2
220,30,pos,0.2871604938271605,2
502,30,pos,0.2871604938271605,0
82,30,pos,0.9501618122977347,0
191,30,pos,0.648961038961039,0
441,30,pos,0.648961038961039,2
521,30,pos,0.9501618122977347,0
575,30,pos,0.648961038961039,1
624,30,pos,0.9162666666666669,0
207,30,pos,0.9501618122977347,0
283,30,pos,0.9162666666666669,5
266,30,pos,0.9501618122977347,0
618,30,pos,0.9501618122977347,1
90,30,pos,0.9501618122977347,0
525,30,pos,0.9162666666666669,0
246,30,pos,0.9501618122977347,4
542,30,pos,0.648961038961039,0
685,30,pos,0.648961038961039,0
40,30,pos,0.648961038961039,7
607,30,pos,0.648961038961039,0
261,30,pos,0.648961038961039,2
342,30,pos,0.648961038961039,0
348,30,pos,0.648961038961039,0
30,30,pos,0.9162666666666669,2
190,30,pos,0.648961038961039,1
541,30,pos,0.648961038961039,0
318,30,pos,0.648961038961039,12
670,30,pos,0.2871604938271605,0
631,30,pos,0.648961038961039,0
33,30,pos,0.2871604938271605,0
67,30,pos,0.2871604938271605,1
322,30,pos,0.648961038961039,0
679,30,pos,0.2871604938271605,0
321,30,pos,0.648961038961039,2
187,30,pos,0.648961038961039,0
596,30,pos,0.9162666666666669,1
470,30,pos,0.2871604938271605,0
407,30,pos,0.648961038961039,2
162,30,pos,0.9501618122977347,0
682,30,pos,0.648961038961039,2
442,30,pos,0.648961038961039,0
635,30,pos,0.648961038961039,0
8,30,pos,0.648961038961039,1
665,30,pos,0.2871604938271605,0
139,30,pos,0.2871604938271605,0
101,30,pos,0.2871604938271605,0
210,30,pos,0.9501618122977347,0
406,30,pos,0.648961038961039,2
673,30,pos,0.9501618122977347,0
547,30,pos,0.9501618122977347,0
330,30,pos,0.9501618122977347,6
376,30,pos,0.648961038961039,11
272,30,pos,0.9501618122977347,2
356,30,pos,0.9501618122977347,4
77,30,pos,0.648961038961039,0
228,30,pos,0.648961038961039,0
326,30,pos,0.9501618122977347,0
128,30,pos,0.9501618122977347,0
170,30,pos,0.9501618122977347,2
493,30,pos,0.9501618122977347,2
124,30,pos,0.9501618122977347,2
38,30,pos,0.648961038961039,0
10,30,pos,0.648961038961039,0
676,30,pos,0.9501618122977347,0
319,30,pos,0.648961038961039,5
9,30,pos,0.648961038961039,0
23,30,pos,0.9501618122977347,0
24,30,pos,0.9501618122977347,0
25,30,pos,0.9501618122977347,0
662,30,pos,0.648961038961039,0
49,30,pos,0.9501618122977347,0
51,30,pos,0.9501618122977347,0
201,30,pos,0.9501618122977347,2
215,30,pos,0.9162666666666669,1
680,30,pos,0.9162666666666669,2
98,30,pos,0.9162666666666669,0
161,30,pos,0.9501618122977347,5
163,30,pos,0.9501618122977347,4
165,30,pos,0.9501618122977347,2
179,30,pos,0.9162666666666669,0
180,30,pos,0.9162666666666669,1
284,30,pos,0.9162666666666669,0
290,30,pos,0.648961038961039,1
327,30,pos,0.9501618122977347,6
328,30,pos,0.9501618122977347,0
691,30,pos,0.9162666666666669,0
389,30,pos,0.9501618122977347,0
390,30,pos,0.9501618122977347,0
399,30,pos,0.2871604938271605,0
404,30,pos,0.648961038961039,6
405,30,pos,0.648961038961039,1
52,30,pos,0.9501618122977347,0
473,30,pos,0.648961038961039,0
426,30,pos,0.9501618122977347,0
527,30,pos,0.9162666666666669,0
693,30,pos,0.9501618122977347,2
545,30,pos,0.9501618122977347,0
587,30,pos,0.9501618122977347,1
589,30,pos,0.9501618122977347,10
615,30,pos,0.9501618122977347,0
647,30,pos,0.9501618122977347,0
331,30,pos,0.9501618122977347,1
276,30,pos,0.9501618122977347,0
628,30,pos,0.2871604938271605,0
148,30,pos,0.648961038961039,1
116,30,pos,0.648961038961039,2
579,30,pos,0.9501618122977347,0
20,30,pos,0.9501618122977347,0
81,30,pos,0.9501618122977347,0
415,30,pos,0.9501618122977347,0
451,30,pos,0.9501618122977347,0
581,30,pos,0.9501618122977347,0
12,30,pos,0.648961038961039,0
27,30,pos,0.9501618122977347,0
32,30,pos,0.2871604938271605,0
55,30,pos,0.9501618122977347,0
56,30,pos,0.9501618122977347,0
57,30,pos,0.9501618122977347,5
203,30,pos,0.9501618122977347,0
204,30,pos,0.9501618122977347,0
206,30,pos,0.9501618122977347,0
208,30,pos,0.9501618122977347,0
216,30,pos,0.9162666666666669,0
71,30,pos,0.648961038961039,8
87,30,pos,0.9501618122977347,0
88,30,pos,0.9501618122977347,2
89,30,pos,0.9501618122977347,1
91,30,pos,0.9501618122977347,0
391,30,pos,0.9501618122977347,0
125,30,pos,0.9501618122977347,1
127,30,pos,0.9501618122977347,0
168,30,pos,0.9501618122977347,1
171,30,pos,0.9501618122977347,14
172,30,pos,0.9501618122977347,0
174,30,pos,0.9501618122977347,0
181,30,pos,0.9162666666666669,0
227,30,pos,0.648961038961039,6
243,30,pos,0.9501618122977347,0
244,30,pos,0.9501618122977347,0
245,30,pos,0.9501618122977347,2
672,30,pos,0.648961038961039,0
259,30,pos,0.648961038961039,0
268,30,pos,0.9501618122977347,0
269,30,pos,0.9501618122977347,2
271,30,pos,0.9501618122977347,1
285,30,pos,0.9162666666666669,5
292,30,pos,0.648961038961039,0
312,30,pos,0.9162666666666669,2
316,30,pos,0.648961038961039,0
355,30,pos,0.9501618122977347,0
357,30,pos,0.9501618122977347,2
363,30,pos,0.9162666666666669,0
364,30,pos,0.9162666666666669,0
375,30,pos,0.648961038961039,0
377,30,pos,0.648961038961039,1
692,30,pos,0.648961038961039,0
400,30,pos,0.2871604938271605,2
412,30,pos,0.648961038961039,0
428,30,pos,0.9501618122977347,7
429,30,pos,0.9501618122977347,0
432,30,pos,0.2871604938271605,0
437,30,pos,0.648961038961039,0
438,30,pos,0.648961038961039,0
458,30,pos,0.9501618122977347,2
475,30,pos,0.648961038961039,0
492,30,pos,0.9501618122977347,0
494,30,pos,0.9501618122977347,0
674,30,pos,0.2871604938271605,0
684,30,pos,0.648961038961039,0
519,30,pos,0.9501618122977347,1
520,30,pos,0.9501618122977347,2
546,30,pos,0.9501618122977347,0
548,30,pos,0.9501618122977347,4
549,30,pos,0.9501618122977347,1
550,30,pos,0.9501618122977347,0
551,30,pos,0.9501618122977347,0
590,30,pos,0.9501618122977347,0
592,30,pos,0.9501618122977347,0
616,30,pos,0.9501618122977347,0
617,30,pos,0.9501618122977347,1
619,30,pos,0.9501618122977347,0
649,30,pos,0.9501618122977347,0
655,30,pos,0.9162666666666669,0
656,30,pos,0.9162666666666669,0
50,30,pos,0.9501618122977347,0
425,30,pos,0.9501618122977347,3
2,30,pos,0.2871604938271605,3
28,30,pos,0.9501618122977347,7
29,30,pos,0.9501618122977347,0
39,30,pos,0.648961038961039,6
41,30,pos,0.648961038961039,0
60,30,pos,0.9501618122977347,0
61,30,pos,0.9501618122977347,0
62,30,pos,0.9501618122977347,0
63,30,pos,0.9501618122977347,0
65,30,pos,0.9162666666666669,0
183,30,pos,0.2871604938271605,0
186,30,pos,0.648961038961039,2
212,30,pos,0.9501618122977347,1
213,30,pos,0.9501618122977347,0
214,30,pos,0.9501618122977347,0
218,30,pos,0.9162666666666669,0
219,30,pos,0.9162666666666669,0
66,30,pos,0.2871604938271605,2
92,30,pos,0.9501618122977347,1
94,30,pos,0.9501618122977347,1
95,30,pos,0.9501618122977347,1
96,30,pos,0.9501618122977347,0
99,30,pos,0.9162666666666669,0
100,30,pos,0.9162666666666669,0
687,30,pos,0.9501618122977347,0
108,30,pos,0.648961038961039,1
111,30,pos,0.648961038961039,1
112,30,pos,0.648961038961039,1
130,30,pos,0.9501618122977347,0
131,30,pos,0.9501618122977347,0
132,30,pos,0.9501618122977347,1
133,30,pos,0.9501618122977347,3
134,30,pos,0.9501618122977347,0
137,30,pos,0.9162666666666669,0
138,30,pos,0.2871604938271605,0
143,30,pos,0.648961038961039,0
144,30,pos,0.648961038961039,0
147,30,pos,0.648961038961039,0
149,30,pos,0.648961038961039,0
150,30,pos,0.648961038961039,0
152,30,pos,0.648961038961039,0
153,30,pos,0.648961038961039,0
175,30,pos,0.9501618122977347,4
176,30,pos,0.9501618122977347,0
177,30,pos,0.9501618122977347,0
221,30,pos,0.2871604938271605,0
229,30,pos,0.648961038961039,0
230,30,pos,0.648961038961039,0
231,30,pos,0.648961038961039,1
232,30,pos,0.648961038961039,0
247,30,pos,0.9501618122977347,0
248,30,pos,0.9501618122977347,0
274,30,pos,0.9501618122977347,0
275,30,pos,0.9501618122977347,5
277,30,pos,0.9501618122977347,1
278,30,pos,0.9501618122977347,0
279,30,pos,0.9501618122977347,6
280,30,pos,0.9501618122977347,0
281,30,pos,0.9501618122977347,2
282,30,pos,0.9501618122977347,1
286,30,pos,0.9162666666666669,0
690,30,pos,0.9501618122977347,2
288,30,pos,0.2871604938271605,2
294,30,pos,0.648961038961039,0
296,30,pos,0.648961038961039,0
305,30,pos,0.9501618122977347,12
306,30,pos,0.9501618122977347,0
307,30,pos,0.9501618122977347,2
308,30,pos,0.9501618122977347,2
309,30,pos,0.9501618122977347,0
313,30,pos,0.9162666666666669,1
667,30,pos,0.648961038961039,0
320,30,pos,0.648961038961039,0
333,30,pos,0.9501618122977347,3
334,30,pos,0.9501618122977347,0
336,30,pos,0.9501618122977347,0
339,30,pos,0.2871604938271605,0
359,30,pos,0.9501618122977347,0
360,30,pos,0.9501618122977347,1
361,30,pos,0.9501618122977347,0
367,30,pos,0.2871604938271605,0
393,30,pos,0.9501618122977347,0
394,30,pos,0.9501618122977347,2
395,30,pos,0.9501618122977347,0
396,30,pos,0.9501618122977347,0
398,30,pos,0.9162666666666669,0
686,30,pos,0.9501618122977347,2
439,30,pos,0.648961038961039,1
460,30,pos,0.9501618122977347,0
461,30,pos,0.9501618122977347,6
462,30,pos,0.9501618122977347,0
463,30,pos,0.9501618122977347,6
464,30,pos,0.9501618122977347,1
467,30,pos,0.9162666666666669,2
468,30,pos,0.9162666666666669,3
479,30,pos,0.648961038961039,1
480,30,pos,0.648961038961039,0
495,30,pos,0.9501618122977347,0
496,30,pos,0.9501618122977347,0
498,30,pos,0.9501618122977347,0
501,30,pos,0.9162666666666669,0
689,30,pos,0.9501618122977347,0
509,30,pos,0.648961038961039,1
510,30,pos,0.648961038961039,1
511,30,pos,0.648961038961039,0
512,30,pos,0.648961038961039,0
523,30,pos,0.9501618122977347,0
524,30,pos,0.9501618122977347,0
528,30,pos,0.2871604938271605,5
554,30,pos,0.9501618122977347,0
555,30,pos,0.9501618122977347,0
556,30,pos,0.9501618122977347,0
557,30,pos,0.9501618122977347,0
558,30,pos,0.9501618122977347,0
559,30,pos,0.9501618122977347,2
562,30,pos,0.9162666666666669,1
563,30,pos,0.9162666666666669,0
564,30,pos,0.9162666666666669,0
570,30,pos,0.648961038961039,1
571,30,pos,0.648961038961039,0
572,30,pos,0.648961038961039,0
574,30,pos,0.648961038961039,8
594,30,pos,0.9501618122977347,5
595,30,pos,0.9501618122977347,1
598,30,pos,0.9162666666666669,0
599,30,pos,0.9162666666666669,0
600,30,pos,0.2871604938271605,0
604,30,pos,0.648961038961039,0
606,30,pos,0.648961038961039,0
608,30,pos,0.648961038961039,0
620,30,pos,0.9501618122977347,0
622,30,pos,0.9501618122977347,0
623,30,pos,0.9501618122977347,0
626,30,pos,0.9162666666666669,0
659,30,pos,0.648961038961039,0
627,30,pos,0.2871604938271605,0
634,30,pos,0.648961038961039,0
636,30,pos,0.648961038961039,0
650,30,pos,0.9501618122977347,0
651,30,pos,0.9501618122977347,0
652,30,pos,0.9501618122977347,0
653,30,pos,0.9501618122977347,0
657,30,pos,0.9162666666666669,0
658,30,pos,0.9162666666666669,0
695,30,pos,0.648961038961039,0
3,30,pos,0.2871604938271605,1
4,30,pos,0.2871604938271605,0
13,30,pos,0.648961038961039,1
14,30,pos,0.648961038961039,0
15,30,pos,0.648961038961039,1
34,30,pos,0.2871604938271605,8
35,30,pos,0.2871604938271605,0
42,30,pos,0.648961038961039,3
43,30,pos,0.648961038961039,0
44,30,pos,0.648961038961039,5
45,30,pos,0.648961038961039,1
46,30,pos,0.648961038961039,3
688,30,pos,0.2871604938271605,2
184,30,pos,0.2871604938271605,0
185,30,pos,0.2871604938271605,0
188,30,pos,0.648961038961039,0
189,30,pos,0.648961038961039,2
193,30,pos,0.648961038961039,1
194,30,pos,0.648961038961039,1
195,30,pos,0.648961038961039,1
196,30,pos,0.648961038961039,0
198,30,pos,0.648961038961039,0
199,30,pos,0.648961038961039,1
68,30,pos,0.2871604938271605,0
69,30,pos,0.2871604938271605,3
70,30,pos,0.2871604938271605,11
75,30,pos,0.648961038961039,0
76,30,pos,0.648961038961039,0
78,30,pos,0.648961038961039,1
79,30,pos,0.648961038961039,2
80,30,pos,0.648961038961039,4
102,30,pos,0.2871604938271605,1
103,30,pos,0.2871604938271605,2
104,30,pos,0.2871604938271605,1
105,30,pos,0.2871604938271605,0
114,30,pos,0.648961038961039,0
115,30,pos,0.648961038961039,0
117,30,pos,0.648961038961039,0
118,30,pos,0.648961038961039,0
140,30,pos,0.2871604938271605,1
141,30,pos,0.2871604938271605,1
142,30,pos,0.2871604938271605,0
154,30,pos,0.648961038961039,1
155,30,pos,0.648961038961039,0
156,30,pos,0.648961038961039,1
222,30,pos,0.2871604938271605,0
223,30,pos,0.2871604938271605,0
234,30,pos,0.648961038961039,0
254,30,pos,0.2871604938271605,0
255,30,pos,0.2871604938271605,1
262,30,pos,0.648961038961039,1
263,30,pos,0.648961038961039,0
264,30,pos,0.648961038961039,2
265,30,pos,0.648961038961039,2
289,30,pos,0.2871604938271605,0
297,30,pos,0.648961038961039,1
298,30,pos,0.648961038961039,0
630,30,pos,0.2871604938271605,0
315,30,pos,0.2871604938271605,2
323,30,pos,0.648961038961039,0
664,30,pos,0.2871604938271605,0
340,30,pos,0.2871604938271605,6
341,30,pos,0.2871604938271605,6
344,30,pos,0.648961038961039,0
345,30,pos,0.648961038961039,5
346,30,pos,0.648961038961039,2
349,30,pos,0.648961038961039,1
368,30,pos,0.2871604938271605,0
369,30,pos,0.2871604938271605,0
378,30,pos,0.648961038961039,0
379,30,pos,0.648961038961039,0
380,30,pos,0.648961038961039,0
401,30,pos,0.2871604938271605,0
433,30,pos,0.2871604938271605,4
434,30,pos,0.2871604938271605,0
435,30,pos,0.2871604938271605,0
445,30,pos,0.648961038961039,0
446,30,pos,0.648961038961039,2
447,30,pos,0.648961038961039,0
448,30,pos,0.648961038961039,4
471,30,pos,0.2871604938271605,0
472,30,pos,0.2871604938271605,0
481,30,pos,0.648961038961039,1
482,30,pos,0.648961038961039,9
483,30,pos,0.648961038961039,3
484,30,pos,0.648961038961039,7
503,30,pos,0.2871604938271605,1
504,30,pos,0.2871604938271605,9
513,30,pos,0.648961038961039,2
514,30,pos,0.648961038961039,2
675,30,pos,0.2871604938271605,0
529,30,pos,0.2871604938271605,0
530,30,pos,0.2871604938271605,0
533,30,pos,0.648961038961039,7
534,30,pos,0.648961038961039,2
535,30,pos,0.648961038961039,1
536,30,pos,0.648961038961039,0
537,30,pos,0.648961038961039,0
538,30,pos,0.648961038961039,8
539,30,pos,0.648961038961039,0
540,30,pos,0.648961038961039,0
678,30,pos,0.648961038961039,0
694,30,pos,0.648961038961039,5
566,30,pos,0.2871604938271605,0
567,30,pos,0.2871604938271605,0
576,30,pos,0.648961038961039,0
577,30,pos,0.648961038961039,1
578,30,pos,0.648961038961039,0
601,30,pos,0.2871604938271605,0
602,30,pos,0.2871604938271605,0
611,30,pos,0.648961038961039,1
629,30,pos,0.2871604938271605,0
639,30,pos,0.648961038961039,0
640,30,pos,0.648961038961039,0
641,30,pos,0.648961038961039,0
211,30,pos,0.9501618122977347,-1
252,30,pos,0.9162666666666669,0
383,30,pos,0.9501618122977347,0
414,30,pos,0.9501618122977347,0
135,30,pos,0.9162666666666669,0
666,31,pos,0.9162666666666669,0
381,31,pos,0.9501618122977347,0
449,31,pos,0.9501618122977347,0
16,31,pos,0.9501618122977347,1
235,31,pos,0.9501618122977347,-1
64,31,pos,0.9162666666666669,2
430,31,pos,0.9162666666666669,1
625,31,pos,0.9162666666666669,9
423,31,pos,0.9501618122977347,0
642,31,pos,0.9501618122977347,0
455,31,pos,0.9501618122977347,2
614,31,pos,0.9501618122977347,5
516,31,pos,0.9501618122977347,0
459,31,pos,0.9501618122977347,8
402,31,pos,0.648961038961039,0
136,31,pos,0.9162666666666669,0
612,31,pos,0.9501618122977347,1
224,31,pos,0.648961038961039,1
324,31,pos,0.9501618122977347,0
86,31,pos,0.9501618122977347,1
660,31,pos,0.9501618122977347,0
416,31,pos,0.9501618122977347,0
487,31,pos,0.9501618122977347,0
582,31,pos,0.9501618122977347,2
332,31,pos,0.9501618122977347,0
205,31,pos,0.9501618122977347,1
158,31,pos,0.9501618122977347,1
371,31,pos,0.648961038961039,2
237,31,pos,0.9501618122977347,0
499,31,pos,0.9162666666666669,0
488,31,pos,0.9501618122977347,0
169,31,pos,0.9501618122977347,16
372,31,pos,0.648961038961039,0
160,31,pos,0.9501618122977347,0
167,31,pos,0.9501618122977347,7
253,31,pos,0.2871604938271605,0
299,31,pos,0.9501618122977347,2
392,31,pos,0.9501618122977347,0
553,31,pos,0.9501618122977347,0
5,31,pos,0.648961038961039,1
6,31,pos,0.648961038961039,1
370,31,pos,0.648961038961039,1
593,31,pos,0.9501618122977347,3
387,31,pos,0.9501618122977347,0
668,31,pos,0.9501618122977347,0
217,31,pos,0.9162666666666669,2
358,31,pos,0.9501618122977347,1
436,31,pos,0.648961038961039,0
507,31,pos,0.648961038961039,1
508,31,pos,0.648961038961039,7
267,31,pos,0.9501618122977347,0
373,31,pos,0.648961038961039,2
129,31,pos,0.9501618122977347,0
239,31,pos,0.9501618122977347,-1
273,31,pos,0.9501618122977347,0
477,31,pos,0.648961038961039,0
209,31,pos,0.9501618122977347,1
126,31,pos,0.9501618122977347,0
410,31,pos,0.648961038961039,0
478,31,pos,0.648961038961039,7
613,31,pos,0.9501618122977347,0
242,31,pos,0.9501618122977347,0
669,31,pos,0.9501618122977347,0
386,31,pos,0.9501618122977347,0
490,31,pos,0.9501618122977347,0
452,31,pos,0.9501618122977347,0
543,31,pos,0.9501618122977347,0
225,31,pos,0.648961038961039,2
568,31,pos,0.648961038961039,0
663,31,pos,0.9501618122977347,0
164,31,pos,0.9501618122977347,0
427,31,pos,0.9501618122977347,2
11,31,pos,0.648961038961039,1
388,31,pos,0.9501618122977347,0
54,31,pos,0.9501618122977347,0
302,31,pos,0.9501618122977347,8
588,31,pos,0.9501618122977347,4
648,31,pos,0.9501618122977347,0
200,31,pos,0.9501618122977347,1
351,31,pos,0.9501618122977347,0
350,31,pos,0.9501618122977347,0
457,31,pos,0.9501618122977347,0
517,31,pos,0.9501618122977347,0
491,31,pos,0.9501618122977347,1
561,31,pos,0.9162666666666669,0
424,31,pos,0.9501618122977347,0
644,31,pos,0.9501618122977347,0
646,31,pos,0.9501618122977347,0
48,31,pos,0.9501618122977347,0
353,31,pos,0.9501618122977347,0
671,31,pos,0.9162666666666669,0
362,31,pos,0.9162666666666669,0
382,31,pos,0.9501618122977347,0
343,31,pos,0.648961038961039,0
347,31,pos,0.648961038961039,0
84,31,pos,0.9501618122977347,0
417,31,pos,0.9501618122977347,0
526,31,pos,0.9162666666666669,1
74,31,pos,0.648961038961039,0
93,31,pos,0.9501618122977347,0
18,31,pos,0.9501618122977347,1
21,31,pos,0.9501618122977347,2
72,31,pos,0.648961038961039,0
605,31,pos,0.648961038961039,0
83,31,pos,0.9501618122977347,2
109,31,pos,0.648961038961039,0
110,31,pos,0.648961038961039,2
121,31,pos,0.9501618122977347,0
159,31,pos,0.9501618122977347,3
238,31,pos,0.9501618122977347,-1
240,31,pos,0.9501618122977347,1
300,31,pos,0.9501618122977347,0
385,31,pos,0.9501618122977347,1
403,31,pos,0.648961038961039,0
422,31,pos,0.9501618122977347,1
454,31,pos,0.9501618122977347,1
456,31,pos,0.9501618122977347,0
466,31,pos,0.9162666666666669,0
696,31,pos,0.9162666666666669,0
610,31,pos,0.648961038961039,1
236,31,pos,0.9501618122977347,0
335,31,pos,0.9501618122977347,0
310,31,pos,0.9162666666666669,0
597,31,pos,0.9162666666666669,0
145,31,pos,0.648961038961039,0
250,31,pos,0.9162666666666669,0
325,31,pos,0.9501618122977347,1
661,31,pos,0.9162666666666669,0
532,31,pos,0.648961038961039,0
573,31,pos,0.648961038961039,0
419,31,pos,0.9501618122977347,0
486,31,pos,0.9501618122977347,1
603,31,pos,0.648961038961039,5
73,31,pos,0.648961038961039,1
440,31,pos,0.648961038961039,0
683,31,pos,0.648961038961039,0
638,31,pos,0.648961038961039,0
654,31,pos,0.9162666666666669,0
22,31,pos,0.9501618122977347,0
418,31,pos,0.9501618122977347,1
443,31,pos,0.648961038961039,1
489,31,pos,0.9501618122977347,6
637,31,pos,0.648961038961039,0
47,31,pos,0.9501618122977347,13
192,31,pos,0.648961038961039,0
329,31,pos,0.9501618122977347,0
681,31,pos,0.9162666666666669,0
580,31,pos,0.9501618122977347,1
633,31,pos,0.648961038961039,0
337,31,pos,0.9162666666666669,7
260,31,pos,0.648961038961039,0
621,31,pos,0.9501618122977347,0
197,31,pos,0.648961038961039,1
157,31,pos,0.9501618122977347,0
497,31,pos,0.9501618122977347,0
515,31,pos,0.9501618122977347,0
19,31,pos,0.9501618122977347,5
384,31,pos,0.9501618122977347,0
17,31,pos,0.9501618122977347,0
119,31,pos,0.9501618122977347,0
37,31,pos,0.648961038961039,3
450,31,pos,0.9501618122977347,0
632,31,pos,0.648961038961039,0
178,31,pos,0.9162666666666669,0
123,31,pos,0.9501618122977347,0
241,31,pos,0.9501618122977347,0
26,31,pos,0.9501618122977347,0
226,31,pos,0.648961038961039,0
408,31,pos,0.648961038961039,0
485,31,pos,0.9501618122977347,0
643,31,pos,0.9501618122977347,0
409,31,pos,0.648961038961039,1
59,31,pos,0.9501618122977347,0
303,31,pos,0.9501618122977347,2
311,31,pos,0.9162666666666669,1
505,31,pos,0.648961038961039,2
85,31,pos,0.9501618122977347,1
97,31,pos,0.9162666666666669,0
474,31,pos,0.648961038961039,0
476,31,pos,0.648961038961039,0
291,31,pos,0.648961038961039,5
569,31,pos,0.648961038961039,0
173,31,pos,0.9501618122977347,0
374,31,pos,0.648961038961039,2
249,31,pos,0.9162666666666669,0
256,31,pos,0.648961038961039,0
270,31,pos,0.9501618122977347,1
354,31,pos,0.9501618122977347,0
506,31,pos,0.648961038961039,0
301,31,pos,0.9501618122977347,8
304,31,pos,0.9501618122977347,1
365,31,pos,0.9162666666666669,1
544,31,pos,0.9501618122977347,1
584,31,pos,0.9501618122977347,0
7,31,pos,0.648961038961039,10
560,31,pos,0.9162666666666669,0
518,31,pos,0.9501618122977347,0
586,31,pos,0.9501618122977347,2
257,31,pos,0.648961038961039,0
552,31,pos,0.9501618122977347,1
645,31,pos,0.9501618122977347,0
120,31,pos,0.9501618122977347,2
166,31,pos,0.9501618122977347,2
58,31,pos,0.9501618122977347,0
202,31,pos,0.9501618122977347,0
258,31,pos,0.648961038961039,1
366,31,pos,0.2871604938271605,0
53,31,pos,0.9501618122977347,0
591,31,pos,0.9501618122977347,0
107,31,pos,0.648961038961039,5
293,31,pos,0.648961038961039,1
287,31,pos,0.2871604938271605,0
1,31,pos,0.2871604938271605,0
122,31,pos,0.9501618122977347,0
585,31,pos,0.9501618122977347,1
31,31,pos,0.9162666666666669,6
677,31,pos,0.9501618122977347,0
106,31,pos,0.648961038961039,2
251,31,pos,0.9162666666666669,0
397,31,pos,0.9162666666666669,2
420,31,pos,0.9501618122977347,0
421,31,pos,0.9501618122977347,0
453,31,pos,0.9501618122977347,0
465,31,pos,0.9162666666666669,7
500,31,pos,0.9162666666666669,0
583,31,pos,0.9501618122977347,0
531,31,pos,0.648961038961039,0
352,31,pos,0.9501618122977347,0
444,31,pos,0.648961038961039,0
338,31,pos,0.9162666666666669,0
411,31,pos,0.648961038961039,0
609,31,pos,0.648961038961039,14
146,31,pos,0.648961038961039,1
522,31,pos,0.9501618122977347,0
36,31,pos,0.648961038961039,0
151,31,pos,0.648961038961039,0
182,31,pos,0.2871604938271605,2
413,31,pos,0.9501618122977347,0
431,31,pos,0.2871604938271605,0
113,31,pos,0.648961038961039,1
314,31,pos,0.2871604938271605,0
469,31,pos,0.2871604938271605,1
295,31,pos,0.648961038961039,0
317,31,pos,0.648961038961039,0
565,31,pos,0.2871604938271605,0
233,31,pos,0.648961038961039,2
220,31,pos,0.2871604938271605,2
502,31,pos,0.2871604938271605,0
82,31,pos,0.9501618122977347,0
191,31,pos,0.648961038961039,0
441,31,pos,0.648961038961039,2
521,31,pos,0.9501618122977347,0
575,31,pos,0.648961038961039,1
624,31,pos,0.9162666666666669,1
207,31,pos,0.9501618122977347,0
283,31,pos,0.9162666666666669,14
266,31,pos,0.9501618122977347,2
618,31,pos,0.9501618122977347,1
90,31,pos,0.9501618122977347,0
525,31,pos,0.9162666666666669,0
246,31,pos,0.9501618122977347,2
542,31,pos,0.648961038961039,0
685,31,pos,0.648961038961039,0
40,31,pos,0.648961038961039,16
607,31,pos,0.648961038961039,0
261,31,pos,0.648961038961039,2
342,31,pos,0.648961038961039,14
348,31,pos,0.648961038961039,0
30,31,pos,0.9162666666666669,0
190,31,pos,0.648961038961039,1
541,31,pos,0.648961038961039,0
318,31,pos,0.648961038961039,12
670,31,pos,0.2871604938271605,0
631,31,pos,0.648961038961039,0
33,31,pos,0.2871604938271605,0
67,31,pos,0.2871604938271605,0
322,31,pos,0.648961038961039,0
679,31,pos,0.2871604938271605,0
321,31,pos,0.648961038961039,1
187,31,pos,0.648961038961039,0
596,31,pos,0.9162666666666669,1
470,31,pos,0.2871604938271605,0
407,31,pos,0.648961038961039,2
162,31,pos,0.9501618122977347,0
682,31,pos,0.648961038961039,2
442,31,pos,0.648961038961039,0
635,31,pos,0.648961038961039,0
8,31,pos,0.648961038961039,1
665,31,pos,0.2871604938271605,0
139,31,pos,0.2871604938271605,1
101,31,pos,0.2871604938271605,0
210,31,pos,0.9501618122977347,0
406,31,pos,0.648961038961039,0
673,31,pos,0.9501618122977347,0
547,31,pos,0.9501618122977347,0
330,31,pos,0.9501618122977347,5
376,31,pos,0.648961038961039,2
272,31,pos,0.9501618122977347,1
356,31,pos,0.9501618122977347,1
77,31,pos,0.648961038961039,0
228,31,pos,0.648961038961039,0
326,31,pos,0.9501618122977347,0
128,31,pos,0.9501618122977347,0
170,31,pos,0.9501618122977347,6
493,31,pos,0.9501618122977347,2
124,31,pos,0.9501618122977347,2
38,31,pos,0.648961038961039,0
10,31,pos,0.648961038961039,6
676,31,pos,0.9501618122977347,0
319,31,pos,0.648961038961039,1
9,31,pos,0.648961038961039,0
23,31,pos,0.9501618122977347,1
24,31,pos,0.9501618122977347,0
25,31,pos,0.9501618122977347,1
662,31,pos,0.648961038961039,0
49,31,pos,0.9501618122977347,0
51,31,pos,0.9501618122977347,0
201,31,pos,0.9501618122977347,2
215,31,pos,0.9162666666666669,2
680,31,pos,0.9162666666666669,10
98,31,pos,0.9162666666666669,0
161,31,pos,0.9501618122977347,3
163,31,pos,0.9501618122977347,1
165,31,pos,0.9501618122977347,5
179,31,pos,0.9162666666666669,0
180,31,pos,0.9162666666666669,1
284,31,pos,0.9162666666666669,2
290,31,pos,0.648961038961039,2
327,31,pos,0.9501618122977347,6
328,31,pos,0.9501618122977347,0
691,31,pos,0.9162666666666669,0
389,31,pos,0.9501618122977347,0
390,31,pos,0.9501618122977347,0
399,31,pos,0.2871604938271605,0
404,31,pos,0.648961038961039,0
405,31,pos,0.648961038961039,1
52,31,pos,0.9501618122977347,0
473,31,pos,0.648961038961039,0
426,31,pos,0.9501618122977347,0
527,31,pos,0.9162666666666669,1
693,31,pos,0.9501618122977347,2
545,31,pos,0.9501618122977347,0
587,31,pos,0.9501618122977347,1
589,31,pos,0.9501618122977347,3
615,31,pos,0.9501618122977347,0
647,31,pos,0.9501618122977347,0
331,31,pos,0.9501618122977347,1
276,31,pos,0.9501618122977347,0
628,31,pos,0.2871604938271605,0
148,31,pos,0.648961038961039,8
116,31,pos,0.648961038961039,2
579,31,pos,0.9501618122977347,0
20,31,pos,0.9501618122977347,0
81,31,pos,0.9501618122977347,5
415,31,pos,0.9501618122977347,0
451,31,pos,0.9501618122977347,0
581,31,pos,0.9501618122977347,0
12,31,pos,0.648961038961039,0
27,31,pos,0.9501618122977347,0
32,31,pos,0.2871604938271605,1
55,31,pos,0.9501618122977347,0
56,31,pos,0.9501618122977347,0
57,31,pos,0.9501618122977347,1
203,31,pos,0.9501618122977347,0
204,31,pos,0.9501618122977347,0
206,31,pos,0.9501618122977347,0
208,31,pos,0.9501618122977347,0
216,31,pos,0.9162666666666669,0
71,31,pos,0.648961038961039,1
87,31,pos,0.9501618122977347,1
88,31,pos,0.9501618122977347,1
89,31,pos,0.9501618122977347,1
91,31,pos,0.9501618122977347,0
391,31,pos,0.9501618122977347,1
125,31,pos,0.9501618122977347,9
127,31,pos,0.9501618122977347,0
168,31,pos,0.9501618122977347,1
171,31,pos,0.9501618122977347,3
172,31,pos,0.9501618122977347,0
174,31,pos,0.9501618122977347,0
181,31,pos,0.9162666666666669,0
227,31,pos,0.648961038961039,0
243,31,pos,0.9501618122977347,0
244,31,pos,0.9501618122977347,-1
245,31,pos,0.9501618122977347,2
672,31,pos,0.648961038961039,0
259,31,pos,0.648961038961039,2
268,31,pos,0.9501618122977347,0
269,31,pos,0.9501618122977347,0
271,31,pos,0.9501618122977347,1
285,31,pos,0.9162666666666669,9
292,31,pos,0.648961038961039,0
312,31,pos,0.9162666666666669,2
316,31,pos,0.648961038961039,1
355,31,pos,0.9501618122977347,0
357,31,pos,0.9501618122977347,1
363,31,pos,0.9162666666666669,0
364,31,pos,0.9162666666666669,0
375,31,pos,0.648961038961039,0
377,31,pos,0.648961038961039,1
692,31,pos,0.648961038961039,0
400,31,pos,0.2871604938271605,2
412,31,pos,0.648961038961039,0
428,31,pos,0.9501618122977347,9
429,31,pos,0.9501618122977347,0
432,31,pos,0.2871604938271605,0
437,31,pos,0.648961038961039,0
438,31,pos,0.648961038961039,0
458,31,pos,0.9501618122977347,2
475,31,pos,0.648961038961039,0
492,31,pos,0.9501618122977347,0
494,31,pos,0.9501618122977347,0
674,31,pos,0.2871604938271605,0
684,31,pos,0.648961038961039,0
519,31,pos,0.9501618122977347,3
520,31,pos,0.9501618122977347,0
546,31,pos,0.9501618122977347,0
548,31,pos,0.9501618122977347,1
549,31,pos,0.9501618122977347,1
550,31,pos,0.9501618122977347,0
551,31,pos,0.9501618122977347,0
590,31,pos,0.9501618122977347,0
592,31,pos,0.9501618122977347,0
616,31,pos,0.9501618122977347,2
617,31,pos,0.9501618122977347,0
619,31,pos,0.9501618122977347,1
649,31,pos,0.9501618122977347,0
655,31,pos,0.9162666666666669,0
656,31,pos,0.9162666666666669,0
50,31,pos,0.9501618122977347,0
425,31,pos,0.9501618122977347,2
2,31,pos,0.2871604938271605,3
28,31,pos,0.9501618122977347,7
29,31,pos,0.9501618122977347,0
39,31,pos,0.648961038961039,6
41,31,pos,0.648961038961039,0
60,31,pos,0.9501618122977347,0
61,31,pos,0.9501618122977347,0
62,31,pos,0.9501618122977347,0
63,31,pos,0.9501618122977347,0
65,31,pos,0.9162666666666669,0
183,31,pos,0.2871604938271605,0
186,31,pos,0.648961038961039,2
212,31,pos,0.9501618122977347,7
213,31,pos,0.9501618122977347,0
214,31,pos,0.9501618122977347,0
218,31,pos,0.9162666666666669,0
219,31,pos,0.9162666666666669,0
66,31,pos,0.2871604938271605,15
92,31,pos,0.9501618122977347,1
94,31,pos,0.9501618122977347,1
95,31,pos,0.9501618122977347,2
96,31,pos,0.9501618122977347,0
99,31,pos,0.9162666666666669,0
100,31,pos,0.9162666666666669,0
687,31,pos,0.9501618122977347,0
108,31,pos,0.648961038961039,2
111,31,pos,0.648961038961039,1
112,31,pos,0.648961038961039,0
130,31,pos,0.9501618122977347,1
131,31,pos,0.9501618122977347,0
132,31,pos,0.9501618122977347,1
133,31,pos,0.9501618122977347,6
134,31,pos,0.9501618122977347,0
137,31,pos,0.9162666666666669,0
138,31,pos,0.2871604938271605,0
143,31,pos,0.648961038961039,0
144,31,pos,0.648961038961039,0
147,31,pos,0.648961038961039,0
149,31,pos,0.648961038961039,0
150,31,pos,0.648961038961039,0
152,31,pos,0.648961038961039,0
153,31,pos,0.648961038961039,1
175,31,pos,0.9501618122977347,9
176,31,pos,0.9501618122977347,0
177,31,pos,0.9501618122977347,0
221,31,pos,0.2871604938271605,0
229,31,pos,0.648961038961039,0
230,31,pos,0.648961038961039,-1
231,31,pos,0.648961038961039,12
232,31,pos,0.648961038961039,0
247,31,pos,0.9501618122977347,0
248,31,pos,0.9501618122977347,0
274,31,pos,0.9501618122977347,1
275,31,pos,0.9501618122977347,5
277,31,pos,0.9501618122977347,1
278,31,pos,0.9501618122977347,0
279,31,pos,0.9501618122977347,1
280,31,pos,0.9501618122977347,2
281,31,pos,0.9501618122977347,2
282,31,pos,0.9501618122977347,1
286,31,pos,0.9162666666666669,0
690,31,pos,0.9501618122977347,1
288,31,pos,0.2871604938271605,16
294,31,pos,0.648961038961039,0
296,31,pos,0.648961038961039,0
305,31,pos,0.9501618122977347,7
306,31,pos,0.9501618122977347,0
307,31,pos,0.9501618122977347,3
308,31,pos,0.9501618122977347,0
309,31,pos,0.9501618122977347,2
313,31,pos,0.9162666666666669,0
667,31,pos,0.648961038961039,0
320,31,pos,0.648961038961039,0
333,31,pos,0.9501618122977347,3
334,31,pos,0.9501618122977347,0
336,31,pos,0.9501618122977347,0
339,31,pos,0.2871604938271605,0
359,31,pos,0.9501618122977347,0
360,31,pos,0.9501618122977347,0
361,31,pos,0.9501618122977347,0
367,31,pos,0.2871604938271605,1
393,31,pos,0.9501618122977347,0
394,31,pos,0.9501618122977347,2
395,31,pos,0.9501618122977347,0
396,31,pos,0.9501618122977347,0
398,31,pos,0.9162666666666669,0
686,31,pos,0.9501618122977347,1
439,31,pos,0.648961038961039,0
460,31,pos,0.9501618122977347,0
461,31,pos,0.9501618122977347,1
462,31,pos,0.9501618122977347,0
463,31,pos,0.9501618122977347,1
464,31,pos,0.9501618122977347,7
467,31,pos,0.9162666666666669,2
468,31,pos,0.9162666666666669,2
479,31,pos,0.648961038961039,3
480,31,pos,0.648961038961039,0
495,31,pos,0.9501618122977347,0
496,31,pos,0.9501618122977347,0
498,31,pos,0.9501618122977347,0
501,31,pos,0.9162666666666669,0
689,31,pos,0.9501618122977347,1
509,31,pos,0.648961038961039,1
510,31,pos,0.648961038961039,1
511,31,pos,0.648961038961039,0
512,31,pos,0.648961038961039,2
523,31,pos,0.9501618122977347,0
524,31,pos,0.9501618122977347,0
528,31,pos,0.2871604938271605,0
554,31,pos,0.9501618122977347,0
555,31,pos,0.9501618122977347,0
556,31,pos,0.9501618122977347,0
557,31,pos,0.9501618122977347,0
558,31,pos,0.9501618122977347,1
559,31,pos,0.9501618122977347,0
562,31,pos,0.9162666666666669,0
563,31,pos,0.9162666666666669,0
564,31,pos,0.9162666666666669,0
570,31,pos,0.648961038961039,5
571,31,pos,0.648961038961039,0
572,31,pos,0.648961038961039,0
574,31,pos,0.648961038961039,3
594,31,pos,0.9501618122977347,2
595,31,pos,0.9501618122977347,0
598,31,pos,0.9162666666666669,0
599,31,pos,0.9162666666666669,0
600,31,pos,0.2871604938271605,0
604,31,pos,0.648961038961039,0
606,31,pos,0.648961038961039,0
608,31,pos,0.648961038961039,0
620,31,pos,0.9501618122977347,0
622,31,pos,0.9501618122977347,0
623,31,pos,0.9501618122977347,0
626,31,pos,0.9162666666666669,0
659,31,pos,0.648961038961039,0
627,31,pos,0.2871604938271605,0
634,31,pos,0.648961038961039,0
636,31,pos,0.648961038961039,0
650,31,pos,0.9501618122977347,0
651,31,pos,0.9501618122977347,0
652,31,pos,0.9501618122977347,0
653,31,pos,0.9501618122977347,0
657,31,pos,0.9162666666666669,0
658,31,pos,0.9162666666666669,0
695,31,pos,0.648961038961039,0
3,31,pos,0.2871604938271605,2
4,31,pos,0.2871604938271605,0
13,31,pos,0.648961038961039,0
14,31,pos,0.648961038961039,0
15,31,pos,0.648961038961039,1
34,31,pos,0.2871604938271605,0
35,31,pos,0.2871604938271605,0
42,31,pos,0.648961038961039,3
43,31,pos,0.648961038961039,0
44,31,pos,0.648961038961039,6
45,31,pos,0.648961038961039,0
46,31,pos,0.648961038961039,3
688,31,pos,0.2871604938271605,2
184,31,pos,0.2871604938271605,0
185,31,pos,0.2871604938271605,0
188,31,pos,0.648961038961039,0
189,31,pos,0.648961038961039,1
193,31,pos,0.648961038961039,0
194,31,pos,0.648961038961039,0
195,31,pos,0.648961038961039,1
196,31,pos,0.648961038961039,0
198,31,pos,0.648961038961039,0
199,31,pos,0.648961038961039,1
68,31,pos,0.2871604938271605,0
69,31,pos,0.2871604938271605,1
70,31,pos,0.2871604938271605,2
75,31,pos,0.648961038961039,1
76,31,pos,0.648961038961039,0
78,31,pos,0.648961038961039,0
79,31,pos,0.648961038961039,2
80,31,pos,0.648961038961039,2
102,31,pos,0.2871604938271605,0
103,31,pos,0.2871604938271605,5
104,31,pos,0.2871604938271605,5
105,31,pos,0.2871604938271605,0
114,31,pos,0.648961038961039,0
115,31,pos,0.648961038961039,0
117,31,pos,0.648961038961039,0
118,31,pos,0.648961038961039,0
140,31,pos,0.2871604938271605,1
141,31,pos,0.2871604938271605,0
142,31,pos,0.2871604938271605,1
154,31,pos,0.648961038961039,0
155,31,pos,0.648961038961039,0
156,31,pos,0.648961038961039,6
222,31,pos,0.2871604938271605,0
223,31,pos,0.2871604938271605,0
234,31,pos,0.648961038961039,0
254,31,pos,0.2871604938271605,0
255,31,pos,0.2871604938271605,1
262,31,pos,0.648961038961039,6
263,31,pos,0.648961038961039,0
264,31,pos,0.648961038961039,0
265,31,pos,0.648961038961039,2
289,31,pos,0.2871604938271605,0
297,31,pos,0.648961038961039,5
298,31,pos,0.648961038961039,0
630,31,pos,0.2871604938271605,0
315,31,pos,0.2871604938271605,4
323,31,pos,0.648961038961039,0
664,31,pos,0.2871604938271605,0
340,31,pos,0.2871604938271605,3
341,31,pos,0.2871604938271605,6
344,31,pos,0.648961038961039,0
345,31,pos,0.648961038961039,5
346,31,pos,0.648961038961039,2
349,31,pos,0.648961038961039,0
368,31,pos,0.2871604938271605,0
369,31,pos,0.2871604938271605,1
378,31,pos,0.648961038961039,0
379,31,pos,0.648961038961039,0
380,31,pos,0.648961038961039,0
401,31,pos,0.2871604938271605,0
433,31,pos,0.2871604938271605,2
434,31,pos,0.2871604938271605,0
435,31,pos,0.2871604938271605,0
445,31,pos,0.648961038961039,0
446,31,pos,0.648961038961039,2
447,31,pos,0.648961038961039,0
448,31,pos,0.648961038961039,3
471,31,pos,0.2871604938271605,0
472,31,pos,0.2871604938271605,0
481,31,pos,0.648961038961039,6
482,31,pos,0.648961038961039,6
483,31,pos,0.648961038961039,0
484,31,pos,0.648961038961039,6
503,31,pos,0.2871604938271605,1
504,31,pos,0.2871604938271605,0
513,31,pos,0.648961038961039,1
514,31,pos,0.648961038961039,6
675,31,pos,0.2871604938271605,0
529,31,pos,0.2871604938271605,0
530,31,pos,0.2871604938271605,0
533,31,pos,0.648961038961039,0
534,31,pos,0.648961038961039,10
535,31,pos,0.648961038961039,2
536,31,pos,0.648961038961039,0
537,31,pos,0.648961038961039,0
538,31,pos,0.648961038961039,6
539,31,pos,0.648961038961039,0
540,31,pos,0.648961038961039,0
678,31,pos,0.648961038961039,0
694,31,pos,0.648961038961039,10
566,31,pos,0.2871604938271605,0
567,31,pos,0.2871604938271605,0
576,31,pos,0.648961038961039,1
577,31,pos,0.648961038961039,0
578,31,pos,0.648961038961039,0
601,31,pos,0.2871604938271605,0
602,31,pos,0.2871604938271605,1
611,31,pos,0.648961038961039,1
629,31,pos,0.2871604938271605,0
639,31,pos,0.648961038961039,0
640,31,pos,0.648961038961039,0
641,31,pos,0.648961038961039,0
211,31,pos,0.9501618122977347,8
252,31,pos,0.9162666666666669,1
383,31,pos,0.9501618122977347,0
414,31,pos,0.9501618122977347,0
135,31,pos,0.9162666666666669,1
666,32,pos,0.9162666666666669,0
381,32,pos,0.9501618122977347,0
449,32,pos,0.9501618122977347,0
16,32,pos,0.9501618122977347,1
235,32,pos,0.9501618122977347,0
64,32,pos,0.9162666666666669,2
430,32,pos,0.9162666666666669,-1
625,32,pos,0.9162666666666669,1
423,32,pos,0.9501618122977347,4
642,32,pos,0.9501618122977347,0
455,32,pos,0.9501618122977347,6
614,32,pos,0.9501618122977347,5
516,32,pos,0.9501618122977347,0
459,32,pos,0.9501618122977347,1
402,32,pos,0.648961038961039,0
612,32,pos,0.9501618122977347,2
224,32,pos,0.648961038961039,1
86,32,pos,0.9501618122977347,2
416,32,pos,0.9501618122977347,0
487,32,pos,0.9501618122977347,0
582,32,pos,0.9501618122977347,2
205,32,pos,0.9501618122977347,2
158,32,pos,0.9501618122977347,1
371,32,pos,0.648961038961039,12
237,32,pos,0.9501618122977347,0
499,32,pos,0.9162666666666669,0
488,32,pos,0.9501618122977347,0
169,32,pos,0.9501618122977347,3
372,32,pos,0.648961038961039,0
160,32,pos,0.9501618122977347,0
167,32,pos,0.9501618122977347,6
253,32,pos,0.2871604938271605,0
392,32,pos,0.9501618122977347,0
553,32,pos,0.9501618122977347,0
5,32,pos,0.648961038961039,1
6,32,pos,0.648961038961039,2
370,32,pos,0.648961038961039,5
387,32,pos,0.9501618122977347,0
668,32,pos,0.9501618122977347,0
217,32,pos,0.9162666666666669,2
358,32,pos,0.9501618122977347,2
436,32,pos,0.648961038961039,0
507,32,pos,0.648961038961039,1
508,32,pos,0.648961038961039,1
267,32,pos,0.9501618122977347,2
373,32,pos,0.648961038961039,5
239,32,pos,0.9501618122977347,0
273,32,pos,0.9501618122977347,0
477,32,pos,0.648961038961039,0
209,32,pos,0.9501618122977347,2
410,32,pos,0.648961038961039,1
478,32,pos,0.648961038961039,1
613,32,pos,0.9501618122977347,0
242,32,pos,0.9501618122977347,0
669,32,pos,0.9501618122977347,0
386,32,pos,0.9501618122977347,0
490,32,pos,0.9501618122977347,0
452,32,pos,0.9501618122977347,0
225,32,pos,0.648961038961039,2
568,32,pos,0.648961038961039,0
663,32,pos,0.9501618122977347,0
164,32,pos,0.9501618122977347,0
427,32,pos,0.9501618122977347,6
11,32,pos,0.648961038961039,1
388,32,pos,0.9501618122977347,1
54,32,pos,0.9501618122977347,0
588,32,pos,0.9501618122977347,1
648,32,pos,0.9501618122977347,0
200,32,pos,0.9501618122977347,1
351,32,pos,0.9501618122977347,0
350,32,pos,0.9501618122977347,0
457,32,pos,0.9501618122977347,12
517,32,pos,0.9501618122977347,0
491,32,pos,0.9501618122977347,0
561,32,pos,0.9162666666666669,0
424,32,pos,0.9501618122977347,0
644,32,pos,0.9501618122977347,0
646,32,pos,0.9501618122977347,0
353,32,pos,0.9501618122977347,0
671,32,pos,0.9162666666666669,0
362,32,pos,0.9162666666666669,0
382,32,pos,0.9501618122977347,0
84,32,pos,0.9501618122977347,0
417,32,pos,0.9501618122977347,0
526,32,pos,0.9162666666666669,2
74,32,pos,0.648961038961039,0
93,32,pos,0.9501618122977347,1
18,32,pos,0.9501618122977347,0
21,32,pos,0.9501618122977347,0
72,32,pos,0.648961038961039,0
605,32,pos,0.648961038961039,0
83,32,pos,0.9501618122977347,1
110,32,pos,0.648961038961039,1
159,32,pos,0.9501618122977347,3
238,32,pos,0.9501618122977347,3
240,32,pos,0.9501618122977347,2
385,32,pos,0.9501618122977347,1
403,32,pos,0.648961038961039,0
422,32,pos,0.9501618122977347,1
454,32,pos,0.9501618122977347,1
456,32,pos,0.9501618122977347,0
466,32,pos,0.9162666666666669,0
696,32,pos,0.9162666666666669,0
236,32,pos,0.9501618122977347,0
597,32,pos,0.9162666666666669,0
250,32,pos,0.9162666666666669,0
532,32,pos,0.648961038961039,0
419,32,pos,0.9501618122977347,0
486,32,pos,0.9501618122977347,1
603,32,pos,0.648961038961039,8
73,32,pos,0.648961038961039,1
440,32,pos,0.648961038961039,0
683,32,pos,0.648961038961039,0
638,32,pos,0.648961038961039,0
654,32,pos,0.9162666666666669,0
22,32,pos,0.9501618122977347,0
418,32,pos,0.9501618122977347,0
443,32,pos,0.648961038961039,-2
489,32,pos,0.9501618122977347,0
637,32,pos,0.648961038961039,0
47,32,pos,0.9501618122977347,2
192,32,pos,0.648961038961039,3
681,32,pos,0.9162666666666669,0
580,32,pos,0.9501618122977347,1
633,32,pos,0.648961038961039,0
260,32,pos,0.648961038961039,0
621,32,pos,0.9501618122977347,0
197,32,pos,0.648961038961039,0
157,32,pos,0.9501618122977347,0
497,32,pos,0.9501618122977347,0
515,32,pos,0.9501618122977347,0
19,32,pos,0.9501618122977347,9
384,32,pos,0.9501618122977347,0
17,32,pos,0.9501618122977347,0
37,32,pos,0.648961038961039,2
450,32,pos,0.9501618122977347,1
632,32,pos,0.648961038961039,0
178,32,pos,0.9162666666666669,0
241,32,pos,0.9501618122977347,0
26,32,pos,0.9501618122977347,0
226,32,pos,0.648961038961039,0
408,32,pos,0.648961038961039,1
485,32,pos,0.9501618122977347,0
409,32,pos,0.648961038961039,0
59,32,pos,0.9501618122977347,0
505,32,pos,0.648961038961039,1
85,32,pos,0.9501618122977347,2
97,32,pos,0.9162666666666669,0
474,32,pos,0.648961038961039,0
476,32,pos,0.648961038961039,0
291,32,pos,0.648961038961039,2
173,32,pos,0.9501618122977347,0
374,32,pos,0.648961038961039,2
249,32,pos,0.9162666666666669,0
256,32,pos,0.648961038961039,0
270,32,pos,0.9501618122977347,0
354,32,pos,0.9501618122977347,0
506,32,pos,0.648961038961039,0
365,32,pos,0.9162666666666669,13
584,32,pos,0.9501618122977347,0
7,32,pos,0.648961038961039,7
560,32,pos,0.9162666666666669,0
518,32,pos,0.9501618122977347,0
257,32,pos,0.648961038961039,0
552,32,pos,0.9501618122977347,0
645,32,pos,0.9501618122977347,0
166,32,pos,0.9501618122977347,2
58,32,pos,0.9501618122977347,0
202,32,pos,0.9501618122977347,0
258,32,pos,0.648961038961039,10
366,32,pos,0.2871604938271605,8
53,32,pos,0.9501618122977347,0
591,32,pos,0.9501618122977347,0
293,32,pos,0.648961038961039,1
287,32,pos,0.2871604938271605,0
1,32,pos,0.2871604938271605,0
585,32,pos,0.9501618122977347,1
31,32,pos,0.9162666666666669,1
251,32,pos,0.9162666666666669,0
397,32,pos,0.9162666666666669,2
420,32,pos,0.9501618122977347,0
421,32,pos,0.9501618122977347,0
453,32,pos,0.9501618122977347,0
465,32,pos,0.9162666666666669,6
500,32,pos,0.9162666666666669,0
583,32,pos,0.9501618122977347,0
531,32,pos,0.648961038961039,0
352,32,pos,0.9501618122977347,0
444,32,pos,0.648961038961039,0
411,32,pos,0.648961038961039,0
522,32,pos,0.9501618122977347,0
36,32,pos,0.648961038961039,0
182,32,pos,0.2871604938271605,6
413,32,pos,0.9501618122977347,0
431,32,pos,0.2871604938271605,0
469,32,pos,0.2871604938271605,6
295,32,pos,0.648961038961039,6
565,32,pos,0.2871604938271605,0
233,32,pos,0.648961038961039,2
220,32,pos,0.2871604938271605,-1
82,32,pos,0.9501618122977347,0
191,32,pos,0.648961038961039,1
441,32,pos,0.648961038961039,1
521,32,pos,0.9501618122977347,0
575,32,pos,0.648961038961039,1
624,32,pos,0.9162666666666669,0
207,32,pos,0.9501618122977347,0
283,32,pos,0.9162666666666669,7
266,32,pos,0.9501618122977347,1
618,32,pos,0.9501618122977347,1
90,32,pos,0.9501618122977347,0
525,32,pos,0.9162666666666669,0
246,32,pos,0.9501618122977347,2
685,32,pos,0.648961038961039,0
40,32,pos,0.648961038961039,2
607,32,pos,0.648961038961039,0
261,32,pos,0.648961038961039,0
30,32,pos,0.9162666666666669,1
190,32,pos,0.648961038961039,0
541,32,pos,0.648961038961039,0
670,32,pos,0.2871604938271605,0
631,32,pos,0.648961038961039,0
33,32,pos,0.2871604938271605,1
67,32,pos,0.2871604938271605,1
321,32,pos,0.648961038961039,2
187,32,pos,0.648961038961039,0
470,32,pos,0.2871604938271605,0
407,32,pos,0.648961038961039,2
682,32,pos,0.648961038961039,8
442,32,pos,0.648961038961039,0
8,32,pos,0.648961038961039,0
665,32,pos,0.2871604938271605,0
210,32,pos,0.9501618122977347,0
406,32,pos,0.648961038961039,2
547,32,pos,0.9501618122977347,0
376,32,pos,0.648961038961039,2
356,32,pos,0.9501618122977347,5
77,32,pos,0.648961038961039,0
228,32,pos,0.648961038961039,0
170,32,pos,0.9501618122977347,5
493,32,pos,0.9501618122977347,12
38,32,pos,0.648961038961039,0
10,32,pos,0.648961038961039,4
676,32,pos,0.9501618122977347,0
9,32,pos,0.648961038961039,0
23,32,pos,0.9501618122977347,4
24,32,pos,0.9501618122977347,0
25,32,pos,0.9501618122977347,1
662,32,pos,0.648961038961039,0
49,32,pos,0.9501618122977347,0
51,32,pos,0.9501618122977347,0
201,32,pos,0.9501618122977347,2
215,32,pos,0.9162666666666669,2
680,32,pos,0.9162666666666669,1
98,32,pos,0.9162666666666669,0
161,32,pos,0.9501618122977347,3
163,32,pos,0.9501618122977347,1
165,32,pos,0.9501618122977347,6
179,32,pos,0.9162666666666669,0
180,32,pos,0.9162666666666669,6
284,32,pos,0.9162666666666669,4
290,32,pos,0.648961038961039,1
691,32,pos,0.9162666666666669,0
389,32,pos,0.9501618122977347,0
390,32,pos,0.9501618122977347,0
399,32,pos,0.2871604938271605,0
404,32,pos,0.648961038961039,0
405,32,pos,0.648961038961039,0
52,32,pos,0.9501618122977347,0
473,32,pos,0.648961038961039,0
426,32,pos,0.9501618122977347,1
527,32,pos,0.9162666666666669,0
693,32,pos,0.9501618122977347,9
545,32,pos,0.9501618122977347,0
589,32,pos,0.9501618122977347,2
647,32,pos,0.9501618122977347,0
276,32,pos,0.9501618122977347,0
628,32,pos,0.2871604938271605,0
579,32,pos,0.9501618122977347,0
20,32,pos,0.9501618122977347,0
81,32,pos,0.9501618122977347,2
415,32,pos,0.9501618122977347,0
451,32,pos,0.9501618122977347,0
581,32,pos,0.9501618122977347,0
12,32,pos,0.648961038961039,0
27,32,pos,0.9501618122977347,0
32,32,pos,0.2871604938271605,1
55,32,pos,0.9501618122977347,0
56,32,pos,0.9501618122977347,0
57,32,pos,0.9501618122977347,1
203,32,pos,0.9501618122977347,0
204,32,pos,0.9501618122977347,1
206,32,pos,0.9501618122977347,0
208,32,pos,0.9501618122977347,0
216,32,pos,0.9162666666666669,0
71,32,pos,0.648961038961039,0
87,32,pos,0.9501618122977347,0
88,32,pos,0.9501618122977347,2
89,32,pos,0.9501618122977347,1
91,32,pos,0.9501618122977347,0
391,32,pos,0.9501618122977347,1
168,32,pos,0.9501618122977347,1
171,32,pos,0.9501618122977347,3
172,32,pos,0.9501618122977347,0
174,32,pos,0.9501618122977347,0
181,32,pos,0.9162666666666669,0
227,32,pos,0.648961038961039,4
243,32,pos,0.9501618122977347,0
244,32,pos,0.9501618122977347,1
245,32,pos,0.9501618122977347,1
672,32,pos,0.648961038961039,0
259,32,pos,0.648961038961039,2
268,32,pos,0.9501618122977347,0
269,32,pos,0.9501618122977347,1
271,32,pos,0.9501618122977347,2
285,32,pos,0.9162666666666669,5
292,32,pos,0.648961038961039,0
355,32,pos,0.9501618122977347,0
357,32,pos,0.9501618122977347,2
363,32,pos,0.9162666666666669,1
364,32,pos,0.9162666666666669,0
375,32,pos,0.648961038961039,0
377,32,pos,0.648961038961039,2
692,32,pos,0.648961038961039,0
400,32,pos,0.2871604938271605,7
412,32,pos,0.648961038961039,0
428,32,pos,0.9501618122977347,2
429,32,pos,0.9501618122977347,0
432,32,pos,0.2871604938271605,0
437,32,pos,0.648961038961039,0
438,32,pos,0.648961038961039,0
458,32,pos,0.9501618122977347,6
475,32,pos,0.648961038961039,0
492,32,pos,0.9501618122977347,0
494,32,pos,0.9501618122977347,0
546,32,pos,0.9501618122977347,0
548,32,pos,0.9501618122977347,2
549,32,pos,0.9501618122977347,1
590,32,pos,0.9501618122977347,0
592,32,pos,0.9501618122977347,0
619,32,pos,0.9501618122977347,1
649,32,pos,0.9501618122977347,0
655,32,pos,0.9162666666666669,0
50,32,pos,0.9501618122977347,0
425,32,pos,0.9501618122977347,-1
2,32,pos,0.2871604938271605,2
28,32,pos,0.9501618122977347,2
29,32,pos,0.9501618122977347,0
39,32,pos,0.648961038961039,2
41,32,pos,0.648961038961039,0
60,32,pos,0.9501618122977347,0
61,32,pos,0.9501618122977347,0
62,32,pos,0.9501618122977347,0
63,32,pos,0.9501618122977347,0
65,32,pos,0.9162666666666669,0
183,32,pos,0.2871604938271605,0
186,32,pos,0.648961038961039,3
212,32,pos,0.9501618122977347,9
213,32,pos,0.9501618122977347,0
214,32,pos,0.9501618122977347,0
218,32,pos,0.9162666666666669,0
219,32,pos,0.9162666666666669,0
66,32,pos,0.2871604938271605,2
92,32,pos,0.9501618122977347,2
94,32,pos,0.9501618122977347,0
95,32,pos,0.9501618122977347,7
96,32,pos,0.9501618122977347,0
99,32,pos,0.9162666666666669,0
100,32,pos,0.9162666666666669,0
687,32,pos,0.9501618122977347,0
111,32,pos,0.648961038961039,1
130,32,pos,0.9501618122977347,0
152,32,pos,0.648961038961039,0
153,32,pos,0.648961038961039,0
175,32,pos,0.9501618122977347,10
176,32,pos,0.9501618122977347,0
177,32,pos,0.9501618122977347,0
221,32,pos,0.2871604938271605,0
229,32,pos,0.648961038961039,0
230,32,pos,0.648961038961039,1
231,32,pos,0.648961038961039,0
232,32,pos,0.648961038961039,0
247,32,pos,0.9501618122977347,0
248,32,pos,0.9501618122977347,0
274,32,pos,0.9501618122977347,1
275,32,pos,0.9501618122977347,2
277,32,pos,0.9501618122977347,1
278,32,pos,0.9501618122977347,0
279,32,pos,0.9501618122977347,0
280,32,pos,0.9501618122977347,1
281,32,pos,0.9501618122977347,2
282,32,pos,0.9501618122977347,4
286,32,pos,0.9162666666666669,0
288,32,pos,0.2871604938271605,13
294,32,pos,0.648961038961039,0
296,32,pos,0.648961038961039,0
313,32,pos,0.9162666666666669,0
667,32,pos,0.648961038961039,0
359,32,pos,0.9501618122977347,0
360,32,pos,0.9501618122977347,1
361,32,pos,0.9501618122977347,0
367,32,pos,0.2871604938271605,0
393,32,pos,0.9501618122977347,0
394,32,pos,0.9501618122977347,1
395,32,pos,0.9501618122977347,0
396,32,pos,0.9501618122977347,0
398,32,pos,0.9162666666666669,0
686,32,pos,0.9501618122977347,0
439,32,pos,0.648961038961039,0
460,32,pos,0.9501618122977347,0
461,32,pos,0.9501618122977347,6
462,32,pos,0.9501618122977347,0
463,32,pos,0.9501618122977347,11
464,32,pos,0.9501618122977347,3
467,32,pos,0.9162666666666669,9
468,32,pos,0.9162666666666669,6
479,32,pos,0.648961038961039,2
480,32,pos,0.648961038961039,1
495,32,pos,0.9501618122977347,0
496,32,pos,0.9501618122977347,0
498,32,pos,0.9501618122977347,0
501,32,pos,0.9162666666666669,0
509,32,pos,0.648961038961039,1
510,32,pos,0.648961038961039,2
511,32,pos,0.648961038961039,0
512,32,pos,0.648961038961039,0
523,32,pos,0.9501618122977347,0
524,32,pos,0.9501618122977347,0
528,32,pos,0.2871604938271605,0
554,32,pos,0.9501618122977347,0
555,32,pos,0.9501618122977347,0
556,32,pos,0.9501618122977347,0
557,32,pos,0.9501618122977347,0
558,32,pos,0.9501618122977347,0
562,32,pos,0.9162666666666669,1
563,32,pos,0.9162666666666669,0
564,32,pos,0.9162666666666669,0
570,32,pos,0.648961038961039,3
571,32,pos,0.648961038961039,0
572,32,pos,0.648961038961039,0
574,32,pos,0.648961038961039,2
594,32,pos,0.9501618122977347,13
595,32,pos,0.9501618122977347,0
598,32,pos,0.9162666666666669,0
604,32,pos,0.648961038961039,0
608,32,pos,0.648961038961039,0
620,32,pos,0.9501618122977347,0
622,32,pos,0.9501618122977347,0
623,32,pos,0.9501618122977347,6
626,32,pos,0.9162666666666669,0
659,32,pos,0.648961038961039,0
627,32,pos,0.2871604938271605,0
634,32,pos,0.648961038961039,0
636,32,pos,0.648961038961039,0
650,32,pos,0.9501618122977347,0
657,32,pos,0.9162666666666669,0
658,32,pos,0.9162666666666669,0
695,32,pos,0.648961038961039,0
3,32,pos,0.2871604938271605,0
4,32,pos,0.2871604938271605,0
13,32,pos,0.648961038961039,13
14,32,pos,0.648961038961039,0
15,32,pos,0.648961038961039,2
34,32,pos,0.2871604938271605,1
35,32,pos,0.2871604938271605,1
42,32,pos,0.648961038961039,5
43,32,pos,0.648961038961039,0
44,32,pos,0.648961038961039,2
45,32,pos,0.648961038961039,0
46,32,pos,0.648961038961039,8
688,32,pos,0.2871604938271605,2
184,32,pos,0.2871604938271605,0
185,32,pos,0.2871604938271605,0
188,32,pos,0.648961038961039,0
189,32,pos,0.648961038961039,3
193,32,pos,0.648961038961039,1
194,32,pos,0.648961038961039,8
195,32,pos,0.648961038961039,1
196,32,pos,0.648961038961039,0
198,32,pos,0.648961038961039,0
199,32,pos,0.648961038961039,6
68,32,pos,0.2871604938271605,0
69,32,pos,0.2871604938271605,2
70,32,pos,0.2871604938271605,2
75,32,pos,0.648961038961039,1
76,32,pos,0.648961038961039,0
78,32,pos,0.648961038961039,0
79,32,pos,0.648961038961039,0
80,32,pos,0.648961038961039,9
105,32,pos,0.2871604938271605,0
154,32,pos,0.648961038961039,0
155,32,pos,0.648961038961039,0
156,32,pos,0.648961038961039,7
222,32,pos,0.2871604938271605,0
223,32,pos,0.2871604938271605,0
234,32,pos,0.648961038961039,0
254,32,pos,0.2871604938271605,0
255,32,pos,0.2871604938271605,4
262,32,pos,0.648961038961039,8
263,32,pos,0.648961038961039,0
264,32,pos,0.648961038961039,0
265,32,pos,0.648961038961039,1
289,32,pos,0.2871604938271605,0
297,32,pos,0.648961038961039,1
298,32,pos,0.648961038961039,0
630,32,pos,0.2871604938271605,0
664,32,pos,0.2871604938271605,0
346,32,pos,0.648961038961039,10
349,32,pos,0.648961038961039,0
368,32,pos,0.2871604938271605,0
369,32,pos,0.2871604938271605,4
378,32,pos,0.648961038961039,0
379,32,pos,0.648961038961039,0
380,32,pos,0.648961038961039,0
401,32,pos,0.2871604938271605,0
433,32,pos,0.2871604938271605,5
434,32,pos,0.2871604938271605,0
435,32,pos,0.2871604938271605,2
445,32,pos,0.648961038961039,0
446,32,pos,0.648961038961039,1
447,32,pos,0.648961038961039,0
448,32,pos,0.648961038961039,-1
471,32,pos,0.2871604938271605,0
472,32,pos,0.2871604938271605,5
481,32,pos,0.648961038961039,1
482,32,pos,0.648961038961039,1
483,32,pos,0.648961038961039,1
484,32,pos,0.648961038961039,1
503,32,pos,0.2871604938271605,1
513,32,pos,0.648961038961039,0
514,32,pos,0.648961038961039,3
675,32,pos,0.2871604938271605,0
529,32,pos,0.2871604938271605,0
530,32,pos,0.2871604938271605,0
534,32,pos,0.648961038961039,3
535,32,pos,0.648961038961039,2
536,32,pos,0.648961038961039,2
537,32,pos,0.648961038961039,0
538,32,pos,0.648961038961039,1
539,32,pos,0.648961038961039,0
540,32,pos,0.648961038961039,0
678,32,pos,0.648961038961039,0
694,32,pos,0.648961038961039,2
566,32,pos,0.2871604938271605,0
567,32,pos,0.2871604938271605,0
576,32,pos,0.648961038961039,0
577,32,pos,0.648961038961039,0
578,32,pos,0.648961038961039,0
601,32,pos,0.2871604938271605,0
602,32,pos,0.2871604938271605,1
611,32,pos,0.648961038961039,3
629,32,pos,0.2871604938271605,0
639,32,pos,0.648961038961039,0
641,32,pos,0.648961038961039,0
211,32,pos,0.9501618122977347,2
252,32,pos,0.9162666666666669,1
383,32,pos,0.9501618122977347,0
414,32,pos,0.9501618122977347,0
666,33,pos,0.9162666666666669,0
381,33,pos,0.9501618122977347,0
449,33,pos,0.9501618122977347,0
16,33,pos,0.9501618122977347,0
235,33,pos,0.9501618122977347,0
64,33,pos,0.9162666666666669,2
430,33,pos,0.9162666666666669,1
625,33,pos,0.9162666666666669,1
423,33,pos,0.9501618122977347,0
642,33,pos,0.9501618122977347,0
455,33,pos,0.9501618122977347,1
614,33,pos,0.9501618122977347,0
516,33,pos,0.9501618122977347,1
459,33,pos,0.9501618122977347,6
402,33,pos,0.648961038961039,0
136,33,pos,0.9162666666666669,0
612,33,pos,0.9501618122977347,2
224,33,pos,0.648961038961039,0
324,33,pos,0.9501618122977347,0
86,33,pos,0.9501618122977347,3
660,33,pos,0.9501618122977347,0
416,33,pos,0.9501618122977347,0
487,33,pos,0.9501618122977347,0
582,33,pos,0.9501618122977347,0
332,33,pos,0.9501618122977347,1
205,33,pos,0.9501618122977347,1
158,33,pos,0.9501618122977347,1
371,33,pos,0.648961038961039,9
237,33,pos,0.9501618122977347,0
499,33,pos,0.9162666666666669,0
488,33,pos,0.9501618122977347,0
169,33,pos,0.9501618122977347,2
372,33,pos,0.648961038961039,0
160,33,pos,0.9501618122977347,0
167,33,pos,0.9501618122977347,1
253,33,pos,0.2871604938271605,0
299,33,pos,0.9501618122977347,2
392,33,pos,0.9501618122977347,0
553,33,pos,0.9501618122977347,0
5,33,pos,0.648961038961039,6
6,33,pos,0.648961038961039,1
370,33,pos,0.648961038961039,3
593,33,pos,0.9501618122977347,2
387,33,pos,0.9501618122977347,0
668,33,pos,0.9501618122977347,0
217,33,pos,0.9162666666666669,2
358,33,pos,0.9501618122977347,1
436,33,pos,0.648961038961039,0
507,33,pos,0.648961038961039,1
508,33,pos,0.648961038961039,6
267,33,pos,0.9501618122977347,2
373,33,pos,0.648961038961039,5
129,33,pos,0.9501618122977347,0
239,33,pos,0.9501618122977347,2
273,33,pos,0.9501618122977347,0
477,33,pos,0.648961038961039,0
209,33,pos,0.9501618122977347,2
126,33,pos,0.9501618122977347,0
410,33,pos,0.648961038961039,2
478,33,pos,0.648961038961039,8
613,33,pos,0.9501618122977347,0
242,33,pos,0.9501618122977347,0
669,33,pos,0.9501618122977347,0
386,33,pos,0.9501618122977347,0
490,33,pos,0.9501618122977347,0
452,33,pos,0.9501618122977347,0
543,33,pos,0.9501618122977347,0
225,33,pos,0.648961038961039,2
568,33,pos,0.648961038961039,0
663,33,pos,0.9501618122977347,0
164,33,pos,0.9501618122977347,0
427,33,pos,0.9501618122977347,11
11,33,pos,0.648961038961039,1
388,33,pos,0.9501618122977347,2
54,33,pos,0.9501618122977347,0
302,33,pos,0.9501618122977347,9
588,33,pos,0.9501618122977347,0
648,33,pos,0.9501618122977347,0
200,33,pos,0.9501618122977347,1
351,33,pos,0.9501618122977347,0
350,33,pos,0.9501618122977347,0
457,33,pos,0.9501618122977347,1
517,33,pos,0.9501618122977347,0
491,33,pos,0.9501618122977347,1
561,33,pos,0.9162666666666669,0
424,33,pos,0.9501618122977347,0
644,33,pos,0.9501618122977347,0
646,33,pos,0.9501618122977347,0
48,33,pos,0.9501618122977347,0
353,33,pos,0.9501618122977347,0
671,33,pos,0.9162666666666669,0
362,33,pos,0.9162666666666669,0
382,33,pos,0.9501618122977347,0
343,33,pos,0.648961038961039,0
347,33,pos,0.648961038961039,0
84,33,pos,0.9501618122977347,0
417,33,pos,0.9501618122977347,1
526,33,pos,0.9162666666666669,6
74,33,pos,0.648961038961039,0
93,33,pos,0.9501618122977347,3
18,33,pos,0.9501618122977347,1
21,33,pos,0.9501618122977347,1
72,33,pos,0.648961038961039,0
605,33,pos,0.648961038961039,0
83,33,pos,0.9501618122977347,0
109,33,pos,0.648961038961039,0
110,33,pos,0.648961038961039,0
121,33,pos,0.9501618122977347,0
159,33,pos,0.9501618122977347,2
238,33,pos,0.9501618122977347,2
240,33,pos,0.9501618122977347,1
300,33,pos,0.9501618122977347,3
385,33,pos,0.9501618122977347,0
403,33,pos,0.648961038961039,0
422,33,pos,0.9501618122977347,0
454,33,pos,0.9501618122977347,2
456,33,pos,0.9501618122977347,0
466,33,pos,0.9162666666666669,0
696,33,pos,0.9162666666666669,0
610,33,pos,0.648961038961039,2
236,33,pos,0.9501618122977347,0
335,33,pos,0.9501618122977347,12
310,33,pos,0.9162666666666669,0
597,33,pos,0.9162666666666669,0
145,33,pos,0.648961038961039,0
250,33,pos,0.9162666666666669,0
325,33,pos,0.9501618122977347,0
661,33,pos,0.9162666666666669,0
532,33,pos,0.648961038961039,0
573,33,pos,0.648961038961039,0
419,33,pos,0.9501618122977347,0
486,33,pos,0.9501618122977347,4
603,33,pos,0.648961038961039,8
73,33,pos,0.648961038961039,8
440,33,pos,0.648961038961039,0
683,33,pos,0.648961038961039,0
638,33,pos,0.648961038961039,0
654,33,pos,0.9162666666666669,0
22,33,pos,0.9501618122977347,0
418,33,pos,0.9501618122977347,0
443,33,pos,0.648961038961039,1
489,33,pos,0.9501618122977347,0
637,33,pos,0.648961038961039,0
47,33,pos,0.9501618122977347,3
192,33,pos,0.648961038961039,0
329,33,pos,0.9501618122977347,0
681,33,pos,0.9162666666666669,0
580,33,pos,0.9501618122977347,1
633,33,pos,0.648961038961039,0
337,33,pos,0.9162666666666669,0
260,33,pos,0.648961038961039,0
621,33,pos,0.9501618122977347,0
197,33,pos,0.648961038961039,0
157,33,pos,0.9501618122977347,0
497,33,pos,0.9501618122977347,0
515,33,pos,0.9501618122977347,0
19,33,pos,0.9501618122977347,1
384,33,pos,0.9501618122977347,0
17,33,pos,0.9501618122977347,0
119,33,pos,0.9501618122977347,0
37,33,pos,0.648961038961039,6
450,33,pos,0.9501618122977347,0
632,33,pos,0.648961038961039,0
178,33,pos,0.9162666666666669,0
123,33,pos,0.9501618122977347,1
241,33,pos,0.9501618122977347,0
26,33,pos,0.9501618122977347,0
226,33,pos,0.648961038961039,0
408,33,pos,0.648961038961039,2
485,33,pos,0.9501618122977347,0
643,33,pos,0.9501618122977347,0
409,33,pos,0.648961038961039,2
59,33,pos,0.9501618122977347,0
303,33,pos,0.9501618122977347,1
311,33,pos,0.9162666666666669,2
505,33,pos,0.648961038961039,3
85,33,pos,0.9501618122977347,5
97,33,pos,0.9162666666666669,0
474,33,pos,0.648961038961039,0
476,33,pos,0.648961038961039,0
291,33,pos,0.648961038961039,2
569,33,pos,0.648961038961039,0
173,33,pos,0.9501618122977347,0
374,33,pos,0.648961038961039,6
249,33,pos,0.9162666666666669,0
256,33,pos,0.648961038961039,0
270,33,pos,0.9501618122977347,0
354,33,pos,0.9501618122977347,0
506,33,pos,0.648961038961039,0
301,33,pos,0.9501618122977347,19
304,33,pos,0.9501618122977347,2
365,33,pos,0.9162666666666669,6
544,33,pos,0.9501618122977347,0
584,33,pos,0.9501618122977347,0
7,33,pos,0.648961038961039,2
560,33,pos,0.9162666666666669,0
518,33,pos,0.9501618122977347,0
586,33,pos,0.9501618122977347,1
257,33,pos,0.648961038961039,0
552,33,pos,0.9501618122977347,1
645,33,pos,0.9501618122977347,0
120,33,pos,0.9501618122977347,2
166,33,pos,0.9501618122977347,1
58,33,pos,0.9501618122977347,0
202,33,pos,0.9501618122977347,0
258,33,pos,0.648961038961039,2
366,33,pos,0.2871604938271605,2
53,33,pos,0.9501618122977347,0
591,33,pos,0.9501618122977347,0
107,33,pos,0.648961038961039,5
293,33,pos,0.648961038961039,1
287,33,pos,0.2871604938271605,0
1,33,pos,0.2871604938271605,1
122,33,pos,0.9501618122977347,0
585,33,pos,0.9501618122977347,0
31,33,pos,0.9162666666666669,5
677,33,pos,0.9501618122977347,0
106,33,pos,0.648961038961039,1
251,33,pos,0.9162666666666669,0
397,33,pos,0.9162666666666669,5
420,33,pos,0.9501618122977347,0
421,33,pos,0.9501618122977347,0
453,33,pos,0.9501618122977347,0
465,33,pos,0.9162666666666669,2
500,33,pos,0.9162666666666669,0
583,33,pos,0.9501618122977347,1
531,33,pos,0.648961038961039,0
352,33,pos,0.9501618122977347,0
444,33,pos,0.648961038961039,0
338,33,pos,0.9162666666666669,0
411,33,pos,0.648961038961039,1
609,33,pos,0.648961038961039,2
146,33,pos,0.648961038961039,0
522,33,pos,0.9501618122977347,0
36,33,pos,0.648961038961039,0
151,33,pos,0.648961038961039,0
182,33,pos,0.2871604938271605,1
413,33,pos,0.9501618122977347,1
431,33,pos,0.2871604938271605,0
113,33,pos,0.648961038961039,0
314,33,pos,0.2871604938271605,4
469,33,pos,0.2871604938271605,0
295,33,pos,0.648961038961039,2
317,33,pos,0.648961038961039,0
565,33,pos,0.2871604938271605,0
233,33,pos,0.648961038961039,8
220,33,pos,0.2871604938271605,1
502,33,pos,0.2871604938271605,0
82,33,pos,0.9501618122977347,0
191,33,pos,0.648961038961039,2
441,33,pos,0.648961038961039,2
521,33,pos,0.9501618122977347,0
575,33,pos,0.648961038961039,1
624,33,pos,0.9162666666666669,0
207,33,pos,0.9501618122977347,0
283,33,pos,0.9162666666666669,2
266,33,pos,0.9501618122977347,0
618,33,pos,0.9501618122977347,1
90,33,pos,0.9501618122977347,6
525,33,pos,0.9162666666666669,0
246,33,pos,0.9501618122977347,1
542,33,pos,0.648961038961039,0
685,33,pos,0.648961038961039,0
40,33,pos,0.648961038961039,2
607,33,pos,0.648961038961039,0
261,33,pos,0.648961038961039,6
342,33,pos,0.648961038961039,1
348,33,pos,0.648961038961039,0
30,33,pos,0.9162666666666669,1
190,33,pos,0.648961038961039,0
541,33,pos,0.648961038961039,0
318,33,pos,0.648961038961039,14
670,33,pos,0.2871604938271605,0
631,33,pos,0.648961038961039,0
33,33,pos,0.2871604938271605,1
67,33,pos,0.2871604938271605,0
322,33,pos,0.648961038961039,0
679,33,pos,0.2871604938271605,9
321,33,pos,0.648961038961039,2
187,33,pos,0.648961038961039,0
596,33,pos,0.9162666666666669,0
470,33,pos,0.2871604938271605,0
407,33,pos,0.648961038961039,1
162,33,pos,0.9501618122977347,0
682,33,pos,0.648961038961039,2
442,33,pos,0.648961038961039,0
635,33,pos,0.648961038961039,0
8,33,pos,0.648961038961039,0
665,33,pos,0.2871604938271605,0
139,33,pos,0.2871604938271605,1
101,33,pos,0.2871604938271605,0
210,33,pos,0.9501618122977347,0
406,33,pos,0.648961038961039,2
673,33,pos,0.9501618122977347,0
547,33,pos,0.9501618122977347,0
330,33,pos,0.9501618122977347,0
376,33,pos,0.648961038961039,3
272,33,pos,0.9501618122977347,0
356,33,pos,0.9501618122977347,13
77,33,pos,0.648961038961039,0
228,33,pos,0.648961038961039,0
326,33,pos,0.9501618122977347,0
128,33,pos,0.9501618122977347,1
170,33,pos,0.9501618122977347,1
493,33,pos,0.9501618122977347,7
124,33,pos,0.9501618122977347,2
38,33,pos,0.648961038961039,0
10,33,pos,0.648961038961039,0
676,33,pos,0.9501618122977347,0
319,33,pos,0.648961038961039,1
9,33,pos,0.648961038961039,0
23,33,pos,0.9501618122977347,1
24,33,pos,0.9501618122977347,0
25,33,pos,0.9501618122977347,0
662,33,pos,0.648961038961039,0
49,33,pos,0.9501618122977347,0
51,33,pos,0.9501618122977347,0
201,33,pos,0.9501618122977347,2
215,33,pos,0.9162666666666669,2
680,33,pos,0.9162666666666669,10
98,33,pos,0.9162666666666669,0
161,33,pos,0.9501618122977347,0
163,33,pos,0.9501618122977347,2
165,33,pos,0.9501618122977347,-1
179,33,pos,0.9162666666666669,0
180,33,pos,0.9162666666666669,0
284,33,pos,0.9162666666666669,6
290,33,pos,0.648961038961039,0
327,33,pos,0.9501618122977347,2
328,33,pos,0.9501618122977347,0
691,33,pos,0.9162666666666669,0
389,33,pos,0.9501618122977347,0
390,33,pos,0.9501618122977347,0
399,33,pos,0.2871604938271605,0
404,33,pos,0.648961038961039,0
405,33,pos,0.648961038961039,1
52,33,pos,0.9501618122977347,0
473,33,pos,0.648961038961039,0
426,33,pos,0.9501618122977347,2
527,33,pos,0.9162666666666669,0
693,33,pos,0.9501618122977347,2
545,33,pos,0.9501618122977347,0
587,33,pos,0.9501618122977347,0
589,33,pos,0.9501618122977347,3
615,33,pos,0.9501618122977347,0
647,33,pos,0.9501618122977347,0
331,33,pos,0.9501618122977347,1
276,33,pos,0.9501618122977347,10
628,33,pos,0.2871604938271605,2
148,33,pos,0.648961038961039,1
116,33,pos,0.648961038961039,2
579,33,pos,0.9501618122977347,0
20,33,pos,0.9501618122977347,0
81,33,pos,0.9501618122977347,9
415,33,pos,0.9501618122977347,0
451,33,pos,0.9501618122977347,0
581,33,pos,0.9501618122977347,0
12,33,pos,0.648961038961039,1
27,33,pos,0.9501618122977347,0
32,33,pos,0.2871604938271605,1
55,33,pos,0.9501618122977347,0
56,33,pos,0.9501618122977347,0
57,33,pos,0.9501618122977347,1
203,33,pos,0.9501618122977347,0
204,33,pos,0.9501618122977347,1
206,33,pos,0.9501618122977347,0
208,33,pos,0.9501618122977347,0
216,33,pos,0.9162666666666669,0
71,33,pos,0.648961038961039,6
87,33,pos,0.9501618122977347,0
88,33,pos,0.9501618122977347,2
89,33,pos,0.9501618122977347,3
91,33,pos,0.9501618122977347,0
391,33,pos,0.9501618122977347,0
125,33,pos,0.9501618122977347,2
127,33,pos,0.9501618122977347,-1
168,33,pos,0.9501618122977347,1
171,33,pos,0.9501618122977347,2
172,33,pos,0.9501618122977347,0
174,33,pos,0.9501618122977347,0
181,33,pos,0.9162666666666669,0
227,33,pos,0.648961038961039,2
243,33,pos,0.9501618122977347,0
244,33,pos,0.9501618122977347,0
245,33,pos,0.9501618122977347,1
672,33,pos,0.648961038961039,0
259,33,pos,0.648961038961039,1
268,33,pos,0.9501618122977347,0
269,33,pos,0.9501618122977347,1
271,33,pos,0.9501618122977347,1
285,33,pos,0.9162666666666669,5
292,33,pos,0.648961038961039,0
312,33,pos,0.9162666666666669,1
316,33,pos,0.648961038961039,0
355,33,pos,0.9501618122977347,0
357,33,pos,0.9501618122977347,2
363,33,pos,0.9162666666666669,0
364,33,pos,0.9162666666666669,0
375,33,pos,0.648961038961039,0
377,33,pos,0.648961038961039,2
692,33,pos,0.648961038961039,0
400,33,pos,0.2871604938271605,2
412,33,pos,0.648961038961039,0
428,33,pos,0.9501618122977347,8
429,33,pos,0.9501618122977347,0
432,33,pos,0.2871604938271605,1
437,33,pos,0.648961038961039,0
438,33,pos,0.648961038961039,0
458,33,pos,0.9501618122977347,5
475,33,pos,0.648961038961039,0
492,33,pos,0.9501618122977347,0
494,33,pos,0.9501618122977347,0
674,33,pos,0.2871604938271605,0
684,33,pos,0.648961038961039,0
519,33,pos,0.9501618122977347,2
520,33,pos,0.9501618122977347,0
546,33,pos,0.9501618122977347,0
548,33,pos,0.9501618122977347,2
549,33,pos,0.9501618122977347,1
550,33,pos,0.9501618122977347,0
551,33,pos,0.9501618122977347,0
590,33,pos,0.9501618122977347,0
592,33,pos,0.9501618122977347,0
616,33,pos,0.9501618122977347,0
617,33,pos,0.9501618122977347,1
619,33,pos,0.9501618122977347,0
649,33,pos,0.9501618122977347,0
655,33,pos,0.9162666666666669,0
656,33,pos,0.9162666666666669,0
50,33,pos,0.9501618122977347,0
425,33,pos,0.9501618122977347,0
2,33,pos,0.2871604938271605,2
28,33,pos,0.9501618122977347,2
29,33,pos,0.9501618122977347,0
39,33,pos,0.648961038961039,15
41,33,pos,0.648961038961039,0
60,33,pos,0.9501618122977347,0
61,33,pos,0.9501618122977347,0
62,33,pos,0.9501618122977347,1
63,33,pos,0.9501618122977347,0
65,33,pos,0.9162666666666669,0
183,33,pos,0.2871604938271605,0
186,33,pos,0.648961038961039,2
212,33,pos,0.9501618122977347,1
213,33,pos,0.9501618122977347,0
214,33,pos,0.9501618122977347,0
218,33,pos,0.9162666666666669,0
219,33,pos,0.9162666666666669,0
66,33,pos,0.2871604938271605,5
92,33,pos,0.9501618122977347,6
94,33,pos,0.9501618122977347,4
95,33,pos,0.9501618122977347,6
96,33,pos,0.9501618122977347,0
99,33,pos,0.9162666666666669,0
100,33,pos,0.9162666666666669,0
687,33,pos,0.9501618122977347,0
108,33,pos,0.648961038961039,0
111,33,pos,0.648961038961039,4
112,33,pos,0.648961038961039,0
130,33,pos,0.9501618122977347,1
131,33,pos,0.9501618122977347,0
132,33,pos,0.9501618122977347,2
133,33,pos,0.9501618122977347,1
134,33,pos,0.9501618122977347,2
137,33,pos,0.9162666666666669,0
138,33,pos,0.2871604938271605,0
143,33,pos,0.648961038961039,0
144,33,pos,0.648961038961039,0
147,33,pos,0.648961038961039,0
149,33,pos,0.648961038961039,0
150,33,pos,0.648961038961039,0
152,33,pos,0.648961038961039,0
153,33,pos,0.648961038961039,0
175,33,pos,0.9501618122977347,0
176,33,pos,0.9501618122977347,0
177,33,pos,0.9501618122977347,0
221,33,pos,0.2871604938271605,1
229,33,pos,0.648961038961039,0
230,33,pos,0.648961038961039,2
231,33,pos,0.648961038961039,2
232,33,pos,0.648961038961039,0
247,33,pos,0.9501618122977347,0
248,33,pos,0.9501618122977347,0
274,33,pos,0.9501618122977347,1
275,33,pos,0.9501618122977347,1
277,33,pos,0.9501618122977347,1
278,33,pos,0.9501618122977347,0
279,33,pos,0.9501618122977347,0
280,33,pos,0.9501618122977347,2
281,33,pos,0.9501618122977347,2
282,33,pos,0.9501618122977347,2
286,33,pos,0.9162666666666669,0
690,33,pos,0.9501618122977347,1
288,33,pos,0.2871604938271605,1
294,33,pos,0.648961038961039,0
296,33,pos,0.648961038961039,0
305,33,pos,0.9501618122977347,1
306,33,pos,0.9501618122977347,0
307,33,pos,0.9501618122977347,2
308,33,pos,0.9501618122977347,0
309,33,pos,0.9501618122977347,0
313,33,pos,0.9162666666666669,0
667,33,pos,0.648961038961039,0
320,33,pos,0.648961038961039,0
333,33,pos,0.9501618122977347,5
334,33,pos,0.9501618122977347,0
336,33,pos,0.9501618122977347,0
339,33,pos,0.2871604938271605,0
359,33,pos,0.9501618122977347,0
360,33,pos,0.9501618122977347,0
361,33,pos,0.9501618122977347,0
367,33,pos,0.2871604938271605,5
393,33,pos,0.9501618122977347,0
394,33,pos,0.9501618122977347,0
395,33,pos,0.9501618122977347,0
396,33,pos,0.9501618122977347,0
398,33,pos,0.9162666666666669,0
686,33,pos,0.9501618122977347,1
439,33,pos,0.648961038961039,1
460,33,pos,0.9501618122977347,0
461,33,pos,0.9501618122977347,1
462,33,pos,0.9501618122977347,0
463,33,pos,0.9501618122977347,1
464,33,pos,0.9501618122977347,2
467,33,pos,0.9162666666666669,2
468,33,pos,0.9162666666666669,2
479,33,pos,0.648961038961039,3
480,33,pos,0.648961038961039,13
495,33,pos,0.9501618122977347,0
496,33,pos,0.9501618122977347,0
498,33,pos,0.9501618122977347,0
501,33,pos,0.9162666666666669,0
689,33,pos,0.9501618122977347,0
509,33,pos,0.648961038961039,0
510,33,pos,0.648961038961039,1
511,33,pos,0.648961038961039,0
512,33,pos,0.648961038961039,0
523,33,pos,0.9501618122977347,1
524,33,pos,0.9501618122977347,0
528,33,pos,0.2871604938271605,0
554,33,pos,0.9501618122977347,0
555,33,pos,0.9501618122977347,0
556,33,pos,0.9501618122977347,0
557,33,pos,0.9501618122977347,0
558,33,pos,0.9501618122977347,7
559,33,pos,0.9501618122977347,1
562,33,pos,0.9162666666666669,2
563,33,pos,0.9162666666666669,0
564,33,pos,0.9162666666666669,0
570,33,pos,0.648961038961039,1
571,33,pos,0.648961038961039,0
572,33,pos,0.648961038961039,0
574,33,pos,0.648961038961039,7
594,33,pos,0.9501618122977347,1
595,33,pos,0.9501618122977347,12
598,33,pos,0.9162666666666669,0
599,33,pos,0.9162666666666669,0
600,33,pos,0.2871604938271605,0
604,33,pos,0.648961038961039,0
606,33,pos,0.648961038961039,0
608,33,pos,0.648961038961039,0
620,33,pos,0.9501618122977347,0
622,33,pos,0.9501618122977347,0
623,33,pos,0.9501618122977347,2
626,33,pos,0.9162666666666669,0
659,33,pos,0.648961038961039,0
627,33,pos,0.2871604938271605,0
634,33,pos,0.648961038961039,0
636,33,pos,0.648961038961039,0
650,33,pos,0.9501618122977347,0
651,33,pos,0.9501618122977347,0
652,33,pos,0.9501618122977347,0
653,33,pos,0.9501618122977347,0
657,33,pos,0.9162666666666669,0
658,33,pos,0.9162666666666669,0
695,33,pos,0.648961038961039,0
3,33,pos,0.2871604938271605,1
4,33,pos,0.2871604938271605,0
13,33,pos,0.648961038961039,2
14,33,pos,0.648961038961039,0
15,33,pos,0.648961038961039,1
34,33,pos,0.2871604938271605,0
35,33,pos,0.2871604938271605,0
42,33,pos,0.648961038961039,3
43,33,pos,0.648961038961039,0
44,33,pos,0.648961038961039,8
45,33,pos,0.648961038961039,0
46,33,pos,0.648961038961039,3
688,33,pos,0.2871604938271605,1
184,33,pos,0.2871604938271605,0
185,33,pos,0.2871604938271605,2
188,33,pos,0.648961038961039,0
189,33,pos,0.648961038961039,0
193,33,pos,0.648961038961039,0
194,33,pos,0.648961038961039,0
195,33,pos,0.648961038961039,1
196,33,pos,0.648961038961039,0
198,33,pos,0.648961038961039,0
199,33,pos,0.648961038961039,0
68,33,pos,0.2871604938271605,0
69,33,pos,0.2871604938271605,3
70,33,pos,0.2871604938271605,3
75,33,pos,0.648961038961039,0
76,33,pos,0.648961038961039,0
78,33,pos,0.648961038961039,0
79,33,pos,0.648961038961039,0
80,33,pos,0.648961038961039,2
102,33,pos,0.2871604938271605,10
103,33,pos,0.2871604938271605,1
104,33,pos,0.2871604938271605,0
105,33,pos,0.2871604938271605,0
114,33,pos,0.648961038961039,0
115,33,pos,0.648961038961039,0
117,33,pos,0.648961038961039,0
118,33,pos,0.648961038961039,0
140,33,pos,0.2871604938271605,0
141,33,pos,0.2871604938271605,1
142,33,pos,0.2871604938271605,0
154,33,pos,0.648961038961039,0
155,33,pos,0.648961038961039,0
156,33,pos,0.648961038961039,1
222,33,pos,0.2871604938271605,1
223,33,pos,0.2871604938271605,0
234,33,pos,0.648961038961039,0
254,33,pos,0.2871604938271605,0
255,33,pos,0.2871604938271605,7
262,33,pos,0.648961038961039,2
263,33,pos,0.648961038961039,0
264,33,pos,0.648961038961039,2
265,33,pos,0.648961038961039,0
289,33,pos,0.2871604938271605,0
297,33,pos,0.648961038961039,1
298,33,pos,0.648961038961039,0
630,33,pos,0.2871604938271605,0
315,33,pos,0.2871604938271605,1
323,33,pos,0.648961038961039,0
664,33,pos,0.2871604938271605,0
340,33,pos,0.2871604938271605,7
341,33,pos,0.2871604938271605,1
344,33,pos,0.648961038961039,0
345,33,pos,0.648961038961039,1
346,33,pos,0.648961038961039,2
349,33,pos,0.648961038961039,0
368,33,pos,0.2871604938271605,0
369,33,pos,0.2871604938271605,3
378,33,pos,0.648961038961039,0
379,33,pos,0.648961038961039,0
380,33,pos,0.648961038961039,0
401,33,pos,0.2871604938271605,2
433,33,pos,0.2871604938271605,1
434,33,pos,0.2871604938271605,0
435,33,pos,0.2871604938271605,0
445,33,pos,0.648961038961039,0
446,33,pos,0.648961038961039,1
447,33,pos,0.648961038961039,0
448,33,pos,0.648961038961039,1
471,33,pos,0.2871604938271605,0
472,33,pos,0.2871604938271605,1
481,33,pos,0.648961038961039,3
482,33,pos,0.648961038961039,6
483,33,pos,0.648961038961039,0
484,33,pos,0.648961038961039,6
503,33,pos,0.2871604938271605,0
504,33,pos,0.2871604938271605,1
513,33,pos,0.648961038961039,1
514,33,pos,0.648961038961039,0
675,33,pos,0.2871604938271605,0
529,33,pos,0.2871604938271605,0
530,33,pos,0.2871604938271605,1
533,33,pos,0.648961038961039,0
534,33,pos,0.648961038961039,8
535,33,pos,0.648961038961039,11
536,33,pos,0.648961038961039,2
537,33,pos,0.648961038961039,0
538,33,pos,0.648961038961039,5
539,33,pos,0.648961038961039,0
540,33,pos,0.648961038961039,0
678,33,pos,0.648961038961039,0
694,33,pos,0.648961038961039,7
566,33,pos,0.2871604938271605,0
567,33,pos,0.2871604938271605,0
576,33,pos,0.648961038961039,5
577,33,pos,0.648961038961039,1
578,33,pos,0.648961038961039,0
601,33,pos,0.2871604938271605,0
602,33,pos,0.2871604938271605,5
611,33,pos,0.648961038961039,2
629,33,pos,0.2871604938271605,0
639,33,pos,0.648961038961039,0
640,33,pos,0.648961038961039,0
641,33,pos,0.648961038961039,0
211,33,pos,0.9501618122977347,2
252,33,pos,0.9162666666666669,0
383,33,pos,0.9501618122977347,0
414,33,pos,0.9501618122977347,0
135,33,pos,0.9162666666666669,0
666,34,pos,0.9162666666666669,0
381,34,pos,0.9501618122977347,0
449,34,pos,0.9501618122977347,0
16,34,pos,0.9501618122977347,2
235,34,pos,0.9501618122977347,0
64,34,pos,0.9162666666666669,15
430,34,pos,0.9162666666666669,0
625,34,pos,0.9162666666666669,1
423,34,pos,0.9501618122977347,1
642,34,pos,0.9501618122977347,0
455,34,pos,0.9501618122977347,0
455,34,pos,0.9501618122977347,2
614,34,pos,0.9501618122977347,0
614,34,pos,0.9501618122977347,2
516,34,pos,0.9501618122977347,0
459,34,pos,0.9501618122977347,-1
402,34,pos,0.648961038961039,0
136,34,pos,0.9162666666666669,0
612,34,pos,0.9501618122977347,4
224,34,pos,0.648961038961039,1
324,34,pos,0.9501618122977347,0
324,34,pos,0.9501618122977347,7
86,34,pos,0.9501618122977347,2
660,34,pos,0.9501618122977347,0
660,34,pos,0.9501618122977347,0
416,34,pos,0.9501618122977347,0
487,34,pos,0.9501618122977347,0
582,34,pos,0.9501618122977347,0
332,34,pos,0.9501618122977347,7
332,34,pos,0.9501618122977347,1
205,34,pos,0.9501618122977347,2
205,34,pos,0.9501618122977347,1
158,34,pos,0.9501618122977347,1
371,34,pos,0.648961038961039,1
237,34,pos,0.9501618122977347,0
499,34,pos,0.9162666666666669,0
499,34,pos,0.9162666666666669,0
488,34,pos,0.9501618122977347,0
169,34,pos,0.9501618122977347,9
372,34,pos,0.648961038961039,0
160,34,pos,0.9501618122977347,7
167,34,pos,0.9501618122977347,1
253,34,pos,0.2871604938271605,0
299,34,pos,0.9501618122977347,1
299,34,pos,0.9501618122977347,6
392,34,pos,0.9501618122977347,0
553,34,pos,0.9501618122977347,0
5,34,pos,0.648961038961039,1
6,34,pos,0.648961038961039,1
370,34,pos,0.648961038961039,0
593,34,pos,0.9501618122977347,3
593,34,pos,0.9501618122977347,1
387,34,pos,0.9501618122977347,1
668,34,pos,0.9501618122977347,0
217,34,pos,0.9162666666666669,1
217,34,pos,0.9162666666666669,2
358,34,pos,0.9501618122977347,2
436,34,pos,0.648961038961039,0
507,34,pos,0.648961038961039,1
508,34,pos,0.648961038961039,0
267,34,pos,0.9501618122977347,10
373,34,pos,0.648961038961039,2
129,34,pos,0.9501618122977347,0
239,34,pos,0.9501618122977347,0
273,34,pos,0.9501618122977347,0
477,34,pos,0.648961038961039,0
209,34,pos,0.9501618122977347,1
209,34,pos,0.9501618122977347,2
126,34,pos,0.9501618122977347,0
126,34,pos,0.9501618122977347,0
410,34,pos,0.648961038961039,0
478,34,pos,0.648961038961039,-1
613,34,pos,0.9501618122977347,0
613,34,pos,0.9501618122977347,0
242,34,pos,0.9501618122977347,0
669,34,pos,0.9501618122977347,0
669,34,pos,0.9501618122977347,0
386,34,pos,0.9501618122977347,0
490,34,pos,0.9501618122977347,0
452,34,pos,0.9501618122977347,0
543,34,pos,0.9501618122977347,0
543,34,pos,0.9501618122977347,0
225,34,pos,0.648961038961039,1
568,34,pos,0.648961038961039,0
663,34,pos,0.9501618122977347,0
164,34,pos,0.9501618122977347,0
427,34,pos,0.9501618122977347,8
11,34,pos,0.648961038961039,0
388,34,pos,0.9501618122977347,1
54,34,pos,0.9501618122977347,0
302,34,pos,0.9501618122977347,2
302,34,pos,0.9501618122977347,6
588,34,pos,0.9501618122977347,0
588,34,pos,0.9501618122977347,1
648,34,pos,0.9501618122977347,0
200,34,pos,0.9501618122977347,1
200,34,pos,0.9501618122977347,2
351,34,pos,0.9501618122977347,0
350,34,pos,0.9501618122977347,1
457,34,pos,0.9501618122977347,1
457,34,pos,0.9501618122977347,1
517,34,pos,0.9501618122977347,0
491,34,pos,0.9501618122977347,0
561,34,pos,0.9162666666666669,0
424,34,pos,0.9501618122977347,0
644,34,pos,0.9501618122977347,0
646,34,pos,0.9501618122977347,0
48,34,pos,0.9501618122977347,0
353,34,pos,0.9501618122977347,0
671,34,pos,0.9162666666666669,0
362,34,pos,0.9162666666666669,0
382,34,pos,0.9501618122977347,0
343,34,pos,0.648961038961039,0
343,34,pos,0.648961038961039,0
347,34,pos,0.648961038961039,0
347,34,pos,0.648961038961039,0
84,34,pos,0.9501618122977347,0
417,34,pos,0.9501618122977347,0
526,34,pos,0.9162666666666669,2
74,34,pos,0.648961038961039,0
93,34,pos,0.9501618122977347,7
18,34,pos,0.9501618122977347,0
21,34,pos,0.9501618122977347,1
72,34,pos,0.648961038961039,0
605,34,pos,0.648961038961039,0
83,34,pos,0.9501618122977347,9
109,34,pos,0.648961038961039,5
109,34,pos,0.648961038961039,0
110,34,pos,0.648961038961039,0
121,34,pos,0.9501618122977347,0
121,34,pos,0.9501618122977347,0
159,34,pos,0.9501618122977347,6
238,34,pos,0.9501618122977347,1
240,34,pos,0.9501618122977347,2
300,34,pos,0.9501618122977347,2
300,34,pos,0.9501618122977347,0
385,34,pos,0.9501618122977347,0
403,34,pos,0.648961038961039,0
422,34,pos,0.9501618122977347,0
454,34,pos,0.9501618122977347,4
456,34,pos,0.9501618122977347,1
456,34,pos,0.9501618122977347,1
466,34,pos,0.9162666666666669,0
466,34,pos,0.9162666666666669,0
696,34,pos,0.9162666666666669,0
610,34,pos,0.648961038961039,2
610,34,pos,0.648961038961039,1
236,34,pos,0.9501618122977347,0
335,34,pos,0.9501618122977347,6
335,34,pos,0.9501618122977347,2
310,34,pos,0.9162666666666669,0
310,34,pos,0.9162666666666669,0
597,34,pos,0.9162666666666669,0
145,34,pos,0.648961038961039,1
250,34,pos,0.9162666666666669,0
325,34,pos,0.9501618122977347,0
325,34,pos,0.9501618122977347,1
661,34,pos,0.9162666666666669,0
532,34,pos,0.648961038961039,0
532,34,pos,0.648961038961039,0
573,34,pos,0.648961038961039,0
573,34,pos,0.648961038961039,0
419,34,pos,0.9501618122977347,0
486,34,pos,0.9501618122977347,2
603,34,pos,0.648961038961039,2
603,34,pos,0.648961038961039,2
73,34,pos,0.648961038961039,2
440,34,pos,0.648961038961039,0
683,34,pos,0.648961038961039,0
638,34,pos,0.648961038961039,0
654,34,pos,0.9162666666666669,0
22,34,pos,0.9501618122977347,0
418,34,pos,0.9501618122977347,2
443,34,pos,0.648961038961039,3
489,34,pos,0.9501618122977347,0
637,34,pos,0.648961038961039,0
47,34,pos,0.9501618122977347,2
192,34,pos,0.648961038961039,0
329,34,pos,0.9501618122977347,0
329,34,pos,0.9501618122977347,0
681,34,pos,0.9162666666666669,0
580,34,pos,0.9501618122977347,1
633,34,pos,0.648961038961039,0
337,34,pos,0.9162666666666669,6
337,34,pos,0.9162666666666669,2
260,34,pos,0.648961038961039,0
621,34,pos,0.9501618122977347,0
197,34,pos,0.648961038961039,1
157,34,pos,0.9501618122977347,0
497,34,pos,0.9501618122977347,0
497,34,pos,0.9501618122977347,0
515,34,pos,0.9501618122977347,0
19,34,pos,0.9501618122977347,1
384,34,pos,0.9501618122977347,0
17,34,pos,0.9501618122977347,0
119,34,pos,0.9501618122977347,0
119,34,pos,0.9501618122977347,0
37,34,pos,0.648961038961039,2
450,34,pos,0.9501618122977347,1
632,34,pos,0.648961038961039,0
178,34,pos,0.9162666666666669,0
123,34,pos,0.9501618122977347,12
123,34,pos,0.9501618122977347,1
241,34,pos,0.9501618122977347,0
26,34,pos,0.9501618122977347,0
226,34,pos,0.648961038961039,0
408,34,pos,0.648961038961039,1
485,34,pos,0.9501618122977347,0
643,34,pos,0.9501618122977347,0
643,34,pos,0.9501618122977347,0
409,34,pos,0.648961038961039,0
59,34,pos,0.9501618122977347,0
303,34,pos,0.9501618122977347,5
303,34,pos,0.9501618122977347,6
311,34,pos,0.9162666666666669,1
311,34,pos,0.9162666666666669,3
505,34,pos,0.648961038961039,2
85,34,pos,0.9501618122977347,0
97,34,pos,0.9162666666666669,0
474,34,pos,0.648961038961039,0
476,34,pos,0.648961038961039,0
291,34,pos,0.648961038961039,8
291,34,pos,0.648961038961039,3
569,34,pos,0.648961038961039,0
569,34,pos,0.648961038961039,0
173,34,pos,0.9501618122977347,0
374,34,pos,0.648961038961039,2
249,34,pos,0.9162666666666669,0
256,34,pos,0.648961038961039,0
270,34,pos,0.9501618122977347,0
354,34,pos,0.9501618122977347,0
506,34,pos,0.648961038961039,0
301,34,pos,0.9501618122977347,0
301,34,pos,0.9501618122977347,0
304,34,pos,0.9501618122977347,2
365,34,pos,0.9162666666666669,2
544,34,pos,0.9501618122977347,0
544,34,pos,0.9501618122977347,0
584,34,pos,0.9501618122977347,0
584,34,pos,0.9501618122977347,0
7,34,pos,0.648961038961039,15
560,34,pos,0.9162666666666669,0
518,34,pos,0.9501618122977347,0
586,34,pos,0.9501618122977347,9
586,34,pos,0.9501618122977347,7
257,34,pos,0.648961038961039,0
552,34,pos,0.9501618122977347,1
645,34,pos,0.9501618122977347,0
120,34,pos,0.9501618122977347,1
120,34,pos,0.9501618122977347,2
166,34,pos,0.9501618122977347,1
58,34,pos,0.9501618122977347,0
202,34,pos,0.9501618122977347,0
202,34,pos,0.9501618122977347,0
258,34,pos,0.648961038961039,1
366,34,pos,0.2871604938271605,2
53,34,pos,0.9501618122977347,0
591,34,pos,0.9501618122977347,0
591,34,pos,0.9501618122977347,0
107,34,pos,0.648961038961039,1
107,34,pos,0.648961038961039,1
293,34,pos,0.648961038961039,10
293,34,pos,0.648961038961039,3
287,34,pos,0.2871604938271605,0
287,34,pos,0.2871604938271605,0
1,34,pos,0.2871604938271605,0
1,34,pos,0.2871604938271605,2
122,34,pos,0.9501618122977347,0
122,34,pos,0.9501618122977347,0
585,34,pos,0.9501618122977347,0
31,34,pos,0.9162666666666669,3
677,34,pos,0.9501618122977347,0
677,34,pos,0.9501618122977347,0
106,34,pos,0.648961038961039,6
106,34,pos,0.648961038961039,5
251,34,pos,0.9162666666666669,0
397,34,pos,0.9162666666666669,1
420,34,pos,0.9501618122977347,0
421,34,pos,0.9501618122977347,0
453,34,pos,0.9501618122977347,0
465,34,pos,0.9162666666666669,2
465,34,pos,0.9162666666666669,2
500,34,pos,0.9162666666666669,0
500,34,pos,0.9162666666666669,0
583,34,pos,0.9501618122977347,1
531,34,pos,0.648961038961039,0
352,34,pos,0.9501618122977347,0
444,34,pos,0.648961038961039,0
338,34,pos,0.9162666666666669,0
338,34,pos,0.9162666666666669,0
411,34,pos,0.648961038961039,1
609,34,pos,0.648961038961039,1
609,34,pos,0.648961038961039,2
146,34,pos,0.648961038961039,0
522,34,pos,0.9501618122977347,0
36,34,pos,0.648961038961039,0
151,34,pos,0.648961038961039,0
182,34,pos,0.2871604938271605,10
413,34,pos,0.9501618122977347,2
431,34,pos,0.2871604938271605,1
113,34,pos,0.648961038961039,0
113,34,pos,0.648961038961039,0
314,34,pos,0.2871604938271605,1
314,34,pos,0.2871604938271605,6
469,34,pos,0.2871604938271605,1
469,34,pos,0.2871604938271605,2
295,34,pos,0.648961038961039,0
317,34,pos,0.648961038961039,0
317,34,pos,0.648961038961039,0
565,34,pos,0.2871604938271605,0
233,34,pos,0.648961038961039,2
220,34,pos,0.2871604938271605,2
220,34,pos,0.2871604938271605,2
502,34,pos,0.2871604938271605,0
502,34,pos,0.2871604938271605,0
82,34,pos,0.9501618122977347,0
191,34,pos,0.648961038961039,6
441,34,pos,0.648961038961039,2
521,34,pos,0.9501618122977347,0
521,34,pos,0.9501618122977347,0
575,34,pos,0.648961038961039,1
575,34,pos,0.648961038961039,0
624,34,pos,0.9162666666666669,0
207,34,pos,0.9501618122977347,0
207,34,pos,0.9501618122977347,0
283,34,pos,0.9162666666666669,7
283,34,pos,0.9162666666666669,11
266,34,pos,0.9501618122977347,0
618,34,pos,0.9501618122977347,8
618,34,pos,0.9501618122977347,2
90,34,pos,0.9501618122977347,0
525,34,pos,0.9162666666666669,0
246,34,pos,0.9501618122977347,0
542,34,pos,0.648961038961039,0
542,34,pos,0.648961038961039,0
685,34,pos,0.648961038961039,0
40,34,pos,0.648961038961039,2
607,34,pos,0.648961038961039,0
261,34,pos,0.648961038961039,2
342,34,pos,0.648961038961039,9
342,34,pos,0.648961038961039,1
348,34,pos,0.648961038961039,0
348,34,pos,0.648961038961039,0
30,34,pos,0.9162666666666669,1
30,34,pos,0.9162666666666669,1
190,34,pos,0.648961038961039,0
541,34,pos,0.648961038961039,0
318,34,pos,0.648961038961039,8
318,34,pos,0.648961038961039,8
670,34,pos,0.2871604938271605,0
631,34,pos,0.648961038961039,0
33,34,pos,0.2871604938271605,1
67,34,pos,0.2871604938271605,1
322,34,pos,0.648961038961039,0
322,34,pos,0.648961038961039,0
679,34,pos,0.2871604938271605,1
679,34,pos,0.2871604938271605,3
321,34,pos,0.648961038961039,1
187,34,pos,0.648961038961039,0
596,34,pos,0.9162666666666669,0
596,34,pos,0.9162666666666669,0
470,34,pos,0.2871604938271605,2
470,34,pos,0.2871604938271605,2
407,34,pos,0.648961038961039,2
162,34,pos,0.9501618122977347,0
162,34,pos,0.9501618122977347,0
682,34,pos,0.648961038961039,0
442,34,pos,0.648961038961039,0
635,34,pos,0.648961038961039,0
8,34,pos,0.648961038961039,1
665,34,pos,0.2871604938271605,0
665,34,pos,0.2871604938271605,0
139,34,pos,0.2871604938271605,1
101,34,pos,0.2871604938271605,0
101,34,pos,0.2871604938271605,0
210,34,pos,0.9501618122977347,0
210,34,pos,0.9501618122977347,0
406,34,pos,0.648961038961039,1
673,34,pos,0.9501618122977347,0
547,34,pos,0.9501618122977347,0
330,34,pos,0.9501618122977347,1
330,34,pos,0.9501618122977347,0
376,34,pos,0.648961038961039,2
272,34,pos,0.9501618122977347,1
356,34,pos,0.9501618122977347,12
77,34,pos,0.648961038961039,0
228,34,pos,0.648961038961039,0
326,34,pos,0.9501618122977347,0
326,34,pos,0.9501618122977347,0
128,34,pos,0.9501618122977347,1
170,34,pos,0.9501618122977347,1
493,34,pos,0.9501618122977347,5
124,34,pos,0.9501618122977347,1
124,34,pos,0.9501618122977347,3
38,34,pos,0.648961038961039,0
10,34,pos,0.648961038961039,2
676,34,pos,0.9501618122977347,0
319,34,pos,0.648961038961039,12
319,34,pos,0.648961038961039,2
9,34,pos,0.648961038961039,0
23,34,pos,0.9501618122977347,1
24,34,pos,0.9501618122977347,0
25,34,pos,0.9501618122977347,0
662,34,pos,0.648961038961039,0
49,34,pos,0.9501618122977347,0
51,34,pos,0.9501618122977347,0
201,34,pos,0.9501618122977347,1
201,34,pos,0.9501618122977347,0
215,34,pos,0.9162666666666669,0
215,34,pos,0.9162666666666669,0
680,34,pos,0.9162666666666669,8
680,34,pos,0.9162666666666669,1
98,34,pos,0.9162666666666669,0
161,34,pos,0.9501618122977347,8
163,34,pos,0.9501618122977347,0
165,34,pos,0.9501618122977347,1
179,34,pos,0.9162666666666669,0
180,34,pos,0.9162666666666669,1
284,34,pos,0.9162666666666669,1
284,34,pos,0.9162666666666669,1
290,34,pos,0.648961038961039,0
290,34,pos,0.648961038961039,6
327,34,pos,0.9501618122977347,6
327,34,pos,0.9501618122977347,3
328,34,pos,0.9501618122977347,0
328,34,pos,0.9501618122977347,0
691,34,pos,0.9162666666666669,0
389,34,pos,0.9501618122977347,0
390,34,pos,0.9501618122977347,0
399,34,pos,0.2871604938271605,0
404,34,pos,0.648961038961039,0
405,34,pos,0.648961038961039,6
52,34,pos,0.9501618122977347,0
473,34,pos,0.648961038961039,0
473,34,pos,0.648961038961039,0
426,34,pos,0.9501618122977347,0
527,34,pos,0.9162666666666669,0
693,34,pos,0.9501618122977347,2
545,34,pos,0.9501618122977347,0
545,34,pos,0.9501618122977347,1
587,34,pos,0.9501618122977347,0
587,34,pos,0.9501618122977347,0
589,34,pos,0.9501618122977347,2
615,34,pos,0.9501618122977347,0
615,34,pos,0.9501618122977347,0
647,34,pos,0.9501618122977347,0
331,34,pos,0.9501618122977347,0
331,34,pos,0.9501618122977347,3
276,34,pos,0.9501618122977347,0
276,34,pos,0.9501618122977347,0
628,34,pos,0.2871604938271605,1
148,34,pos,0.648961038961039,0
116,34,pos,0.648961038961039,1
116,34,pos,0.648961038961039,11
579,34,pos,0.9501618122977347,0
20,34,pos,0.9501618122977347,0
81,34,pos,0.9501618122977347,2
415,34,pos,0.9501618122977347,0
451,34,pos,0.9501618122977347,0
581,34,pos,0.9501618122977347,0
12,34,pos,0.648961038961039,0
27,34,pos,0.9501618122977347,0
32,34,pos,0.2871604938271605,1
55,34,pos,0.9501618122977347,0
56,34,pos,0.9501618122977347,0
57,34,pos,0.9501618122977347,1
203,34,pos,0.9501618122977347,0
203,34,pos,0.9501618122977347,0
204,34,pos,0.9501618122977347,0
204,34,pos,0.9501618122977347,1
206,34,pos,0.9501618122977347,0
206,34,pos,0.9501618122977347,0
208,34,pos,0.9501618122977347,0
208,34,pos,0.9501618122977347,0
216,34,pos,0.9162666666666669,0
216,34,pos,0.9162666666666669,0
71,34,pos,0.648961038961039,0
87,34,pos,0.9501618122977347,1
88,34,pos,0.9501618122977347,2
89,34,pos,0.9501618122977347,1
91,34,pos,0.9501618122977347,0
391,34,pos,0.9501618122977347,0
125,34,pos,0.9501618122977347,8
125,34,pos,0.9501618122977347,2
127,34,pos,0.9501618122977347,1
168,34,pos,0.9501618122977347,0
171,34,pos,0.9501618122977347,5
172,34,pos,0.9501618122977347,0
174,34,pos,0.9501618122977347,0
181,34,pos,0.9162666666666669,0
227,34,pos,0.648961038961039,6
243,34,pos,0.9501618122977347,0
244,34,pos,0.9501618122977347,0
245,34,pos,0.9501618122977347,2
672,34,pos,0.648961038961039,0
259,34,pos,0.648961038961039,2
268,34,pos,0.9501618122977347,0
269,34,pos,0.9501618122977347,1
271,34,pos,0.9501618122977347,1
285,34,pos,0.9162666666666669,4
285,34,pos,0.9162666666666669,7
292,34,pos,0.648961038961039,0
292,34,pos,0.648961038961039,6
312,34,pos,0.9162666666666669,2
312,34,pos,0.9162666666666669,6
316,34,pos,0.648961038961039,0
316,34,pos,0.648961038961039,0
355,34,pos,0.9501618122977347,0
357,34,pos,0.9501618122977347,2
363,34,pos,0.9162666666666669,0
364,34,pos,0.9162666666666669,0
375,34,pos,0.648961038961039,0
377,34,pos,0.648961038961039,5
692,34,pos,0.648961038961039,0
400,34,pos,0.2871604938271605,-1
412,34,pos,0.648961038961039,0
428,34,pos,0.9501618122977347,9
429,34,pos,0.9501618122977347,0
432,34,pos,0.2871604938271605,0
437,34,pos,0.648961038961039,0
438,34,pos,0.648961038961039,0
458,34,pos,0.9501618122977347,7
458,34,pos,0.9501618122977347,2
475,34,pos,0.648961038961039,0
492,34,pos,0.9501618122977347,0
494,34,pos,0.9501618122977347,0
674,34,pos,0.2871604938271605,0
674,34,pos,0.2871604938271605,0
684,34,pos,0.648961038961039,0
519,34,pos,0.9501618122977347,3
519,34,pos,0.9501618122977347,0
520,34,pos,0.9501618122977347,0
546,34,pos,0.9501618122977347,0
546,34,pos,0.9501618122977347,0
548,34,pos,0.9501618122977347,3
549,34,pos,0.9501618122977347,1
550,34,pos,0.9501618122977347,0
550,34,pos,0.9501618122977347,0
551,34,pos,0.9501618122977347,0
551,34,pos,0.9501618122977347,0
590,34,pos,0.9501618122977347,0
592,34,pos,0.9501618122977347,0
592,34,pos,0.9501618122977347,0
616,34,pos,0.9501618122977347,0
617,34,pos,0.9501618122977347,1
619,34,pos,0.9501618122977347,5
649,34,pos,0.9501618122977347,0
655,34,pos,0.9162666666666669,0
656,34,pos,0.9162666666666669,0
656,34,pos,0.9162666666666669,0
50,34,pos,0.9501618122977347,0
425,34,pos,0.9501618122977347,0
2,34,pos,0.2871604938271605,3
2,34,pos,0.2871604938271605,2
28,34,pos,0.9501618122977347,7
29,34,pos,0.9501618122977347,0
39,34,pos,0.648961038961039,2
41,34,pos,0.648961038961039,0
60,34,pos,0.9501618122977347,0
61,34,pos,0.9501618122977347,0
62,34,pos,0.9501618122977347,1
63,34,pos,0.9501618122977347,0
65,34,pos,0.9162666666666669,1
183,34,pos,0.2871604938271605,0
186,34,pos,0.648961038961039,10
212,34,pos,0.9501618122977347,5
212,34,pos,0.9501618122977347,2
213,34,pos,0.9501618122977347,0
213,34,pos,0.9501618122977347,0
214,34,pos,0.9501618122977347,0
214,34,pos,0.9501618122977347,0
218,34,pos,0.9162666666666669,0
218,34,pos,0.9162666666666669,0
219,34,pos,0.9162666666666669,0
219,34,pos,0.9162666666666669,0
66,34,pos,0.2871604938271605,8
92,34,pos,0.9501618122977347,2
94,34,pos,0.9501618122977347,1
95,34,pos,0.9501618122977347,2
96,34,pos,0.9501618122977347,0
99,34,pos,0.9162666666666669,0
100,34,pos,0.9162666666666669,0
687,34,pos,0.9501618122977347,0
108,34,pos,0.648961038961039,6
108,34,pos,0.648961038961039,5
111,34,pos,0.648961038961039,1
112,34,pos,0.648961038961039,0
130,34,pos,0.9501618122977347,2
131,34,pos,0.9501618122977347,0
132,34,pos,0.9501618122977347,4
133,34,pos,0.9501618122977347,3
134,34,pos,0.9501618122977347,2
137,34,pos,0.9162666666666669,0
138,34,pos,0.2871604938271605,0
143,34,pos,0.648961038961039,0
144,34,pos,0.648961038961039,0
147,34,pos,0.648961038961039,0
149,34,pos,0.648961038961039,3
149,34,pos,0.648961038961039,3
150,34,pos,0.648961038961039,0
152,34,pos,0.648961038961039,0
153,34,pos,0.648961038961039,0
175,34,pos,0.9501618122977347,1
176,34,pos,0.9501618122977347,0
177,34,pos,0.9501618122977347,0
221,34,pos,0.2871604938271605,0
229,34,pos,0.648961038961039,0
230,34,pos,0.648961038961039,0
231,34,pos,0.648961038961039,1
231,34,pos,0.648961038961039,1
232,34,pos,0.648961038961039,0
247,34,pos,0.9501618122977347,0
248,34,pos,0.9501618122977347,0
274,34,pos,0.9501618122977347,0
274,34,pos,0.9501618122977347,1
275,34,pos,0.9501618122977347,1
275,34,pos,0.9501618122977347,3
277,34,pos,0.9501618122977347,0
277,34,pos,0.9501618122977347,0
278,34,pos,0.9501618122977347,0
278,34,pos,0.9501618122977347,0
279,34,pos,0.9501618122977347,0
279,34,pos,0.9501618122977347,0
280,34,pos,0.9501618122977347,1
280,34,pos,0.9501618122977347,6
281,34,pos,0.9501618122977347,2
281,34,pos,0.9501618122977347,10
282,34,pos,0.9501618122977347,2
282,34,pos,0.9501618122977347,3
286,34,pos,0.9162666666666669,0
286,34,pos,0.9162666666666669,0
690,34,pos,0.9501618122977347,0
288,34,pos,0.2871604938271605,4
288,34,pos,0.2871604938271605,1
294,34,pos,0.648961038961039,2
294,34,pos,0.648961038961039,1
296,34,pos,0.648961038961039,0
296,34,pos,0.648961038961039,0
305,34,pos,0.9501618122977347,1
305,34,pos,0.9501618122977347,6
306,34,pos,0.9501618122977347,0
306,34,pos,0.9501618122977347,0
307,34,pos,0.9501618122977347,1
307,34,pos,0.9501618122977347,0
308,34,pos,0.9501618122977347,0
308,34,pos,0.9501618122977347,15
309,34,pos,0.9501618122977347,0
309,34,pos,0.9501618122977347,0
313,34,pos,0.9162666666666669,2
667,34,pos,0.648961038961039,0
667,34,pos,0.648961038961039,0
320,34,pos,0.648961038961039,0
320,34,pos,0.648961038961039,0
333,34,pos,0.9501618122977347,11
333,34,pos,0.9501618122977347,2
334,34,pos,0.9501618122977347,0
334,34,pos,0.9501618122977347,0
336,34,pos,0.9501618122977347,0
336,34,pos,0.9501618122977347,0
339,34,pos,0.2871604938271605,0
339,34,pos,0.2871604938271605,0
359,34,pos,0.9501618122977347,0
360,34,pos,0.9501618122977347,0
361,34,pos,0.9501618122977347,0
367,34,pos,0.2871604938271605,0
393,34,pos,0.9501618122977347,0
394,34,pos,0.9501618122977347,2
395,34,pos,0.9501618122977347,0
396,34,pos,0.9501618122977347,0
398,34,pos,0.9162666666666669,0
686,34,pos,0.9501618122977347,0
439,34,pos,0.648961038961039,0
460,34,pos,0.9501618122977347,0
460,34,pos,0.9501618122977347,0
461,34,pos,0.9501618122977347,1
461,34,pos,0.9501618122977347,0
462,34,pos,0.9501618122977347,0
462,34,pos,0.9501618122977347,0
463,34,pos,0.9501618122977347,-1
463,34,pos,0.9501618122977347,2
464,34,pos,0.9501618122977347,1
464,34,pos,0.9501618122977347,1
467,34,pos,0.9162666666666669,2
467,34,pos,0.9162666666666669,0
468,34,pos,0.9162666666666669,15
468,34,pos,0.9162666666666669,0
479,34,pos,0.648961038961039,2
480,34,pos,0.648961038961039,2
495,34,pos,0.9501618122977347,0
496,34,pos,0.9501618122977347,0
498,34,pos,0.9501618122977347,0
498,34,pos,0.9501618122977347,0
501,34,pos,0.9162666666666669,0
501,34,pos,0.9162666666666669,0
689,34,pos,0.9501618122977347,0
509,34,pos,0.648961038961039,0
509,34,pos,0.648961038961039,1
510,34,pos,0.648961038961039,2
511,34,pos,0.648961038961039,0
512,34,pos,0.648961038961039,0
523,34,pos,0.9501618122977347,0
524,34,pos,0.9501618122977347,0
528,34,pos,0.2871604938271605,0
554,34,pos,0.9501618122977347,0
555,34,pos,0.9501618122977347,0
556,34,pos,0.9501618122977347,0
556,34,pos,0.9501618122977347,0
557,34,pos,0.9501618122977347,0
558,34,pos,0.9501618122977347,-1
559,34,pos,0.9501618122977347,0
559,34,pos,0.9501618122977347,0
562,34,pos,0.9162666666666669,1
562,34,pos,0.9162666666666669,1
563,34,pos,0.9162666666666669,0
563,34,pos,0.9162666666666669,0
564,34,pos,0.9162666666666669,0
564,34,pos,0.9162666666666669,0
570,34,pos,0.648961038961039,2
571,34,pos,0.648961038961039,0
572,34,pos,0.648961038961039,0
572,34,pos,0.648961038961039,0
574,34,pos,0.648961038961039,3
594,34,pos,0.9501618122977347,7
595,34,pos,0.9501618122977347,0
598,34,pos,0.9162666666666669,0
599,34,pos,0.9162666666666669,0
599,34,pos,0.9162666666666669,0
600,34,pos,0.2871604938271605,0
600,34,pos,0.2871604938271605,0
604,34,pos,0.648961038961039,0
606,34,pos,0.648961038961039,0
608,34,pos,0.648961038961039,0
620,34,pos,0.9501618122977347,0
620,34,pos,0.9501618122977347,0
622,34,pos,0.9501618122977347,0
623,34,pos,0.9501618122977347,0
626,34,pos,0.9162666666666669,0
659,34,pos,0.648961038961039,0
627,34,pos,0.2871604938271605,0
634,34,pos,0.648961038961039,0
636,34,pos,0.648961038961039,0
636,34,pos,0.648961038961039,0
650,34,pos,0.9501618122977347,0
651,34,pos,0.9501618122977347,0
651,34,pos,0.9501618122977347,0
652,34,pos,0.9501618122977347,0
652,34,pos,0.9501618122977347,0
653,34,pos,0.9501618122977347,0
657,34,pos,0.9162666666666669,0
658,34,pos,0.9162666666666669,0
695,34,pos,0.648961038961039,0
3,34,pos,0.2871604938271605,13
4,34,pos,0.2871604938271605,0
13,34,pos,0.648961038961039,2
14,34,pos,0.648961038961039,0
15,34,pos,0.648961038961039,3
34,34,pos,0.2871604938271605,1
35,34,pos,0.2871604938271605,0
42,34,pos,0.648961038961039,2
43,34,pos,0.648961038961039,0
44,34,pos,0.648961038961039,2
45,34,pos,0.648961038961039,0
46,34,pos,0.648961038961039,2
688,34,pos,0.2871604938271605,2
184,34,pos,0.2871604938271605,0
185,34,pos,0.2871604938271605,2
188,34,pos,0.648961038961039,0
189,34,pos,0.648961038961039,0
193,34,pos,0.648961038961039,0
194,34,pos,0.648961038961039,1
195,34,pos,0.648961038961039,1
196,34,pos,0.648961038961039,0
198,34,pos,0.648961038961039,0
199,34,pos,0.648961038961039,1
68,34,pos,0.2871604938271605,0
69,34,pos,0.2871604938271605,2
70,34,pos,0.2871604938271605,5
75,34,pos,0.648961038961039,4
76,34,pos,0.648961038961039,0
78,34,pos,0.648961038961039,0
79,34,pos,0.648961038961039,0
80,34,pos,0.648961038961039,7
102,34,pos,0.2871604938271605,6
102,34,pos,0.2871604938271605,9
103,34,pos,0.2871604938271605,15
103,34,pos,0.2871604938271605,2
104,34,pos,0.2871604938271605,14
104,34,pos,0.2871604938271605,0
105,34,pos,0.2871604938271605,0
105,34,pos,0.2871604938271605,0
114,34,pos,0.648961038961039,0
114,34,pos,0.648961038961039,0
115,34,pos,0.648961038961039,0
115,34,pos,0.648961038961039,0
117,34,pos,0.648961038961039,0
117,34,pos,0.648961038961039,0
118,34,pos,0.648961038961039,0
118,34,pos,0.648961038961039,0
140,34,pos,0.2871604938271605,0
141,34,pos,0.2871604938271605,1
142,34,pos,0.2871604938271605,0
154,34,pos,0.648961038961039,0
155,34,pos,0.648961038961039,0
156,34,pos,0.648961038961039,1
222,34,pos,0.2871604938271605,0
223,34,pos,0.2871604938271605,0
234,34,pos,0.648961038961039,0
254,34,pos,0.2871604938271605,0
255,34,pos,0.2871604938271605,6
262,34,pos,0.648961038961039,0
263,34,pos,0.648961038961039,0
264,34,pos,0.648961038961039,2
265,34,pos,0.648961038961039,2
289,34,pos,0.2871604938271605,0
289,34,pos,0.2871604938271605,0
297,34,pos,0.648961038961039,1
297,34,pos,0.648961038961039,5
298,34,pos,0.648961038961039,0
298,34,pos,0.648961038961039,0
630,34,pos,0.2871604938271605,0
315,34,pos,0.2871604938271605,2
315,34,pos,0.2871604938271605,3
323,34,pos,0.648961038961039,0
323,34,pos,0.648961038961039,0
664,34,pos,0.2871604938271605,0
340,34,pos,0.2871604938271605,3
340,34,pos,0.2871604938271605,1
341,34,pos,0.2871604938271605,0
341,34,pos,0.2871604938271605,2
344,34,pos,0.648961038961039,0
344,34,pos,0.648961038961039,0
345,34,pos,0.648961038961039,1
345,34,pos,0.648961038961039,2
346,34,pos,0.648961038961039,1
346,34,pos,0.648961038961039,0
349,34,pos,0.648961038961039,0
368,34,pos,0.2871604938271605,0
369,34,pos,0.2871604938271605,1
378,34,pos,0.648961038961039,0
379,34,pos,0.648961038961039,0
380,34,pos,0.648961038961039,0
401,34,pos,0.2871604938271605,2
433,34,pos,0.2871604938271605,2
434,34,pos,0.2871604938271605,0
435,34,pos,0.2871604938271605,0
445,34,pos,0.648961038961039,0
446,34,pos,0.648961038961039,2
447,34,pos,0.648961038961039,0
448,34,pos,0.648961038961039,4
471,34,pos,0.2871604938271605,0
471,34,pos,0.2871604938271605,0
472,34,pos,0.2871604938271605,6
472,34,pos,0.2871604938271605,0
481,34,pos,0.648961038961039,1
482,34,pos,0.648961038961039,-1
483,34,pos,0.648961038961039,1
484,34,pos,0.648961038961039,-1
503,34,pos,0.2871604938271605,0
504,34,pos,0.2871604938271605,5
504,34,pos,0.2871604938271605,0
513,34,pos,0.648961038961039,0
514,34,pos,0.648961038961039,2
675,34,pos,0.2871604938271605,0
529,34,pos,0.2871604938271605,0
529,34,pos,0.2871604938271605,0
530,34,pos,0.2871604938271605,0
533,34,pos,0.648961038961039,0
533,34,pos,0.648961038961039,0
534,34,pos,0.648961038961039,2
535,34,pos,0.648961038961039,0
536,34,pos,0.648961038961039,3
537,34,pos,0.648961038961039,0
538,34,pos,0.648961038961039,2
539,34,pos,0.648961038961039,0
540,34,pos,0.648961038961039,0
678,34,pos,0.648961038961039,0
694,34,pos,0.648961038961039,2
566,34,pos,0.2871604938271605,0
567,34,pos,0.2871604938271605,0
576,34,pos,0.648961038961039,2
577,34,pos,0.648961038961039,0
578,34,pos,0.648961038961039,0
601,34,pos,0.2871604938271605,0
602,34,pos,0.2871604938271605,1
611,34,pos,0.648961038961039,1
629,34,pos,0.2871604938271605,0
639,34,pos,0.648961038961039,0
640,34,pos,0.648961038961039,0
640,34,pos,0.648961038961039,0
641,34,pos,0.648961038961039,0
641,34,pos,0.648961038961039,0
211,34,pos,0.9501618122977347,2
211,34,pos,0.9501618122977347,1
252,34,pos,0.9162666666666669,0
383,34,pos,0.9501618122977347,0
414,34,pos,0.9501618122977347,0
135,34,pos,0.9162666666666669,1
666,35,pos,0.9162666666666669,0
381,35,pos,0.9501618122977347,0
449,35,pos,0.9501618122977347,0
16,35,pos,0.9501618122977347,7
235,35,pos,0.9501618122977347,1
64,35,pos,0.9162666666666669,2
430,35,pos,0.9162666666666669,1
625,35,pos,0.9162666666666669,1
423,35,pos,0.9501618122977347,0
642,35,pos,0.9501618122977347,0
455,35,pos,0.9501618122977347,8
614,35,pos,0.9501618122977347,15
516,35,pos,0.9501618122977347,1
459,35,pos,0.9501618122977347,7
402,35,pos,0.648961038961039,0
136,35,pos,0.9162666666666669,1
612,35,pos,0.9501618122977347,0
224,35,pos,0.648961038961039,2
324,35,pos,0.9501618122977347,0
86,35,pos,0.9501618122977347,2
660,35,pos,0.9501618122977347,0
416,35,pos,0.9501618122977347,0
487,35,pos,0.9501618122977347,0
582,35,pos,0.9501618122977347,0
332,35,pos,0.9501618122977347,2
205,35,pos,0.9501618122977347,1
158,35,pos,0.9501618122977347,0
371,35,pos,0.648961038961039,2
237,35,pos,0.9501618122977347,1
499,35,pos,0.9162666666666669,0
488,35,pos,0.9501618122977347,0
169,35,pos,0.9501618122977347,2
372,35,pos,0.648961038961039,0
160,35,pos,0.9501618122977347,1
167,35,pos,0.9501618122977347,2
253,35,pos,0.2871604938271605,0
299,35,pos,0.9501618122977347,1
392,35,pos,0.9501618122977347,0
553,35,pos,0.9501618122977347,0
5,35,pos,0.648961038961039,0
6,35,pos,0.648961038961039,1
370,35,pos,0.648961038961039,0
593,35,pos,0.9501618122977347,2
387,35,pos,0.9501618122977347,2
668,35,pos,0.9501618122977347,0
217,35,pos,0.9162666666666669,4
358,35,pos,0.9501618122977347,0
436,35,pos,0.648961038961039,0
507,35,pos,0.648961038961039,1
508,35,pos,0.648961038961039,0
267,35,pos,0.9501618122977347,0
373,35,pos,0.648961038961039,2
129,35,pos,0.9501618122977347,0
239,35,pos,0.9501618122977347,4
273,35,pos,0.9501618122977347,0
477,35,pos,0.648961038961039,0
209,35,pos,0.9501618122977347,1
126,35,pos,0.9501618122977347,0
410,35,pos,0.648961038961039,0
478,35,pos,0.648961038961039,9
613,35,pos,0.9501618122977347,0
242,35,pos,0.9501618122977347,0
669,35,pos,0.9501618122977347,0
386,35,pos,0.9501618122977347,0
490,35,pos,0.9501618122977347,0
452,35,pos,0.9501618122977347,0
543,35,pos,0.9501618122977347,0
225,35,pos,0.648961038961039,5
568,35,pos,0.648961038961039,0
663,35,pos,0.9501618122977347,0
164,35,pos,0.9501618122977347,0
427,35,pos,0.9501618122977347,8
11,35,pos,0.648961038961039,0
388,35,pos,0.9501618122977347,1
54,35,pos,0.9501618122977347,0
302,35,pos,0.9501618122977347,0
588,35,pos,0.9501618122977347,6
648,35,pos,0.9501618122977347,0
200,35,pos,0.9501618122977347,14
351,35,pos,0.9501618122977347,0
350,35,pos,0.9501618122977347,0
457,35,pos,0.9501618122977347,6
517,35,pos,0.9501618122977347,0
491,35,pos,0.9501618122977347,1
561,35,pos,0.9162666666666669,0
424,35,pos,0.9501618122977347,0
644,35,pos,0.9501618122977347,0
646,35,pos,0.9501618122977347,0
48,35,pos,0.9501618122977347,0
353,35,pos,0.9501618122977347,0
671,35,pos,0.9162666666666669,0
362,35,pos,0.9162666666666669,0
382,35,pos,0.9501618122977347,0
343,35,pos,0.648961038961039,0
347,35,pos,0.648961038961039,0
84,35,pos,0.9501618122977347,0
417,35,pos,0.9501618122977347,0
526,35,pos,0.9162666666666669,2
74,35,pos,0.648961038961039,0
93,35,pos,0.9501618122977347,2
18,35,pos,0.9501618122977347,0
21,35,pos,0.9501618122977347,2
72,35,pos,0.648961038961039,0
605,35,pos,0.648961038961039,0
83,35,pos,0.9501618122977347,1
109,35,pos,0.648961038961039,0
110,35,pos,0.648961038961039,1
121,35,pos,0.9501618122977347,0
159,35,pos,0.9501618122977347,1
238,35,pos,0.9501618122977347,0
240,35,pos,0.9501618122977347,1
300,35,pos,0.9501618122977347,13
385,35,pos,0.9501618122977347,0
403,35,pos,0.648961038961039,0
422,35,pos,0.9501618122977347,0
454,35,pos,0.9501618122977347,2
456,35,pos,0.9501618122977347,6
466,35,pos,0.9162666666666669,0
696,35,pos,0.9162666666666669,0
610,35,pos,0.648961038961039,2
236,35,pos,0.9501618122977347,0
335,35,pos,0.9501618122977347,2
310,35,pos,0.9162666666666669,0
597,35,pos,0.9162666666666669,0
145,35,pos,0.648961038961039,2
250,35,pos,0.9162666666666669,0
325,35,pos,0.9501618122977347,0
661,35,pos,0.9162666666666669,0
532,35,pos,0.648961038961039,0
573,35,pos,0.648961038961039,2
419,35,pos,0.9501618122977347,0
486,35,pos,0.9501618122977347,3
603,35,pos,0.648961038961039,3
73,35,pos,0.648961038961039,1
440,35,pos,0.648961038961039,0
683,35,pos,0.648961038961039,0
638,35,pos,0.648961038961039,0
654,35,pos,0.9162666666666669,0
22,35,pos,0.9501618122977347,0
418,35,pos,0.9501618122977347,0
443,35,pos,0.648961038961039,7
489,35,pos,0.9501618122977347,14
637,35,pos,0.648961038961039,0
47,35,pos,0.9501618122977347,2
192,35,pos,0.648961038961039,0
329,35,pos,0.9501618122977347,0
681,35,pos,0.9162666666666669,0
580,35,pos,0.9501618122977347,1
633,35,pos,0.648961038961039,0
337,35,pos,0.9162666666666669,2
260,35,pos,0.648961038961039,0
621,35,pos,0.9501618122977347,0
197,35,pos,0.648961038961039,2
157,35,pos,0.9501618122977347,0
497,35,pos,0.9501618122977347,0
515,35,pos,0.9501618122977347,0
19,35,pos,0.9501618122977347,6
384,35,pos,0.9501618122977347,0
17,35,pos,0.9501618122977347,0
119,35,pos,0.9501618122977347,0
37,35,pos,0.648961038961039,2
450,35,pos,0.9501618122977347,0
632,35,pos,0.648961038961039,0
178,35,pos,0.9162666666666669,0
123,35,pos,0.9501618122977347,1
241,35,pos,0.9501618122977347,0
26,35,pos,0.9501618122977347,0
226,35,pos,0.648961038961039,0
408,35,pos,0.648961038961039,1
485,35,pos,0.9501618122977347,0
643,35,pos,0.9501618122977347,0
409,35,pos,0.648961038961039,0
59,35,pos,0.9501618122977347,0
303,35,pos,0.9501618122977347,10
311,35,pos,0.9162666666666669,1
505,35,pos,0.648961038961039,1
85,35,pos,0.9501618122977347,1
97,35,pos,0.9162666666666669,0
474,35,pos,0.648961038961039,1
476,35,pos,0.648961038961039,0
291,35,pos,0.648961038961039,3
569,35,pos,0.648961038961039,0
173,35,pos,0.9501618122977347,0
374,35,pos,0.648961038961039,2
249,35,pos,0.9162666666666669,0
256,35,pos,0.648961038961039,0
270,35,pos,0.9501618122977347,1
354,35,pos,0.9501618122977347,0
506,35,pos,0.648961038961039,0
301,35,pos,0.9501618122977347,3
304,35,pos,0.9501618122977347,4
365,35,pos,0.9162666666666669,2
544,35,pos,0.9501618122977347,0
584,35,pos,0.9501618122977347,0
7,35,pos,0.648961038961039,10
560,35,pos,0.9162666666666669,0
518,35,pos,0.9501618122977347,0
586,35,pos,0.9501618122977347,0
257,35,pos,0.648961038961039,0
552,35,pos,0.9501618122977347,1
645,35,pos,0.9501618122977347,0
120,35,pos,0.9501618122977347,2
166,35,pos,0.9501618122977347,1
58,35,pos,0.9501618122977347,0
202,35,pos,0.9501618122977347,0
258,35,pos,0.648961038961039,0
366,35,pos,0.2871604938271605,-2
53,35,pos,0.9501618122977347,1
591,35,pos,0.9501618122977347,0
107,35,pos,0.648961038961039,1
293,35,pos,0.648961038961039,1
287,35,pos,0.2871604938271605,0
1,35,pos,0.2871604938271605,0
122,35,pos,0.9501618122977347,0
585,35,pos,0.9501618122977347,0
31,35,pos,0.9162666666666669,2
677,35,pos,0.9501618122977347,0
106,35,pos,0.648961038961039,-1
251,35,pos,0.9162666666666669,0
397,35,pos,0.9162666666666669,12
420,35,pos,0.9501618122977347,0
421,35,pos,0.9501618122977347,0
453,35,pos,0.9501618122977347,0
465,35,pos,0.9162666666666669,3
500,35,pos,0.9162666666666669,0
583,35,pos,0.9501618122977347,1
531,35,pos,0.648961038961039,0
352,35,pos,0.9501618122977347,0
444,35,pos,0.648961038961039,0
338,35,pos,0.9162666666666669,0
411,35,pos,0.648961038961039,2
609,35,pos,0.648961038961039,2
146,35,pos,0.648961038961039,0
522,35,pos,0.9501618122977347,0
36,35,pos,0.648961038961039,0
151,35,pos,0.648961038961039,0
182,35,pos,0.2871604938271605,3
413,35,pos,0.9501618122977347,6
431,35,pos,0.2871604938271605,0
113,35,pos,0.648961038961039,0
314,35,pos,0.2871604938271605,2
469,35,pos,0.2871604938271605,1
295,35,pos,0.648961038961039,0
317,35,pos,0.648961038961039,0
565,35,pos,0.2871604938271605,0
233,35,pos,0.648961038961039,2
220,35,pos,0.2871604938271605,2
502,35,pos,0.2871604938271605,0
82,35,pos,0.9501618122977347,0
191,35,pos,0.648961038961039,4
441,35,pos,0.648961038961039,3
521,35,pos,0.9501618122977347,0
575,35,pos,0.648961038961039,0
624,35,pos,0.9162666666666669,1
207,35,pos,0.9501618122977347,0
283,35,pos,0.9162666666666669,10
266,35,pos,0.9501618122977347,1
618,35,pos,0.9501618122977347,9
90,35,pos,0.9501618122977347,0
525,35,pos,0.9162666666666669,0
246,35,pos,0.9501618122977347,1
542,35,pos,0.648961038961039,0
685,35,pos,0.648961038961039,0
40,35,pos,0.648961038961039,1
607,35,pos,0.648961038961039,0
261,35,pos,0.648961038961039,9
342,35,pos,0.648961038961039,1
348,35,pos,0.648961038961039,0
30,35,pos,0.9162666666666669,0
190,35,pos,0.648961038961039,0
541,35,pos,0.648961038961039,0
318,35,pos,0.648961038961039,2
670,35,pos,0.2871604938271605,0
631,35,pos,0.648961038961039,0
33,35,pos,0.2871604938271605,1
67,35,pos,0.2871604938271605,1
322,35,pos,0.648961038961039,0
679,35,pos,0.2871604938271605,1
321,35,pos,0.648961038961039,5
187,35,pos,0.648961038961039,0
596,35,pos,0.9162666666666669,1
470,35,pos,0.2871604938271605,2
407,35,pos,0.648961038961039,13
162,35,pos,0.9501618122977347,0
682,35,pos,0.648961038961039,2
442,35,pos,0.648961038961039,0
635,35,pos,0.648961038961039,0
8,35,pos,0.648961038961039,1
665,35,pos,0.2871604938271605,0
139,35,pos,0.2871604938271605,2
101,35,pos,0.2871604938271605,0
210,35,pos,0.9501618122977347,0
406,35,pos,0.648961038961039,0
673,35,pos,0.9501618122977347,0
547,35,pos,0.9501618122977347,0
330,35,pos,0.9501618122977347,0
376,35,pos,0.648961038961039,2
272,35,pos,0.9501618122977347,0
356,35,pos,0.9501618122977347,2
77,35,pos,0.648961038961039,0
228,35,pos,0.648961038961039,0
326,35,pos,0.9501618122977347,0
128,35,pos,0.9501618122977347,2
170,35,pos,0.9501618122977347,2
493,35,pos,0.9501618122977347,11
124,35,pos,0.9501618122977347,5
38,35,pos,0.648961038961039,0
10,35,pos,0.648961038961039,6
676,35,pos,0.9501618122977347,0
319,35,pos,0.648961038961039,2
9,35,pos,0.648961038961039,0
23,35,pos,0.9501618122977347,1
24,35,pos,0.9501618122977347,0
25,35,pos,0.9501618122977347,0
662,35,pos,0.648961038961039,0
49,35,pos,0.9501618122977347,0
51,35,pos,0.9501618122977347,0
201,35,pos,0.9501618122977347,0
215,35,pos,0.9162666666666669,4
680,35,pos,0.9162666666666669,3
98,35,pos,0.9162666666666669,0
161,35,pos,0.9501618122977347,1
163,35,pos,0.9501618122977347,1
165,35,pos,0.9501618122977347,1
179,35,pos,0.9162666666666669,0
180,35,pos,0.9162666666666669,0
284,35,pos,0.9162666666666669,6
290,35,pos,0.648961038961039,5
327,35,pos,0.9501618122977347,3
328,35,pos,0.9501618122977347,0
691,35,pos,0.9162666666666669,1
389,35,pos,0.9501618122977347,0
390,35,pos,0.9501618122977347,0
399,35,pos,0.2871604938271605,0
404,35,pos,0.648961038961039,0
405,35,pos,0.648961038961039,5
52,35,pos,0.9501618122977347,0
473,35,pos,0.648961038961039,0
426,35,pos,0.9501618122977347,5
527,35,pos,0.9162666666666669,0
693,35,pos,0.9501618122977347,7
545,35,pos,0.9501618122977347,1
587,35,pos,0.9501618122977347,0
589,35,pos,0.9501618122977347,3
615,35,pos,0.9501618122977347,0
647,35,pos,0.9501618122977347,0
331,35,pos,0.9501618122977347,1
276,35,pos,0.9501618122977347,0
628,35,pos,0.2871604938271605,1
148,35,pos,0.648961038961039,10
116,35,pos,0.648961038961039,8
579,35,pos,0.9501618122977347,0
20,35,pos,0.9501618122977347,0
81,35,pos,0.9501618122977347,3
415,35,pos,0.9501618122977347,0
451,35,pos,0.9501618122977347,0
581,35,pos,0.9501618122977347,0
12,35,pos,0.648961038961039,0
27,35,pos,0.9501618122977347,0
32,35,pos,0.2871604938271605,0
55,35,pos,0.9501618122977347,0
56,35,pos,0.9501618122977347,0
57,35,pos,0.9501618122977347,1
203,35,pos,0.9501618122977347,0
204,35,pos,0.9501618122977347,1
206,35,pos,0.9501618122977347,0
208,35,pos,0.9501618122977347,0
216,35,pos,0.9162666666666669,0
71,35,pos,0.648961038961039,0
87,35,pos,0.9501618122977347,0
88,35,pos,0.9501618122977347,2
89,35,pos,0.9501618122977347,1
91,35,pos,0.9501618122977347,0
391,35,pos,0.9501618122977347,1
125,35,pos,0.9501618122977347,1
127,35,pos,0.9501618122977347,1
168,35,pos,0.9501618122977347,0
171,35,pos,0.9501618122977347,2
172,35,pos,0.9501618122977347,0
174,35,pos,0.9501618122977347,0
181,35,pos,0.9162666666666669,0
227,35,pos,0.648961038961039,2
243,35,pos,0.9501618122977347,0
244,35,pos,0.9501618122977347,1
245,35,pos,0.9501618122977347,1
672,35,pos,0.648961038961039,0
259,35,pos,0.648961038961039,1
268,35,pos,0.9501618122977347,0
269,35,pos,0.9501618122977347,1
271,35,pos,0.9501618122977347,4
285,35,pos,0.9162666666666669,7
292,35,pos,0.648961038961039,1
312,35,pos,0.9162666666666669,0
316,35,pos,0.648961038961039,0
355,35,pos,0.9501618122977347,0
357,35,pos,0.9501618122977347,1
363,35,pos,0.9162666666666669,0
364,35,pos,0.9162666666666669,0
375,35,pos,0.648961038961039,0
377,35,pos,0.648961038961039,1
692,35,pos,0.648961038961039,0
400,35,pos,0.2871604938271605,2
412,35,pos,0.648961038961039,0
428,35,pos,0.9501618122977347,3
429,35,pos,0.9501618122977347,0
432,35,pos,0.2871604938271605,5
437,35,pos,0.648961038961039,0
438,35,pos,0.648961038961039,0
458,35,pos,0.9501618122977347,2
475,35,pos,0.648961038961039,0
492,35,pos,0.9501618122977347,0
494,35,pos,0.9501618122977347,0
674,35,pos,0.2871604938271605,0
684,35,pos,0.648961038961039,0
519,35,pos,0.9501618122977347,2
520,35,pos,0.9501618122977347,0
546,35,pos,0.9501618122977347,0
548,35,pos,0.9501618122977347,0
549,35,pos,0.9501618122977347,1
550,35,pos,0.9501618122977347,0
551,35,pos,0.9501618122977347,0
590,35,pos,0.9501618122977347,0
592,35,pos,0.9501618122977347,0
616,35,pos,0.9501618122977347,0
617,35,pos,0.9501618122977347,0
619,35,pos,0.9501618122977347,0
649,35,pos,0.9501618122977347,0
655,35,pos,0.9162666666666669,0
656,35,pos,0.9162666666666669,0
50,35,pos,0.9501618122977347,1
425,35,pos,0.9501618122977347,0
2,35,pos,0.2871604938271605,9
28,35,pos,0.9501618122977347,2
29,35,pos,0.9501618122977347,0
39,35,pos,0.648961038961039,1
41,35,pos,0.648961038961039,0
60,35,pos,0.9501618122977347,1
61,35,pos,0.9501618122977347,0
62,35,pos,0.9501618122977347,0
63,35,pos,0.9501618122977347,0
65,35,pos,0.9162666666666669,0
183,35,pos,0.2871604938271605,0
186,35,pos,0.648961038961039,5
212,35,pos,0.9501618122977347,5
213,35,pos,0.9501618122977347,0
214,35,pos,0.9501618122977347,0
218,35,pos,0.9162666666666669,0
219,35,pos,0.9162666666666669,0
66,35,pos,0.2871604938271605,2
92,35,pos,0.9501618122977347,2
94,35,pos,0.9501618122977347,1
95,35,pos,0.9501618122977347,1
96,35,pos,0.9501618122977347,0
99,35,pos,0.9162666666666669,0
100,35,pos,0.9162666666666669,0
687,35,pos,0.9501618122977347,0
108,35,pos,0.648961038961039,0
111,35,pos,0.648961038961039,1
112,35,pos,0.648961038961039,0
130,35,pos,0.9501618122977347,6
131,35,pos,0.9501618122977347,0
132,35,pos,0.9501618122977347,0
133,35,pos,0.9501618122977347,3
134,35,pos,0.9501618122977347,5
137,35,pos,0.9162666666666669,0
138,35,pos,0.2871604938271605,0
143,35,pos,0.648961038961039,0
144,35,pos,0.648961038961039,0
147,35,pos,0.648961038961039,0
149,35,pos,0.648961038961039,1
150,35,pos,0.648961038961039,0
152,35,pos,0.648961038961039,0
153,35,pos,0.648961038961039,0
175,35,pos,0.9501618122977347,2
176,35,pos,0.9501618122977347,0
177,35,pos,0.9501618122977347,0
221,35,pos,0.2871604938271605,0
229,35,pos,0.648961038961039,0
230,35,pos,0.648961038961039,0
231,35,pos,0.648961038961039,0
232,35,pos,0.648961038961039,0
247,35,pos,0.9501618122977347,0
248,35,pos,0.9501618122977347,0
274,35,pos,0.9501618122977347,1
275,35,pos,0.9501618122977347,1
277,35,pos,0.9501618122977347,0
278,35,pos,0.9501618122977347,0
279,35,pos,0.9501618122977347,0
280,35,pos,0.9501618122977347,11
281,35,pos,0.9501618122977347,5
282,35,pos,0.9501618122977347,2
286,35,pos,0.9162666666666669,0
690,35,pos,0.9501618122977347,7
288,35,pos,0.2871604938271605,2
294,35,pos,0.648961038961039,0
296,35,pos,0.648961038961039,0
305,35,pos,0.9501618122977347,0
306,35,pos,0.9501618122977347,0
307,35,pos,0.9501618122977347,2
308,35,pos,0.9501618122977347,1
309,35,pos,0.9501618122977347,2
313,35,pos,0.9162666666666669,6
667,35,pos,0.648961038961039,0
320,35,pos,0.648961038961039,0
333,35,pos,0.9501618122977347,2
334,35,pos,0.9501618122977347,0
336,35,pos,0.9501618122977347,0
339,35,pos,0.2871604938271605,0
359,35,pos,0.9501618122977347,0
360,35,pos,0.9501618122977347,0
361,35,pos,0.9501618122977347,0
367,35,pos,0.2871604938271605,1
393,35,pos,0.9501618122977347,0
394,35,pos,0.9501618122977347,8
395,35,pos,0.9501618122977347,0
396,35,pos,0.9501618122977347,0
398,35,pos,0.9162666666666669,0
686,35,pos,0.9501618122977347,0
439,35,pos,0.648961038961039,0
460,35,pos,0.9501618122977347,0
461,35,pos,0.9501618122977347,0
462,35,pos,0.9501618122977347,0
463,35,pos,0.9501618122977347,0
464,35,pos,0.9501618122977347,11
467,35,pos,0.9162666666666669,3
468,35,pos,0.9162666666666669,3
479,35,pos,0.648961038961039,0
480,35,pos,0.648961038961039,6
495,35,pos,0.9501618122977347,0
496,35,pos,0.9501618122977347,0
498,35,pos,0.9501618122977347,0
501,35,pos,0.9162666666666669,0
689,35,pos,0.9501618122977347,7
509,35,pos,0.648961038961039,1
510,35,pos,0.648961038961039,2
511,35,pos,0.648961038961039,0
512,35,pos,0.648961038961039,0
523,35,pos,0.9501618122977347,1
524,35,pos,0.9501618122977347,0
528,35,pos,0.2871604938271605,0
554,35,pos,0.9501618122977347,0
555,35,pos,0.9501618122977347,0
556,35,pos,0.9501618122977347,0
557,35,pos,0.9501618122977347,0
558,35,pos,0.9501618122977347,0
559,35,pos,0.9501618122977347,0
562,35,pos,0.9162666666666669,1
563,35,pos,0.9162666666666669,0
564,35,pos,0.9162666666666669,0
570,35,pos,0.648961038961039,2
571,35,pos,0.648961038961039,0
572,35,pos,0.648961038961039,0
574,35,pos,0.648961038961039,1
594,35,pos,0.9501618122977347,2
595,35,pos,0.9501618122977347,2
598,35,pos,0.9162666666666669,0
599,35,pos,0.9162666666666669,0
600,35,pos,0.2871604938271605,0
604,35,pos,0.648961038961039,0
606,35,pos,0.648961038961039,0
608,35,pos,0.648961038961039,0
620,35,pos,0.9501618122977347,0
622,35,pos,0.9501618122977347,0
623,35,pos,0.9501618122977347,0
626,35,pos,0.9162666666666669,0
659,35,pos,0.648961038961039,0
627,35,pos,0.2871604938271605,0
634,35,pos,0.648961038961039,0
636,35,pos,0.648961038961039,0
650,35,pos,0.9501618122977347,0
651,35,pos,0.9501618122977347,0
652,35,pos,0.9501618122977347,0
653,35,pos,0.9501618122977347,0
657,35,pos,0.9162666666666669,0
658,35,pos,0.9162666666666669,0
695,35,pos,0.648961038961039,0
3,35,pos,0.2871604938271605,3
4,35,pos,0.2871604938271605,0
13,35,pos,0.648961038961039,3
14,35,pos,0.648961038961039,0
15,35,pos,0.648961038961039,10
34,35,pos,0.2871604938271605,1
35,35,pos,0.2871604938271605,0
42,35,pos,0.648961038961039,2
43,35,pos,0.648961038961039,0
44,35,pos,0.648961038961039,2
45,35,pos,0.648961038961039,1
46,35,pos,0.648961038961039,1
688,35,pos,0.2871604938271605,1
184,35,pos,0.2871604938271605,0
185,35,pos,0.2871604938271605,13
188,35,pos,0.648961038961039,1
189,35,pos,0.648961038961039,0
193,35,pos,0.648961038961039,0
194,35,pos,0.648961038961039,2
195,35,pos,0.648961038961039,1
196,35,pos,0.648961038961039,0
198,35,pos,0.648961038961039,0
199,35,pos,0.648961038961039,2
68,35,pos,0.2871604938271605,0
69,35,pos,0.2871604938271605,5
70,35,pos,0.2871604938271605,2
75,35,pos,0.648961038961039,1
76,35,pos,0.648961038961039,0
78,35,pos,0.648961038961039,0
79,35,pos,0.648961038961039,0
80,35,pos,0.648961038961039,2
102,35,pos,0.2871604938271605,-2
103,35,pos,0.2871604938271605,1
104,35,pos,0.2871604938271605,2
105,35,pos,0.2871604938271605,0
114,35,pos,0.648961038961039,0
115,35,pos,0.648961038961039,0
117,35,pos,0.648961038961039,0
118,35,pos,0.648961038961039,0
140,35,pos,0.2871604938271605,0
141,35,pos,0.2871604938271605,2
142,35,pos,0.2871604938271605,0
154,35,pos,0.648961038961039,0
155,35,pos,0.648961038961039,0
156,35,pos,0.648961038961039,1
222,35,pos,0.2871604938271605,1
223,35,pos,0.2871604938271605,0
234,35,pos,0.648961038961039,0
254,35,pos,0.2871604938271605,0
255,35,pos,0.2871604938271605,0
262,35,pos,0.648961038961039,0
263,35,pos,0.648961038961039,0
264,35,pos,0.648961038961039,11
265,35,pos,0.648961038961039,1
289,35,pos,0.2871604938271605,0
297,35,pos,0.648961038961039,2
298,35,pos,0.648961038961039,0
630,35,pos,0.2871604938271605,0
315,35,pos,0.2871604938271605,1
323,35,pos,0.648961038961039,0
664,35,pos,0.2871604938271605,0
340,35,pos,0.2871604938271605,1
341,35,pos,0.2871604938271605,1
344,35,pos,0.648961038961039,0
345,35,pos,0.648961038961039,1
346,35,pos,0.648961038961039,0
349,35,pos,0.648961038961039,0
368,35,pos,0.2871604938271605,1
369,35,pos,0.2871604938271605,1
378,35,pos,0.648961038961039,0
379,35,pos,0.648961038961039,0
380,35,pos,0.648961038961039,0
401,35,pos,0.2871604938271605,0
433,35,pos,0.2871604938271605,3
434,35,pos,0.2871604938271605,0
435,35,pos,0.2871604938271605,0
445,35,pos,0.648961038961039,6
446,35,pos,0.648961038961039,1
447,35,pos,0.648961038961039,0
448,35,pos,0.648961038961039,0
471,35,pos,0.2871604938271605,1
472,35,pos,0.2871604938271605,8
481,35,pos,0.648961038961039,1
482,35,pos,0.648961038961039,5
483,35,pos,0.648961038961039,0
484,35,pos,0.648961038961039,7
503,35,pos,0.2871604938271605,1
504,35,pos,0.2871604938271605,1
513,35,pos,0.648961038961039,5
514,35,pos,0.648961038961039,2
675,35,pos,0.2871604938271605,0
529,35,pos,0.2871604938271605,0
530,35,pos,0.2871604938271605,0
533,35,pos,0.648961038961039,0
534,35,pos,0.648961038961039,21
535,35,pos,0.648961038961039,0
536,35,pos,0.648961038961039,2
537,35,pos,0.648961038961039,0
538,35,pos,0.648961038961039,2
539,35,pos,0.648961038961039,0
540,35,pos,0.648961038961039,0
678,35,pos,0.648961038961039,0
694,35,pos,0.648961038961039,2
566,35,pos,0.2871604938271605,0
567,35,pos,0.2871604938271605,0
576,35,pos,0.648961038961039,0
577,35,pos,0.648961038961039,3
578,35,pos,0.648961038961039,2
601,35,pos,0.2871604938271605,0
602,35,pos,0.2871604938271605,0
611,35,pos,0.648961038961039,1
629,35,pos,0.2871604938271605,0
639,35,pos,0.648961038961039,0
640,35,pos,0.648961038961039,0
641,35,pos,0.648961038961039,0
211,35,pos,0.9501618122977347,5
252,35,pos,0.9162666666666669,0
383,35,pos,0.9501618122977347,0
414,35,pos,0.9501618122977347,0
135,35,pos,0.9162666666666669,4
666,36,pos,0.9162666666666669,0
381,36,pos,0.9501618122977347,0
449,36,pos,0.9501618122977347,0
16,36,pos,0.9501618122977347,1
235,36,pos,0.9501618122977347,1
64,36,pos,0.9162666666666669,1
430,36,pos,0.9162666666666669,0
625,36,pos,0.9162666666666669,1
423,36,pos,0.9501618122977347,0
642,36,pos,0.9501618122977347,0
455,36,pos,0.9501618122977347,3
614,36,pos,0.9501618122977347,3
516,36,pos,0.9501618122977347,0
459,36,pos,0.9501618122977347,0
402,36,pos,0.648961038961039,0
136,36,pos,0.9162666666666669,4
612,36,pos,0.9501618122977347,1
224,36,pos,0.648961038961039,1
324,36,pos,0.9501618122977347,0
86,36,pos,0.9501618122977347,3
660,36,pos,0.9501618122977347,0
416,36,pos,0.9501618122977347,0
487,36,pos,0.9501618122977347,0
582,36,pos,0.9501618122977347,0
332,36,pos,0.9501618122977347,8
205,36,pos,0.9501618122977347,1
158,36,pos,0.9501618122977347,0
371,36,pos,0.648961038961039,2
371,36,pos,0.648961038961039,2
237,36,pos,0.9501618122977347,1
499,36,pos,0.9162666666666669,0
488,36,pos,0.9501618122977347,0
169,36,pos,0.9501618122977347,16
372,36,pos,0.648961038961039,0
372,36,pos,0.648961038961039,0
160,36,pos,0.9501618122977347,1
167,36,pos,0.9501618122977347,6
253,36,pos,0.2871604938271605,0
299,36,pos,0.9501618122977347,6
392,36,pos,0.9501618122977347,0
553,36,pos,0.9501618122977347,0
5,36,pos,0.648961038961039,0
6,36,pos,0.648961038961039,0
370,36,pos,0.648961038961039,0
370,36,pos,0.648961038961039,0
593,36,pos,0.9501618122977347,2
387,36,pos,0.9501618122977347,2
668,36,pos,0.9501618122977347,0
217,36,pos,0.9162666666666669,6
358,36,pos,0.9501618122977347,1
358,36,pos,0.9501618122977347,8
436,36,pos,0.648961038961039,0
507,36,pos,0.648961038961039,1
508,36,pos,0.648961038961039,0
267,36,pos,0.9501618122977347,0
373,36,pos,0.648961038961039,5
373,36,pos,0.648961038961039,2
129,36,pos,0.9501618122977347,0
239,36,pos,0.9501618122977347,-2
273,36,pos,0.9501618122977347,0
477,36,pos,0.648961038961039,0
209,36,pos,0.9501618122977347,6
126,36,pos,0.9501618122977347,0
126,36,pos,0.9501618122977347,0
410,36,pos,0.648961038961039,1
478,36,pos,0.648961038961039,0
613,36,pos,0.9501618122977347,0
242,36,pos,0.9501618122977347,0
669,36,pos,0.9501618122977347,1
386,36,pos,0.9501618122977347,0
490,36,pos,0.9501618122977347,0
452,36,pos,0.9501618122977347,0
543,36,pos,0.9501618122977347,0
543,36,pos,0.9501618122977347,0
225,36,pos,0.648961038961039,5
568,36,pos,0.648961038961039,0
663,36,pos,0.9501618122977347,0
164,36,pos,0.9501618122977347,1
427,36,pos,0.9501618122977347,7
11,36,pos,0.648961038961039,1
388,36,pos,0.9501618122977347,1
54,36,pos,0.9501618122977347,0
302,36,pos,0.9501618122977347,0
588,36,pos,0.9501618122977347,0
648,36,pos,0.9501618122977347,0
200,36,pos,0.9501618122977347,3
351,36,pos,0.9501618122977347,0
351,36,pos,0.9501618122977347,0
350,36,pos,0.9501618122977347,0
350,36,pos,0.9501618122977347,0
457,36,pos,0.9501618122977347,0
517,36,pos,0.9501618122977347,0
491,36,pos,0.9501618122977347,1
561,36,pos,0.9162666666666669,0
424,36,pos,0.9501618122977347,0
644,36,pos,0.9501618122977347,0
646,36,pos,0.9501618122977347,0
48,36,pos,0.9501618122977347,0
353,36,pos,0.9501618122977347,0
353,36,pos,0.9501618122977347,0
671,36,pos,0.9162666666666669,0
362,36,pos,0.9162666666666669,0
362,36,pos,0.9162666666666669,0
382,36,pos,0.9501618122977347,0
343,36,pos,0.648961038961039,0
347,36,pos,0.648961038961039,0
84,36,pos,0.9501618122977347,0
417,36,pos,0.9501618122977347,0
526,36,pos,0.9162666666666669,11
74,36,pos,0.648961038961039,0
93,36,pos,0.9501618122977347,1
18,36,pos,0.9501618122977347,0
21,36,pos,0.9501618122977347,2
72,36,pos,0.648961038961039,0
605,36,pos,0.648961038961039,0
83,36,pos,0.9501618122977347,1
109,36,pos,0.648961038961039,0
109,36,pos,0.648961038961039,0
110,36,pos,0.648961038961039,1
121,36,pos,0.9501618122977347,0
121,36,pos,0.9501618122977347,0
159,36,pos,0.9501618122977347,6
238,36,pos,0.9501618122977347,0
240,36,pos,0.9501618122977347,0
300,36,pos,0.9501618122977347,19
385,36,pos,0.9501618122977347,0
403,36,pos,0.648961038961039,0
422,36,pos,0.9501618122977347,0
454,36,pos,0.9501618122977347,2
456,36,pos,0.9501618122977347,1
466,36,pos,0.9162666666666669,0
696,36,pos,0.9162666666666669,0
610,36,pos,0.648961038961039,6
236,36,pos,0.9501618122977347,0
335,36,pos,0.9501618122977347,0
310,36,pos,0.9162666666666669,0
597,36,pos,0.9162666666666669,0
145,36,pos,0.648961038961039,1
250,36,pos,0.9162666666666669,0
325,36,pos,0.9501618122977347,1
661,36,pos,0.9162666666666669,2
532,36,pos,0.648961038961039,0
573,36,pos,0.648961038961039,0
419,36,pos,0.9501618122977347,0
486,36,pos,0.9501618122977347,1
603,36,pos,0.648961038961039,0
73,36,pos,0.648961038961039,1
440,36,pos,0.648961038961039,0
683,36,pos,0.648961038961039,0
683,36,pos,0.648961038961039,0
638,36,pos,0.648961038961039,0
654,36,pos,0.9162666666666669,0
22,36,pos,0.9501618122977347,0
418,36,pos,0.9501618122977347,0
443,36,pos,0.648961038961039,0
489,36,pos,0.9501618122977347,2
637,36,pos,0.648961038961039,0
47,36,pos,0.9501618122977347,8
192,36,pos,0.648961038961039,0
329,36,pos,0.9501618122977347,6
681,36,pos,0.9162666666666669,0
580,36,pos,0.9501618122977347,3
633,36,pos,0.648961038961039,0
337,36,pos,0.9162666666666669,7
260,36,pos,0.648961038961039,0
621,36,pos,0.9501618122977347,0
197,36,pos,0.648961038961039,1
157,36,pos,0.9501618122977347,0
497,36,pos,0.9501618122977347,0
515,36,pos,0.9501618122977347,0
19,36,pos,0.9501618122977347,1
384,36,pos,0.9501618122977347,0
17,36,pos,0.9501618122977347,0
119,36,pos,0.9501618122977347,0
119,36,pos,0.9501618122977347,0
37,36,pos,0.648961038961039,1
450,36,pos,0.9501618122977347,0
632,36,pos,0.648961038961039,0
178,36,pos,0.9162666666666669,0
123,36,pos,0.9501618122977347,10
123,36,pos,0.9501618122977347,3
241,36,pos,0.9501618122977347,0
26,36,pos,0.9501618122977347,0
226,36,pos,0.648961038961039,0
408,36,pos,0.648961038961039,1
485,36,pos,0.9501618122977347,0
643,36,pos,0.9501618122977347,0
409,36,pos,0.648961038961039,1
59,36,pos,0.9501618122977347,0
303,36,pos,0.9501618122977347,6
311,36,pos,0.9162666666666669,1
505,36,pos,0.648961038961039,2
85,36,pos,0.9501618122977347,6
97,36,pos,0.9162666666666669,0
474,36,pos,0.648961038961039,0
476,36,pos,0.648961038961039,1
291,36,pos,0.648961038961039,16
569,36,pos,0.648961038961039,5
173,36,pos,0.9501618122977347,0
374,36,pos,0.648961038961039,1
374,36,pos,0.648961038961039,7
249,36,pos,0.9162666666666669,1
256,36,pos,0.648961038961039,0
270,36,pos,0.9501618122977347,0
354,36,pos,0.9501618122977347,0
506,36,pos,0.648961038961039,0
301,36,pos,0.9501618122977347,0
304,36,pos,0.9501618122977347,15
365,36,pos,0.9162666666666669,0
365,36,pos,0.9162666666666669,0
544,36,pos,0.9501618122977347,0
544,36,pos,0.9501618122977347,-1
584,36,pos,0.9501618122977347,0
7,36,pos,0.648961038961039,2
560,36,pos,0.9162666666666669,0
518,36,pos,0.9501618122977347,0
586,36,pos,0.9501618122977347,17
586,36,pos,0.9501618122977347,0
257,36,pos,0.648961038961039,0
552,36,pos,0.9501618122977347,1
552,36,pos,0.9501618122977347,1
645,36,pos,0.9501618122977347,0
120,36,pos,0.9501618122977347,3
120,36,pos,0.9501618122977347,2
166,36,pos,0.9501618122977347,1
58,36,pos,0.9501618122977347,0
202,36,pos,0.9501618122977347,0
258,36,pos,0.648961038961039,1
366,36,pos,0.2871604938271605,1
366,36,pos,0.2871604938271605,1
53,36,pos,0.9501618122977347,1
591,36,pos,0.9501618122977347,0
107,36,pos,0.648961038961039,0
107,36,pos,0.648961038961039,0
293,36,pos,0.648961038961039,3
287,36,pos,0.2871604938271605,0
1,36,pos,0.2871604938271605,0
122,36,pos,0.9501618122977347,0
122,36,pos,0.9501618122977347,0
585,36,pos,0.9501618122977347,0
31,36,pos,0.9162666666666669,2
677,36,pos,0.9501618122977347,0
677,36,pos,0.9501618122977347,0
106,36,pos,0.648961038961039,6
106,36,pos,0.648961038961039,0
251,36,pos,0.9162666666666669,0
397,36,pos,0.9162666666666669,12
420,36,pos,0.9501618122977347,0
421,36,pos,0.9501618122977347,0
453,36,pos,0.9501618122977347,0
465,36,pos,0.9162666666666669,1
500,36,pos,0.9162666666666669,0
583,36,pos,0.9501618122977347,1
531,36,pos,0.648961038961039,0
352,36,pos,0.9501618122977347,0
352,36,pos,0.9501618122977347,0
444,36,pos,0.648961038961039,1
338,36,pos,0.9162666666666669,0
411,36,pos,0.648961038961039,0
609,36,pos,0.648961038961039,6
146,36,pos,0.648961038961039,0
522,36,pos,0.9501618122977347,0
36,36,pos,0.648961038961039,0
151,36,pos,0.648961038961039,0
182,36,pos,0.2871604938271605,1
413,36,pos,0.9501618122977347,1
431,36,pos,0.2871604938271605,0
113,36,pos,0.648961038961039,0
113,36,pos,0.648961038961039,0
314,36,pos,0.2871604938271605,6
469,36,pos,0.2871604938271605,1
295,36,pos,0.648961038961039,0
317,36,pos,0.648961038961039,0
565,36,pos,0.2871604938271605,0
233,36,pos,0.648961038961039,2
220,36,pos,0.2871604938271605,3
502,36,pos,0.2871604938271605,0
82,36,pos,0.9501618122977347,0
191,36,pos,0.648961038961039,1
441,36,pos,0.648961038961039,1
521,36,pos,0.9501618122977347,0
575,36,pos,0.648961038961039,1
624,36,pos,0.9162666666666669,0
207,36,pos,0.9501618122977347,0
283,36,pos,0.9162666666666669,12
266,36,pos,0.9501618122977347,0
618,36,pos,0.9501618122977347,9
90,36,pos,0.9501618122977347,1
525,36,pos,0.9162666666666669,0
246,36,pos,0.9501618122977347,1
542,36,pos,0.648961038961039,0
542,36,pos,0.648961038961039,0
685,36,pos,0.648961038961039,0
40,36,pos,0.648961038961039,4
607,36,pos,0.648961038961039,0
261,36,pos,0.648961038961039,2
342,36,pos,0.648961038961039,0
348,36,pos,0.648961038961039,0
30,36,pos,0.9162666666666669,2
190,36,pos,0.648961038961039,0
541,36,pos,0.648961038961039,0
318,36,pos,0.648961038961039,7
670,36,pos,0.2871604938271605,0
631,36,pos,0.648961038961039,0
33,36,pos,0.2871604938271605,0
67,36,pos,0.2871604938271605,1
322,36,pos,0.648961038961039,0
679,36,pos,0.2871604938271605,1
679,36,pos,0.2871604938271605,1
321,36,pos,0.648961038961039,1
187,36,pos,0.648961038961039,0
596,36,pos,0.9162666666666669,2
596,36,pos,0.9162666666666669,1
470,36,pos,0.2871604938271605,8
407,36,pos,0.648961038961039,2
162,36,pos,0.9501618122977347,0
682,36,pos,0.648961038961039,2
442,36,pos,0.648961038961039,0
635,36,pos,0.648961038961039,0
8,36,pos,0.648961038961039,1
665,36,pos,0.2871604938271605,0
139,36,pos,0.2871604938271605,0
101,36,pos,0.2871604938271605,0
101,36,pos,0.2871604938271605,0
210,36,pos,0.9501618122977347,5
406,36,pos,0.648961038961039,1
673,36,pos,0.9501618122977347,0
547,36,pos,0.9501618122977347,0
330,36,pos,0.9501618122977347,1
376,36,pos,0.648961038961039,8
376,36,pos,0.648961038961039,2
272,36,pos,0.9501618122977347,0
356,36,pos,0.9501618122977347,12
356,36,pos,0.9501618122977347,12
77,36,pos,0.648961038961039,0
228,36,pos,0.648961038961039,0
326,36,pos,0.9501618122977347,0
128,36,pos,0.9501618122977347,0
170,36,pos,0.9501618122977347,8
493,36,pos,0.9501618122977347,2
124,36,pos,0.9501618122977347,3
124,36,pos,0.9501618122977347,2
38,36,pos,0.648961038961039,0
10,36,pos,0.648961038961039,1
676,36,pos,0.9501618122977347,0
319,36,pos,0.648961038961039,2
9,36,pos,0.648961038961039,0
23,36,pos,0.9501618122977347,1
24,36,pos,0.9501618122977347,0
25,36,pos,0.9501618122977347,0
662,36,pos,0.648961038961039,0
49,36,pos,0.9501618122977347,0
51,36,pos,0.9501618122977347,0
201,36,pos,0.9501618122977347,0
215,36,pos,0.9162666666666669,6
680,36,pos,0.9162666666666669,3
98,36,pos,0.9162666666666669,0
161,36,pos,0.9501618122977347,0
163,36,pos,0.9501618122977347,3
165,36,pos,0.9501618122977347,6
179,36,pos,0.9162666666666669,0
180,36,pos,0.9162666666666669,0
284,36,pos,0.9162666666666669,6
290,36,pos,0.648961038961039,5
327,36,pos,0.9501618122977347,6
328,36,pos,0.9501618122977347,0
691,36,pos,0.9162666666666669,1
389,36,pos,0.9501618122977347,0
390,36,pos,0.9501618122977347,0
399,36,pos,0.2871604938271605,0
404,36,pos,0.648961038961039,0
405,36,pos,0.648961038961039,2
52,36,pos,0.9501618122977347,0
473,36,pos,0.648961038961039,0
426,36,pos,0.9501618122977347,1
527,36,pos,0.9162666666666669,0
693,36,pos,0.9501618122977347,2
545,36,pos,0.9501618122977347,1
587,36,pos,0.9501618122977347,1
589,36,pos,0.9501618122977347,2
615,36,pos,0.9501618122977347,0
647,36,pos,0.9501618122977347,0
331,36,pos,0.9501618122977347,1
276,36,pos,0.9501618122977347,0
628,36,pos,0.2871604938271605,1
148,36,pos,0.648961038961039,1
116,36,pos,0.648961038961039,3
116,36,pos,0.648961038961039,0
579,36,pos,0.9501618122977347,0
20,36,pos,0.9501618122977347,0
81,36,pos,0.9501618122977347,7
415,36,pos,0.9501618122977347,0
451,36,pos,0.9501618122977347,0
581,36,pos,0.9501618122977347,0
12,36,pos,0.648961038961039,1
27,36,pos,0.9501618122977347,0
32,36,pos,0.2871604938271605,0
55,36,pos,0.9501618122977347,0
56,36,pos,0.9501618122977347,0
57,36,pos,0.9501618122977347,1
203,36,pos,0.9501618122977347,0
204,36,pos,0.9501618122977347,1
206,36,pos,0.9501618122977347,0
208,36,pos,0.9501618122977347,0
216,36,pos,0.9162666666666669,0
71,36,pos,0.648961038961039,1
87,36,pos,0.9501618122977347,1
88,36,pos,0.9501618122977347,6
89,36,pos,0.9501618122977347,8
91,36,pos,0.9501618122977347,0
391,36,pos,0.9501618122977347,0
125,36,pos,0.9501618122977347,6
125,36,pos,0.9501618122977347,1
127,36,pos,0.9501618122977347,0
168,36,pos,0.9501618122977347,0
171,36,pos,0.9501618122977347,6
172,36,pos,0.9501618122977347,0
174,36,pos,0.9501618122977347,0
181,36,pos,0.9162666666666669,0
227,36,pos,0.648961038961039,2
243,36,pos,0.9501618122977347,0
244,36,pos,0.9501618122977347,7
245,36,pos,0.9501618122977347,0
672,36,pos,0.648961038961039,0
259,36,pos,0.648961038961039,2
268,36,pos,0.9501618122977347,0
269,36,pos,0.9501618122977347,2
271,36,pos,0.9501618122977347,1
285,36,pos,0.9162666666666669,13
292,36,pos,0.648961038961039,0
312,36,pos,0.9162666666666669,6
316,36,pos,0.648961038961039,0
355,36,pos,0.9501618122977347,0
355,36,pos,0.9501618122977347,0
357,36,pos,0.9501618122977347,1
357,36,pos,0.9501618122977347,10
363,36,pos,0.9162666666666669,0
363,36,pos,0.9162666666666669,1
364,36,pos,0.9162666666666669,0
364,36,pos,0.9162666666666669,0
375,36,pos,0.648961038961039,0
375,36,pos,0.648961038961039,0
377,36,pos,0.648961038961039,1
377,36,pos,0.648961038961039,2
692,36,pos,0.648961038961039,0
400,36,pos,0.2871604938271605,2
412,36,pos,0.648961038961039,0
428,36,pos,0.9501618122977347,2
429,36,pos,0.9501618122977347,0
432,36,pos,0.2871604938271605,1
437,36,pos,0.648961038961039,0
438,36,pos,0.648961038961039,0
458,36,pos,0.9501618122977347,0
475,36,pos,0.648961038961039,1
492,36,pos,0.9501618122977347,0
494,36,pos,0.9501618122977347,0
674,36,pos,0.2871604938271605,0
684,36,pos,0.648961038961039,0
519,36,pos,0.9501618122977347,3
520,36,pos,0.9501618122977347,0
546,36,pos,0.9501618122977347,0
548,36,pos,0.9501618122977347,1
549,36,pos,0.9501618122977347,0
550,36,pos,0.9501618122977347,0
551,36,pos,0.9501618122977347,0
590,36,pos,0.9501618122977347,0
592,36,pos,0.9501618122977347,0
616,36,pos,0.9501618122977347,0
617,36,pos,0.9501618122977347,0
619,36,pos,0.9501618122977347,0
649,36,pos,0.9501618122977347,0
655,36,pos,0.9162666666666669,0
656,36,pos,0.9162666666666669,0
50,36,pos,0.9501618122977347,0
425,36,pos,0.9501618122977347,0
2,36,pos,0.2871604938271605,8
28,36,pos,0.9501618122977347,2
29,36,pos,0.9501618122977347,0
39,36,pos,0.648961038961039,2
41,36,pos,0.648961038961039,0
60,36,pos,0.9501618122977347,0
61,36,pos,0.9501618122977347,0
62,36,pos,0.9501618122977347,1
63,36,pos,0.9501618122977347,0
65,36,pos,0.9162666666666669,0
183,36,pos,0.2871604938271605,0
186,36,pos,0.648961038961039,2
212,36,pos,0.9501618122977347,6
213,36,pos,0.9501618122977347,0
214,36,pos,0.9501618122977347,0
218,36,pos,0.9162666666666669,0
219,36,pos,0.9162666666666669,0
66,36,pos,0.2871604938271605,2
92,36,pos,0.9501618122977347,7
94,36,pos,0.9501618122977347,1
95,36,pos,0.9501618122977347,9
96,36,pos,0.9501618122977347,0
99,36,pos,0.9162666666666669,0
100,36,pos,0.9162666666666669,0
687,36,pos,0.9501618122977347,0
108,36,pos,0.648961038961039,0
108,36,pos,0.648961038961039,0
111,36,pos,0.648961038961039,2
112,36,pos,0.648961038961039,0
130,36,pos,0.9501618122977347,1
131,36,pos,0.9501618122977347,0
132,36,pos,0.9501618122977347,1
133,36,pos,0.9501618122977347,0
134,36,pos,0.9501618122977347,0
137,36,pos,0.9162666666666669,0
138,36,pos,0.2871604938271605,0
143,36,pos,0.648961038961039,0
144,36,pos,0.648961038961039,0
147,36,pos,0.648961038961039,1
149,36,pos,0.648961038961039,1
149,36,pos,0.648961038961039,4
150,36,pos,0.648961038961039,0
152,36,pos,0.648961038961039,0
153,36,pos,0.648961038961039,0
175,36,pos,0.9501618122977347,6
176,36,pos,0.9501618122977347,0
177,36,pos,0.9501618122977347,0
221,36,pos,0.2871604938271605,0
229,36,pos,0.648961038961039,0
230,36,pos,0.648961038961039,1
231,36,pos,0.648961038961039,0
232,36,pos,0.648961038961039,0
247,36,pos,0.9501618122977347,0
248,36,pos,0.9501618122977347,0
274,36,pos,0.9501618122977347,1
275,36,pos,0.9501618122977347,3
277,36,pos,0.9501618122977347,0
278,36,pos,0.9501618122977347,0
279,36,pos,0.9501618122977347,0
280,36,pos,0.9501618122977347,6
281,36,pos,0.9501618122977347,9
282,36,pos,0.9501618122977347,3
286,36,pos,0.9162666666666669,0
690,36,pos,0.9501618122977347,1
288,36,pos,0.2871604938271605,1
294,36,pos,0.648961038961039,1
296,36,pos,0.648961038961039,1
305,36,pos,0.9501618122977347,1
306,36,pos,0.9501618122977347,0
307,36,pos,0.9501618122977347,8
308,36,pos,0.9501618122977347,0
309,36,pos,0.9501618122977347,7
313,36,pos,0.9162666666666669,0
667,36,pos,0.648961038961039,0
320,36,pos,0.648961038961039,0
333,36,pos,0.9501618122977347,6
334,36,pos,0.9501618122977347,0
336,36,pos,0.9501618122977347,0
339,36,pos,0.2871604938271605,0
359,36,pos,0.9501618122977347,0
359,36,pos,0.9501618122977347,0
360,36,pos,0.9501618122977347,0
360,36,pos,0.9501618122977347,0
361,36,pos,0.9501618122977347,0
361,36,pos,0.9501618122977347,0
367,36,pos,0.2871604938271605,0
367,36,pos,0.2871604938271605,1
393,36,pos,0.9501618122977347,0
394,36,pos,0.9501618122977347,1
395,36,pos,0.9501618122977347,0
396,36,pos,0.9501618122977347,0
398,36,pos,0.9162666666666669,0
686,36,pos,0.9501618122977347,0
439,36,pos,0.648961038961039,0
460,36,pos,0.9501618122977347,2
461,36,pos,0.9501618122977347,0
462,36,pos,0.9501618122977347,0
463,36,pos,0.9501618122977347,0
464,36,pos,0.9501618122977347,1
467,36,pos,0.9162666666666669,1
468,36,pos,0.9162666666666669,1
479,36,pos,0.648961038961039,0
480,36,pos,0.648961038961039,2
495,36,pos,0.9501618122977347,0
496,36,pos,0.9501618122977347,0
498,36,pos,0.9501618122977347,0
501,36,pos,0.9162666666666669,0
689,36,pos,0.9501618122977347,1
509,36,pos,0.648961038961039,2
510,36,pos,0.648961038961039,5
511,36,pos,0.648961038961039,0
512,36,pos,0.648961038961039,0
523,36,pos,0.9501618122977347,1
524,36,pos,0.9501618122977347,0
528,36,pos,0.2871604938271605,1
554,36,pos,0.9501618122977347,0
555,36,pos,0.9501618122977347,0
555,36,pos,0.9501618122977347,0
556,36,pos,0.9501618122977347,0
557,36,pos,0.9501618122977347,0
558,36,pos,0.9501618122977347,1
559,36,pos,0.9501618122977347,7
559,36,pos,0.9501618122977347,0
562,36,pos,0.9162666666666669,1
563,36,pos,0.9162666666666669,0
564,36,pos,0.9162666666666669,0
570,36,pos,0.648961038961039,1
571,36,pos,0.648961038961039,0
572,36,pos,0.648961038961039,0
574,36,pos,0.648961038961039,2
594,36,pos,0.9501618122977347,5
594,36,pos,0.9501618122977347,2
595,36,pos,0.9501618122977347,0
598,36,pos,0.9162666666666669,0
599,36,pos,0.9162666666666669,0
600,36,pos,0.2871604938271605,0
604,36,pos,0.648961038961039,0
606,36,pos,0.648961038961039,0
608,36,pos,0.648961038961039,0
620,36,pos,0.9501618122977347,0
622,36,pos,0.9501618122977347,0
623,36,pos,0.9501618122977347,0
626,36,pos,0.9162666666666669,0
626,36,pos,0.9162666666666669,0
659,36,pos,0.648961038961039,0
627,36,pos,0.2871604938271605,0
634,36,pos,0.648961038961039,0
636,36,pos,0.648961038961039,0
650,36,pos,0.9501618122977347,0
651,36,pos,0.9501618122977347,0
651,36,pos,0.9501618122977347,0
652,36,pos,0.9501618122977347,0
652,36,pos,0.9501618122977347,0
653,36,pos,0.9501618122977347,0
657,36,pos,0.9162666666666669,0
658,36,pos,0.9162666666666669,0
695,36,pos,0.648961038961039,0
3,36,pos,0.2871604938271605,1
4,36,pos,0.2871604938271605,0
13,36,pos,0.648961038961039,2
14,36,pos,0.648961038961039,0
15,36,pos,0.648961038961039,2
34,36,pos,0.2871604938271605,0
35,36,pos,0.2871604938271605,0
42,36,pos,0.648961038961039,3
43,36,pos,0.648961038961039,1
44,36,pos,0.648961038961039,2
45,36,pos,0.648961038961039,6
46,36,pos,0.648961038961039,10
688,36,pos,0.2871604938271605,3
184,36,pos,0.2871604938271605,0
185,36,pos,0.2871604938271605,2
188,36,pos,0.648961038961039,1
189,36,pos,0.648961038961039,1
193,36,pos,0.648961038961039,0
194,36,pos,0.648961038961039,0
195,36,pos,0.648961038961039,1
195,36,pos,0.648961038961039,1
196,36,pos,0.648961038961039,0
198,36,pos,0.648961038961039,0
199,36,pos,0.648961038961039,1
68,36,pos,0.2871604938271605,0
69,36,pos,0.2871604938271605,1
70,36,pos,0.2871604938271605,1
75,36,pos,0.648961038961039,1
76,36,pos,0.648961038961039,0
78,36,pos,0.648961038961039,0
79,36,pos,0.648961038961039,0
80,36,pos,0.648961038961039,0
102,36,pos,0.2871604938271605,6
102,36,pos,0.2871604938271605,1
103,36,pos,0.2871604938271605,1
103,36,pos,0.2871604938271605,1
104,36,pos,0.2871604938271605,5
104,36,pos,0.2871604938271605,1
105,36,pos,0.2871604938271605,0
114,36,pos,0.648961038961039,0
114,36,pos,0.648961038961039,0
115,36,pos,0.648961038961039,0
115,36,pos,0.648961038961039,0
117,36,pos,0.648961038961039,0
117,36,pos,0.648961038961039,0
118,36,pos,0.648961038961039,0
118,36,pos,0.648961038961039,0
140,36,pos,0.2871604938271605,0
141,36,pos,0.2871604938271605,2
142,36,pos,0.2871604938271605,0
154,36,pos,0.648961038961039,1
155,36,pos,0.648961038961039,0
156,36,pos,0.648961038961039,7
222,36,pos,0.2871604938271605,9
223,36,pos,0.2871604938271605,0
234,36,pos,0.648961038961039,0
254,36,pos,0.2871604938271605,0
255,36,pos,0.2871604938271605,2
262,36,pos,0.648961038961039,0
263,36,pos,0.648961038961039,0
264,36,pos,0.648961038961039,2
265,36,pos,0.648961038961039,2
289,36,pos,0.2871604938271605,0
297,36,pos,0.648961038961039,0
298,36,pos,0.648961038961039,0
630,36,pos,0.2871604938271605,0
315,36,pos,0.2871604938271605,3
323,36,pos,0.648961038961039,0
664,36,pos,0.2871604938271605,0
340,36,pos,0.2871604938271605,3
341,36,pos,0.2871604938271605,6
344,36,pos,0.648961038961039,0
345,36,pos,0.648961038961039,8
346,36,pos,0.648961038961039,0
349,36,pos,0.648961038961039,0
368,36,pos,0.2871604938271605,1
368,36,pos,0.2871604938271605,1
369,36,pos,0.2871604938271605,2
369,36,pos,0.2871604938271605,5
378,36,pos,0.648961038961039,0
379,36,pos,0.648961038961039,0
380,36,pos,0.648961038961039,0
401,36,pos,0.2871604938271605,1
433,36,pos,0.2871604938271605,2
434,36,pos,0.2871604938271605,0
435,36,pos,0.2871604938271605,0
445,36,pos,0.648961038961039,1
446,36,pos,0.648961038961039,1
447,36,pos,0.648961038961039,0
448,36,pos,0.648961038961039,1
471,36,pos,0.2871604938271605,1
472,36,pos,0.2871604938271605,1
481,36,pos,0.648961038961039,1
482,36,pos,0.648961038961039,1
483,36,pos,0.648961038961039,1
484,36,pos,0.648961038961039,1
503,36,pos,0.2871604938271605,0
504,36,pos,0.2871604938271605,0
513,36,pos,0.648961038961039,1
514,36,pos,0.648961038961039,3
675,36,pos,0.2871604938271605,0
529,36,pos,0.2871604938271605,0
530,36,pos,0.2871604938271605,0
533,36,pos,0.648961038961039,0
534,36,pos,0.648961038961039,2
535,36,pos,0.648961038961039,0
536,36,pos,0.648961038961039,5
537,36,pos,0.648961038961039,0
538,36,pos,0.648961038961039,1
539,36,pos,0.648961038961039,0
540,36,pos,0.648961038961039,0
678,36,pos,0.648961038961039,0
694,36,pos,0.648961038961039,2
566,36,pos,0.2871604938271605,0
567,36,pos,0.2871604938271605,0
576,36,pos,0.648961038961039,0
577,36,pos,0.648961038961039,1
578,36,pos,0.648961038961039,1
601,36,pos,0.2871604938271605,0
602,36,pos,0.2871604938271605,3
611,36,pos,0.648961038961039,1
629,36,pos,0.2871604938271605,0
639,36,pos,0.648961038961039,0
640,36,pos,0.648961038961039,0
640,36,pos,0.648961038961039,0
641,36,pos,0.648961038961039,0
211,36,pos,0.9501618122977347,6
252,36,pos,0.9162666666666669,0
383,36,pos,0.9501618122977347,0
414,36,pos,0.9501618122977347,0
135,36,pos,0.9162666666666669,1
666,37,pos,0.9162666666666669,0
381,37,pos,0.9501618122977347,0
449,37,pos,0.9501618122977347,0
16,37,pos,0.9501618122977347,1
235,37,pos,0.9501618122977347,1
64,37,pos,0.9162666666666669,2
430,37,pos,0.9162666666666669,0
625,37,pos,0.9162666666666669,1
423,37,pos,0.9501618122977347,0
642,37,pos,0.9501618122977347,0
455,37,pos,0.9501618122977347,2
614,37,pos,0.9501618122977347,6
516,37,pos,0.9501618122977347,2
459,37,pos,0.9501618122977347,1
402,37,pos,0.648961038961039,0
136,37,pos,0.9162666666666669,2
136,37,pos,0.9162666666666669,1
612,37,pos,0.9501618122977347,6
224,37,pos,0.648961038961039,2
324,37,pos,0.9501618122977347,11
324,37,pos,0.9501618122977347,5
86,37,pos,0.9501618122977347,2
660,37,pos,0.9501618122977347,0
660,37,pos,0.9501618122977347,0
416,37,pos,0.9501618122977347,0
487,37,pos,0.9501618122977347,0
582,37,pos,0.9501618122977347,0
332,37,pos,0.9501618122977347,9
332,37,pos,0.9501618122977347,1
205,37,pos,0.9501618122977347,1
158,37,pos,0.9501618122977347,0
371,37,pos,0.648961038961039,0
237,37,pos,0.9501618122977347,1
499,37,pos,0.9162666666666669,0
488,37,pos,0.9501618122977347,0
169,37,pos,0.9501618122977347,5
372,37,pos,0.648961038961039,0
160,37,pos,0.9501618122977347,0
167,37,pos,0.9501618122977347,1
253,37,pos,0.2871604938271605,0
299,37,pos,0.9501618122977347,6
299,37,pos,0.9501618122977347,2
392,37,pos,0.9501618122977347,0
553,37,pos,0.9501618122977347,0
5,37,pos,0.648961038961039,0
6,37,pos,0.648961038961039,2
370,37,pos,0.648961038961039,3
593,37,pos,0.9501618122977347,9
593,37,pos,0.9501618122977347,7
387,37,pos,0.9501618122977347,3
668,37,pos,0.9501618122977347,0
217,37,pos,0.9162666666666669,0
358,37,pos,0.9501618122977347,8
436,37,pos,0.648961038961039,0
507,37,pos,0.648961038961039,5
508,37,pos,0.648961038961039,0
267,37,pos,0.9501618122977347,0
373,37,pos,0.648961038961039,0
129,37,pos,0.9501618122977347,0
129,37,pos,0.9501618122977347,0
239,37,pos,0.9501618122977347,0
273,37,pos,0.9501618122977347,0
477,37,pos,0.648961038961039,0
209,37,pos,0.9501618122977347,0
126,37,pos,0.9501618122977347,0
126,37,pos,0.9501618122977347,0
410,37,pos,0.648961038961039,0
478,37,pos,0.648961038961039,0
613,37,pos,0.9501618122977347,0
242,37,pos,0.9501618122977347,0
669,37,pos,0.9501618122977347,1
386,37,pos,0.9501618122977347,0
490,37,pos,0.9501618122977347,0
452,37,pos,0.9501618122977347,0
543,37,pos,0.9501618122977347,0
543,37,pos,0.9501618122977347,0
225,37,pos,0.648961038961039,6
568,37,pos,0.648961038961039,0
663,37,pos,0.9501618122977347,0
164,37,pos,0.9501618122977347,0
427,37,pos,0.9501618122977347,7
11,37,pos,0.648961038961039,1
388,37,pos,0.9501618122977347,6
54,37,pos,0.9501618122977347,0
302,37,pos,0.9501618122977347,1
302,37,pos,0.9501618122977347,2
588,37,pos,0.9501618122977347,1
648,37,pos,0.9501618122977347,0
200,37,pos,0.9501618122977347,2
351,37,pos,0.9501618122977347,0
350,37,pos,0.9501618122977347,0
457,37,pos,0.9501618122977347,0
517,37,pos,0.9501618122977347,0
491,37,pos,0.9501618122977347,5
561,37,pos,0.9162666666666669,0
424,37,pos,0.9501618122977347,0
644,37,pos,0.9501618122977347,0
646,37,pos,0.9501618122977347,0
48,37,pos,0.9501618122977347,1
48,37,pos,0.9501618122977347,2
353,37,pos,0.9501618122977347,0
671,37,pos,0.9162666666666669,0
362,37,pos,0.9162666666666669,0
382,37,pos,0.9501618122977347,0
343,37,pos,0.648961038961039,0
343,37,pos,0.648961038961039,0
347,37,pos,0.648961038961039,0
347,37,pos,0.648961038961039,0
84,37,pos,0.9501618122977347,0
417,37,pos,0.9501618122977347,0
526,37,pos,0.9162666666666669,2
74,37,pos,0.648961038961039,0
93,37,pos,0.9501618122977347,1
18,37,pos,0.9501618122977347,0
21,37,pos,0.9501618122977347,0
72,37,pos,0.648961038961039,0
605,37,pos,0.648961038961039,0
83,37,pos,0.9501618122977347,1
109,37,pos,0.648961038961039,1
109,37,pos,0.648961038961039,0
110,37,pos,0.648961038961039,1
121,37,pos,0.9501618122977347,0
121,37,pos,0.9501618122977347,0
159,37,pos,0.9501618122977347,2
238,37,pos,0.9501618122977347,0
240,37,pos,0.9501618122977347,0
300,37,pos,0.9501618122977347,0
300,37,pos,0.9501618122977347,2
385,37,pos,0.9501618122977347,0
403,37,pos,0.648961038961039,0
422,37,pos,0.9501618122977347,0
454,37,pos,0.9501618122977347,1
456,37,pos,0.9501618122977347,2
466,37,pos,0.9162666666666669,0
696,37,pos,0.9162666666666669,0
610,37,pos,0.648961038961039,1
610,37,pos,0.648961038961039,0
236,37,pos,0.9501618122977347,0
335,37,pos,0.9501618122977347,0
335,37,pos,0.9501618122977347,7
310,37,pos,0.9162666666666669,0
310,37,pos,0.9162666666666669,0
597,37,pos,0.9162666666666669,0
145,37,pos,0.648961038961039,1
145,37,pos,0.648961038961039,2
250,37,pos,0.9162666666666669,0
325,37,pos,0.9501618122977347,3
325,37,pos,0.9501618122977347,1
661,37,pos,0.9162666666666669,2
661,37,pos,0.9162666666666669,5
532,37,pos,0.648961038961039,0
573,37,pos,0.648961038961039,6
573,37,pos,0.648961038961039,2
419,37,pos,0.9501618122977347,1
486,37,pos,0.9501618122977347,0
603,37,pos,0.648961038961039,4
73,37,pos,0.648961038961039,2
440,37,pos,0.648961038961039,0
683,37,pos,0.648961038961039,0
638,37,pos,0.648961038961039,0
654,37,pos,0.9162666666666669,0
22,37,pos,0.9501618122977347,0
418,37,pos,0.9501618122977347,0
443,37,pos,0.648961038961039,0
489,37,pos,0.9501618122977347,2
637,37,pos,0.648961038961039,0
47,37,pos,0.9501618122977347,8
192,37,pos,0.648961038961039,1
329,37,pos,0.9501618122977347,6
329,37,pos,0.9501618122977347,2
681,37,pos,0.9162666666666669,0
580,37,pos,0.9501618122977347,1
633,37,pos,0.648961038961039,0
337,37,pos,0.9162666666666669,6
337,37,pos,0.9162666666666669,2
260,37,pos,0.648961038961039,0
621,37,pos,0.9501618122977347,0
197,37,pos,0.648961038961039,1
157,37,pos,0.9501618122977347,0
497,37,pos,0.9501618122977347,0
515,37,pos,0.9501618122977347,0
19,37,pos,0.9501618122977347,0
384,37,pos,0.9501618122977347,0
17,37,pos,0.9501618122977347,0
119,37,pos,0.9501618122977347,0
119,37,pos,0.9501618122977347,0
37,37,pos,0.648961038961039,2
450,37,pos,0.9501618122977347,0
632,37,pos,0.648961038961039,0
178,37,pos,0.9162666666666669,0
123,37,pos,0.9501618122977347,1
123,37,pos,0.9501618122977347,1
241,37,pos,0.9501618122977347,0
26,37,pos,0.9501618122977347,0
226,37,pos,0.648961038961039,0
408,37,pos,0.648961038961039,0
485,37,pos,0.9501618122977347,0
643,37,pos,0.9501618122977347,0
643,37,pos,0.9501618122977347,0
409,37,pos,0.648961038961039,1
59,37,pos,0.9501618122977347,0
303,37,pos,0.9501618122977347,3
303,37,pos,0.9501618122977347,2
311,37,pos,0.9162666666666669,0
311,37,pos,0.9162666666666669,1
505,37,pos,0.648961038961039,0
85,37,pos,0.9501618122977347,1
97,37,pos,0.9162666666666669,0
474,37,pos,0.648961038961039,1
476,37,pos,0.648961038961039,0
291,37,pos,0.648961038961039,2
569,37,pos,0.648961038961039,1
569,37,pos,0.648961038961039,1
173,37,pos,0.9501618122977347,0
374,37,pos,0.648961038961039,2
249,37,pos,0.9162666666666669,6
256,37,pos,0.648961038961039,0
270,37,pos,0.9501618122977347,6
354,37,pos,0.9501618122977347,0
506,37,pos,0.648961038961039,0
301,37,pos,0.9501618122977347,1
301,37,pos,0.9501618122977347,1
304,37,pos,0.9501618122977347,2
304,37,pos,0.9501618122977347,0
365,37,pos,0.9162666666666669,1
544,37,pos,0.9501618122977347,1
544,37,pos,0.9501618122977347,1
584,37,pos,0.9501618122977347,0
7,37,pos,0.648961038961039,2
560,37,pos,0.9162666666666669,0
518,37,pos,0.9501618122977347,1
586,37,pos,0.9501618122977347,2
586,37,pos,0.9501618122977347,2
257,37,pos,0.648961038961039,0
552,37,pos,0.9501618122977347,3
645,37,pos,0.9501618122977347,0
120,37,pos,0.9501618122977347,2
120,37,pos,0.9501618122977347,2
166,37,pos,0.9501618122977347,8
58,37,pos,0.9501618122977347,0
202,37,pos,0.9501618122977347,0
258,37,pos,0.648961038961039,6
366,37,pos,0.2871604938271605,6
53,37,pos,0.9501618122977347,2
591,37,pos,0.9501618122977347,0
107,37,pos,0.648961038961039,0
107,37,pos,0.648961038961039,0
293,37,pos,0.648961038961039,2
287,37,pos,0.2871604938271605,0
1,37,pos,0.2871604938271605,0
122,37,pos,0.9501618122977347,0
122,37,pos,0.9501618122977347,0
585,37,pos,0.9501618122977347,0
31,37,pos,0.9162666666666669,2
677,37,pos,0.9501618122977347,0
677,37,pos,0.9501618122977347,0
106,37,pos,0.648961038961039,2
106,37,pos,0.648961038961039,0
251,37,pos,0.9162666666666669,0
397,37,pos,0.9162666666666669,6
420,37,pos,0.9501618122977347,0
421,37,pos,0.9501618122977347,0
453,37,pos,0.9501618122977347,0
465,37,pos,0.9162666666666669,13
500,37,pos,0.9162666666666669,0
583,37,pos,0.9501618122977347,1
531,37,pos,0.648961038961039,0
352,37,pos,0.9501618122977347,0
444,37,pos,0.648961038961039,1
338,37,pos,0.9162666666666669,1
338,37,pos,0.9162666666666669,1
411,37,pos,0.648961038961039,0
609,37,pos,0.648961038961039,3
609,37,pos,0.648961038961039,1
146,37,pos,0.648961038961039,0
146,37,pos,0.648961038961039,0
522,37,pos,0.9501618122977347,0
36,37,pos,0.648961038961039,0
151,37,pos,0.648961038961039,0
151,37,pos,0.648961038961039,0
182,37,pos,0.2871604938271605,3
413,37,pos,0.9501618122977347,1
431,37,pos,0.2871604938271605,1
113,37,pos,0.648961038961039,0
113,37,pos,0.648961038961039,0
314,37,pos,0.2871604938271605,3
314,37,pos,0.2871604938271605,9
469,37,pos,0.2871604938271605,2
295,37,pos,0.648961038961039,0
317,37,pos,0.648961038961039,0
317,37,pos,0.648961038961039,0
565,37,pos,0.2871604938271605,0
233,37,pos,0.648961038961039,2
220,37,pos,0.2871604938271605,1
502,37,pos,0.2871604938271605,0
502,37,pos,0.2871604938271605,0
82,37,pos,0.9501618122977347,0
191,37,pos,0.648961038961039,1
441,37,pos,0.648961038961039,2
521,37,pos,0.9501618122977347,0
575,37,pos,0.648961038961039,0
624,37,pos,0.9162666666666669,0
207,37,pos,0.9501618122977347,0
283,37,pos,0.9162666666666669,5
266,37,pos,0.9501618122977347,0
618,37,pos,0.9501618122977347,0
90,37,pos,0.9501618122977347,1
525,37,pos,0.9162666666666669,0
246,37,pos,0.9501618122977347,1
542,37,pos,0.648961038961039,0
542,37,pos,0.648961038961039,0
685,37,pos,0.648961038961039,0
40,37,pos,0.648961038961039,0
607,37,pos,0.648961038961039,0
261,37,pos,0.648961038961039,1
342,37,pos,0.648961038961039,0
342,37,pos,0.648961038961039,0
348,37,pos,0.648961038961039,0
348,37,pos,0.648961038961039,0
30,37,pos,0.9162666666666669,5
190,37,pos,0.648961038961039,0
541,37,pos,0.648961038961039,0
318,37,pos,0.648961038961039,1
318,37,pos,0.648961038961039,5
670,37,pos,0.2871604938271605,0
631,37,pos,0.648961038961039,0
33,37,pos,0.2871604938271605,0
67,37,pos,0.2871604938271605,1
322,37,pos,0.648961038961039,0
322,37,pos,0.648961038961039,0
679,37,pos,0.2871604938271605,0
679,37,pos,0.2871604938271605,2
321,37,pos,0.648961038961039,2
187,37,pos,0.648961038961039,0
596,37,pos,0.9162666666666669,13
596,37,pos,0.9162666666666669,1
470,37,pos,0.2871604938271605,1
407,37,pos,0.648961038961039,4
162,37,pos,0.9501618122977347,0
162,37,pos,0.9501618122977347,0
682,37,pos,0.648961038961039,1
442,37,pos,0.648961038961039,0
635,37,pos,0.648961038961039,0
635,37,pos,0.648961038961039,0
8,37,pos,0.648961038961039,1
665,37,pos,0.2871604938271605,0
139,37,pos,0.2871604938271605,0
139,37,pos,0.2871604938271605,0
101,37,pos,0.2871604938271605,0
101,37,pos,0.2871604938271605,0
210,37,pos,0.9501618122977347,13
406,37,pos,0.648961038961039,6
673,37,pos,0.9501618122977347,0
673,37,pos,0.9501618122977347,0
547,37,pos,0.9501618122977347,0
330,37,pos,0.9501618122977347,0
330,37,pos,0.9501618122977347,0
376,37,pos,0.648961038961039,6
272,37,pos,0.9501618122977347,2
272,37,pos,0.9501618122977347,0
356,37,pos,0.9501618122977347,2
77,37,pos,0.648961038961039,0
228,37,pos,0.648961038961039,0
326,37,pos,0.9501618122977347,0
326,37,pos,0.9501618122977347,0
128,37,pos,0.9501618122977347,2
128,37,pos,0.9501618122977347,0
170,37,pos,0.9501618122977347,1
493,37,pos,0.9501618122977347,5
124,37,pos,0.9501618122977347,5
124,37,pos,0.9501618122977347,2
38,37,pos,0.648961038961039,0
10,37,pos,0.648961038961039,2
676,37,pos,0.9501618122977347,0
319,37,pos,0.648961038961039,8
319,37,pos,0.648961038961039,1
9,37,pos,0.648961038961039,0
23,37,pos,0.9501618122977347,0
24,37,pos,0.9501618122977347,0
25,37,pos,0.9501618122977347,1
662,37,pos,0.648961038961039,0
49,37,pos,0.9501618122977347,0
51,37,pos,0.9501618122977347,0
201,37,pos,0.9501618122977347,0
215,37,pos,0.9162666666666669,1
680,37,pos,0.9162666666666669,2
98,37,pos,0.9162666666666669,0
161,37,pos,0.9501618122977347,0
163,37,pos,0.9501618122977347,2
165,37,pos,0.9501618122977347,1
179,37,pos,0.9162666666666669,0
180,37,pos,0.9162666666666669,7
284,37,pos,0.9162666666666669,2
290,37,pos,0.648961038961039,1
327,37,pos,0.9501618122977347,7
327,37,pos,0.9501618122977347,3
328,37,pos,0.9501618122977347,0
328,37,pos,0.9501618122977347,0
691,37,pos,0.9162666666666669,1
389,37,pos,0.9501618122977347,0
390,37,pos,0.9501618122977347,0
399,37,pos,0.2871604938271605,0
404,37,pos,0.648961038961039,0
405,37,pos,0.648961038961039,1
52,37,pos,0.9501618122977347,0
473,37,pos,0.648961038961039,0
426,37,pos,0.9501618122977347,1
527,37,pos,0.9162666666666669,0
693,37,pos,0.9501618122977347,1
545,37,pos,0.9501618122977347,2
587,37,pos,0.9501618122977347,7
587,37,pos,0.9501618122977347,1
589,37,pos,0.9501618122977347,0
615,37,pos,0.9501618122977347,0
615,37,pos,0.9501618122977347,0
647,37,pos,0.9501618122977347,0
331,37,pos,0.9501618122977347,1
331,37,pos,0.9501618122977347,1
276,37,pos,0.9501618122977347,0
628,37,pos,0.2871604938271605,6
148,37,pos,0.648961038961039,2
148,37,pos,0.648961038961039,2
116,37,pos,0.648961038961039,5
116,37,pos,0.648961038961039,1
579,37,pos,0.9501618122977347,0
20,37,pos,0.9501618122977347,0
81,37,pos,0.9501618122977347,4
415,37,pos,0.9501618122977347,0
451,37,pos,0.9501618122977347,0
581,37,pos,0.9501618122977347,0
12,37,pos,0.648961038961039,0
27,37,pos,0.9501618122977347,0
32,37,pos,0.2871604938271605,0
55,37,pos,0.9501618122977347,0
56,37,pos,0.9501618122977347,0
57,37,pos,0.9501618122977347,2
203,37,pos,0.9501618122977347,0
204,37,pos,0.9501618122977347,0
206,37,pos,0.9501618122977347,0
208,37,pos,0.9501618122977347,0
216,37,pos,0.9162666666666669,0
71,37,pos,0.648961038961039,0
87,37,pos,0.9501618122977347,0
88,37,pos,0.9501618122977347,2
89,37,pos,0.9501618122977347,12
91,37,pos,0.9501618122977347,0
391,37,pos,0.9501618122977347,0
125,37,pos,0.9501618122977347,1
125,37,pos,0.9501618122977347,7
127,37,pos,0.9501618122977347,2
127,37,pos,0.9501618122977347,0
168,37,pos,0.9501618122977347,1
171,37,pos,0.9501618122977347,2
172,37,pos,0.9501618122977347,0
174,37,pos,0.9501618122977347,0
181,37,pos,0.9162666666666669,0
227,37,pos,0.648961038961039,1
243,37,pos,0.9501618122977347,0
244,37,pos,0.9501618122977347,1
245,37,pos,0.9501618122977347,1
672,37,pos,0.648961038961039,0
259,37,pos,0.648961038961039,3
268,37,pos,0.9501618122977347,0
269,37,pos,0.9501618122977347,3
271,37,pos,0.9501618122977347,1
285,37,pos,0.9162666666666669,1
292,37,pos,0.648961038961039,1
312,37,pos,0.9162666666666669,0
312,37,pos,0.9162666666666669,0
316,37,pos,0.648961038961039,6
316,37,pos,0.648961038961039,1
355,37,pos,0.9501618122977347,0
357,37,pos,0.9501618122977347,9
363,37,pos,0.9162666666666669,0
364,37,pos,0.9162666666666669,0
375,37,pos,0.648961038961039,0
377,37,pos,0.648961038961039,8
692,37,pos,0.648961038961039,0
400,37,pos,0.2871604938271605,2
412,37,pos,0.648961038961039,0
428,37,pos,0.9501618122977347,2
429,37,pos,0.9501618122977347,0
432,37,pos,0.2871604938271605,1
437,37,pos,0.648961038961039,0
438,37,pos,0.648961038961039,0
458,37,pos,0.9501618122977347,0
475,37,pos,0.648961038961039,0
492,37,pos,0.9501618122977347,0
494,37,pos,0.9501618122977347,0
674,37,pos,0.2871604938271605,0
674,37,pos,0.2871604938271605,0
684,37,pos,0.648961038961039,0
684,37,pos,0.648961038961039,1
519,37,pos,0.9501618122977347,8
519,37,pos,0.9501618122977347,6
520,37,pos,0.9501618122977347,1
520,37,pos,0.9501618122977347,0
546,37,pos,0.9501618122977347,0
548,37,pos,0.9501618122977347,9
549,37,pos,0.9501618122977347,0
550,37,pos,0.9501618122977347,0
550,37,pos,0.9501618122977347,0
551,37,pos,0.9501618122977347,0
551,37,pos,0.9501618122977347,0
590,37,pos,0.9501618122977347,0
592,37,pos,0.9501618122977347,0
616,37,pos,0.9501618122977347,0
616,37,pos,0.9501618122977347,0
617,37,pos,0.9501618122977347,0
617,37,pos,0.9501618122977347,0
619,37,pos,0.9501618122977347,1
649,37,pos,0.9501618122977347,0
655,37,pos,0.9162666666666669,0
656,37,pos,0.9162666666666669,0
656,37,pos,0.9162666666666669,0
50,37,pos,0.9501618122977347,0
425,37,pos,0.9501618122977347,0
2,37,pos,0.2871604938271605,2
28,37,pos,0.9501618122977347,1
29,37,pos,0.9501618122977347,0
39,37,pos,0.648961038961039,1
41,37,pos,0.648961038961039,0
60,37,pos,0.9501618122977347,1
61,37,pos,0.9501618122977347,0
62,37,pos,0.9501618122977347,1
63,37,pos,0.9501618122977347,0
65,37,pos,0.9162666666666669,0
183,37,pos,0.2871604938271605,0
186,37,pos,0.648961038961039,2
212,37,pos,0.9501618122977347,5
213,37,pos,0.9501618122977347,0
214,37,pos,0.9501618122977347,0
218,37,pos,0.9162666666666669,0
219,37,pos,0.9162666666666669,0
66,37,pos,0.2871604938271605,2
92,37,pos,0.9501618122977347,2
94,37,pos,0.9501618122977347,1
95,37,pos,0.9501618122977347,16
96,37,pos,0.9501618122977347,0
99,37,pos,0.9162666666666669,0
100,37,pos,0.9162666666666669,0
687,37,pos,0.9501618122977347,0
108,37,pos,0.648961038961039,0
108,37,pos,0.648961038961039,0
111,37,pos,0.648961038961039,2
112,37,pos,0.648961038961039,0
112,37,pos,0.648961038961039,0
130,37,pos,0.9501618122977347,2
131,37,pos,0.9501618122977347,0
131,37,pos,0.9501618122977347,0
132,37,pos,0.9501618122977347,0
132,37,pos,0.9501618122977347,0
133,37,pos,0.9501618122977347,2
133,37,pos,0.9501618122977347,1
134,37,pos,0.9501618122977347,0
134,37,pos,0.9501618122977347,0
137,37,pos,0.9162666666666669,0
137,37,pos,0.9162666666666669,0
138,37,pos,0.2871604938271605,0
138,37,pos,0.2871604938271605,0
143,37,pos,0.648961038961039,0
143,37,pos,0.648961038961039,0
144,37,pos,0.648961038961039,0
144,37,pos,0.648961038961039,0
147,37,pos,0.648961038961039,0
147,37,pos,0.648961038961039,0
149,37,pos,0.648961038961039,1
149,37,pos,0.648961038961039,1
150,37,pos,0.648961038961039,0
150,37,pos,0.648961038961039,0
152,37,pos,0.648961038961039,0
153,37,pos,0.648961038961039,0
175,37,pos,0.9501618122977347,1
176,37,pos,0.9501618122977347,0
177,37,pos,0.9501618122977347,0
221,37,pos,0.2871604938271605,0
229,37,pos,0.648961038961039,0
230,37,pos,0.648961038961039,0
231,37,pos,0.648961038961039,0
232,37,pos,0.648961038961039,0
247,37,pos,0.9501618122977347,0
248,37,pos,0.9501618122977347,0
274,37,pos,0.9501618122977347,1
275,37,pos,0.9501618122977347,2
277,37,pos,0.9501618122977347,0
278,37,pos,0.9501618122977347,0
279,37,pos,0.9501618122977347,7
280,37,pos,0.9501618122977347,2
281,37,pos,0.9501618122977347,2
282,37,pos,0.9501618122977347,1
286,37,pos,0.9162666666666669,0
690,37,pos,0.9501618122977347,0
690,37,pos,0.9501618122977347,5
288,37,pos,0.2871604938271605,1
294,37,pos,0.648961038961039,1
296,37,pos,0.648961038961039,0
305,37,pos,0.9501618122977347,0
305,37,pos,0.9501618122977347,0
306,37,pos,0.9501618122977347,0
306,37,pos,0.9501618122977347,0
307,37,pos,0.9501618122977347,0
307,37,pos,0.9501618122977347,0
308,37,pos,0.9501618122977347,0
308,37,pos,0.9501618122977347,0
309,37,pos,0.9501618122977347,6
309,37,pos,0.9501618122977347,0
313,37,pos,0.9162666666666669,0
667,37,pos,0.648961038961039,0
320,37,pos,0.648961038961039,0
320,37,pos,0.648961038961039,0
333,37,pos,0.9501618122977347,3
333,37,pos,0.9501618122977347,8
334,37,pos,0.9501618122977347,0
334,37,pos,0.9501618122977347,0
336,37,pos,0.9501618122977347,0
336,37,pos,0.9501618122977347,0
339,37,pos,0.2871604938271605,0
339,37,pos,0.2871604938271605,0
359,37,pos,0.9501618122977347,0
360,37,pos,0.9501618122977347,0
361,37,pos,0.9501618122977347,0
367,37,pos,0.2871604938271605,0
393,37,pos,0.9501618122977347,0
394,37,pos,0.9501618122977347,1
395,37,pos,0.9501618122977347,0
396,37,pos,0.9501618122977347,0
398,37,pos,0.9162666666666669,0
686,37,pos,0.9501618122977347,0
439,37,pos,0.648961038961039,0
460,37,pos,0.9501618122977347,7
461,37,pos,0.9501618122977347,1
462,37,pos,0.9501618122977347,0
463,37,pos,0.9501618122977347,2
464,37,pos,0.9501618122977347,0
467,37,pos,0.9162666666666669,9
468,37,pos,0.9162666666666669,2
479,37,pos,0.648961038961039,1
480,37,pos,0.648961038961039,2
495,37,pos,0.9501618122977347,0
496,37,pos,0.9501618122977347,0
498,37,pos,0.9501618122977347,0
501,37,pos,0.9162666666666669,0
689,37,pos,0.9501618122977347,0
689,37,pos,0.9501618122977347,0
509,37,pos,0.648961038961039,0
510,37,pos,0.648961038961039,5
511,37,pos,0.648961038961039,0
512,37,pos,0.648961038961039,2
523,37,pos,0.9501618122977347,0
524,37,pos,0.9501618122977347,0
528,37,pos,0.2871604938271605,0
554,37,pos,0.9501618122977347,0
555,37,pos,0.9501618122977347,0
556,37,pos,0.9501618122977347,0
557,37,pos,0.9501618122977347,0
558,37,pos,0.9501618122977347,0
559,37,pos,0.9501618122977347,6
559,37,pos,0.9501618122977347,6
562,37,pos,0.9162666666666669,1
563,37,pos,0.9162666666666669,0
564,37,pos,0.9162666666666669,0
570,37,pos,0.648961038961039,1
571,37,pos,0.648961038961039,0
572,37,pos,0.648961038961039,0
574,37,pos,0.648961038961039,3
594,37,pos,0.9501618122977347,1
595,37,pos,0.9501618122977347,1
598,37,pos,0.9162666666666669,0
599,37,pos,0.9162666666666669,0
599,37,pos,0.9162666666666669,0
600,37,pos,0.2871604938271605,0
600,37,pos,0.2871604938271605,0
604,37,pos,0.648961038961039,0
606,37,pos,0.648961038961039,0
606,37,pos,0.648961038961039,0
608,37,pos,0.648961038961039,0
620,37,pos,0.9501618122977347,0
622,37,pos,0.9501618122977347,0
623,37,pos,0.9501618122977347,0
626,37,pos,0.9162666666666669,0
659,37,pos,0.648961038961039,0
627,37,pos,0.2871604938271605,0
634,37,pos,0.648961038961039,0
636,37,pos,0.648961038961039,0
650,37,pos,0.9501618122977347,0
651,37,pos,0.9501618122977347,0
651,37,pos,0.9501618122977347,0
652,37,pos,0.9501618122977347,0
652,37,pos,0.9501618122977347,0
653,37,pos,0.9501618122977347,0
653,37,pos,0.9501618122977347,0
657,37,pos,0.9162666666666669,0
658,37,pos,0.9162666666666669,0
695,37,pos,0.648961038961039,0
3,37,pos,0.2871604938271605,2
4,37,pos,0.2871604938271605,0
13,37,pos,0.648961038961039,2
14,37,pos,0.648961038961039,0
15,37,pos,0.648961038961039,2
34,37,pos,0.2871604938271605,0
35,37,pos,0.2871604938271605,0
42,37,pos,0.648961038961039,1
43,37,pos,0.648961038961039,2
44,37,pos,0.648961038961039,1
45,37,pos,0.648961038961039,1
46,37,pos,0.648961038961039,9
688,37,pos,0.2871604938271605,2
184,37,pos,0.2871604938271605,0
185,37,pos,0.2871604938271605,2
188,37,pos,0.648961038961039,10
189,37,pos,0.648961038961039,1
193,37,pos,0.648961038961039,0
194,37,pos,0.648961038961039,0
195,37,pos,0.648961038961039,1
196,37,pos,0.648961038961039,0
198,37,pos,0.648961038961039,0
199,37,pos,0.648961038961039,2
68,37,pos,0.2871604938271605,0
69,37,pos,0.2871604938271605,2
70,37,pos,0.2871604938271605,0
75,37,pos,0.648961038961039,2
76,37,pos,0.648961038961039,0
78,37,pos,0.648961038961039,0
79,37,pos,0.648961038961039,0
80,37,pos,0.648961038961039,0
102,37,pos,0.2871604938271605,2
102,37,pos,0.2871604938271605,3
103,37,pos,0.2871604938271605,1
103,37,pos,0.2871604938271605,2
104,37,pos,0.2871604938271605,9
104,37,pos,0.2871604938271605,2
105,37,pos,0.2871604938271605,0
114,37,pos,0.648961038961039,0
114,37,pos,0.648961038961039,0
115,37,pos,0.648961038961039,0
115,37,pos,0.648961038961039,0
117,37,pos,0.648961038961039,0
117,37,pos,0.648961038961039,0
118,37,pos,0.648961038961039,0
118,37,pos,0.648961038961039,0
140,37,pos,0.2871604938271605,1
140,37,pos,0.2871604938271605,1
141,37,pos,0.2871604938271605,2
141,37,pos,0.2871604938271605,0
142,37,pos,0.2871604938271605,0
142,37,pos,0.2871604938271605,0
154,37,pos,0.648961038961039,0
155,37,pos,0.648961038961039,0
156,37,pos,0.648961038961039,7
222,37,pos,0.2871604938271605,1
223,37,pos,0.2871604938271605,0
234,37,pos,0.648961038961039,0
254,37,pos,0.2871604938271605,0
255,37,pos,0.2871604938271605,2
262,37,pos,0.648961038961039,1
263,37,pos,0.648961038961039,0
264,37,pos,0.648961038961039,1
265,37,pos,0.648961038961039,3
289,37,pos,0.2871604938271605,0
297,37,pos,0.648961038961039,0
298,37,pos,0.648961038961039,0
630,37,pos,0.2871604938271605,0
315,37,pos,0.2871604938271605,1
315,37,pos,0.2871604938271605,2
323,37,pos,0.648961038961039,0
323,37,pos,0.648961038961039,0
664,37,pos,0.2871604938271605,0
340,37,pos,0.2871604938271605,3
340,37,pos,0.2871604938271605,7
341,37,pos,0.2871604938271605,6
341,37,pos,0.2871604938271605,2
344,37,pos,0.648961038961039,0
344,37,pos,0.648961038961039,0
345,37,pos,0.648961038961039,1
345,37,pos,0.648961038961039,7
346,37,pos,0.648961038961039,0
349,37,pos,0.648961038961039,0
368,37,pos,0.2871604938271605,1
369,37,pos,0.2871604938271605,3
378,37,pos,0.648961038961039,0
379,37,pos,0.648961038961039,0
380,37,pos,0.648961038961039,0
401,37,pos,0.2871604938271605,2
433,37,pos,0.2871604938271605,0
434,37,pos,0.2871604938271605,0
435,37,pos,0.2871604938271605,1
445,37,pos,0.648961038961039,1
446,37,pos,0.648961038961039,5
447,37,pos,0.648961038961039,0
448,37,pos,0.648961038961039,1
471,37,pos,0.2871604938271605,1
472,37,pos,0.2871604938271605,0
481,37,pos,0.648961038961039,11
482,37,pos,0.648961038961039,1
483,37,pos,0.648961038961039,3
484,37,pos,0.648961038961039,0
503,37,pos,0.2871604938271605,0
504,37,pos,0.2871604938271605,0
504,37,pos,0.2871604938271605,0
513,37,pos,0.648961038961039,1
514,37,pos,0.648961038961039,2
675,37,pos,0.2871604938271605,0
529,37,pos,0.2871604938271605,0
530,37,pos,0.2871604938271605,0
533,37,pos,0.648961038961039,0
533,37,pos,0.648961038961039,0
534,37,pos,0.648961038961039,2
535,37,pos,0.648961038961039,0
536,37,pos,0.648961038961039,3
537,37,pos,0.648961038961039,0
538,37,pos,0.648961038961039,0
539,37,pos,0.648961038961039,0
540,37,pos,0.648961038961039,0
678,37,pos,0.648961038961039,0
694,37,pos,0.648961038961039,1
566,37,pos,0.2871604938271605,0
567,37,pos,0.2871604938271605,0
576,37,pos,0.648961038961039,2
577,37,pos,0.648961038961039,2
578,37,pos,0.648961038961039,3
601,37,pos,0.2871604938271605,0
602,37,pos,0.2871604938271605,6
611,37,pos,0.648961038961039,2
629,37,pos,0.2871604938271605,1
639,37,pos,0.648961038961039,0
640,37,pos,0.648961038961039,0
640,37,pos,0.648961038961039,0
641,37,pos,0.648961038961039,0
211,37,pos,0.9501618122977347,2
252,37,pos,0.9162666666666669,1
383,37,pos,0.9501618122977347,0
414,37,pos,0.9501618122977347,0
135,37,pos,0.9162666666666669,0
135,37,pos,0.9162666666666669,4
666,38,pos,0.9162666666666669,0
381,38,pos,0.9501618122977347,0
449,38,pos,0.9501618122977347,0
16,38,pos,0.9501618122977347,6
235,38,pos,0.9501618122977347,-1
64,38,pos,0.9162666666666669,2
430,38,pos,0.9162666666666669,0
625,38,pos,0.9162666666666669,0
423,38,pos,0.9501618122977347,0
642,38,pos,0.9501618122977347,0
455,38,pos,0.9501618122977347,1
614,38,pos,0.9501618122977347,5
516,38,pos,0.9501618122977347,0
459,38,pos,0.9501618122977347,0
402,38,pos,0.648961038961039,0
136,38,pos,0.9162666666666669,1
612,38,pos,0.9501618122977347,10
224,38,pos,0.648961038961039,2
324,38,pos,0.9501618122977347,0
86,38,pos,0.9501618122977347,2
660,38,pos,0.9501618122977347,0
416,38,pos,0.9501618122977347,0
487,38,pos,0.9501618122977347,0
582,38,pos,0.9501618122977347,0
332,38,pos,0.9501618122977347,0
205,38,pos,0.9501618122977347,0
158,38,pos,0.9501618122977347,0
371,38,pos,0.648961038961039,0
237,38,pos,0.9501618122977347,0
499,38,pos,0.9162666666666669,0
488,38,pos,0.9501618122977347,0
169,38,pos,0.9501618122977347,2
372,38,pos,0.648961038961039,1
160,38,pos,0.9501618122977347,0
167,38,pos,0.9501618122977347,2
253,38,pos,0.2871604938271605,0
299,38,pos,0.9501618122977347,2
392,38,pos,0.9501618122977347,0
553,38,pos,0.9501618122977347,0
5,38,pos,0.648961038961039,0
6,38,pos,0.648961038961039,3
370,38,pos,0.648961038961039,0
593,38,pos,0.9501618122977347,2
387,38,pos,0.9501618122977347,1
668,38,pos,0.9501618122977347,0
217,38,pos,0.9162666666666669,1
358,38,pos,0.9501618122977347,1
436,38,pos,0.648961038961039,0
507,38,pos,0.648961038961039,2
508,38,pos,0.648961038961039,0
267,38,pos,0.9501618122977347,0
373,38,pos,0.648961038961039,0
129,38,pos,0.9501618122977347,0
239,38,pos,0.9501618122977347,0
273,38,pos,0.9501618122977347,0
477,38,pos,0.648961038961039,0
209,38,pos,0.9501618122977347,1
126,38,pos,0.9501618122977347,0
410,38,pos,0.648961038961039,0
478,38,pos,0.648961038961039,1
613,38,pos,0.9501618122977347,0
242,38,pos,0.9501618122977347,0
669,38,pos,0.9501618122977347,0
386,38,pos,0.9501618122977347,0
490,38,pos,0.9501618122977347,0
452,38,pos,0.9501618122977347,0
543,38,pos,0.9501618122977347,0
225,38,pos,0.648961038961039,2
568,38,pos,0.648961038961039,0
663,38,pos,0.9501618122977347,0
164,38,pos,0.9501618122977347,1
427,38,pos,0.9501618122977347,16
11,38,pos,0.648961038961039,1
388,38,pos,0.9501618122977347,2
54,38,pos,0.9501618122977347,0
302,38,pos,0.9501618122977347,0
588,38,pos,0.9501618122977347,1
648,38,pos,0.9501618122977347,0
200,38,pos,0.9501618122977347,2
351,38,pos,0.9501618122977347,0
350,38,pos,0.9501618122977347,0
457,38,pos,0.9501618122977347,1
517,38,pos,0.9501618122977347,0
491,38,pos,0.9501618122977347,2
561,38,pos,0.9162666666666669,0
424,38,pos,0.9501618122977347,0
644,38,pos,0.9501618122977347,0
646,38,pos,0.9501618122977347,0
48,38,pos,0.9501618122977347,1
353,38,pos,0.9501618122977347,0
671,38,pos,0.9162666666666669,0
362,38,pos,0.9162666666666669,0
382,38,pos,0.9501618122977347,0
343,38,pos,0.648961038961039,0
347,38,pos,0.648961038961039,1
84,38,pos,0.9501618122977347,0
417,38,pos,0.9501618122977347,0
526,38,pos,0.9162666666666669,6
74,38,pos,0.648961038961039,0
93,38,pos,0.9501618122977347,3
18,38,pos,0.9501618122977347,0
21,38,pos,0.9501618122977347,0
72,38,pos,0.648961038961039,3
605,38,pos,0.648961038961039,0
83,38,pos,0.9501618122977347,1
109,38,pos,0.648961038961039,0
110,38,pos,0.648961038961039,0
121,38,pos,0.9501618122977347,0
159,38,pos,0.9501618122977347,2
238,38,pos,0.9501618122977347,0
240,38,pos,0.9501618122977347,0
300,38,pos,0.9501618122977347,0
385,38,pos,0.9501618122977347,0
403,38,pos,0.648961038961039,0
422,38,pos,0.9501618122977347,0
454,38,pos,0.9501618122977347,1
456,38,pos,0.9501618122977347,0
466,38,pos,0.9162666666666669,0
696,38,pos,0.9162666666666669,0
610,38,pos,0.648961038961039,0
236,38,pos,0.9501618122977347,0
335,38,pos,0.9501618122977347,2
310,38,pos,0.9162666666666669,0
597,38,pos,0.9162666666666669,0
145,38,pos,0.648961038961039,1
250,38,pos,0.9162666666666669,0
325,38,pos,0.9501618122977347,2
661,38,pos,0.9162666666666669,2
532,38,pos,0.648961038961039,0
573,38,pos,0.648961038961039,2
419,38,pos,0.9501618122977347,1
486,38,pos,0.9501618122977347,0
603,38,pos,0.648961038961039,2
73,38,pos,0.648961038961039,2
440,38,pos,0.648961038961039,0
683,38,pos,0.648961038961039,0
638,38,pos,0.648961038961039,0
654,38,pos,0.9162666666666669,0
22,38,pos,0.9501618122977347,0
418,38,pos,0.9501618122977347,0
443,38,pos,0.648961038961039,0
489,38,pos,0.9501618122977347,1
637,38,pos,0.648961038961039,0
47,38,pos,0.9501618122977347,9
192,38,pos,0.648961038961039,0
329,38,pos,0.9501618122977347,0
681,38,pos,0.9162666666666669,0
580,38,pos,0.9501618122977347,2
633,38,pos,0.648961038961039,0
337,38,pos,0.9162666666666669,2
260,38,pos,0.648961038961039,0
621,38,pos,0.9501618122977347,0
197,38,pos,0.648961038961039,0
157,38,pos,0.9501618122977347,0
497,38,pos,0.9501618122977347,0
515,38,pos,0.9501618122977347,0
19,38,pos,0.9501618122977347,0
384,38,pos,0.9501618122977347,0
17,38,pos,0.9501618122977347,0
119,38,pos,0.9501618122977347,0
37,38,pos,0.648961038961039,1
450,38,pos,0.9501618122977347,4
632,38,pos,0.648961038961039,0
178,38,pos,0.9162666666666669,0
123,38,pos,0.9501618122977347,5
241,38,pos,0.9501618122977347,0
26,38,pos,0.9501618122977347,0
226,38,pos,0.648961038961039,0
408,38,pos,0.648961038961039,5
485,38,pos,0.9501618122977347,0
643,38,pos,0.9501618122977347,0
409,38,pos,0.648961038961039,0
59,38,pos,0.9501618122977347,0
303,38,pos,0.9501618122977347,2
311,38,pos,0.9162666666666669,0
505,38,pos,0.648961038961039,0
85,38,pos,0.9501618122977347,7
97,38,pos,0.9162666666666669,0
474,38,pos,0.648961038961039,2
476,38,pos,0.648961038961039,2
291,38,pos,0.648961038961039,1
569,38,pos,0.648961038961039,2
173,38,pos,0.9501618122977347,0
374,38,pos,0.648961038961039,2
249,38,pos,0.9162666666666669,1
256,38,pos,0.648961038961039,1
270,38,pos,0.9501618122977347,2
354,38,pos,0.9501618122977347,0
506,38,pos,0.648961038961039,0
301,38,pos,0.9501618122977347,0
304,38,pos,0.9501618122977347,5
365,38,pos,0.9162666666666669,1
544,38,pos,0.9501618122977347,1
584,38,pos,0.9501618122977347,0
7,38,pos,0.648961038961039,3
560,38,pos,0.9162666666666669,0
518,38,pos,0.9501618122977347,3
586,38,pos,0.9501618122977347,1
257,38,pos,0.648961038961039,0
552,38,pos,0.9501618122977347,7
645,38,pos,0.9501618122977347,0
120,38,pos,0.9501618122977347,0
166,38,pos,0.9501618122977347,2
58,38,pos,0.9501618122977347,0
202,38,pos,0.9501618122977347,0
258,38,pos,0.648961038961039,2
366,38,pos,0.2871604938271605,2
53,38,pos,0.9501618122977347,2
591,38,pos,0.9501618122977347,0
107,38,pos,0.648961038961039,0
293,38,pos,0.648961038961039,1
287,38,pos,0.2871604938271605,0
1,38,pos,0.2871604938271605,0
122,38,pos,0.9501618122977347,0
585,38,pos,0.9501618122977347,1
31,38,pos,0.9162666666666669,3
677,38,pos,0.9501618122977347,1
106,38,pos,0.648961038961039,0
251,38,pos,0.9162666666666669,0
397,38,pos,0.9162666666666669,8
420,38,pos,0.9501618122977347,0
421,38,pos,0.9501618122977347,0
453,38,pos,0.9501618122977347,0
465,38,pos,0.9162666666666669,1
500,38,pos,0.9162666666666669,0
583,38,pos,0.9501618122977347,1
531,38,pos,0.648961038961039,0
352,38,pos,0.9501618122977347,0
444,38,pos,0.648961038961039,2
338,38,pos,0.9162666666666669,0
411,38,pos,0.648961038961039,0
609,38,pos,0.648961038961039,0
146,38,pos,0.648961038961039,0
522,38,pos,0.9501618122977347,0
36,38,pos,0.648961038961039,0
151,38,pos,0.648961038961039,0
182,38,pos,0.2871604938271605,5
413,38,pos,0.9501618122977347,3
431,38,pos,0.2871604938271605,6
113,38,pos,0.648961038961039,0
314,38,pos,0.2871604938271605,2
469,38,pos,0.2871604938271605,10
295,38,pos,0.648961038961039,0
317,38,pos,0.648961038961039,0
565,38,pos,0.2871604938271605,0
233,38,pos,0.648961038961039,8
220,38,pos,0.2871604938271605,1
502,38,pos,0.2871604938271605,0
82,38,pos,0.9501618122977347,0
191,38,pos,0.648961038961039,0
441,38,pos,0.648961038961039,2
521,38,pos,0.9501618122977347,0
575,38,pos,0.648961038961039,1
624,38,pos,0.9162666666666669,0
207,38,pos,0.9501618122977347,0
283,38,pos,0.9162666666666669,5
266,38,pos,0.9501618122977347,3
618,38,pos,0.9501618122977347,1
90,38,pos,0.9501618122977347,1
525,38,pos,0.9162666666666669,0
246,38,pos,0.9501618122977347,1
542,38,pos,0.648961038961039,0
685,38,pos,0.648961038961039,0
40,38,pos,0.648961038961039,9
607,38,pos,0.648961038961039,0
261,38,pos,0.648961038961039,2
342,38,pos,0.648961038961039,2
348,38,pos,0.648961038961039,0
30,38,pos,0.9162666666666669,3
190,38,pos,0.648961038961039,0
541,38,pos,0.648961038961039,0
318,38,pos,0.648961038961039,0
670,38,pos,0.2871604938271605,0
631,38,pos,0.648961038961039,0
33,38,pos,0.2871604938271605,2
67,38,pos,0.2871604938271605,0
322,38,pos,0.648961038961039,0
679,38,pos,0.2871604938271605,1
321,38,pos,0.648961038961039,2
187,38,pos,0.648961038961039,0
596,38,pos,0.9162666666666669,2
470,38,pos,0.2871604938271605,1
407,38,pos,0.648961038961039,7
162,38,pos,0.9501618122977347,0
682,38,pos,0.648961038961039,0
442,38,pos,0.648961038961039,0
635,38,pos,0.648961038961039,0
8,38,pos,0.648961038961039,1
665,38,pos,0.2871604938271605,0
139,38,pos,0.2871604938271605,0
101,38,pos,0.2871604938271605,0
210,38,pos,0.9501618122977347,-1
406,38,pos,0.648961038961039,2
673,38,pos,0.9501618122977347,0
547,38,pos,0.9501618122977347,0
330,38,pos,0.9501618122977347,2
376,38,pos,0.648961038961039,0
272,38,pos,0.9501618122977347,1
356,38,pos,0.9501618122977347,1
77,38,pos,0.648961038961039,0
228,38,pos,0.648961038961039,0
326,38,pos,0.9501618122977347,0
128,38,pos,0.9501618122977347,2
170,38,pos,0.9501618122977347,2
493,38,pos,0.9501618122977347,4
124,38,pos,0.9501618122977347,1
38,38,pos,0.648961038961039,0
10,38,pos,0.648961038961039,6
676,38,pos,0.9501618122977347,0
319,38,pos,0.648961038961039,2
9,38,pos,0.648961038961039,0
23,38,pos,0.9501618122977347,1
24,38,pos,0.9501618122977347,0
25,38,pos,0.9501618122977347,1
662,38,pos,0.648961038961039,0
49,38,pos,0.9501618122977347,0
51,38,pos,0.9501618122977347,0
201,38,pos,0.9501618122977347,0
215,38,pos,0.9162666666666669,8
680,38,pos,0.9162666666666669,6
98,38,pos,0.9162666666666669,0
161,38,pos,0.9501618122977347,0
163,38,pos,0.9501618122977347,10
165,38,pos,0.9501618122977347,2
179,38,pos,0.9162666666666669,0
180,38,pos,0.9162666666666669,0
284,38,pos,0.9162666666666669,0
290,38,pos,0.648961038961039,0
327,38,pos,0.9501618122977347,7
328,38,pos,0.9501618122977347,0
691,38,pos,0.9162666666666669,-1
389,38,pos,0.9501618122977347,0
390,38,pos,0.9501618122977347,0
399,38,pos,0.2871604938271605,0
404,38,pos,0.648961038961039,0
405,38,pos,0.648961038961039,1
52,38,pos,0.9501618122977347,0
473,38,pos,0.648961038961039,0
426,38,pos,0.9501618122977347,2
527,38,pos,0.9162666666666669,0
693,38,pos,0.9501618122977347,5
545,38,pos,0.9501618122977347,1
587,38,pos,0.9501618122977347,2
589,38,pos,0.9501618122977347,1
615,38,pos,0.9501618122977347,0
647,38,pos,0.9501618122977347,0
331,38,pos,0.9501618122977347,5
276,38,pos,0.9501618122977347,0
628,38,pos,0.2871604938271605,2
148,38,pos,0.648961038961039,2
116,38,pos,0.648961038961039,2
579,38,pos,0.9501618122977347,0
20,38,pos,0.9501618122977347,0
81,38,pos,0.9501618122977347,6
415,38,pos,0.9501618122977347,0
451,38,pos,0.9501618122977347,0
581,38,pos,0.9501618122977347,0
12,38,pos,0.648961038961039,4
27,38,pos,0.9501618122977347,0
32,38,pos,0.2871604938271605,0
55,38,pos,0.9501618122977347,0
56,38,pos,0.9501618122977347,0
57,38,pos,0.9501618122977347,1
203,38,pos,0.9501618122977347,0
204,38,pos,0.9501618122977347,0
206,38,pos,0.9501618122977347,0
208,38,pos,0.9501618122977347,0
216,38,pos,0.9162666666666669,0
71,38,pos,0.648961038961039,0
87,38,pos,0.9501618122977347,1
88,38,pos,0.9501618122977347,0
89,38,pos,0.9501618122977347,2
91,38,pos,0.9501618122977347,0
391,38,pos,0.9501618122977347,1
125,38,pos,0.9501618122977347,2
127,38,pos,0.9501618122977347,2
168,38,pos,0.9501618122977347,1
171,38,pos,0.9501618122977347,6
172,38,pos,0.9501618122977347,0
174,38,pos,0.9501618122977347,0
181,38,pos,0.9162666666666669,0
227,38,pos,0.648961038961039,0
243,38,pos,0.9501618122977347,0
244,38,pos,0.9501618122977347,0
245,38,pos,0.9501618122977347,0
672,38,pos,0.648961038961039,0
259,38,pos,0.648961038961039,6
268,38,pos,0.9501618122977347,0
269,38,pos,0.9501618122977347,2
271,38,pos,0.9501618122977347,0
285,38,pos,0.9162666666666669,4
292,38,pos,0.648961038961039,-1
312,38,pos,0.9162666666666669,0
316,38,pos,0.648961038961039,2
355,38,pos,0.9501618122977347,3
357,38,pos,0.9501618122977347,0
363,38,pos,0.9162666666666669,0
364,38,pos,0.9162666666666669,0
375,38,pos,0.648961038961039,0
377,38,pos,0.648961038961039,3
692,38,pos,0.648961038961039,0
400,38,pos,0.2871604938271605,5
412,38,pos,0.648961038961039,0
428,38,pos,0.9501618122977347,5
429,38,pos,0.9501618122977347,0
432,38,pos,0.2871604938271605,2
437,38,pos,0.648961038961039,0
438,38,pos,0.648961038961039,0
458,38,pos,0.9501618122977347,2
475,38,pos,0.648961038961039,6
492,38,pos,0.9501618122977347,0
494,38,pos,0.9501618122977347,0
674,38,pos,0.2871604938271605,0
684,38,pos,0.648961038961039,0
519,38,pos,0.9501618122977347,1
520,38,pos,0.9501618122977347,0
546,38,pos,0.9501618122977347,0
548,38,pos,0.9501618122977347,2
549,38,pos,0.9501618122977347,0
550,38,pos,0.9501618122977347,0
551,38,pos,0.9501618122977347,0
590,38,pos,0.9501618122977347,0
592,38,pos,0.9501618122977347,0
616,38,pos,0.9501618122977347,0
617,38,pos,0.9501618122977347,0
619,38,pos,0.9501618122977347,1
649,38,pos,0.9501618122977347,0
655,38,pos,0.9162666666666669,0
656,38,pos,0.9162666666666669,0
50,38,pos,0.9501618122977347,0
425,38,pos,0.9501618122977347,0
2,38,pos,0.2871604938271605,3
28,38,pos,0.9501618122977347,12
29,38,pos,0.9501618122977347,0
39,38,pos,0.648961038961039,1
41,38,pos,0.648961038961039,0
60,38,pos,0.9501618122977347,1
61,38,pos,0.9501618122977347,0
62,38,pos,0.9501618122977347,1
63,38,pos,0.9501618122977347,0
65,38,pos,0.9162666666666669,0
183,38,pos,0.2871604938271605,0
186,38,pos,0.648961038961039,3
212,38,pos,0.9501618122977347,2
213,38,pos,0.9501618122977347,0
214,38,pos,0.9501618122977347,0
218,38,pos,0.9162666666666669,0
219,38,pos,0.9162666666666669,0
66,38,pos,0.2871604938271605,1
92,38,pos,0.9501618122977347,15
94,38,pos,0.9501618122977347,1
95,38,pos,0.9501618122977347,5
96,38,pos,0.9501618122977347,0
99,38,pos,0.9162666666666669,0
100,38,pos,0.9162666666666669,0
687,38,pos,0.9501618122977347,0
108,38,pos,0.648961038961039,1
111,38,pos,0.648961038961039,9
112,38,pos,0.648961038961039,0
130,38,pos,0.9501618122977347,3
131,38,pos,0.9501618122977347,0
132,38,pos,0.9501618122977347,1
133,38,pos,0.9501618122977347,3
134,38,pos,0.9501618122977347,0
137,38,pos,0.9162666666666669,0
138,38,pos,0.2871604938271605,0
143,38,pos,0.648961038961039,0
144,38,pos,0.648961038961039,0
147,38,pos,0.648961038961039,0
149,38,pos,0.648961038961039,0
150,38,pos,0.648961038961039,0
152,38,pos,0.648961038961039,0
153,38,pos,0.648961038961039,0
175,38,pos,0.9501618122977347,3
176,38,pos,0.9501618122977347,0
177,38,pos,0.9501618122977347,0
221,38,pos,0.2871604938271605,-1
229,38,pos,0.648961038961039,0
230,38,pos,0.648961038961039,0
231,38,pos,0.648961038961039,1
232,38,pos,0.648961038961039,0
247,38,pos,0.9501618122977347,0
248,38,pos,0.9501618122977347,0
274,38,pos,0.9501618122977347,2
275,38,pos,0.9501618122977347,1
277,38,pos,0.9501618122977347,0
278,38,pos,0.9501618122977347,0
279,38,pos,0.9501618122977347,5
280,38,pos,0.9501618122977347,0
281,38,pos,0.9501618122977347,0
282,38,pos,0.9501618122977347,4
286,38,pos,0.9162666666666669,0
690,38,pos,0.9501618122977347,1
288,38,pos,0.2871604938271605,13
294,38,pos,0.648961038961039,0
296,38,pos,0.648961038961039,0
305,38,pos,0.9501618122977347,0
306,38,pos,0.9501618122977347,0
307,38,pos,0.9501618122977347,3
308,38,pos,0.9501618122977347,8
309,38,pos,0.9501618122977347,2
313,38,pos,0.9162666666666669,0
667,38,pos,0.648961038961039,0
320,38,pos,0.648961038961039,0
333,38,pos,0.9501618122977347,10
334,38,pos,0.9501618122977347,0
336,38,pos,0.9501618122977347,0
339,38,pos,0.2871604938271605,0
359,38,pos,0.9501618122977347,0
360,38,pos,0.9501618122977347,0
361,38,pos,0.9501618122977347,0
367,38,pos,0.2871604938271605,2
393,38,pos,0.9501618122977347,0
394,38,pos,0.9501618122977347,2
395,38,pos,0.9501618122977347,0
396,38,pos,0.9501618122977347,0
398,38,pos,0.9162666666666669,0
686,38,pos,0.9501618122977347,1
439,38,pos,0.648961038961039,0
460,38,pos,0.9501618122977347,1
461,38,pos,0.9501618122977347,0
462,38,pos,0.9501618122977347,0
463,38,pos,0.9501618122977347,1
464,38,pos,0.9501618122977347,2
467,38,pos,0.9162666666666669,2
468,38,pos,0.9162666666666669,0
479,38,pos,0.648961038961039,0
480,38,pos,0.648961038961039,1
495,38,pos,0.9501618122977347,0
496,38,pos,0.9501618122977347,0
498,38,pos,0.9501618122977347,0
501,38,pos,0.9162666666666669,0
689,38,pos,0.9501618122977347,0
509,38,pos,0.648961038961039,2
510,38,pos,0.648961038961039,6
511,38,pos,0.648961038961039,0
512,38,pos,0.648961038961039,0
523,38,pos,0.9501618122977347,1
524,38,pos,0.9501618122977347,0
528,38,pos,0.2871604938271605,0
554,38,pos,0.9501618122977347,0
555,38,pos,0.9501618122977347,0
556,38,pos,0.9501618122977347,0
557,38,pos,0.9501618122977347,0
558,38,pos,0.9501618122977347,0
559,38,pos,0.9501618122977347,1
562,38,pos,0.9162666666666669,1
563,38,pos,0.9162666666666669,0
564,38,pos,0.9162666666666669,0
570,38,pos,0.648961038961039,3
571,38,pos,0.648961038961039,0
572,38,pos,0.648961038961039,0
574,38,pos,0.648961038961039,0
594,38,pos,0.9501618122977347,2
595,38,pos,0.9501618122977347,6
598,38,pos,0.9162666666666669,0
599,38,pos,0.9162666666666669,0
600,38,pos,0.2871604938271605,0
604,38,pos,0.648961038961039,0
606,38,pos,0.648961038961039,0
608,38,pos,0.648961038961039,0
620,38,pos,0.9501618122977347,0
622,38,pos,0.9501618122977347,0
623,38,pos,0.9501618122977347,0
626,38,pos,0.9162666666666669,0
659,38,pos,0.648961038961039,0
627,38,pos,0.2871604938271605,0
634,38,pos,0.648961038961039,0
636,38,pos,0.648961038961039,0
650,38,pos,0.9501618122977347,0
651,38,pos,0.9501618122977347,0
652,38,pos,0.9501618122977347,0
653,38,pos,0.9501618122977347,0
657,38,pos,0.9162666666666669,0
658,38,pos,0.9162666666666669,0
695,38,pos,0.648961038961039,0
3,38,pos,0.2871604938271605,15
4,38,pos,0.2871604938271605,0
13,38,pos,0.648961038961039,6
14,38,pos,0.648961038961039,0
15,38,pos,0.648961038961039,6
34,38,pos,0.2871604938271605,0
35,38,pos,0.2871604938271605,0
42,38,pos,0.648961038961039,1
43,38,pos,0.648961038961039,1
44,38,pos,0.648961038961039,2
45,38,pos,0.648961038961039,2
46,38,pos,0.648961038961039,7
688,38,pos,0.2871604938271605,1
184,38,pos,0.2871604938271605,0
185,38,pos,0.2871604938271605,11
188,38,pos,0.648961038961039,8
189,38,pos,0.648961038961039,3
193,38,pos,0.648961038961039,0
194,38,pos,0.648961038961039,0
195,38,pos,0.648961038961039,10
196,38,pos,0.648961038961039,0
198,38,pos,0.648961038961039,0
199,38,pos,0.648961038961039,8
68,38,pos,0.2871604938271605,0
69,38,pos,0.2871604938271605,2
70,38,pos,0.2871604938271605,2
75,38,pos,0.648961038961039,1
76,38,pos,0.648961038961039,0
78,38,pos,0.648961038961039,0
79,38,pos,0.648961038961039,0
80,38,pos,0.648961038961039,0
102,38,pos,0.2871604938271605,2
103,38,pos,0.2871604938271605,0
104,38,pos,0.2871604938271605,5
105,38,pos,0.2871604938271605,0
114,38,pos,0.648961038961039,0
115,38,pos,0.648961038961039,0
117,38,pos,0.648961038961039,0
118,38,pos,0.648961038961039,0
140,38,pos,0.2871604938271605,1
141,38,pos,0.2871604938271605,1
142,38,pos,0.2871604938271605,0
154,38,pos,0.648961038961039,1
155,38,pos,0.648961038961039,0
156,38,pos,0.648961038961039,2
222,38,pos,0.2871604938271605,0
223,38,pos,0.2871604938271605,0
234,38,pos,0.648961038961039,0
254,38,pos,0.2871604938271605,0
255,38,pos,0.2871604938271605,1
262,38,pos,0.648961038961039,5
263,38,pos,0.648961038961039,0
264,38,pos,0.648961038961039,7
265,38,pos,0.648961038961039,0
289,38,pos,0.2871604938271605,2
297,38,pos,0.648961038961039,0
298,38,pos,0.648961038961039,0
630,38,pos,0.2871604938271605,0
315,38,pos,0.2871604938271605,0
323,38,pos,0.648961038961039,0
664,38,pos,0.2871604938271605,0
340,38,pos,0.2871604938271605,9
341,38,pos,0.2871604938271605,0
344,38,pos,0.648961038961039,0
345,38,pos,0.648961038961039,1
346,38,pos,0.648961038961039,0
349,38,pos,0.648961038961039,0
368,38,pos,0.2871604938271605,2
369,38,pos,0.2871604938271605,2
378,38,pos,0.648961038961039,0
379,38,pos,0.648961038961039,0
380,38,pos,0.648961038961039,0
401,38,pos,0.2871604938271605,1
433,38,pos,0.2871604938271605,0
434,38,pos,0.2871604938271605,0
435,38,pos,0.2871604938271605,2
445,38,pos,0.648961038961039,2
446,38,pos,0.648961038961039,3
447,38,pos,0.648961038961039,0
448,38,pos,0.648961038961039,0
471,38,pos,0.2871604938271605,0
472,38,pos,0.2871604938271605,1
481,38,pos,0.648961038961039,2
482,38,pos,0.648961038961039,0
483,38,pos,0.648961038961039,0
484,38,pos,0.648961038961039,0
503,38,pos,0.2871604938271605,0
504,38,pos,0.2871604938271605,2
513,38,pos,0.648961038961039,2
514,38,pos,0.648961038961039,2
675,38,pos,0.2871604938271605,0
529,38,pos,0.2871604938271605,0
530,38,pos,0.2871604938271605,0
533,38,pos,0.648961038961039,0
534,38,pos,0.648961038961039,3
535,38,pos,0.648961038961039,0
536,38,pos,0.648961038961039,2
537,38,pos,0.648961038961039,0
538,38,pos,0.648961038961039,0
539,38,pos,0.648961038961039,0
540,38,pos,0.648961038961039,0
678,38,pos,0.648961038961039,0
694,38,pos,0.648961038961039,0
566,38,pos,0.2871604938271605,1
567,38,pos,0.2871604938271605,0
576,38,pos,0.648961038961039,1
577,38,pos,0.648961038961039,3
578,38,pos,0.648961038961039,1
601,38,pos,0.2871604938271605,0
602,38,pos,0.2871604938271605,1
611,38,pos,0.648961038961039,3
629,38,pos,0.2871604938271605,1
639,38,pos,0.648961038961039,0
640,38,pos,0.648961038961039,0
641,38,pos,0.648961038961039,0
211,38,pos,0.9501618122977347,1
252,38,pos,0.9162666666666669,1
383,38,pos,0.9501618122977347,0
414,38,pos,0.9501618122977347,0
135,38,pos,0.9162666666666669,0
