GW,element,name,position,team,predicted_points
30,49,Keinan Davis,FWD,Aston Villa,0.2611888158482673
30,428,Willy Boly,DEF,Wolves,0.2680975654151175
30,554,Jamal Baptiste,DEF,West Ham,0.2680975654151175
30,650,Filip Marschall,GK,Aston Villa,0.10253188647980309
30,686,Dion Sanderson,DEF,Wolves,0.2680975654151175
30,184,Liam Cooper,DEF,Leeds,0.2680975654151175
30,46,Frédéric Guilbert,DEF,Aston Villa,0.2680975654151175
30,435,Adama Traoré,MID,Wolves,0.2669645059075006
30,710,Daniel Chesters,MID,West Ham,0.2669645059075006
30,659,Brandon Austin,GK,Spurs,0.10253188647980309
30,421,Declan Rice,MID,West Ham,0.2669645059075006
30,192,Hélder Wander Sousa de Azevedo e Costa,MID,Leeds,0.2669645059075006
30,711,Zak Swanson,DEF,Arsenal,0.2680975654151175
30,37,Mahmoud Ahmed Ibrahim Hassan,MID,Aston Villa,0.2669645059075006
30,52,Ashley Young,DEF,Aston Villa,0.2680975654151175
30,214,Hamza Choudhury,MID,Leicester,0.2669645059075006
30,547,Luke Cundle,MID,Wolves,0.2669645059075006
30,552,Adam Forshaw,MID,Leeds,0.2669645059075006
30,36,Kortney Hause,DEF,Aston Villa,0.2680975654151175
30,38,Tyrone Mings,DEF,Aston Villa,0.2680975654151175
30,13,Ainsley Maitland-Niles,MID,Arsenal,0.2669645059075006
30,497,Jaden Philogene-Bidace,MID,Aston Villa,0.2669645059075006
30,31,Björn Engels,DEF,Aston Villa,0.2680975654151175
30,79,Tariqe Fosu-Henry,MID,Brentford,0.2669645059075006
30,15,Thomas Partey,MID,Arsenal,0.2669645059075006
30,532,Karl Hein,GK,Arsenal,0.10253188647980309
30,430,Raúl Jiménez,FWD,Wolves,0.2611888158482673
30,458,Boubakary Soumaré,MID,Leicester,0.2669645059075006
30,9,Héctor Bellerín,DEF,Arsenal,0.2680975654151175
30,18,Lucas Torreira,MID,Arsenal,0.2669645059075006
30,203,Nampalys Mendy,MID,Leicester,0.2669645059075006
30,589,Alex Kral,MID,West Ham,0.2669645059075006
30,670,Josh Feeney,DEF,Aston Villa,0.2680975654151175
30,32,Bertrand Traoré,MID,Aston Villa,0.2669645059075006
30,77,Christian Nørgaard,MID,Brentford,0.2669645059075006
30,220,Wesley Fofana,DEF,Leicester,0.2680975654151175
30,417,Arthur Masuaku,DEF,West Ham,0.2680975654151175
30,20,Edward Nketiah,FWD,Arsenal,0.2611888158482673
30,186,Mateusz Klich,MID,Leeds,0.2669645059075006
30,412,Andriy Yarmolenko,MID,West Ham,0.2669645059075006
30,434,Leander Dendoncker,MID,Wolves,0.2669645059075006
30,583,Hee-Chan Hwang,FWD,Wolves,0.2611888158482673
30,470,Rayan Ait Nouri,DEF,Wolves,0.2680975654151175
30,35,John McGinn,MID,Aston Villa,0.2669645059075006
30,22,Bukayo Saka,MID,Arsenal,0.2669645059075006
30,41,Marvelous Nakamba,MID,Aston Villa,0.2669645059075006
30,5,Cédric Soares,DEF,Arsenal,0.2680975654151175
30,361,Eric Dier,DEF,Spurs,0.2680975654151175
30,563,Charlie Cresswell,DEF,Leeds,0.2680975654151175
30,573,Eldin Jakupovic,GK,Leicester,0.10253188647980309
30,701,Dejan Kulusevski,MID,Spurs,0.2669645059075006
30,695,Ryan Alebiosu,DEF,Arsenal,0.2680975654151175
30,628,Maxwell Haygarth,MID,Brentford,0.2669645059075006
30,76,Pontus Jansson,DEF,Brentford,0.2680975654151175
30,426,João Filipe Iria Santos Moutinho,MID,Wolves,0.2669645059075006
30,621,James Storer,GK,Wolves,0.10253188647980309
30,466,Nuno Varela Tavares,DEF,Arsenal,0.2680975654151175
30,524,Yoane Wissa,MID,Brentford,0.2669645059075006
30,692,Omari Hutchinson,MID,Arsenal,0.2669645059075006
30,638,Tim Iroegbunam,MID,Aston Villa,0.2669645059075006
30,520,Dane Scarlett,FWD,Spurs,0.2611888158482673
30,559,Aaron Ramsdale,GK,Arsenal,0.10253188647980309
30,219,Luke Thomas,DEF,Leicester,0.2680975654151175
30,190,Diego Llorente,DEF,Leeds,0.2680975654151175
30,194,Robin Koch,DEF,Leeds,0.2680975654151175
30,478,Albert Sambi Lokonga,MID,Arsenal,0.2669645059075006
30,550,Sam Greenwood,FWD,Leeds,0.2611888158482673
30,6,Alexandre Lacazette,FWD,Arsenal,0.2611888158482673
30,198,Pascal Struijk,DEF,Leeds,0.2680975654151175
30,611,Louie Moulden,GK,Wolves,0.10253188647980309
30,24,Konstantinos Mavropanos,DEF,Arsenal,0.2680975654151175
30,358,Serge Aurier,DEF,Spurs,0.2680975654151175
30,88,Marcus Forss,FWD,Brentford,0.2611888158482673
30,577,Joe Gelhardt,FWD,Leeds,0.2611888158482673
30,420,Jarrod Bowen,MID,West Ham,0.2669645059075006
30,530,Folarin Balogun,FWD,Arsenal,0.2611888158482673
30,3,Willian Borges Da Silva,MID,Arsenal,0.2669645059075006
30,461,Francisco Machado Mota de Castro Trincão,MID,Wolves,0.2669645059075006
30,416,Manuel Lanzini,MID,West Ham,0.2669645059075006
30,658,Archie Gray,MID,Leeds,0.2669645059075006
30,498,Dominic Thompson,DEF,Brentford,0.2680975654151175
30,576,Liam McCarron,MID,Leeds,0.2669645059075006
30,2,Rúnar Alex Rúnarsson,GK,Arsenal,0.10253188647980309
30,427,Rui Pedro dos Santos Patrício,GK,Wolves,0.10253188647980309
30,703,Benjamin Chrisene,MID,Aston Villa,0.2669645059075006
30,196,Raphael Dias Belloli,MID,Leeds,0.2669645059075006
30,681,Philippe Coutinho Correia,MID,Aston Villa,0.2669645059075006
30,424,Issa Diop,DEF,West Ham,0.2680975654151175
30,436,Rúben Diogo da Silva Neves,MID,Wolves,0.2669645059075006
30,619,Matthew Cox,GK,Brentford,0.10253188647980309
30,551,Crysencio Summerville,MID,Leeds,0.2669645059075006
30,83,Rico Henry,DEF,Brentford,0.2680975654151175
30,366,Harry Winks,MID,Spurs,0.2669645059075006
30,617,Harrison Ashby,DEF,West Ham,0.2680975654151175
30,521,Frederik Alves,DEF,West Ham,0.2680975654151175
30,187,Rodrigo Moreno,FWD,Leeds,0.2611888158482673
30,494,Cristian Romero,DEF,Spurs,0.2680975654151175
30,639,Vontae Daley-Campbell,DEF,Leicester,0.2680975654151175
30,713,Tommi O'Reilly,MID,Aston Villa,0.2669645059075006
30,419,Saïd Benrahma,MID,West Ham,0.2669645059075006
30,601,Stuart McKinstry,MID,Leeds,0.2669645059075006
30,693,Salah-Eddine Oulad M'hand,MID,Arsenal,0.2669645059075006
30,407,Darren Randolph,GK,West Ham,0.10253188647980309
30,90,Mads Bech Sørensen,DEF,Brentford,0.2680975654151175
30,50,Douglas Luiz Soares de Paulo,MID,Aston Villa,0.2669645059075006
30,81,Sergi Canós,MID,Brentford,0.2669645059075006
30,455,Patson Daka,FWD,Leicester,0.2611888158482673
30,442,Owen Otasowie,MID,Wolves,0.2669645059075006
30,408,Lukasz Fabianski,GK,West Ham,0.10253188647980309
30,25,Mattéo Guendouzi,MID,Arsenal,0.2669645059075006
30,499,Shandon Baptiste,MID,Brentford,0.2669645059075006
30,218,James Justin,DEF,Leicester,0.2680975654151175
30,522,Conor Coventry,MID,West Ham,0.2669645059075006
30,30,Emiliano Martínez,GK,Aston Villa,0.10253188647980309
30,217,Çaglar Söyüncü,DEF,Leicester,0.2680975654151175
30,596,Viljami Sinisalo,GK,Aston Villa,0.10253188647980309
30,441,Pedro Lomba Neto,MID,Wolves,0.2669645059075006
30,337,Danny Ings,FWD,Aston Villa,0.2611888158482673
30,588,Emerson Aparecido Leite de Souza Junior,DEF,Spurs,0.2680975654151175
30,8,Pablo Marí,DEF,Arsenal,0.2680975654151175
30,647,Kasey McAteer,MID,Leicester,0.2669645059075006
30,694,Mika Biereth,FWD,Arsenal,0.2611888158482673
30,582,Nikola Vlasic,MID,West Ham,0.2669645059075006
30,590,Takehiro Tomiyasu,DEF,Arsenal,0.2680975654151175
30,191,Kalvin Phillips,MID,Leeds,0.2669645059075006
30,373,Oliver Skipp,MID,Spurs,0.2669645059075006
30,40,Ollie Watkins,FWD,Aston Villa,0.2611888158482673
30,91,Ethan Pinnock,DEF,Brentford,0.2680975654151175
30,84,Vitaly Janelt,MID,Brentford,0.2669645059075006
30,657,Kris Moore,DEF,Leeds,0.2680975654151175
30,367,Davinson Sánchez,DEF,Spurs,0.2680975654151175
30,96,Bryan Mbeumo,MID,Brentford,0.2669645059075006
30,410,Winston Reid,DEF,West Ham,0.2680975654151175
30,587,Ademola Lookman,MID,Leicester,0.2669645059075006
30,634,Sonny Perkins,MID,West Ham,0.2669645059075006
30,189,Patrick Bamford,FWD,Leeds,0.2611888158482673
30,645,Ben Nelson,DEF,Leicester,0.2680975654151175
30,27,William Saliba,DEF,Arsenal,0.2680975654151175
30,202,Marc Albrighton,MID,Leicester,0.2669645059075006
30,689,Francisco Jorge Tomás Oliveira,MID,Wolves,0.2669645059075006
30,205,Jamie Vardy,FWD,Leicester,0.2611888158482673
30,43,Emiliano Buendía Stati,MID,Aston Villa,0.2669645059075006
30,423,Pablo Fornals,MID,West Ham,0.2669645059075006
30,360,Matt Doherty,DEF,Spurs,0.2680975654151175
30,87,Charlie Goode,DEF,Brentford,0.2680975654151175
30,82,Pelenda Joshua Dasilva,MID,Brentford,0.2669645059075006
30,646,Lewis Brunt,MID,Leicester,0.2669645059075006
30,28,Jed Steer,GK,Aston Villa,0.10253188647980309
30,406,Mark Noble,MID,West Ham,0.2669645059075006
30,668,Harvey White,MID,Spurs,0.2669645059075006
30,562,Cody Drameh,DEF,Leeds,0.2680975654151175
30,4,Pierre-Emerick Aubameyang,FWD,Arsenal,0.2611888158482673
30,475,José Malheiro de Sá,GK,Wolves,0.10253188647980309
30,44,Matthew Cash,DEF,Aston Villa,0.2680975654151175
30,418,Vladimir Coufal,DEF,West Ham,0.2680975654151175
30,682,Pierre Ekwah,DEF,West Ham,0.2680975654151175
30,425,Ben Johnson,DEF,West Ham,0.2680975654151175
30,21,Emile Smith Rowe,MID,Arsenal,0.2669645059075006
30,355,Toby Alderweireld,DEF,Spurs,0.2680975654151175
30,505,Kiernan Dewsbury-Hall,MID,Leicester,0.2669645059075006
30,479,Frank Onyeka,MID,Brentford,0.2669645059075006
30,652,Armstrong Oko-Flex,MID,West Ham,0.2669645059075006
30,92,Ellery Balcombe,GK,Brentford,0.10253188647980309
30,352,Joe Hart,GK,Spurs,0.10253188647980309
30,687,Ryan Giles,MID,Wolves,0.2669645059075006
30,568,Cameron Archer,FWD,Aston Villa,0.2611888158482673
30,699,Christian Eriksen,MID,Brentford,0.2669645059075006
30,97,Mads Bidstrup,MID,Brentford,0.2669645059075006
30,437,Nélson Cabral Semedo,DEF,Wolves,0.2680975654151175
30,431,Romain Saïss,DEF,Wolves,0.2680975654151175
30,489,Alphonse Areola,GK,West Ham,0.10253188647980309
30,432,Fernando Marçal,DEF,Wolves,0.2680975654151175
30,362,Lucas Rodrigues Moura da Silva,MID,Spurs,0.2669645059075006
30,369,Steven Bergwijn,MID,Spurs,0.2669645059075006
30,34,Morgan Sanson,MID,Aston Villa,0.2669645059075006
30,439,Max Kilman,DEF,Wolves,0.2680975654151175
30,12,Mohamed Naser El Sayed Elneny,MID,Arsenal,0.2669645059075006
30,213,Kelechi Iheanacho,FWD,Leicester,0.2611888158482673
30,287,Daniel James,MID,Leeds,0.2669645059075006
30,16,Kieran Tierney,DEF,Arsenal,0.2680975654151175
30,705,Zach Awe,DEF,Arsenal,0.2680975654151175
30,624,Lewis Bate,MID,Leeds,0.2669645059075006
30,572,Arthur Okonkwo,GK,Arsenal,0.10253188647980309
30,598,Tobi Omole,DEF,Spurs,0.2680975654151175
30,443,Ki-Jana Hoever,DEF,Wolves,0.2680975654151175
30,635,Hugo Bueno,DEF,Wolves,0.2680975654151175
30,188,Stuart Dallas,MID,Leeds,0.2669645059075006
30,526,Carney Chukwuemeka,MID,Aston Villa,0.2669645059075006
30,193,Tyler Roberts,MID,Leeds,0.2669645059075006
30,197,Jamie Shackleton,MID,Leeds,0.2669645059075006
30,78,Ivan Toney,FWD,Brentford,0.2611888158482673
30,212,James Maddison,MID,Leicester,0.2669645059075006
30,372,Giovani Lo Celso,MID,Spurs,0.2669645059075006
30,673,Jonas Lössl,GK,Brentford,0.10253188647980309
30,714,Alfie Devine,MID,Spurs,0.2669645059075006
30,610,Lamare Bogarde,DEF,Aston Villa,0.2680975654151175
30,86,Mathias Jensen,MID,Brentford,0.2669645059075006
30,371,Japhet Tanganga,DEF,Spurs,0.2680975654151175
30,691,Robin Olsen,GK,Aston Villa,0.10253188647980309
30,463,Héctor Junior Firpo Adames,DEF,Leeds,0.2680975654151175
30,365,Pierre-Emile Højbjerg,MID,Spurs,0.2669645059075006
30,207,Ricardo Domingos Barbosa Pereira,DEF,Leicester,0.2680975654151175
30,483,Kristoffer Ajer,DEF,Brentford,0.2680975654151175
30,594,Mathias Jorgensen,DEF,Brentford,0.2680975654151175
30,356,Erik Lamela,MID,Spurs,0.2669645059075006
30,29,Conor Hourihane,MID,Aston Villa,0.2669645059075006
30,664,Charlie Patino,MID,Arsenal,0.2669645059075006
30,429,Conor Coady,DEF,Wolves,0.2680975654151175
30,48,Mbwana Ally Samatta,FWD,Aston Villa,0.2611888158482673
30,685,Toti António Gomes,DEF,Wolves,0.2680975654151175
30,210,Youri Tielemans,MID,Leicester,0.2669645059075006
30,353,Hugo Lloris,GK,Spurs,0.10253188647980309
30,702,Rodrigo Bentancur,MID,Spurs,0.2669645059075006
30,85,Saman Ghoddos,MID,Brentford,0.2669645059075006
30,199,Illan Meslier,GK,Leeds,0.10253188647980309
30,183,Francisco Casilla Cortés,GK,Leeds,0.10253188647980309
30,597,Dilan Markanday,MID,Spurs,0.2669645059075006
30,23,Gabriel Magalhães,DEF,Arsenal,0.2680975654151175
30,375,Tanguy Ndombele,MID,Spurs,0.2669645059075006
30,10,Calum Chambers,DEF,Aston Villa,0.2680975654151175
30,433,Jonathan Castro Otto,DEF,Wolves,0.2680975654151175
30,94,Patrik Gunnarsson,GK,Brentford,0.10253188647980309
30,80,David Raya Martin,GK,Brentford,0.10253188647980309
30,45,Ezri Konsa Ngoyo,DEF,Aston Villa,0.2680975654151175
30,490,Kristoffer Klaesson,GK,Leeds,0.10253188647980309
30,26,Gabriel Teodoro Martinelli Silva,MID,Arsenal,0.2669645059075006
30,549,Christian Marques,DEF,Wolves,0.2680975654151175
30,359,Heung-Min Son,MID,Spurs,0.2669645059075006
30,631,Jack Jenkins,MID,Leeds,0.2669645059075006
30,496,Aaron Ramsey,MID,Aston Villa,0.2669645059075006
30,523,Patrick Cutrone,FWD,Wolves,0.2611888158482673
30,51,Jacob Ramsey,MID,Aston Villa,0.2669645059075006
30,608,Leo Fuhr Hjelde,DEF,Leeds,0.2680975654151175
30,206,Dennis Praet,MID,Leicester,0.2669645059075006
30,409,Angelo Ogbonna,DEF,West Ham,0.2680975654151175
30,182,Pablo Hernández Domínguez,MID,Leeds,0.2669645059075006
30,531,Reiss Nelson,MID,Arsenal,0.2669645059075006
30,14,Rob Holding,DEF,Arsenal,0.2680975654151175
30,357,Harry Kane,FWD,Spurs,0.2611888158482673
30,215,Harvey Barnes,MID,Leicester,0.2669645059075006
30,370,Sergio Reguilón,DEF,Spurs,0.2680975654151175
30,209,Timothy Castagne,DEF,Leicester,0.2680975654151175
30,486,Pierluigi Gollini,GK,Spurs,0.10253188647980309
30,195,Ian Carlo Poveda-Ocampo,MID,Leeds,0.2669645059075006
30,600,Nohan Kenneh,MID,Leeds,0.2669645059075006
30,446,Yerson Mosquera Valdelamar,DEF,Wolves,0.2680975654151175
30,267,Jack Harrison,MID,Leeds,0.2669645059075006
30,340,Jannik Vestergaard,DEF,Leicester,0.2680975654151175
30,211,Ayoze Pérez,MID,Leicester,0.2669645059075006
30,422,Tomas Soucek,MID,West Ham,0.2669645059075006
30,614,Paris Maghoma,MID,Brentford,0.2669645059075006
30,661,Bruno André Cavaco Jordão,MID,Wolves,0.2669645059075006
30,364,Ben Davies,DEF,Spurs,0.2680975654151175
30,17,Nicolas Pépé,MID,Arsenal,0.2669645059075006
30,444,Andreas Söndergaard,GK,Wolves,0.10253188647980309
30,7,Granit Xhaka,MID,Arsenal,0.2669645059075006
30,93,Jan Zamburek,MID,Brentford,0.2669645059075006
30,445,Fabio Silva,FWD,Wolves,0.2611888158482673
30,413,Michail Antonio,FWD,West Ham,0.2611888158482673
30,185,Luke Ayling,DEF,Leeds,0.2680975654151175
30,89,Mads Roerslev Rasmussen,DEF,Brentford,0.2680975654151175
30,201,Jonny Evans,DEF,Leicester,0.2680975654151175
30,644,Ajibola Alese,DEF,West Ham,0.2680975654151175
30,374,Joe Rodon,DEF,Spurs,0.2680975654151175
30,662,Myles Peart-Harris,MID,Brentford,0.2669645059075006
30,569,Finley Stevens,DEF,Brentford,0.2680975654151175
30,47,Wesley Moraes,FWD,Aston Villa,0.2611888158482673
30,1,Bernd Leno,GK,Arsenal,0.10253188647980309
30,558,Martin Ødegaard,MID,Arsenal,0.2669645059075006
30,492,Leon Bailey,MID,Aston Villa,0.2669645059075006
30,440,Morgan Gibbs-White,MID,Wolves,0.2669645059075006
30,368,Ryan Sessegnon,DEF,Spurs,0.2680975654151175
30,487,Bryan Gil Salvatierra,MID,Spurs,0.2669645059075006
30,208,Daniel Amartey,DEF,Leicester,0.2680975654151175
30,548,Chem Campbell,MID,Wolves,0.2669645059075006
30,473,Ryan Bertrand,DEF,Leicester,0.2680975654151175
30,168,Lucas Digne,DEF,Aston Villa,0.2680975654151175
30,640,Nathan Young-Coombes,FWD,Brentford,0.2611888158482673
30,204,Danny Ward,GK,Leicester,0.10253188647980309
30,11,Sead Kolasinac,DEF,Arsenal,0.2680975654151175
30,556,Álvaro Fernández,GK,Brentford,0.10253188647980309
30,414,Craig Dawson,DEF,West Ham,0.2680975654151175
30,200,Kasper Schmeichel,GK,Leicester,0.10253188647980309
30,67,Ben White,DEF,Arsenal,0.2680975654151175
30,684,Kaine Hayden,DEF,Aston Villa,0.2680975654151175
30,438,Daniel Castelo Podence,MID,Wolves,0.2669645059075006
30,95,Halil Dervişoğlu,FWD,Brentford,0.2611888158482673
30,128,Kurt Zouma,DEF,West Ham,0.2680975654151175
30,411,Aaron Cresswell,DEF,West Ham,0.2680975654151175
30,452,John Ruddy,GK,Wolves,0.10253188647980309
30,216,Wilfred Ndidi,MID,Leicester,0.2669645059075006
30,415,Ryan Fredericks,DEF,West Ham,0.2680975654151175
31,557,Ozan Tufan,MID,Watford,0.26696450590750065
31,383,Andre Gray,FWD,Watford,0.2611888158482674
31,428,Willy Boly,DEF,Wolves,0.2680975654151174
31,89,Mads Roerslev Rasmussen,DEF,Brentford,0.2680975654151174
31,321,Sam Byram,DEF,Norwich,0.2680975654151174
31,700,Wout Weghorst,FWD,Burnley,0.2611888158482674
31,700,Wout Weghorst,FWD,Burnley,0.2611888158482674
31,331,Andrew Omobamidele,DEF,Norwich,0.2680975654151174
31,310,Joelinton Cássio Apolinário de Lira,FWD,Newcastle,0.2611888158482674
31,584,Marc Cucurella,DEF,Brighton,0.2680975654151174
31,62,Joël Veltman,DEF,Brighton,0.2680975654151174
31,446,Yerson Mosquera Valdelamar,DEF,Wolves,0.2680975654151174
31,583,Hee-Chan Hwang,FWD,Wolves,0.2611888158482674
31,235,Divock Origi,FWD,Liverpool,0.2611888158482674
31,149,Christian Benteke,FWD,Crystal Palace,0.2611888158482674
31,611,Louie Moulden,GK,Wolves,0.1025318864798031
31,594,Mathias Jorgensen,DEF,Brentford,0.2680975654151174
31,94,Patrik Gunnarsson,GK,Brentford,0.1025318864798031
31,79,Tariqe Fosu-Henry,MID,Brentford,0.26696450590750065
31,320,Onel Hernández,MID,Norwich,0.26696450590750065
31,33,Jack Grealish,MID,Man City,0.26696450590750065
31,621,James Storer,GK,Wolves,0.1025318864798031
31,677,Samir Caetano de Souza Santos,DEF,Watford,0.2680975654151174
31,287,Daniel James,MID,Leeds,0.26696450590750065
31,409,Angelo Ogbonna,DEF,West Ham,0.2680975654151174
31,196,Raphael Dias Belloli,MID,Leeds,0.26696450590750065
31,88,Marcus Forss,FWD,Brentford,0.2611888158482674
31,145,Billy Gilmour,MID,Norwich,0.26696450590750065
31,284,Victor Lindelöf,DEF,Man Utd,0.2680975654151174
31,45,Ezri Konsa Ngoyo,DEF,Aston Villa,0.2680975654151174
31,439,Max Kilman,DEF,Wolves,0.2680975654151174
31,174,Alex Iwobi,MID,Everton,0.26696450590750065
31,174,Alex Iwobi,MID,Everton,0.26696450590750065
31,538,Moisés Caicedo,MID,Brighton,0.26696450590750065
31,462,Enock Mwepu,MID,Brighton,0.26696450590750065
31,194,Robin Koch,DEF,Leeds,0.2680975654151174
31,151,Martin Kelly,DEF,Crystal Palace,0.2680975654151174
31,91,Ethan Pinnock,DEF,Brentford,0.2680975654151174
31,657,Kris Moore,DEF,Leeds,0.2680975654151174
31,426,João Filipe Iria Santos Moutinho,MID,Wolves,0.26696450590750065
31,164,Gylfi Sigurdsson,MID,Everton,0.26696450590750065
31,164,Gylfi Sigurdsson,MID,Everton,0.26696450590750065
31,466,Nuno Varela Tavares,DEF,Arsenal,0.2680975654151174
31,302,Javier Manquillo,DEF,Newcastle,0.2680975654151174
31,76,Pontus Jansson,DEF,Brentford,0.2680975654151174
31,629,James McAtee,MID,Man City,0.26696450590750065
31,638,Tim Iroegbunam,MID,Aston Villa,0.26696450590750065
31,261,Bernardo Mota Veiga de Carvalho e Silva,MID,Man City,0.26696450590750065
31,342,Kyle Walker-Peters,DEF,Southampton,0.2680975654151174
31,477,Marc Guéhi,DEF,Crystal Palace,0.2680975654151174
31,257,Ederson Santana de Moraes,GK,Man City,0.1025318864798031
31,591,Salomón Rondón,FWD,Everton,0.2611888158482674
31,591,Salomón Rondón,FWD,Everton,0.2611888158482674
31,42,Anwar El Ghazi,MID,Everton,0.26696450590750065
31,42,Anwar El Ghazi,MID,Everton,0.26696450590750065
31,625,Kaide Gordon,MID,Liverpool,0.26696450590750065
31,717,Jamie Bowden,MID,Spurs,0.26696450590750065
31,624,Lewis Bate,MID,Leeds,0.26696450590750065
31,80,David Raya Martin,GK,Brentford,0.1025318864798031
31,593,Scott Carson,GK,Man City,0.1025318864798031
31,344,Daniel N'Lundulu,FWD,Southampton,0.2611888158482674
31,53,Adam Lallana,MID,Brighton,0.26696450590750065
31,178,Mason Holgate,DEF,Everton,0.2680975654151174
31,178,Mason Holgate,DEF,Everton,0.2680975654151174
31,484,Demarai Gray,MID,Everton,0.26696450590750065
31,484,Demarai Gray,MID,Everton,0.26696450590750065
31,97,Mads Bidstrup,MID,Brentford,0.26696450590750065
31,504,Jean-Philippe Gbamin,MID,Everton,0.26696450590750065
31,504,Jean-Philippe Gbamin,MID,Everton,0.26696450590750065
31,107,Ashley Westwood,MID,Burnley,0.26696450590750065
31,107,Ashley Westwood,MID,Burnley,0.26696450590750065
31,387,William Troost-Ekong,DEF,Watford,0.2680975654151174
31,166,James Rodríguez,MID,Everton,0.26696450590750065
31,166,James Rodríguez,MID,Everton,0.26696450590750065
31,9,Héctor Bellerín,DEF,Arsenal,0.2680975654151174
31,70,Yves Bissouma,MID,Brighton,0.26696450590750065
31,150,Cheikhou Kouyaté,DEF,Crystal Palace,0.2680975654151174
31,374,Joe Rodon,DEF,Spurs,0.2680975654151174
31,271,Nemanja Matic,MID,Man Utd,0.26696450590750065
31,561,Remi Matthews,GK,Crystal Palace,0.1025318864798031
31,48,Mbwana Ally Samatta,FWD,Aston Villa,0.2611888158482674
31,258,Nathan Aké,DEF,Man City,0.2680975654151174
31,440,Morgan Gibbs-White,MID,Wolves,0.26696450590750065
31,143,Edouard Mendy,GK,Chelsea,0.1025318864798031
31,649,Thomas Dickson-Peters,FWD,Norwich,0.2611888158482674
31,470,Rayan Ait Nouri,DEF,Wolves,0.2680975654151174
31,527,Trevoh Chalobah,DEF,Chelsea,0.2680975654151174
31,51,Jacob Ramsey,MID,Aston Villa,0.26696450590750065
31,718,Isaac Price,MID,Everton,0.26696450590750065
31,718,Isaac Price,MID,Everton,0.26696450590750065
31,635,Hugo Bueno,DEF,Wolves,0.2680975654151174
31,425,Ben Johnson,DEF,West Ham,0.2680975654151174
31,238,Joseph Gomez,DEF,Liverpool,0.2680975654151174
31,508,Samuel Edozie,MID,Man City,0.26696450590750065
31,515,Bali Mumba,DEF,Norwich,0.2680975654151174
31,245,Konstantinos Tsimikas,DEF,Liverpool,0.2680975654151174
31,268,Ferran Torres,MID,Man City,0.26696450590750065
31,660,Jarell Quansah,DEF,Liverpool,0.2680975654151174
31,543,Scott Banks,MID,Crystal Palace,0.26696450590750065
31,74,Alexis Mac Allister,MID,Brighton,0.26696450590750065
31,615,Cieran Slicker,GK,Man City,0.1025318864798031
31,706,Hannibal Mejbri,MID,Man Utd,0.26696450590750065
31,65,Mathew Ryan,GK,Brighton,0.1025318864798031
31,304,Jacob Murphy,MID,Newcastle,0.26696450590750065
31,667,Thierry Small,DEF,Southampton,0.2680975654151174
31,118,Dwight McNeil,MID,Burnley,0.26696450590750065
31,118,Dwight McNeil,MID,Burnley,0.26696450590750065
31,674,Nathan Patterson,DEF,Everton,0.2680975654151174
31,674,Nathan Patterson,DEF,Everton,0.2680975654151174
31,168,Lucas Digne,DEF,Aston Villa,0.2680975654151174
31,546,Yan Valery,DEF,Southampton,0.2680975654151174
31,204,Danny Ward,GK,Leicester,0.1025318864798031
31,544,Jarrad Branthwaite,DEF,Everton,0.2680975654151174
31,544,Jarrad Branthwaite,DEF,Everton,0.2680975654151174
31,373,Oliver Skipp,MID,Spurs,0.26696450590750065
31,221,James Milner,MID,Liverpool,0.26696450590750065
31,272,Paul Pogba,MID,Man Utd,0.26696450590750065
31,681,Philippe Coutinho Correia,MID,Aston Villa,0.26696450590750065
31,231,Alisson Ramses Becker,GK,Liverpool,0.1025318864798031
31,177,Dominic Calvert-Lewin,FWD,Everton,0.2611888158482674
31,177,Dominic Calvert-Lewin,FWD,Everton,0.2611888158482674
31,244,Curtis Jones,MID,Liverpool,0.26696450590750065
31,262,Rúben Santos Gato Alves Dias,DEF,Man City,0.2680975654151174
31,289,Mason Greenwood,MID,Man Utd,0.26696450590750065
31,541,Jesurun Rak-Sakyi,MID,Crystal Palace,0.26696450590750065
31,10,Calum Chambers,DEF,Aston Villa,0.2680975654151174
31,563,Charlie Cresswell,DEF,Leeds,0.2680975654151174
31,420,Jarrod Bowen,MID,West Ham,0.26696450590750065
31,518,Armando Broja,FWD,Southampton,0.2611888158482674
31,90,Mads Bech Sørensen,DEF,Brentford,0.2680975654151174
31,161,Nathan Ferguson,DEF,Crystal Palace,0.2680975654151174
31,481,Asmir Begović,GK,Everton,0.1025318864798031
31,481,Asmir Begović,GK,Everton,0.1025318864798031
31,311,Jamal Lewis,DEF,Newcastle,0.2680975654151174
31,355,Toby Alderweireld,DEF,Spurs,0.2680975654151174
31,500,Florin Andone,FWD,Brighton,0.2611888158482674
31,285,Scott McTominay,MID,Man Utd,0.26696450590750065
31,252,John Stones,DEF,Man City,0.2680975654151174
31,710,Daniel Chesters,MID,West Ham,0.26696450590750065
31,485,Jadon Sancho,MID,Man Utd,0.26696450590750065
31,566,Tommy Doyle,MID,Man City,0.26696450590750065
31,21,Emile Smith Rowe,MID,Arsenal,0.26696450590750065
31,537,Taylor Richards,MID,Brighton,0.26696450590750065
31,37,Mahmoud Ahmed Ibrahim Hassan,MID,Aston Villa,0.26696450590750065
31,77,Christian Nørgaard,MID,Brentford,0.26696450590750065
31,148,James McArthur,MID,Crystal Palace,0.26696450590750065
31,617,Harrison Ashby,DEF,West Ham,0.2680975654151174
31,27,William Saliba,DEF,Arsenal,0.2680975654151174
31,569,Finley Stevens,DEF,Brentford,0.2680975654151174
31,572,Arthur Okonkwo,GK,Arsenal,0.1025318864798031
31,187,Rodrigo Moreno,FWD,Leeds,0.2611888158482674
31,450,Emmanuel Dennis,FWD,Watford,0.2611888158482674
31,352,Joe Hart,GK,Spurs,0.1025318864798031
31,410,Winston Reid,DEF,West Ham,0.2680975654151174
31,690,Robert Kenedy Nunes do Nascimento,DEF,Chelsea,0.2680975654151174
31,701,Dejan Kulusevski,MID,Spurs,0.26696450590750065
31,636,Amad Diallo,MID,Man Utd,0.26696450590750065
31,308,Miguel Almirón,MID,Newcastle,0.26696450590750065
31,438,Daniel Castelo Podence,MID,Wolves,0.26696450590750065
31,493,Nathaniel Clyne,DEF,Crystal Palace,0.2680975654151174
31,364,Ben Davies,DEF,Spurs,0.2680975654151174
31,216,Wilfred Ndidi,MID,Leicester,0.26696450590750065
31,604,Joshua Wilson-Esbrand,DEF,Man City,0.2680975654151174
31,327,Jacob Sørensen,DEF,Norwich,0.2680975654151174
31,2,Rúnar Alex Rúnarsson,GK,Arsenal,0.1025318864798031
31,93,Jan Zamburek,MID,Brentford,0.26696450590750065
31,709,Tayo Adaramola,DEF,Crystal Palace,0.2680975654151174
31,519,Shane Long,FWD,Southampton,0.2611888158482674
31,189,Patrick Bamford,FWD,Leeds,0.2611888158482674
31,680,Kgaogelo Chauke,MID,Southampton,0.26696450590750065
31,457,Dimitris Giannoulis,DEF,Norwich,0.2680975654151174
31,644,Ajibola Alese,DEF,West Ham,0.2680975654151174
31,173,Abdoulaye Doucouré,MID,Everton,0.26696450590750065
31,173,Abdoulaye Doucouré,MID,Everton,0.26696450590750065
31,188,Stuart Dallas,MID,Leeds,0.26696450590750065
31,340,Jannik Vestergaard,DEF,Leicester,0.2680975654151174
31,350,Moussa Djenepo,MID,Southampton,0.26696450590750065
31,332,Theo Walcott,MID,Southampton,0.26696450590750065
31,433,Jonathan Castro Otto,DEF,Wolves,0.2680975654151174
31,47,Wesley Moraes,FWD,Aston Villa,0.2611888158482674
31,116,Josh Benson,MID,Burnley,0.26696450590750065
31,116,Josh Benson,MID,Burnley,0.26696450590750065
31,375,Tanguy Ndombele,MID,Spurs,0.26696450590750065
31,393,Isaac Success Ajayi,FWD,Watford,0.2611888158482674
31,679,Edo Kayembe,MID,Watford,0.26696450590750065
31,431,Romain Saïss,DEF,Wolves,0.2680975654151174
31,437,Nélson Cabral Semedo,DEF,Wolves,0.2680975654151174
31,117,Bailey Peacock-Farrell,GK,Burnley,0.1025318864798031
31,117,Bailey Peacock-Farrell,GK,Burnley,0.1025318864798031
31,146,Vicente Guaita,GK,Crystal Palace,0.1025318864798031
31,26,Gabriel Teodoro Martinelli Silva,MID,Arsenal,0.26696450590750065
31,270,David de Gea,GK,Man Utd,0.1025318864798031
31,236,Takumi Minamino,MID,Liverpool,0.26696450590750065
31,702,Rodrigo Bentancur,MID,Spurs,0.26696450590750065
31,628,Maxwell Haygarth,MID,Brentford,0.26696450590750065
31,336,Nathan Redmond,MID,Southampton,0.26696450590750065
31,513,Freddie Woodman,GK,Newcastle,0.1025318864798031
31,59,Lewis Dunk,DEF,Brighton,0.2680975654151174
31,458,Boubakary Soumaré,MID,Leicester,0.26696450590750065
31,595,Jürgen Locadia,FWD,Brighton,0.2611888158482674
31,390,Adam Masina,DEF,Watford,0.2680975654151174
31,167,Bernard Anício Caldeira Duarte,MID,Everton,0.26696450590750065
31,167,Bernard Anício Caldeira Duarte,MID,Everton,0.26696450590750065
31,610,Lamare Bogarde,DEF,Aston Villa,0.2680975654151174
31,152,Luka Milivojevic,MID,Crystal Palace,0.26696450590750065
31,160,Eberechi Eze,MID,Crystal Palace,0.26696450590750065
31,324,Christoph Zimmermann,DEF,Norwich,0.2680975654151174
31,210,Youri Tielemans,MID,Leicester,0.26696450590750065
31,623,Reece Welch,DEF,Everton,0.2680975654151174
31,623,Reece Welch,DEF,Everton,0.2680975654151174
31,620,Tyler Morton,MID,Liverpool,0.26696450590750065
31,444,Andreas Söndergaard,GK,Wolves,0.1025318864798031
31,297,Jeff Hendrick,MID,Newcastle,0.26696450590750065
31,222,Jordan Henderson,MID,Liverpool,0.26696450590750065
31,589,Alex Kral,MID,West Ham,0.26696450590750065
31,349,Ibrahima Diallo,MID,Southampton,0.26696450590750065
31,113,Charlie Taylor,DEF,Burnley,0.2680975654151174
31,113,Charlie Taylor,DEF,Burnley,0.2680975654151174
31,661,Bruno André Cavaco Jordão,MID,Wolves,0.26696450590750065
31,106,Ben Mee,DEF,Burnley,0.2680975654151174
31,106,Ben Mee,DEF,Burnley,0.2680975654151174
31,552,Adam Forshaw,MID,Leeds,0.26696450590750065
31,130,N'Golo Kanté,MID,Chelsea,0.26696450590750065
31,603,Luke Mbete,DEF,Man City,0.2680975654151174
31,305,Fabian Schär,DEF,Newcastle,0.2680975654151174
31,13,Ainsley Maitland-Niles,MID,Arsenal,0.26696450590750065
31,159,Jean-Philippe Mateta,FWD,Crystal Palace,0.2611888158482674
31,353,Hugo Lloris,GK,Spurs,0.1025318864798031
31,708,Sam Waller,GK,Burnley,0.1025318864798031
31,708,Sam Waller,GK,Burnley,0.1025318864798031
31,255,Raheem Sterling,MID,Man City,0.26696450590750065
31,55,Pascal Groß,MID,Brighton,0.26696450590750065
31,492,Leon Bailey,MID,Aston Villa,0.26696450590750065
31,468,Joshua King,FWD,Watford,0.2611888158482674
31,286,Eric Bailly,DEF,Man Utd,0.2680975654151174
31,367,Davinson Sánchez,DEF,Spurs,0.2680975654151174
31,5,Cédric Soares,DEF,Arsenal,0.2680975654151174
31,465,Federico Fernández,DEF,Newcastle,0.2680975654151174
31,354,Moussa Sissoko,MID,Watford,0.26696450590750065
31,711,Zak Swanson,DEF,Arsenal,0.2680975654151174
31,242,Caoimhin Kelleher,GK,Liverpool,0.1025318864798031
31,230,Sadio Mané,MID,Liverpool,0.26696450590750065
31,539,Emerson Palmieri dos Santos,DEF,Chelsea,0.2680975654151174
31,692,Omari Hutchinson,MID,Arsenal,0.26696450590750065
31,138,Mason Mount,MID,Chelsea,0.26696450590750065
31,50,Douglas Luiz Soares de Paulo,MID,Aston Villa,0.26696450590750065
31,622,Cenk Tosun,FWD,Everton,0.2611888158482674
31,622,Cenk Tosun,FWD,Everton,0.2611888158482674
31,641,Willy Caballero,GK,Southampton,0.1025318864798031
31,400,Jeremy Ngakia,DEF,Watford,0.2680975654151174
31,686,Dion Sanderson,DEF,Wolves,0.2680975654151174
31,720,Marcelo Flores,MID,Arsenal,0.26696450590750065
31,412,Andriy Yarmolenko,MID,West Ham,0.26696450590750065
31,299,Jamaal Lascelles,DEF,Newcastle,0.2680975654151174
31,609,Elliot Anderson,MID,Newcastle,0.26696450590750065
31,294,Karl Darlow,GK,Newcastle,0.1025318864798031
31,662,Myles Peart-Harris,MID,Brentford,0.26696450590750065
31,514,Mark Gillespie,GK,Newcastle,0.1025318864798031
31,6,Alexandre Lacazette,FWD,Arsenal,0.2611888158482674
31,273,Harry Maguire,DEF,Man Utd,0.2680975654151174
31,329,Adam Idah,FWD,Norwich,0.2611888158482674
31,528,Christos Tzolis,MID,Norwich,0.26696450590750065
31,333,Fraser Forster,GK,Southampton,0.1025318864798031
31,521,Frederik Alves,DEF,West Ham,0.2680975654151174
31,22,Bukayo Saka,MID,Arsenal,0.26696450590750065
31,72,Aaron Connolly,FWD,Brighton,0.2611888158482674
31,185,Luke Ayling,DEF,Leeds,0.2680975654151174
31,40,Ollie Watkins,FWD,Aston Villa,0.2611888158482674
31,683,Liam Gibbs,MID,Norwich,0.26696450590750065
31,600,Nohan Kenneh,MID,Leeds,0.26696450590750065
31,654,Marc Leonard,MID,Brighton,0.26696450590750065
31,612,Jeremy Sarmiento,MID,Brighton,0.26696450590750065
31,82,Pelenda Joshua Dasilva,MID,Brentford,0.26696450590750065
31,275,Luke Shaw,DEF,Man Utd,0.2680975654151174
31,414,Craig Dawson,DEF,West Ham,0.2680975654151174
31,614,Paris Maghoma,MID,Brentford,0.26696450590750065
31,486,Pierluigi Gollini,GK,Spurs,0.1025318864798031
31,448,Angus Gunn,GK,Norwich,0.1025318864798031
31,559,Aaron Ramsdale,GK,Arsenal,0.1025318864798031
31,338,Jack Stephens,DEF,Southampton,0.2680975654151174
31,382,Francisco Femenía Far,DEF,Watford,0.2680975654151174
31,114,Will Norris,GK,Burnley,0.1025318864798031
31,114,Will Norris,GK,Burnley,0.1025318864798031
31,413,Michail Antonio,FWD,West Ham,0.2611888158482674
31,501,Malang Sarr,DEF,Chelsea,0.2680975654151174
31,716,Tony Springett,MID,Norwich,0.26696450590750065
31,436,Rúben Diogo da Silva Neves,MID,Wolves,0.26696450590750065
31,703,Benjamin Chrisene,MID,Aston Villa,0.26696450590750065
31,169,Michael Keane,DEF,Everton,0.2680975654151174
31,169,Michael Keane,DEF,Everton,0.2680975654151174
31,1,Bernd Leno,GK,Arsenal,0.1025318864798031
31,652,Armstrong Oko-Flex,MID,West Ham,0.26696450590750065
31,69,Robert Sánchez,GK,Brighton,0.1025318864798031
31,647,Kasey McAteer,MID,Leicester,0.26696450590750065
31,155,Jeffrey Schlupp,MID,Crystal Palace,0.26696450590750065
31,215,Harvey Barnes,MID,Leicester,0.26696450590750065
31,346,Nathan Tella,MID,Southampton,0.26696450590750065
31,637,Harry Lewis,GK,Southampton,0.1025318864798031
31,524,Yoane Wissa,MID,Brentford,0.26696450590750065
31,471,Pierre Lees-Melou,MID,Norwich,0.26696450590750065
31,223,Adrián San Miguel del Castillo,GK,Liverpool,0.1025318864798031
31,445,Fabio Silva,FWD,Wolves,0.2611888158482674
31,586,Odsonne Edouard,FWD,Crystal Palace,0.2611888158482674
31,405,Kwadwo Baah,MID,Watford,0.26696450590750065
31,295,Martin Dubravka,GK,Newcastle,0.1025318864798031
31,452,John Ruddy,GK,Wolves,0.1025318864798031
31,503,Anthony Gordon,MID,Everton,0.26696450590750065
31,503,Anthony Gordon,MID,Everton,0.26696450590750065
31,17,Nicolas Pépé,MID,Arsenal,0.26696450590750065
31,54,Jason Steele,GK,Brighton,0.1025318864798031
31,403,Imrân Louza,MID,Watford,0.26696450590750065
31,280,Dean Henderson,GK,Man Utd,0.1025318864798031
31,301,Paul Dummett,DEF,Newcastle,0.2680975654151174
31,322,Jordan Hugill,FWD,Norwich,0.2611888158482674
31,509,Tom Heaton,GK,Man Utd,0.1025318864798031
31,639,Vontae Daley-Campbell,DEF,Leicester,0.2680975654151174
31,520,Dane Scarlett,FWD,Spurs,0.2611888158482674
31,25,Mattéo Guendouzi,MID,Arsenal,0.26696450590750065
31,712,Odeluga Offiah,DEF,Brighton,0.2680975654151174
31,298,Ryan Fraser,MID,Newcastle,0.26696450590750065
31,326,Max Aarons,DEF,Norwich,0.2680975654151174
31,632,Phil Jones,DEF,Man Utd,0.2680975654151174
31,120,Olivier Giroud,FWD,Chelsea,0.2611888158482674
31,296,Callum Wilson,FWD,Newcastle,0.2611888158482674
31,441,Pedro Lomba Neto,MID,Wolves,0.26696450590750065
31,434,Leander Dendoncker,MID,Wolves,0.26696450590750065
31,87,Charlie Goode,DEF,Brentford,0.2680975654151174
31,16,Kieran Tierney,DEF,Arsenal,0.2680975654151174
31,56,Shane Duffy,DEF,Brighton,0.2680975654151174
31,704,Liam Delap,FWD,Man City,0.2611888158482674
31,714,Alfie Devine,MID,Spurs,0.26696450590750065
31,278,Anthony Martial,FWD,Man Utd,0.2611888158482674
31,234,Andrew Robertson,DEF,Liverpool,0.2680975654151174
31,66,Alireza Jahanbakhsh,MID,Brighton,0.26696450590750065
31,454,Matthew Pollock,DEF,Watford,0.2680975654151174
31,277,Bruno Miguel Borges Fernandes,MID,Man Utd,0.26696450590750065
31,18,Lucas Torreira,MID,Arsenal,0.26696450590750065
31,39,Matt Targett,DEF,Newcastle,0.2680975654151174
31,651,Conrad Egan-Riley,DEF,Man City,0.2680975654151174
31,11,Sead Kolasinac,DEF,Arsenal,0.2680975654151174
31,180,Richarlison de Andrade,FWD,Everton,0.2611888158482674
31,180,Richarlison de Andrade,FWD,Everton,0.2611888158482674
31,506,Harvey Elliott,MID,Liverpool,0.26696450590750065
31,684,Kaine Hayden,DEF,Aston Villa,0.2680975654151174
31,211,Ayoze Pérez,MID,Leicester,0.26696450590750065
31,356,Erik Lamela,MID,Spurs,0.26696450590750065
31,523,Patrick Cutrone,FWD,Wolves,0.2611888158482674
31,443,Ki-Jana Hoever,DEF,Wolves,0.2680975654151174
31,596,Viljami Sinisalo,GK,Aston Villa,0.1025318864798031
31,517,Mohamed Elyounoussi,MID,Southampton,0.26696450590750065
31,197,Jamie Shackleton,MID,Leeds,0.26696450590750065
31,658,Archie Gray,MID,Leeds,0.26696450590750065
31,532,Karl Hein,GK,Arsenal,0.1025318864798031
31,170,Jordan Pickford,GK,Everton,0.1025318864798031
31,170,Jordan Pickford,GK,Everton,0.1025318864798031
31,395,Ashley Fletcher,FWD,Watford,0.2611888158482674
31,380,Troy Deeney,FWD,Watford,0.2611888158482674
31,75,Jakub Moder,MID,Brighton,0.26696450590750065
31,124,Ross Barkley,MID,Chelsea,0.26696450590750065
31,119,César Azpilicueta,DEF,Chelsea,0.2680975654151174
31,473,Ryan Bertrand,DEF,Leicester,0.2680975654151174
31,664,Charlie Patino,MID,Arsenal,0.26696450590750065
31,402,Joseph Hungbo,MID,Watford,0.26696450590750065
31,605,Romeo Lavia,MID,Man City,0.26696450590750065
31,549,Christian Marques,DEF,Wolves,0.2680975654151174
31,480,Wayne Hennessey,GK,Burnley,0.1025318864798031
31,480,Wayne Hennessey,GK,Burnley,0.1025318864798031
31,378,Dan Gosling,MID,Watford,0.26696450590750065
31,98,James Tarkowski,DEF,Burnley,0.2680975654151174
31,98,James Tarkowski,DEF,Burnley,0.2680975654151174
31,616,Harry Tyrer,GK,Everton,0.1025318864798031
31,616,Harry Tyrer,GK,Everton,0.1025318864798031
31,303,Emil Krafth,DEF,Newcastle,0.2680975654151174
31,110,Matthew Lowton,DEF,Burnley,0.2680975654151174
31,110,Matthew Lowton,DEF,Burnley,0.2680975654151174
31,483,Kristoffer Ajer,DEF,Brentford,0.2680975654151174
31,339,Stuart Armstrong,MID,Southampton,0.26696450590750065
31,418,Vladimir Coufal,DEF,West Ham,0.2680975654151174
31,24,Konstantinos Mavropanos,DEF,Arsenal,0.2680975654151174
31,499,Shandon Baptiste,MID,Brentford,0.26696450590750065
31,227,Alex Oxlade-Chamberlain,MID,Liverpool,0.26696450590750065
31,228,Roberto Firmino,FWD,Liverpool,0.2611888158482674
31,476,Kjell Scherpen,GK,Brighton,0.1025318864798031
31,103,Kevin Long,DEF,Burnley,0.2680975654151174
31,103,Kevin Long,DEF,Burnley,0.2680975654151174
31,201,Jonny Evans,DEF,Leicester,0.2680975654151174
31,229,Virgil van Dijk,DEF,Liverpool,0.2680975654151174
31,421,Declan Rice,MID,West Ham,0.26696450590750065
31,464,Michael Olise,MID,Crystal Palace,0.26696450590750065
31,133,Andreas Christensen,DEF,Chelsea,0.2680975654151174
31,325,Todd Cantwell,MID,Norwich,0.26696450590750065
31,666,Jon McCracken,GK,Norwich,0.1025318864798031
31,312,Matthew Longstaff,MID,Newcastle,0.26696450590750065
31,365,Pierre-Emile Højbjerg,MID,Spurs,0.26696450590750065
31,685,Toti António Gomes,DEF,Wolves,0.2680975654151174
31,36,Kortney Hause,DEF,Aston Villa,0.2680975654151174
31,182,Pablo Hernández Domínguez,MID,Leeds,0.26696450590750065
31,203,Nampalys Mendy,MID,Leicester,0.26696450590750065
31,579,Cristiano Ronaldo dos Santos Aveiro,FWD,Man Utd,0.2611888158482674
31,282,Donny van de Beek,MID,Everton,0.26696450590750065
31,282,Donny van de Beek,MID,Everton,0.26696450590750065
31,125,Mateo Kovacic,MID,Chelsea,0.26696450590750065
31,44,Matthew Cash,DEF,Aston Villa,0.2680975654151174
31,121,Thiago Emiliano da Silva,DEF,Chelsea,0.2680975654151174
31,212,James Maddison,MID,Leicester,0.26696450590750065
31,613,Charlie Whitaker,MID,Everton,0.26696450590750065
31,613,Charlie Whitaker,MID,Everton,0.26696450590750065
31,467,Oghenekaro Peter Etebo,MID,Watford,0.26696450590750065
31,399,Ismaila Sarr,MID,Watford,0.26696450590750065
31,256,João Pedro Cavaco Cancelo,DEF,Man City,0.2680975654151174
31,264,Oleksandr Zinchenko,DEF,Man City,0.2680975654151174
31,205,Jamie Vardy,FWD,Leicester,0.2611888158482674
31,95,Halil Dervişoğlu,FWD,Brentford,0.2611888158482674
31,157,Jairo Riedewald,MID,Crystal Palace,0.26696450590750065
31,407,Darren Randolph,GK,West Ham,0.1025318864798031
31,31,Björn Engels,DEF,Aston Villa,0.2680975654151174
31,251,Kevin De Bruyne,MID,Man City,0.26696450590750065
31,675,Vitalii Mykolenko,DEF,Everton,0.2680975654151174
31,675,Vitalii Mykolenko,DEF,Everton,0.2680975654151174
31,28,Jed Steer,GK,Aston Villa,0.1025318864798031
31,490,Kristoffer Klaesson,GK,Leeds,0.1025318864798031
31,128,Kurt Zouma,DEF,West Ham,0.2680975654151174
31,57,Davy Pröpper,MID,Brighton,0.26696450590750065
31,389,Daniel Bachmann,GK,Watford,0.1025318864798031
31,226,Xherdan Shaqiri,MID,Liverpool,0.26696450590750065
31,153,Jordan Ayew,FWD,Crystal Palace,0.2611888158482674
31,84,Vitaly Janelt,MID,Brentford,0.26696450590750065
31,52,Ashley Young,DEF,Aston Villa,0.2680975654151174
31,368,Ryan Sessegnon,DEF,Spurs,0.2680975654151174
31,317,Lukas Rupp,MID,Norwich,0.26696450590750065
31,281,Marcus Rashford,MID,Man Utd,0.26696450590750065
31,46,Frédéric Guilbert,DEF,Aston Villa,0.2680975654151174
31,646,Lewis Brunt,MID,Leicester,0.26696450590750065
31,202,Marc Albrighton,MID,Leicester,0.26696450590750065
31,482,Andros Townsend,MID,Everton,0.26696450590750065
31,482,Andros Townsend,MID,Everton,0.26696450590750065
31,576,Liam McCarron,MID,Leeds,0.26696450590750065
31,461,Francisco Machado Mota de Castro Trincão,MID,Wolves,0.26696450590750065
31,214,Hamza Choudhury,MID,Leicester,0.26696450590750065
31,240,Diogo Jota,MID,Liverpool,0.26696450590750065
31,699,Christian Eriksen,MID,Brentford,0.26696450590750065
31,598,Tobi Omole,DEF,Spurs,0.2680975654151174
31,30,Emiliano Martínez,GK,Aston Villa,0.1025318864798031
31,7,Granit Xhaka,MID,Arsenal,0.26696450590750065
31,381,Tom Cleverley,MID,Watford,0.26696450590750065
31,225,Thiago Alcántara do Nascimento,MID,Liverpool,0.26696450590750065
31,560,Haydon Roberts,DEF,Brighton,0.2680975654151174
31,475,José Malheiro de Sá,GK,Wolves,0.1025318864798031
31,140,Callum Hudson-Odoi,MID,Chelsea,0.26696450590750065
31,199,Illan Meslier,GK,Leeds,0.1025318864798031
31,599,Joe White,MID,Newcastle,0.26696450590750065
31,545,Nathan Broadhead,FWD,Everton,0.2611888158482674
31,545,Nathan Broadhead,FWD,Everton,0.2611888158482674
31,156,Jack Butland,GK,Crystal Palace,0.1025318864798031
31,358,Serge Aurier,DEF,Spurs,0.2680975654151174
31,442,Owen Otasowie,MID,Wolves,0.26696450590750065
31,427,Rui Pedro dos Santos Patrício,GK,Wolves,0.1025318864798031
31,469,Adedapo Awokoya-Mebude,FWD,Watford,0.2611888158482674
31,144,Conor Gallagher,MID,Crystal Palace,0.26696450590750065
31,719,Mazeed Ogungbo,DEF,Arsenal,0.2680975654151174
31,371,Japhet Tanganga,DEF,Spurs,0.2680975654151174
31,511,Andreas Pereira,MID,Man Utd,0.26696450590750065
31,432,Fernando Marçal,DEF,Wolves,0.2680975654151174
31,455,Patson Daka,FWD,Leicester,0.2611888158482674
31,696,Luis Díaz,MID,Liverpool,0.26696450590750065
31,259,Aymeric Laporte,DEF,Man City,0.2680975654151174
31,556,Álvaro Fernández,GK,Brentford,0.1025318864798031
31,494,Cristian Romero,DEF,Spurs,0.2680975654151174
31,260,Zack Steffen,GK,Man City,0.1025318864798031
31,534,Bobby Thomas,DEF,Burnley,0.2680975654151174
31,534,Bobby Thomas,DEF,Burnley,0.2680975654151174
31,315,Teemu Pukki,FWD,Norwich,0.2611888158482674
31,165,Seamus Coleman,DEF,Everton,0.2680975654151174
31,165,Seamus Coleman,DEF,Everton,0.2680975654151174
31,656,Marcelo de Araújo Pitaluga Filho,GK,Liverpool,0.1025318864798031
31,193,Tyler Roberts,MID,Leeds,0.26696450590750065
31,71,Tariq Lamptey,DEF,Brighton,0.2680975654151174
31,292,Matt Ritchie,DEF,Newcastle,0.2680975654151174
31,32,Bertrand Traoré,MID,Aston Villa,0.26696450590750065
31,548,Chem Campbell,MID,Wolves,0.26696450590750065
31,602,Ellis Simms,FWD,Everton,0.2611888158482674
31,602,Ellis Simms,FWD,Everton,0.2611888158482674
31,478,Albert Sambi Lokonga,MID,Arsenal,0.26696450590750065
31,558,Martin Ødegaard,MID,Arsenal,0.26696450590750065
31,274,Frederico Rodrigues de Paula Santos,MID,Man Utd,0.26696450590750065
31,78,Ivan Toney,FWD,Brentford,0.2611888158482674
31,372,Giovani Lo Celso,MID,Spurs,0.26696450590750065
31,562,Cody Drameh,DEF,Leeds,0.2680975654151174
31,200,Kasper Schmeichel,GK,Leicester,0.1025318864798031
31,525,Adam Armstrong,FWD,Southampton,0.2611888158482674
31,239,Naby Keita,MID,Liverpool,0.26696450590750065
31,697,Bruno Guimarães Rodriguez Moura,MID,Newcastle,0.26696450590750065
31,293,Ciaran Clark,DEF,Newcastle,0.2680975654151174
31,497,Jaden Philogene-Bidace,MID,Aston Villa,0.26696450590750065
31,359,Heung-Min Son,MID,Spurs,0.26696450590750065
31,101,Jack Cork,MID,Burnley,0.26696450590750065
31,101,Jack Cork,MID,Burnley,0.26696450590750065
31,147,James Tomkins,DEF,Crystal Palace,0.2680975654151174
31,220,Wesley Fofana,DEF,Leicester,0.2680975654151174
31,136,Tammy Abraham,FWD,Chelsea,0.2611888158482674
31,451,Nathan Collins,DEF,Burnley,0.2680975654151174
31,451,Nathan Collins,DEF,Burnley,0.2680975654151174
31,655,Evan Ferguson,FWD,Brighton,0.2611888158482674
31,67,Ben White,DEF,Arsenal,0.2680975654151174
31,581,Mathias Normann,MID,Norwich,0.26696450590750065
31,195,Ian Carlo Poveda-Ocampo,MID,Leeds,0.26696450590750065
31,669,Kamil Conteh,MID,Watford,0.26696450590750065
31,449,Milot Rashica,MID,Norwich,0.26696450590750065
31,385,Nathaniel Chalobah,MID,Watford,0.26696450590750065
31,643,Jonathan Tomkinson,DEF,Norwich,0.2680975654151174
31,309,Sean Longstaff,MID,Newcastle,0.26696450590750065
31,345,Che Adams,FWD,Southampton,0.2611888158482674
31,43,Emiliano Buendía Stati,MID,Aston Villa,0.26696450590750065
31,633,James Morris,DEF,Watford,0.2680975654151174
31,582,Nikola Vlasic,MID,West Ham,0.26696450590750065
31,224,Joel Matip,DEF,Liverpool,0.2680975654151174
31,459,Juan Mata,MID,Man Utd,0.26696450590750065
31,678,Kieran Trippier,DEF,Newcastle,0.2680975654151174
31,192,Hélder Wander Sousa de Azevedo e Costa,MID,Leeds,0.26696450590750065
31,232,Fabio Henrique Tavares,MID,Liverpool,0.26696450590750065
31,29,Conor Hourihane,MID,Aston Villa,0.26696450590750065
31,447,Danny Welbeck,FWD,Brighton,0.2611888158482674
31,705,Zach Awe,DEF,Arsenal,0.2680975654151174
31,618,Nicolas Nkoulou,DEF,Watford,0.2680975654151174
31,158,Jarosław Jach,DEF,Crystal Palace,0.2680975654151174
31,176,Tom Davies,MID,Everton,0.26696450590750065
31,176,Tom Davies,MID,Everton,0.26696450590750065
31,249,Kyle Walker,DEF,Man City,0.2680975654151174
31,392,Philip Zinckernagel,MID,Watford,0.26696450590750065
31,291,Jonjo Shelvey,MID,Newcastle,0.26696450590750065
31,207,Ricardo Domingos Barbosa Pereira,DEF,Leicester,0.2680975654151174
31,406,Mark Noble,MID,West Ham,0.26696450590750065
31,502,Jonjoe Kenny,DEF,Everton,0.2680975654151174
31,502,Jonjoe Kenny,DEF,Everton,0.2680975654151174
31,606,Marcus Bettinelli,GK,Chelsea,0.1025318864798031
31,691,Robin Olsen,GK,Aston Villa,0.1025318864798031
31,68,Bernardo Fernandes Da Silva Junior,DEF,Brighton,0.2680975654151174
31,369,Steven Bergwijn,MID,Spurs,0.26696450590750065
31,607,Lewis Dobbin,FWD,Everton,0.2611888158482674
31,607,Lewis Dobbin,FWD,Everton,0.2611888158482674
31,134,Timo Werner,FWD,Chelsea,0.2611888158482674
31,430,Raúl Jiménez,FWD,Wolves,0.2611888158482674
31,384,Christian Kabasele,DEF,Watford,0.2680975654151174
31,361,Eric Dier,DEF,Spurs,0.2680975654151174
31,634,Sonny Perkins,MID,West Ham,0.26696450590750065
31,540,Reece Hannam,DEF,Crystal Palace,0.2680975654151174
31,496,Aaron Ramsey,MID,Aston Villa,0.26696450590750065
31,687,Ryan Giles,MID,Wolves,0.26696450590750065
31,590,Takehiro Tomiyasu,DEF,Arsenal,0.2680975654151174
31,129,Kepa Arrizabalaga,GK,Chelsea,0.1025318864798031
31,319,Grant Hanley,DEF,Norwich,0.2680975654151174
31,601,Stuart McKinstry,MID,Leeds,0.26696450590750065
31,14,Rob Holding,DEF,Arsenal,0.2680975654151174
31,23,Gabriel Magalhães,DEF,Arsenal,0.2680975654151174
31,241,Nathaniel Phillips,DEF,Liverpool,0.2680975654151174
31,650,Filip Marschall,GK,Aston Villa,0.1025318864798031
31,404,João Pedro Junqueira de Jesus,FWD,Watford,0.2611888158482674
31,535,Andi Zeqiri,FWD,Brighton,0.2611888158482674
31,250,Ilkay Gündogan,MID,Man City,0.26696450590750065
31,671,Lewis Hall,MID,Chelsea,0.26696450590750065
31,630,Tyler Onyango,MID,Everton,0.26696450590750065
31,630,Tyler Onyango,MID,Everton,0.26696450590750065
31,659,Brandon Austin,GK,Spurs,0.1025318864798031
31,419,Saïd Benrahma,MID,West Ham,0.26696450590750065
31,190,Diego Llorente,DEF,Leeds,0.2680975654151174
31,408,Lukasz Fabianski,GK,West Ham,0.1025318864798031
31,668,Harvey White,MID,Spurs,0.26696450590750065
31,398,Marc Navarro,DEF,Watford,0.2680975654151174
31,109,Chris Wood,FWD,Newcastle,0.2611888158482674
31,529,Romelu Lukaku,FWD,Chelsea,0.2611888158482674
31,592,Saúl Ñíguez,MID,Chelsea,0.26696450590750065
31,423,Pablo Fornals,MID,West Ham,0.26696450590750065
31,568,Cameron Archer,FWD,Aston Villa,0.2611888158482674
31,306,Isaac Hayden,MID,Newcastle,0.26696450590750065
31,682,Pierre Ekwah,DEF,West Ham,0.2680975654151174
31,20,Edward Nketiah,FWD,Arsenal,0.2611888158482674
31,122,Marcos Alonso,DEF,Chelsea,0.2680975654151174
31,463,Héctor Junior Firpo Adames,DEF,Leeds,0.2680975654151174
31,377,Danny Rose,DEF,Watford,0.2680975654151174
31,63,Neal Maupay,FWD,Brighton,0.2611888158482674
31,565,Owen Dodgson,DEF,Burnley,0.2680975654151174
31,565,Owen Dodgson,DEF,Burnley,0.2680975654151174
31,429,Conor Coady,DEF,Wolves,0.2680975654151174
31,386,Will Hughes,MID,Crystal Palace,0.26696450590750065
31,49,Keinan Davis,FWD,Aston Villa,0.2611888158482674
31,453,Fernando Luiz Rosa,MID,Man City,0.26696450590750065
31,363,Bamidele Alli,MID,Everton,0.26696450590750065
31,363,Bamidele Alli,MID,Everton,0.26696450590750065
31,38,Tyrone Mings,DEF,Aston Villa,0.2680975654151174
31,648,Jonathan Rowe,MID,Norwich,0.26696450590750065
31,553,Ben Woodburn,MID,Liverpool,0.26696450590750065
31,401,Ben Wilmot,DEF,Watford,0.2680975654151174
31,424,Issa Diop,DEF,West Ham,0.2680975654151174
31,416,Manuel Lanzini,MID,West Ham,0.26696450590750065
31,642,Vincent Angelini,GK,Watford,0.1025318864798031
31,283,Axel Tuanzebe,DEF,Man Utd,0.2680975654151174
31,564,Moise Kean,FWD,Everton,0.2611888158482674
31,564,Moise Kean,FWD,Everton,0.2611888158482674
31,316,Marco Stiepermann,MID,Norwich,0.26696450590750065
31,695,Ryan Alebiosu,DEF,Arsenal,0.2680975654151174
31,19,Joseph Willock,MID,Newcastle,0.26696450590750065
31,8,Pablo Marí,DEF,Arsenal,0.2680975654151174
31,507,Cole Palmer,MID,Man City,0.26696450590750065
31,323,Kieran Dowell,MID,Norwich,0.26696450590750065
31,163,Fabian Delph,MID,Everton,0.26696450590750065
31,163,Fabian Delph,MID,Everton,0.26696450590750065
31,253,Benjamin Mendy,DEF,Man City,0.2680975654151174
31,397,Domingos Quina,MID,Watford,0.26696450590750065
31,34,Morgan Sanson,MID,Aston Villa,0.26696450590750065
31,83,Rico Henry,DEF,Brentford,0.2680975654151174
31,115,Josh Brownhill,MID,Burnley,0.26696450590750065
31,115,Josh Brownhill,MID,Burnley,0.26696450590750065
31,41,Marvelous Nakamba,MID,Aston Villa,0.26696450590750065
31,415,Ryan Fredericks,DEF,West Ham,0.2680975654151174
31,472,Juan Camilo Hernández Suárez,FWD,Watford,0.2611888158482674
31,360,Matt Doherty,DEF,Spurs,0.2680975654151174
31,366,Harry Winks,MID,Spurs,0.26696450590750065
31,100,Erik Pieters,DEF,Burnley,0.2680975654151174
31,100,Erik Pieters,DEF,Burnley,0.2680975654151174
31,536,Michal Karbownik,DEF,Brighton,0.2680975654151174
31,85,Saman Ghoddos,MID,Brentford,0.26696450590750065
31,587,Ademola Lookman,MID,Leicester,0.26696450590750065
31,343,Jan Bednarek,DEF,Southampton,0.2680975654151174
31,626,Conor Bradley,DEF,Liverpool,0.2680975654151174
31,288,Aaron Wan-Bissaka,DEF,Man Utd,0.2680975654151174
31,417,Arthur Masuaku,DEF,West Ham,0.2680975654151174
31,123,Jorge Luiz Frello Filho,MID,Chelsea,0.26696450590750065
31,554,Jamal Baptiste,DEF,West Ham,0.2680975654151174
31,314,Tim Krul,GK,Norwich,0.1025318864798031
31,688,Thomas McGill,GK,Brighton,0.1025318864798031
31,394,Ayotomiwa Dele-Bashiru,MID,Watford,0.26696450590750065
31,186,Mateusz Klich,MID,Leeds,0.26696450590750065
31,487,Bryan Gil Salvatierra,MID,Spurs,0.26696450590750065
31,479,Frank Onyeka,MID,Brentford,0.26696450590750065
31,3,Willian Borges Da Silva,MID,Arsenal,0.26696450590750065
31,12,Mohamed Naser El Sayed Elneny,MID,Arsenal,0.26696450590750065
31,597,Dilan Markanday,MID,Spurs,0.26696450590750065
31,4,Pierre-Emerick Aubameyang,FWD,Arsenal,0.2611888158482674
31,489,Alphonse Areola,GK,West Ham,0.1025318864798031
31,139,Ethan Ampadu,DEF,Chelsea,0.2680975654151174
31,102,Dale Stephens,MID,Burnley,0.26696450590750065
31,102,Dale Stephens,MID,Burnley,0.26696450590750065
31,580,Ozan Kabak,DEF,Norwich,0.2680975654151174
31,460,Romain Perraud,DEF,Southampton,0.2680975654151174
31,279,Alex Nicolao Telles,DEF,Man Utd,0.2680975654151174
31,96,Bryan Mbeumo,MID,Brentford,0.26696450590750065
31,694,Mika Biereth,FWD,Arsenal,0.2611888158482674
31,570,Niels Nkounkou,DEF,Everton,0.2680975654151174
31,570,Niels Nkounkou,DEF,Everton,0.2680975654151174
31,672,Harvey Vale,MID,Chelsea,0.26696450590750065
31,263,Gabriel Fernando de Jesus,FWD,Man City,0.2611888158482674
31,347,William Smallbone,MID,Southampton,0.26696450590750065
31,488,Joachim Andersen,DEF,Crystal Palace,0.2680975654151174
31,247,Rhys Williams,DEF,Liverpool,0.2680975654151174
31,547,Luke Cundle,MID,Wolves,0.26696450590750065
31,411,Aaron Cresswell,DEF,West Ham,0.2680975654151174
31,171,Allan Marques Loureiro,MID,Everton,0.26696450590750065
31,171,Allan Marques Loureiro,MID,Everton,0.26696450590750065
31,715,Abu Kamara,FWD,Norwich,0.2611888158482674
31,456,Ben Gibson,DEF,Norwich,0.2680975654151174
31,209,Timothy Castagne,DEF,Leicester,0.2680975654151174
31,217,Çaglar Söyüncü,DEF,Leicester,0.2680975654151174
31,388,Stipe Perica,FWD,Watford,0.2611888158482674
31,243,Ibrahima Konaté,DEF,Liverpool,0.2680975654151174
31,512,Anthony Elanga,MID,Man Utd,0.26696450590750065
31,435,Adama Traoré,MID,Wolves,0.26696450590750065
31,328,Przemyslaw Placheta,MID,Norwich,0.26696450590750065
31,105,Ashley Barnes,FWD,Burnley,0.2611888158482674
31,105,Ashley Barnes,FWD,Burnley,0.2611888158482674
31,246,Neco Williams,DEF,Liverpool,0.2680975654151174
31,531,Reiss Nelson,MID,Arsenal,0.26696450590750065
31,676,Hassane Kamara,DEF,Watford,0.2680975654151174
31,307,Allan Saint-Maximin,FWD,Newcastle,0.2611888158482674
31,86,Mathias Jensen,MID,Brentford,0.26696450590750065
31,533,Lewis Richardson,FWD,Burnley,0.2611888158482674
31,533,Lewis Richardson,FWD,Burnley,0.2611888158482674
31,183,Francisco Casilla Cortés,GK,Leeds,0.1025318864798031
31,290,Brandon Williams,DEF,Norwich,0.2680975654151174
31,689,Francisco Jorge Tomás Oliveira,MID,Wolves,0.26696450590750065
31,73,Steven Alzate,MID,Brighton,0.26696450590750065
31,111,Matej Vydra,FWD,Burnley,0.2611888158482674
31,111,Matej Vydra,FWD,Burnley,0.2611888158482674
31,505,Kiernan Dewsbury-Hall,MID,Leicester,0.26696450590750065
31,498,Dominic Thompson,DEF,Brentford,0.2680975654151174
31,376,Ben Foster,GK,Watford,0.1025318864798031
31,391,Ken Sema,MID,Watford,0.26696450590750065
31,550,Sam Greenwood,FWD,Leeds,0.2611888158482674
31,670,Josh Feeney,DEF,Aston Villa,0.2680975654151174
31,673,Jonas Lössl,GK,Brentford,0.1025318864798031
31,526,Carney Chukwuemeka,MID,Aston Villa,0.26696450590750065
31,233,Mohamed Salah,MID,Liverpool,0.26696450590750065
31,577,Joe Gelhardt,FWD,Leeds,0.2611888158482674
31,172,André Filipe Tavares Gomes,MID,Everton,0.26696450590750065
31,172,André Filipe Tavares Gomes,MID,Everton,0.26696450590750065
31,396,Francisco Sierralta,DEF,Watford,0.2680975654151174
31,191,Kalvin Phillips,MID,Leeds,0.26696450590750065
31,334,Alex McCarthy,GK,Southampton,0.1025318864798031
31,362,Lucas Rodrigues Moura da Silva,MID,Spurs,0.26696450590750065
31,337,Danny Ings,FWD,Aston Villa,0.2611888158482674
31,370,Sergio Reguilón,DEF,Spurs,0.2680975654151174
31,578,Maxwel Cornet,MID,Burnley,0.26696450590750065
31,578,Maxwel Cornet,MID,Burnley,0.26696450590750065
31,379,Craig Cathcart,DEF,Watford,0.2680975654151174
31,575,Aaron Lennon,MID,Burnley,0.26696450590750065
31,575,Aaron Lennon,MID,Burnley,0.26696450590750065
31,135,Benjamin Chilwell,DEF,Chelsea,0.2680975654151174
31,213,Kelechi Iheanacho,FWD,Leicester,0.2611888158482674
31,573,Eldin Jakupovic,GK,Leicester,0.1025318864798031
31,422,Tomas Soucek,MID,West Ham,0.26696450590750065
31,184,Liam Cooper,DEF,Leeds,0.2680975654151174
31,665,Dynel Simeu,DEF,Southampton,0.2680975654151174
31,92,Ellery Balcombe,GK,Brentford,0.1025318864798031
31,631,Jack Jenkins,MID,Leeds,0.26696450590750065
31,15,Thomas Partey,MID,Arsenal,0.26696450590750065
31,567,Lyanco Evangelista Silveira Neves Vojnovic,DEF,Southampton,0.2680975654151174
31,137,Christian Pulisic,MID,Chelsea,0.26696450590750065
31,313,Michael McGovern,GK,Norwich,0.1025318864798031
31,99,Phil Bardsley,DEF,Burnley,0.2680975654151174
31,99,Phil Bardsley,DEF,Burnley,0.2680975654151174
31,126,Michy Batshuayi,FWD,Chelsea,0.2611888158482674
31,154,Wilfried Zaha,MID,Crystal Palace,0.26696450590750065
31,127,Antonio Rüdiger,DEF,Chelsea,0.2680975654151174
31,266,Rodrigo Hernandez,MID,Man City,0.26696450590750065
31,341,James Ward-Prowse,MID,Southampton,0.26696450590750065
31,254,Riyad Mahrez,MID,Man City,0.26696450590750065
31,248,Ben Davies,DEF,Liverpool,0.2680975654151174
31,218,James Justin,DEF,Leicester,0.2680975654151174
31,179,Ben Godfrey,DEF,Everton,0.2680975654151174
31,179,Ben Godfrey,DEF,Everton,0.2680975654151174
31,608,Leo Fuhr Hjelde,DEF,Leeds,0.2680975654151174
31,131,Hakim Ziyech,MID,Chelsea,0.26696450590750065
31,522,Conor Coventry,MID,West Ham,0.26696450590750065
31,58,Dan Burn,DEF,Newcastle,0.2680975654151174
31,219,Luke Thomas,DEF,Leicester,0.2680975654151174
31,60,Solomon March,MID,Brighton,0.26696450590750065
31,351,Mohammed Salisu,DEF,Southampton,0.2680975654151174
31,588,Emerson Aparecido Leite de Souza Junior,DEF,Spurs,0.2680975654151174
31,707,Lucas De Bolle,MID,Newcastle,0.26696450590750065
31,318,Kenny McLean,MID,Norwich,0.26696450590750065
31,348,Michael Obafemi,FWD,Southampton,0.2611888158482674
31,530,Folarin Balogun,FWD,Arsenal,0.2611888158482674
31,35,John McGinn,MID,Aston Villa,0.26696450590750065
31,104,Jay Rodriguez,FWD,Burnley,0.2611888158482674
31,104,Jay Rodriguez,FWD,Burnley,0.2611888158482674
31,198,Pascal Struijk,DEF,Leeds,0.2680975654151174
31,491,Tino Livramento,DEF,Southampton,0.2680975654151174
31,619,Matthew Cox,GK,Brentford,0.1025318864798031
31,335,Oriol Romeu Vidal,MID,Southampton,0.26696450590750065
31,495,Juraj Kucka,MID,Watford,0.26696450590750065
31,108,Johann Berg Gudmundsson,MID,Burnley,0.26696450590750065
31,108,Johann Berg Gudmundsson,MID,Burnley,0.26696450590750065
31,206,Dennis Praet,MID,Leicester,0.26696450590750065
31,551,Crysencio Summerville,MID,Leeds,0.26696450590750065
31,269,Edinson Cavani,FWD,Man Utd,0.2611888158482674
31,208,Daniel Amartey,DEF,Leicester,0.2680975654151174
31,653,Ed Turns,DEF,Brighton,0.2680975654151174
31,162,Tyrick Mitchell,DEF,Crystal Palace,0.2680975654151174
31,693,Salah-Eddine Oulad M'hand,MID,Arsenal,0.26696450590750065
31,132,Ruben Loftus-Cheek,MID,Chelsea,0.26696450590750065
31,64,Leandro Trossard,MID,Brighton,0.26696450590750065
31,300,Dwight Gayle,FWD,Newcastle,0.2611888158482674
31,663,Kayky da Silva Chagas,FWD,Man City,0.2611888158482674
31,542,Robert Street,FWD,Crystal Palace,0.2611888158482674
31,175,Yerry Mina,DEF,Everton,0.2680975654151174
31,175,Yerry Mina,DEF,Everton,0.2680975654151174
31,574,Robert Elliot,GK,Watford,0.1025318864798031
31,516,Joshua Sargent,FWD,Norwich,0.2611888158482674
31,112,Nick Pope,GK,Burnley,0.1025318864798031
31,112,Nick Pope,GK,Burnley,0.1025318864798031
31,267,Jack Harrison,MID,Leeds,0.26696450590750065
31,141,Kai Havertz,MID,Chelsea,0.26696450590750065
31,510,José Diogo Dalot Teixeira,DEF,Man Utd,0.2680975654151174
31,640,Nathan Young-Coombes,FWD,Brentford,0.2611888158482674
31,330,Josh Martin,MID,Norwich,0.26696450590750065
31,555,Raphaël Varane,DEF,Man Utd,0.2680975654151174
31,645,Ben Nelson,DEF,Leicester,0.2680975654151174
31,571,Andy Lonergan,GK,Everton,0.1025318864798031
31,571,Andy Lonergan,GK,Everton,0.1025318864798031
31,474,Joel Ward,DEF,Crystal Palace,0.2680975654151174
31,698,Samuel Kalu,MID,Watford,0.26696450590750065
31,237,Trent Alexander-Arnold,DEF,Liverpool,0.2680975654151174
31,276,Jesse Lingard,MID,Man Utd,0.26696450590750065
31,627,Owen Beck,DEF,Liverpool,0.2680975654151174
31,357,Harry Kane,FWD,Spurs,0.2611888158482674
31,585,Connor Roberts,DEF,Burnley,0.2680975654151174
31,585,Connor Roberts,DEF,Burnley,0.2680975654151174
31,61,Adam Webster,DEF,Brighton,0.2680975654151174
31,265,Phil Foden,MID,Man City,0.26696450590750065
31,181,João Virgínia,GK,Everton,0.1025318864798031
31,181,João Virgínia,GK,Everton,0.1025318864798031
31,142,Reece James,DEF,Chelsea,0.2680975654151174
31,713,Tommi O'Reilly,MID,Aston Villa,0.26696450590750065
31,81,Sergi Canós,MID,Brentford,0.26696450590750065
32,557,Ozan Tufan,MID,Watford,0.2669645059075006
32,383,Andre Gray,FWD,Watford,0.26118881584826736
32,428,Willy Boly,DEF,Wolves,0.2680975654151175
32,89,Mads Roerslev Rasmussen,DEF,Brentford,0.2680975654151175
32,321,Sam Byram,DEF,Norwich,0.2680975654151175
32,700,Wout Weghorst,FWD,Burnley,0.26118881584826736
32,331,Andrew Omobamidele,DEF,Norwich,0.2680975654151175
32,310,Joelinton Cássio Apolinário de Lira,FWD,Newcastle,0.26118881584826736
32,584,Marc Cucurella,DEF,Brighton,0.2680975654151175
32,62,Joël Veltman,DEF,Brighton,0.2680975654151175
32,446,Yerson Mosquera Valdelamar,DEF,Wolves,0.2680975654151175
32,583,Hee-Chan Hwang,FWD,Wolves,0.26118881584826736
32,235,Divock Origi,FWD,Liverpool,0.26118881584826736
32,149,Christian Benteke,FWD,Crystal Palace,0.26118881584826736
32,611,Louie Moulden,GK,Wolves,0.10253188647980309
32,594,Mathias Jorgensen,DEF,Brentford,0.2680975654151175
32,94,Patrik Gunnarsson,GK,Brentford,0.10253188647980309
32,79,Tariqe Fosu-Henry,MID,Brentford,0.2669645059075006
32,320,Onel Hernández,MID,Norwich,0.2669645059075006
32,33,Jack Grealish,MID,Man City,0.2669645059075006
32,621,James Storer,GK,Wolves,0.10253188647980309
32,677,Samir Caetano de Souza Santos,DEF,Watford,0.2680975654151175
32,287,Daniel James,MID,Leeds,0.2669645059075006
32,409,Angelo Ogbonna,DEF,West Ham,0.2680975654151175
32,196,Raphael Dias Belloli,MID,Leeds,0.2669645059075006
32,88,Marcus Forss,FWD,Brentford,0.26118881584826736
32,145,Billy Gilmour,MID,Norwich,0.2669645059075006
32,284,Victor Lindelöf,DEF,Man Utd,0.2680975654151175
32,45,Ezri Konsa Ngoyo,DEF,Aston Villa,0.2680975654151175
32,439,Max Kilman,DEF,Wolves,0.2680975654151175
32,174,Alex Iwobi,MID,Everton,0.2669645059075006
32,538,Moisés Caicedo,MID,Brighton,0.2669645059075006
32,462,Enock Mwepu,MID,Brighton,0.2669645059075006
32,194,Robin Koch,DEF,Leeds,0.2680975654151175
32,151,Martin Kelly,DEF,Crystal Palace,0.2680975654151175
32,91,Ethan Pinnock,DEF,Brentford,0.2680975654151175
32,657,Kris Moore,DEF,Leeds,0.2680975654151175
32,426,João Filipe Iria Santos Moutinho,MID,Wolves,0.2669645059075006
32,164,Gylfi Sigurdsson,MID,Everton,0.2669645059075006
32,466,Nuno Varela Tavares,DEF,Arsenal,0.2680975654151175
32,302,Javier Manquillo,DEF,Newcastle,0.2680975654151175
32,76,Pontus Jansson,DEF,Brentford,0.2680975654151175
32,629,James McAtee,MID,Man City,0.2669645059075006
32,638,Tim Iroegbunam,MID,Aston Villa,0.2669645059075006
32,722,Julian Jeanvier,DEF,Brentford,0.2680975654151175
32,261,Bernardo Mota Veiga de Carvalho e Silva,MID,Man City,0.2669645059075006
32,342,Kyle Walker-Peters,DEF,Southampton,0.2680975654151175
32,477,Marc Guéhi,DEF,Crystal Palace,0.2680975654151175
32,257,Ederson Santana de Moraes,GK,Man City,0.10253188647980309
32,591,Salomón Rondón,FWD,Everton,0.26118881584826736
32,42,Anwar El Ghazi,MID,Everton,0.2669645059075006
32,625,Kaide Gordon,MID,Liverpool,0.2669645059075006
32,717,Jamie Bowden,MID,Spurs,0.2669645059075006
32,624,Lewis Bate,MID,Leeds,0.2669645059075006
32,80,David Raya Martin,GK,Brentford,0.10253188647980309
32,593,Scott Carson,GK,Man City,0.10253188647980309
32,344,Daniel N'Lundulu,FWD,Southampton,0.26118881584826736
32,53,Adam Lallana,MID,Brighton,0.2669645059075006
32,178,Mason Holgate,DEF,Everton,0.2680975654151175
32,484,Demarai Gray,MID,Everton,0.2669645059075006
32,97,Mads Bidstrup,MID,Brentford,0.2669645059075006
32,504,Jean-Philippe Gbamin,MID,Everton,0.2669645059075006
32,107,Ashley Westwood,MID,Burnley,0.2669645059075006
32,387,William Troost-Ekong,DEF,Watford,0.2680975654151175
32,166,James Rodríguez,MID,Everton,0.2669645059075006
32,9,Héctor Bellerín,DEF,Arsenal,0.2680975654151175
32,70,Yves Bissouma,MID,Brighton,0.2669645059075006
32,150,Cheikhou Kouyaté,DEF,Crystal Palace,0.2680975654151175
32,374,Joe Rodon,DEF,Spurs,0.2680975654151175
32,271,Nemanja Matic,MID,Man Utd,0.2669645059075006
32,561,Remi Matthews,GK,Crystal Palace,0.10253188647980309
32,48,Mbwana Ally Samatta,FWD,Aston Villa,0.26118881584826736
32,258,Nathan Aké,DEF,Man City,0.2680975654151175
32,440,Morgan Gibbs-White,MID,Wolves,0.2669645059075006
32,143,Edouard Mendy,GK,Chelsea,0.10253188647980309
32,649,Thomas Dickson-Peters,FWD,Norwich,0.26118881584826736
32,470,Rayan Ait Nouri,DEF,Wolves,0.2680975654151175
32,527,Trevoh Chalobah,DEF,Chelsea,0.2680975654151175
32,51,Jacob Ramsey,MID,Aston Villa,0.2669645059075006
32,718,Isaac Price,MID,Everton,0.2669645059075006
32,635,Hugo Bueno,DEF,Wolves,0.2680975654151175
32,425,Ben Johnson,DEF,West Ham,0.2680975654151175
32,238,Joseph Gomez,DEF,Liverpool,0.2680975654151175
32,508,Samuel Edozie,MID,Man City,0.2669645059075006
32,515,Bali Mumba,DEF,Norwich,0.2680975654151175
32,245,Konstantinos Tsimikas,DEF,Liverpool,0.2680975654151175
32,268,Ferran Torres,MID,Man City,0.2669645059075006
32,660,Jarell Quansah,DEF,Liverpool,0.2680975654151175
32,543,Scott Banks,MID,Crystal Palace,0.2669645059075006
32,74,Alexis Mac Allister,MID,Brighton,0.2669645059075006
32,615,Cieran Slicker,GK,Man City,0.10253188647980309
32,706,Hannibal Mejbri,MID,Man Utd,0.2669645059075006
32,65,Mathew Ryan,GK,Brighton,0.10253188647980309
32,304,Jacob Murphy,MID,Newcastle,0.2669645059075006
32,667,Thierry Small,DEF,Southampton,0.2680975654151175
32,118,Dwight McNeil,MID,Burnley,0.2669645059075006
32,674,Nathan Patterson,DEF,Everton,0.2680975654151175
32,168,Lucas Digne,DEF,Aston Villa,0.2680975654151175
32,546,Yan Valery,DEF,Southampton,0.2680975654151175
32,204,Danny Ward,GK,Leicester,0.10253188647980309
32,544,Jarrad Branthwaite,DEF,Everton,0.2680975654151175
32,373,Oliver Skipp,MID,Spurs,0.2669645059075006
32,221,James Milner,MID,Liverpool,0.2669645059075006
32,272,Paul Pogba,MID,Man Utd,0.2669645059075006
32,681,Philippe Coutinho Correia,MID,Aston Villa,0.2669645059075006
32,231,Alisson Ramses Becker,GK,Liverpool,0.10253188647980309
32,177,Dominic Calvert-Lewin,FWD,Everton,0.26118881584826736
32,244,Curtis Jones,MID,Liverpool,0.2669645059075006
32,262,Rúben Santos Gato Alves Dias,DEF,Man City,0.2680975654151175
32,289,Mason Greenwood,MID,Man Utd,0.2669645059075006
32,541,Jesurun Rak-Sakyi,MID,Crystal Palace,0.2669645059075006
32,10,Calum Chambers,DEF,Aston Villa,0.2680975654151175
32,563,Charlie Cresswell,DEF,Leeds,0.2680975654151175
32,420,Jarrod Bowen,MID,West Ham,0.2669645059075006
32,518,Armando Broja,FWD,Southampton,0.26118881584826736
32,90,Mads Bech Sørensen,DEF,Brentford,0.2680975654151175
32,161,Nathan Ferguson,DEF,Crystal Palace,0.2680975654151175
32,481,Asmir Begović,GK,Everton,0.10253188647980309
32,311,Jamal Lewis,DEF,Newcastle,0.2680975654151175
32,355,Toby Alderweireld,DEF,Spurs,0.2680975654151175
32,500,Florin Andone,FWD,Brighton,0.26118881584826736
32,285,Scott McTominay,MID,Man Utd,0.2669645059075006
32,252,John Stones,DEF,Man City,0.2680975654151175
32,710,Daniel Chesters,MID,West Ham,0.2669645059075006
32,485,Jadon Sancho,MID,Man Utd,0.2669645059075006
32,566,Tommy Doyle,MID,Man City,0.2669645059075006
32,21,Emile Smith Rowe,MID,Arsenal,0.2669645059075006
32,537,Taylor Richards,MID,Brighton,0.2669645059075006
32,37,Mahmoud Ahmed Ibrahim Hassan,MID,Aston Villa,0.2669645059075006
32,77,Christian Nørgaard,MID,Brentford,0.2669645059075006
32,148,James McArthur,MID,Crystal Palace,0.2669645059075006
32,617,Harrison Ashby,DEF,West Ham,0.2680975654151175
32,27,William Saliba,DEF,Arsenal,0.2680975654151175
32,569,Finley Stevens,DEF,Brentford,0.2680975654151175
32,572,Arthur Okonkwo,GK,Arsenal,0.10253188647980309
32,187,Rodrigo Moreno,FWD,Leeds,0.26118881584826736
32,450,Emmanuel Dennis,FWD,Watford,0.26118881584826736
32,352,Joe Hart,GK,Spurs,0.10253188647980309
32,410,Winston Reid,DEF,West Ham,0.2680975654151175
32,690,Robert Kenedy Nunes do Nascimento,DEF,Chelsea,0.2680975654151175
32,701,Dejan Kulusevski,MID,Spurs,0.2669645059075006
32,636,Amad Diallo,MID,Man Utd,0.2669645059075006
32,308,Miguel Almirón,MID,Newcastle,0.2669645059075006
32,438,Daniel Castelo Podence,MID,Wolves,0.2669645059075006
32,493,Nathaniel Clyne,DEF,Crystal Palace,0.2680975654151175
32,364,Ben Davies,DEF,Spurs,0.2680975654151175
32,216,Wilfred Ndidi,MID,Leicester,0.2669645059075006
32,604,Joshua Wilson-Esbrand,DEF,Man City,0.2680975654151175
32,327,Jacob Sørensen,DEF,Norwich,0.2680975654151175
32,2,Rúnar Alex Rúnarsson,GK,Arsenal,0.10253188647980309
32,93,Jan Zamburek,MID,Brentford,0.2669645059075006
32,709,Tayo Adaramola,DEF,Crystal Palace,0.2680975654151175
32,519,Shane Long,FWD,Southampton,0.26118881584826736
32,189,Patrick Bamford,FWD,Leeds,0.26118881584826736
32,680,Kgaogelo Chauke,MID,Southampton,0.2669645059075006
32,457,Dimitris Giannoulis,DEF,Norwich,0.2680975654151175
32,644,Ajibola Alese,DEF,West Ham,0.2680975654151175
32,173,Abdoulaye Doucouré,MID,Everton,0.2669645059075006
32,188,Stuart Dallas,MID,Leeds,0.2669645059075006
32,340,Jannik Vestergaard,DEF,Leicester,0.2680975654151175
32,350,Moussa Djenepo,MID,Southampton,0.2669645059075006
32,332,Theo Walcott,MID,Southampton,0.2669645059075006
32,433,Jonathan Castro Otto,DEF,Wolves,0.2680975654151175
32,47,Wesley Moraes,FWD,Aston Villa,0.26118881584826736
32,116,Josh Benson,MID,Burnley,0.2669645059075006
32,375,Tanguy Ndombele,MID,Spurs,0.2669645059075006
32,393,Isaac Success Ajayi,FWD,Watford,0.26118881584826736
32,679,Edo Kayembe,MID,Watford,0.2669645059075006
32,431,Romain Saïss,DEF,Wolves,0.2680975654151175
32,437,Nélson Cabral Semedo,DEF,Wolves,0.2680975654151175
32,117,Bailey Peacock-Farrell,GK,Burnley,0.10253188647980309
32,146,Vicente Guaita,GK,Crystal Palace,0.10253188647980309
32,26,Gabriel Teodoro Martinelli Silva,MID,Arsenal,0.2669645059075006
32,270,David de Gea,GK,Man Utd,0.10253188647980309
32,236,Takumi Minamino,MID,Liverpool,0.2669645059075006
32,702,Rodrigo Bentancur,MID,Spurs,0.2669645059075006
32,628,Maxwell Haygarth,MID,Brentford,0.2669645059075006
32,336,Nathan Redmond,MID,Southampton,0.2669645059075006
32,513,Freddie Woodman,GK,Newcastle,0.10253188647980309
32,59,Lewis Dunk,DEF,Brighton,0.2680975654151175
32,458,Boubakary Soumaré,MID,Leicester,0.2669645059075006
32,595,Jürgen Locadia,FWD,Brighton,0.26118881584826736
32,390,Adam Masina,DEF,Watford,0.2680975654151175
32,167,Bernard Anício Caldeira Duarte,MID,Everton,0.2669645059075006
32,610,Lamare Bogarde,DEF,Aston Villa,0.2680975654151175
32,152,Luka Milivojevic,MID,Crystal Palace,0.2669645059075006
32,160,Eberechi Eze,MID,Crystal Palace,0.2669645059075006
32,324,Christoph Zimmermann,DEF,Norwich,0.2680975654151175
32,210,Youri Tielemans,MID,Leicester,0.2669645059075006
32,623,Reece Welch,DEF,Everton,0.2680975654151175
32,620,Tyler Morton,MID,Liverpool,0.2669645059075006
32,444,Andreas Söndergaard,GK,Wolves,0.10253188647980309
32,297,Jeff Hendrick,MID,Newcastle,0.2669645059075006
32,222,Jordan Henderson,MID,Liverpool,0.2669645059075006
32,589,Alex Kral,MID,West Ham,0.2669645059075006
32,349,Ibrahima Diallo,MID,Southampton,0.2669645059075006
32,113,Charlie Taylor,DEF,Burnley,0.2680975654151175
32,661,Bruno André Cavaco Jordão,MID,Wolves,0.2669645059075006
32,106,Ben Mee,DEF,Burnley,0.2680975654151175
32,721,Miguel Azeez,MID,Arsenal,0.2669645059075006
32,552,Adam Forshaw,MID,Leeds,0.2669645059075006
32,130,N'Golo Kanté,MID,Chelsea,0.2669645059075006
32,603,Luke Mbete,DEF,Man City,0.2680975654151175
32,305,Fabian Schär,DEF,Newcastle,0.2680975654151175
32,13,Ainsley Maitland-Niles,MID,Arsenal,0.2669645059075006
32,159,Jean-Philippe Mateta,FWD,Crystal Palace,0.26118881584826736
32,353,Hugo Lloris,GK,Spurs,0.10253188647980309
32,708,Sam Waller,GK,Burnley,0.10253188647980309
32,255,Raheem Sterling,MID,Man City,0.2669645059075006
32,55,Pascal Groß,MID,Brighton,0.2669645059075006
32,492,Leon Bailey,MID,Aston Villa,0.2669645059075006
32,468,Joshua King,FWD,Watford,0.26118881584826736
32,286,Eric Bailly,DEF,Man Utd,0.2680975654151175
32,367,Davinson Sánchez,DEF,Spurs,0.2680975654151175
32,5,Cédric Soares,DEF,Arsenal,0.2680975654151175
32,465,Federico Fernández,DEF,Newcastle,0.2680975654151175
32,354,Moussa Sissoko,MID,Watford,0.2669645059075006
32,711,Zak Swanson,DEF,Arsenal,0.2680975654151175
32,242,Caoimhin Kelleher,GK,Liverpool,0.10253188647980309
32,230,Sadio Mané,MID,Liverpool,0.2669645059075006
32,539,Emerson Palmieri dos Santos,DEF,Chelsea,0.2680975654151175
32,692,Omari Hutchinson,MID,Arsenal,0.2669645059075006
32,138,Mason Mount,MID,Chelsea,0.2669645059075006
32,50,Douglas Luiz Soares de Paulo,MID,Aston Villa,0.2669645059075006
32,622,Cenk Tosun,FWD,Everton,0.26118881584826736
32,641,Willy Caballero,GK,Southampton,0.10253188647980309
32,400,Jeremy Ngakia,DEF,Watford,0.2680975654151175
32,686,Dion Sanderson,DEF,Wolves,0.2680975654151175
32,720,Marcelo Flores,MID,Arsenal,0.2669645059075006
32,412,Andriy Yarmolenko,MID,West Ham,0.2669645059075006
32,299,Jamaal Lascelles,DEF,Newcastle,0.2680975654151175
32,609,Elliot Anderson,MID,Newcastle,0.2669645059075006
32,294,Karl Darlow,GK,Newcastle,0.10253188647980309
32,662,Myles Peart-Harris,MID,Brentford,0.2669645059075006
32,514,Mark Gillespie,GK,Newcastle,0.10253188647980309
32,6,Alexandre Lacazette,FWD,Arsenal,0.26118881584826736
32,273,Harry Maguire,DEF,Man Utd,0.2680975654151175
32,329,Adam Idah,FWD,Norwich,0.26118881584826736
32,528,Christos Tzolis,MID,Norwich,0.2669645059075006
32,333,Fraser Forster,GK,Southampton,0.10253188647980309
32,521,Frederik Alves,DEF,West Ham,0.2680975654151175
32,22,Bukayo Saka,MID,Arsenal,0.2669645059075006
32,72,Aaron Connolly,FWD,Brighton,0.26118881584826736
32,185,Luke Ayling,DEF,Leeds,0.2680975654151175
32,40,Ollie Watkins,FWD,Aston Villa,0.26118881584826736
32,683,Liam Gibbs,MID,Norwich,0.2669645059075006
32,600,Nohan Kenneh,MID,Leeds,0.2669645059075006
32,654,Marc Leonard,MID,Brighton,0.2669645059075006
32,612,Jeremy Sarmiento,MID,Brighton,0.2669645059075006
32,82,Pelenda Joshua Dasilva,MID,Brentford,0.2669645059075006
32,275,Luke Shaw,DEF,Man Utd,0.2680975654151175
32,414,Craig Dawson,DEF,West Ham,0.2680975654151175
32,614,Paris Maghoma,MID,Brentford,0.2669645059075006
32,486,Pierluigi Gollini,GK,Spurs,0.10253188647980309
32,448,Angus Gunn,GK,Norwich,0.10253188647980309
32,559,Aaron Ramsdale,GK,Arsenal,0.10253188647980309
32,338,Jack Stephens,DEF,Southampton,0.2680975654151175
32,382,Francisco Femenía Far,DEF,Watford,0.2680975654151175
32,114,Will Norris,GK,Burnley,0.10253188647980309
32,413,Michail Antonio,FWD,West Ham,0.26118881584826736
32,501,Malang Sarr,DEF,Chelsea,0.2680975654151175
32,716,Tony Springett,MID,Norwich,0.2669645059075006
32,436,Rúben Diogo da Silva Neves,MID,Wolves,0.2669645059075006
32,703,Benjamin Chrisene,MID,Aston Villa,0.2669645059075006
32,169,Michael Keane,DEF,Everton,0.2680975654151175
32,1,Bernd Leno,GK,Arsenal,0.10253188647980309
32,652,Armstrong Oko-Flex,MID,West Ham,0.2669645059075006
32,69,Robert Sánchez,GK,Brighton,0.10253188647980309
32,647,Kasey McAteer,MID,Leicester,0.2669645059075006
32,155,Jeffrey Schlupp,MID,Crystal Palace,0.2669645059075006
32,215,Harvey Barnes,MID,Leicester,0.2669645059075006
32,346,Nathan Tella,MID,Southampton,0.2669645059075006
32,637,Harry Lewis,GK,Southampton,0.10253188647980309
32,524,Yoane Wissa,MID,Brentford,0.2669645059075006
32,471,Pierre Lees-Melou,MID,Norwich,0.2669645059075006
32,223,Adrián San Miguel del Castillo,GK,Liverpool,0.10253188647980309
32,445,Fabio Silva,FWD,Wolves,0.26118881584826736
32,586,Odsonne Edouard,FWD,Crystal Palace,0.26118881584826736
32,405,Kwadwo Baah,MID,Watford,0.2669645059075006
32,295,Martin Dubravka,GK,Newcastle,0.10253188647980309
32,452,John Ruddy,GK,Wolves,0.10253188647980309
32,503,Anthony Gordon,MID,Everton,0.2669645059075006
32,17,Nicolas Pépé,MID,Arsenal,0.2669645059075006
32,54,Jason Steele,GK,Brighton,0.10253188647980309
32,403,Imrân Louza,MID,Watford,0.2669645059075006
32,280,Dean Henderson,GK,Man Utd,0.10253188647980309
32,301,Paul Dummett,DEF,Newcastle,0.2680975654151175
32,322,Jordan Hugill,FWD,Norwich,0.26118881584826736
32,509,Tom Heaton,GK,Man Utd,0.10253188647980309
32,639,Vontae Daley-Campbell,DEF,Leicester,0.2680975654151175
32,520,Dane Scarlett,FWD,Spurs,0.26118881584826736
32,25,Mattéo Guendouzi,MID,Arsenal,0.2669645059075006
32,712,Odeluga Offiah,DEF,Brighton,0.2680975654151175
32,298,Ryan Fraser,MID,Newcastle,0.2669645059075006
32,326,Max Aarons,DEF,Norwich,0.2680975654151175
32,632,Phil Jones,DEF,Man Utd,0.2680975654151175
32,120,Olivier Giroud,FWD,Chelsea,0.26118881584826736
32,296,Callum Wilson,FWD,Newcastle,0.26118881584826736
32,441,Pedro Lomba Neto,MID,Wolves,0.2669645059075006
32,434,Leander Dendoncker,MID,Wolves,0.2669645059075006
32,87,Charlie Goode,DEF,Brentford,0.2680975654151175
32,16,Kieran Tierney,DEF,Arsenal,0.2680975654151175
32,56,Shane Duffy,DEF,Brighton,0.2680975654151175
32,704,Liam Delap,FWD,Man City,0.26118881584826736
32,714,Alfie Devine,MID,Spurs,0.2669645059075006
32,278,Anthony Martial,FWD,Man Utd,0.26118881584826736
32,234,Andrew Robertson,DEF,Liverpool,0.2680975654151175
32,66,Alireza Jahanbakhsh,MID,Brighton,0.2669645059075006
32,454,Matthew Pollock,DEF,Watford,0.2680975654151175
32,277,Bruno Miguel Borges Fernandes,MID,Man Utd,0.2669645059075006
32,18,Lucas Torreira,MID,Arsenal,0.2669645059075006
32,39,Matt Targett,DEF,Newcastle,0.2680975654151175
32,651,Conrad Egan-Riley,DEF,Man City,0.2680975654151175
32,11,Sead Kolasinac,DEF,Arsenal,0.2680975654151175
32,180,Richarlison de Andrade,FWD,Everton,0.26118881584826736
32,506,Harvey Elliott,MID,Liverpool,0.2669645059075006
32,684,Kaine Hayden,DEF,Aston Villa,0.2680975654151175
32,211,Ayoze Pérez,MID,Leicester,0.2669645059075006
32,356,Erik Lamela,MID,Spurs,0.2669645059075006
32,523,Patrick Cutrone,FWD,Wolves,0.26118881584826736
32,443,Ki-Jana Hoever,DEF,Wolves,0.2680975654151175
32,596,Viljami Sinisalo,GK,Aston Villa,0.10253188647980309
32,517,Mohamed Elyounoussi,MID,Southampton,0.2669645059075006
32,197,Jamie Shackleton,MID,Leeds,0.2669645059075006
32,658,Archie Gray,MID,Leeds,0.2669645059075006
32,532,Karl Hein,GK,Arsenal,0.10253188647980309
32,170,Jordan Pickford,GK,Everton,0.10253188647980309
32,395,Ashley Fletcher,FWD,Watford,0.26118881584826736
32,380,Troy Deeney,FWD,Watford,0.26118881584826736
32,75,Jakub Moder,MID,Brighton,0.2669645059075006
32,124,Ross Barkley,MID,Chelsea,0.2669645059075006
32,119,César Azpilicueta,DEF,Chelsea,0.2680975654151175
32,473,Ryan Bertrand,DEF,Leicester,0.2680975654151175
32,664,Charlie Patino,MID,Arsenal,0.2669645059075006
32,402,Joseph Hungbo,MID,Watford,0.2669645059075006
32,605,Romeo Lavia,MID,Man City,0.2669645059075006
32,549,Christian Marques,DEF,Wolves,0.2680975654151175
32,480,Wayne Hennessey,GK,Burnley,0.10253188647980309
32,378,Dan Gosling,MID,Watford,0.2669645059075006
32,98,James Tarkowski,DEF,Burnley,0.2680975654151175
32,616,Harry Tyrer,GK,Everton,0.10253188647980309
32,303,Emil Krafth,DEF,Newcastle,0.2680975654151175
32,110,Matthew Lowton,DEF,Burnley,0.2680975654151175
32,483,Kristoffer Ajer,DEF,Brentford,0.2680975654151175
32,339,Stuart Armstrong,MID,Southampton,0.2669645059075006
32,418,Vladimir Coufal,DEF,West Ham,0.2680975654151175
32,24,Konstantinos Mavropanos,DEF,Arsenal,0.2680975654151175
32,499,Shandon Baptiste,MID,Brentford,0.2669645059075006
32,227,Alex Oxlade-Chamberlain,MID,Liverpool,0.2669645059075006
32,228,Roberto Firmino,FWD,Liverpool,0.26118881584826736
32,476,Kjell Scherpen,GK,Brighton,0.10253188647980309
32,103,Kevin Long,DEF,Burnley,0.2680975654151175
32,201,Jonny Evans,DEF,Leicester,0.2680975654151175
32,229,Virgil van Dijk,DEF,Liverpool,0.2680975654151175
32,421,Declan Rice,MID,West Ham,0.2669645059075006
32,464,Michael Olise,MID,Crystal Palace,0.2669645059075006
32,133,Andreas Christensen,DEF,Chelsea,0.2680975654151175
32,325,Todd Cantwell,MID,Norwich,0.2669645059075006
32,666,Jon McCracken,GK,Norwich,0.10253188647980309
32,312,Matthew Longstaff,MID,Newcastle,0.2669645059075006
32,365,Pierre-Emile Højbjerg,MID,Spurs,0.2669645059075006
32,685,Toti António Gomes,DEF,Wolves,0.2680975654151175
32,36,Kortney Hause,DEF,Aston Villa,0.2680975654151175
32,182,Pablo Hernández Domínguez,MID,Leeds,0.2669645059075006
32,203,Nampalys Mendy,MID,Leicester,0.2669645059075006
32,579,Cristiano Ronaldo dos Santos Aveiro,FWD,Man Utd,0.26118881584826736
32,282,Donny van de Beek,MID,Everton,0.2669645059075006
32,125,Mateo Kovacic,MID,Chelsea,0.2669645059075006
32,44,Matthew Cash,DEF,Aston Villa,0.2680975654151175
32,121,Thiago Emiliano da Silva,DEF,Chelsea,0.2680975654151175
32,212,James Maddison,MID,Leicester,0.2669645059075006
32,613,Charlie Whitaker,MID,Everton,0.2669645059075006
32,467,Oghenekaro Peter Etebo,MID,Watford,0.2669645059075006
32,399,Ismaila Sarr,MID,Watford,0.2669645059075006
32,256,João Pedro Cavaco Cancelo,DEF,Man City,0.2680975654151175
32,264,Oleksandr Zinchenko,DEF,Man City,0.2680975654151175
32,205,Jamie Vardy,FWD,Leicester,0.26118881584826736
32,95,Halil Dervişoğlu,FWD,Brentford,0.26118881584826736
32,157,Jairo Riedewald,MID,Crystal Palace,0.2669645059075006
32,407,Darren Randolph,GK,West Ham,0.10253188647980309
32,31,Björn Engels,DEF,Aston Villa,0.2680975654151175
32,251,Kevin De Bruyne,MID,Man City,0.2669645059075006
32,675,Vitalii Mykolenko,DEF,Everton,0.2680975654151175
32,28,Jed Steer,GK,Aston Villa,0.10253188647980309
32,490,Kristoffer Klaesson,GK,Leeds,0.10253188647980309
32,128,Kurt Zouma,DEF,West Ham,0.2680975654151175
32,57,Davy Pröpper,MID,Brighton,0.2669645059075006
32,389,Daniel Bachmann,GK,Watford,0.10253188647980309
32,226,Xherdan Shaqiri,MID,Liverpool,0.2669645059075006
32,153,Jordan Ayew,FWD,Crystal Palace,0.26118881584826736
32,84,Vitaly Janelt,MID,Brentford,0.2669645059075006
32,52,Ashley Young,DEF,Aston Villa,0.2680975654151175
32,368,Ryan Sessegnon,DEF,Spurs,0.2680975654151175
32,317,Lukas Rupp,MID,Norwich,0.2669645059075006
32,281,Marcus Rashford,MID,Man Utd,0.2669645059075006
32,46,Frédéric Guilbert,DEF,Aston Villa,0.2680975654151175
32,646,Lewis Brunt,MID,Leicester,0.2669645059075006
32,202,Marc Albrighton,MID,Leicester,0.2669645059075006
32,482,Andros Townsend,MID,Everton,0.2669645059075006
32,576,Liam McCarron,MID,Leeds,0.2669645059075006
32,461,Francisco Machado Mota de Castro Trincão,MID,Wolves,0.2669645059075006
32,214,Hamza Choudhury,MID,Leicester,0.2669645059075006
32,240,Diogo Jota,MID,Liverpool,0.2669645059075006
32,699,Christian Eriksen,MID,Brentford,0.2669645059075006
32,598,Tobi Omole,DEF,Spurs,0.2680975654151175
32,30,Emiliano Martínez,GK,Aston Villa,0.10253188647980309
32,7,Granit Xhaka,MID,Arsenal,0.2669645059075006
32,381,Tom Cleverley,MID,Watford,0.2669645059075006
32,225,Thiago Alcántara do Nascimento,MID,Liverpool,0.2669645059075006
32,560,Haydon Roberts,DEF,Brighton,0.2680975654151175
32,475,José Malheiro de Sá,GK,Wolves,0.10253188647980309
32,140,Callum Hudson-Odoi,MID,Chelsea,0.2669645059075006
32,199,Illan Meslier,GK,Leeds,0.10253188647980309
32,599,Joe White,MID,Newcastle,0.2669645059075006
32,545,Nathan Broadhead,FWD,Everton,0.26118881584826736
32,156,Jack Butland,GK,Crystal Palace,0.10253188647980309
32,358,Serge Aurier,DEF,Spurs,0.2680975654151175
32,442,Owen Otasowie,MID,Wolves,0.2669645059075006
32,427,Rui Pedro dos Santos Patrício,GK,Wolves,0.10253188647980309
32,469,Adedapo Awokoya-Mebude,FWD,Watford,0.26118881584826736
32,144,Conor Gallagher,MID,Crystal Palace,0.2669645059075006
32,719,Mazeed Ogungbo,DEF,Arsenal,0.2680975654151175
32,371,Japhet Tanganga,DEF,Spurs,0.2680975654151175
32,511,Andreas Pereira,MID,Man Utd,0.2669645059075006
32,432,Fernando Marçal,DEF,Wolves,0.2680975654151175
32,455,Patson Daka,FWD,Leicester,0.26118881584826736
32,696,Luis Díaz,MID,Liverpool,0.2669645059075006
32,259,Aymeric Laporte,DEF,Man City,0.2680975654151175
32,556,Álvaro Fernández,GK,Brentford,0.10253188647980309
32,494,Cristian Romero,DEF,Spurs,0.2680975654151175
32,260,Zack Steffen,GK,Man City,0.10253188647980309
32,534,Bobby Thomas,DEF,Burnley,0.2680975654151175
32,315,Teemu Pukki,FWD,Norwich,0.26118881584826736
32,165,Seamus Coleman,DEF,Everton,0.2680975654151175
32,656,Marcelo de Araújo Pitaluga Filho,GK,Liverpool,0.10253188647980309
32,193,Tyler Roberts,MID,Leeds,0.2669645059075006
32,71,Tariq Lamptey,DEF,Brighton,0.2680975654151175
32,292,Matt Ritchie,DEF,Newcastle,0.2680975654151175
32,32,Bertrand Traoré,MID,Aston Villa,0.2669645059075006
32,548,Chem Campbell,MID,Wolves,0.2669645059075006
32,602,Ellis Simms,FWD,Everton,0.26118881584826736
32,478,Albert Sambi Lokonga,MID,Arsenal,0.2669645059075006
32,558,Martin Ødegaard,MID,Arsenal,0.2669645059075006
32,274,Frederico Rodrigues de Paula Santos,MID,Man Utd,0.2669645059075006
32,78,Ivan Toney,FWD,Brentford,0.26118881584826736
32,372,Giovani Lo Celso,MID,Spurs,0.2669645059075006
32,562,Cody Drameh,DEF,Leeds,0.2680975654151175
32,200,Kasper Schmeichel,GK,Leicester,0.10253188647980309
32,525,Adam Armstrong,FWD,Southampton,0.26118881584826736
32,239,Naby Keita,MID,Liverpool,0.2669645059075006
32,697,Bruno Guimarães Rodriguez Moura,MID,Newcastle,0.2669645059075006
32,293,Ciaran Clark,DEF,Newcastle,0.2680975654151175
32,497,Jaden Philogene-Bidace,MID,Aston Villa,0.2669645059075006
32,359,Heung-Min Son,MID,Spurs,0.2669645059075006
32,101,Jack Cork,MID,Burnley,0.2669645059075006
32,147,James Tomkins,DEF,Crystal Palace,0.2680975654151175
32,220,Wesley Fofana,DEF,Leicester,0.2680975654151175
32,136,Tammy Abraham,FWD,Chelsea,0.26118881584826736
32,451,Nathan Collins,DEF,Burnley,0.2680975654151175
32,655,Evan Ferguson,FWD,Brighton,0.26118881584826736
32,67,Ben White,DEF,Arsenal,0.2680975654151175
32,581,Mathias Normann,MID,Norwich,0.2669645059075006
32,195,Ian Carlo Poveda-Ocampo,MID,Leeds,0.2669645059075006
32,669,Kamil Conteh,MID,Watford,0.2669645059075006
32,449,Milot Rashica,MID,Norwich,0.2669645059075006
32,385,Nathaniel Chalobah,MID,Watford,0.2669645059075006
32,643,Jonathan Tomkinson,DEF,Norwich,0.2680975654151175
32,309,Sean Longstaff,MID,Newcastle,0.2669645059075006
32,345,Che Adams,FWD,Southampton,0.26118881584826736
32,43,Emiliano Buendía Stati,MID,Aston Villa,0.2669645059075006
32,633,James Morris,DEF,Watford,0.2680975654151175
32,582,Nikola Vlasic,MID,West Ham,0.2669645059075006
32,224,Joel Matip,DEF,Liverpool,0.2680975654151175
32,459,Juan Mata,MID,Man Utd,0.2669645059075006
32,678,Kieran Trippier,DEF,Newcastle,0.2680975654151175
32,192,Hélder Wander Sousa de Azevedo e Costa,MID,Leeds,0.2669645059075006
32,232,Fabio Henrique Tavares,MID,Liverpool,0.2669645059075006
32,29,Conor Hourihane,MID,Aston Villa,0.2669645059075006
32,447,Danny Welbeck,FWD,Brighton,0.26118881584826736
32,705,Zach Awe,DEF,Arsenal,0.2680975654151175
32,618,Nicolas Nkoulou,DEF,Watford,0.2680975654151175
32,158,Jarosław Jach,DEF,Crystal Palace,0.2680975654151175
32,176,Tom Davies,MID,Everton,0.2669645059075006
32,249,Kyle Walker,DEF,Man City,0.2680975654151175
32,392,Philip Zinckernagel,MID,Watford,0.2669645059075006
32,291,Jonjo Shelvey,MID,Newcastle,0.2669645059075006
32,207,Ricardo Domingos Barbosa Pereira,DEF,Leicester,0.2680975654151175
32,406,Mark Noble,MID,West Ham,0.2669645059075006
32,502,Jonjoe Kenny,DEF,Everton,0.2680975654151175
32,606,Marcus Bettinelli,GK,Chelsea,0.10253188647980309
32,691,Robin Olsen,GK,Aston Villa,0.10253188647980309
32,68,Bernardo Fernandes Da Silva Junior,DEF,Brighton,0.2680975654151175
32,369,Steven Bergwijn,MID,Spurs,0.2669645059075006
32,607,Lewis Dobbin,FWD,Everton,0.26118881584826736
32,134,Timo Werner,FWD,Chelsea,0.26118881584826736
32,430,Raúl Jiménez,FWD,Wolves,0.26118881584826736
32,384,Christian Kabasele,DEF,Watford,0.2680975654151175
32,361,Eric Dier,DEF,Spurs,0.2680975654151175
32,634,Sonny Perkins,MID,West Ham,0.2669645059075006
32,540,Reece Hannam,DEF,Crystal Palace,0.2680975654151175
32,496,Aaron Ramsey,MID,Aston Villa,0.2669645059075006
32,687,Ryan Giles,MID,Wolves,0.2669645059075006
32,590,Takehiro Tomiyasu,DEF,Arsenal,0.2680975654151175
32,129,Kepa Arrizabalaga,GK,Chelsea,0.10253188647980309
32,319,Grant Hanley,DEF,Norwich,0.2680975654151175
32,601,Stuart McKinstry,MID,Leeds,0.2669645059075006
32,14,Rob Holding,DEF,Arsenal,0.2680975654151175
32,23,Gabriel Magalhães,DEF,Arsenal,0.2680975654151175
32,241,Nathaniel Phillips,DEF,Liverpool,0.2680975654151175
32,650,Filip Marschall,GK,Aston Villa,0.10253188647980309
32,404,João Pedro Junqueira de Jesus,FWD,Watford,0.26118881584826736
32,535,Andi Zeqiri,FWD,Brighton,0.26118881584826736
32,250,Ilkay Gündogan,MID,Man City,0.2669645059075006
32,671,Lewis Hall,MID,Chelsea,0.2669645059075006
32,630,Tyler Onyango,MID,Everton,0.2669645059075006
32,659,Brandon Austin,GK,Spurs,0.10253188647980309
32,419,Saïd Benrahma,MID,West Ham,0.2669645059075006
32,190,Diego Llorente,DEF,Leeds,0.2680975654151175
32,408,Lukasz Fabianski,GK,West Ham,0.10253188647980309
32,668,Harvey White,MID,Spurs,0.2669645059075006
32,398,Marc Navarro,DEF,Watford,0.2680975654151175
32,109,Chris Wood,FWD,Newcastle,0.26118881584826736
32,529,Romelu Lukaku,FWD,Chelsea,0.26118881584826736
32,592,Saúl Ñíguez,MID,Chelsea,0.2669645059075006
32,423,Pablo Fornals,MID,West Ham,0.2669645059075006
32,568,Cameron Archer,FWD,Aston Villa,0.26118881584826736
32,306,Isaac Hayden,MID,Newcastle,0.2669645059075006
32,682,Pierre Ekwah,DEF,West Ham,0.2680975654151175
32,20,Edward Nketiah,FWD,Arsenal,0.26118881584826736
32,122,Marcos Alonso,DEF,Chelsea,0.2680975654151175
32,463,Héctor Junior Firpo Adames,DEF,Leeds,0.2680975654151175
32,377,Danny Rose,DEF,Watford,0.2680975654151175
32,63,Neal Maupay,FWD,Brighton,0.26118881584826736
32,565,Owen Dodgson,DEF,Burnley,0.2680975654151175
32,429,Conor Coady,DEF,Wolves,0.2680975654151175
32,386,Will Hughes,MID,Crystal Palace,0.2669645059075006
32,49,Keinan Davis,FWD,Aston Villa,0.26118881584826736
32,453,Fernando Luiz Rosa,MID,Man City,0.2669645059075006
32,363,Bamidele Alli,MID,Everton,0.2669645059075006
32,38,Tyrone Mings,DEF,Aston Villa,0.2680975654151175
32,648,Jonathan Rowe,MID,Norwich,0.2669645059075006
32,553,Ben Woodburn,MID,Liverpool,0.2669645059075006
32,401,Ben Wilmot,DEF,Watford,0.2680975654151175
32,424,Issa Diop,DEF,West Ham,0.2680975654151175
32,416,Manuel Lanzini,MID,West Ham,0.2669645059075006
32,642,Vincent Angelini,GK,Watford,0.10253188647980309
32,283,Axel Tuanzebe,DEF,Man Utd,0.2680975654151175
32,564,Moise Kean,FWD,Everton,0.26118881584826736
32,316,Marco Stiepermann,MID,Norwich,0.2669645059075006
32,695,Ryan Alebiosu,DEF,Arsenal,0.2680975654151175
32,19,Joseph Willock,MID,Newcastle,0.2669645059075006
32,8,Pablo Marí,DEF,Arsenal,0.2680975654151175
32,507,Cole Palmer,MID,Man City,0.2669645059075006
32,323,Kieran Dowell,MID,Norwich,0.2669645059075006
32,163,Fabian Delph,MID,Everton,0.2669645059075006
32,253,Benjamin Mendy,DEF,Man City,0.2680975654151175
32,397,Domingos Quina,MID,Watford,0.2669645059075006
32,34,Morgan Sanson,MID,Aston Villa,0.2669645059075006
32,83,Rico Henry,DEF,Brentford,0.2680975654151175
32,115,Josh Brownhill,MID,Burnley,0.2669645059075006
32,41,Marvelous Nakamba,MID,Aston Villa,0.2669645059075006
32,415,Ryan Fredericks,DEF,West Ham,0.2680975654151175
32,472,Juan Camilo Hernández Suárez,FWD,Watford,0.26118881584826736
32,360,Matt Doherty,DEF,Spurs,0.2680975654151175
32,366,Harry Winks,MID,Spurs,0.2669645059075006
32,100,Erik Pieters,DEF,Burnley,0.2680975654151175
32,536,Michal Karbownik,DEF,Brighton,0.2680975654151175
32,85,Saman Ghoddos,MID,Brentford,0.2669645059075006
32,587,Ademola Lookman,MID,Leicester,0.2669645059075006
32,343,Jan Bednarek,DEF,Southampton,0.2680975654151175
32,626,Conor Bradley,DEF,Liverpool,0.2680975654151175
32,288,Aaron Wan-Bissaka,DEF,Man Utd,0.2680975654151175
32,417,Arthur Masuaku,DEF,West Ham,0.2680975654151175
32,123,Jorge Luiz Frello Filho,MID,Chelsea,0.2669645059075006
32,554,Jamal Baptiste,DEF,West Ham,0.2680975654151175
32,314,Tim Krul,GK,Norwich,0.10253188647980309
32,688,Thomas McGill,GK,Brighton,0.10253188647980309
32,394,Ayotomiwa Dele-Bashiru,MID,Watford,0.2669645059075006
32,186,Mateusz Klich,MID,Leeds,0.2669645059075006
32,487,Bryan Gil Salvatierra,MID,Spurs,0.2669645059075006
32,479,Frank Onyeka,MID,Brentford,0.2669645059075006
32,3,Willian Borges Da Silva,MID,Arsenal,0.2669645059075006
32,12,Mohamed Naser El Sayed Elneny,MID,Arsenal,0.2669645059075006
32,597,Dilan Markanday,MID,Spurs,0.2669645059075006
32,4,Pierre-Emerick Aubameyang,FWD,Arsenal,0.26118881584826736
32,489,Alphonse Areola,GK,West Ham,0.10253188647980309
32,139,Ethan Ampadu,DEF,Chelsea,0.2680975654151175
32,102,Dale Stephens,MID,Burnley,0.2669645059075006
32,580,Ozan Kabak,DEF,Norwich,0.2680975654151175
32,460,Romain Perraud,DEF,Southampton,0.2680975654151175
32,279,Alex Nicolao Telles,DEF,Man Utd,0.2680975654151175
32,96,Bryan Mbeumo,MID,Brentford,0.2669645059075006
32,694,Mika Biereth,FWD,Arsenal,0.26118881584826736
32,570,Niels Nkounkou,DEF,Everton,0.2680975654151175
32,672,Harvey Vale,MID,Chelsea,0.2669645059075006
32,263,Gabriel Fernando de Jesus,FWD,Man City,0.26118881584826736
32,347,William Smallbone,MID,Southampton,0.2669645059075006
32,488,Joachim Andersen,DEF,Crystal Palace,0.2680975654151175
32,247,Rhys Williams,DEF,Liverpool,0.2680975654151175
32,547,Luke Cundle,MID,Wolves,0.2669645059075006
32,411,Aaron Cresswell,DEF,West Ham,0.2680975654151175
32,171,Allan Marques Loureiro,MID,Everton,0.2669645059075006
32,715,Abu Kamara,FWD,Norwich,0.26118881584826736
32,456,Ben Gibson,DEF,Norwich,0.2680975654151175
32,209,Timothy Castagne,DEF,Leicester,0.2680975654151175
32,217,Çaglar Söyüncü,DEF,Leicester,0.2680975654151175
32,388,Stipe Perica,FWD,Watford,0.26118881584826736
32,243,Ibrahima Konaté,DEF,Liverpool,0.2680975654151175
32,512,Anthony Elanga,MID,Man Utd,0.2669645059075006
32,435,Adama Traoré,MID,Wolves,0.2669645059075006
32,328,Przemyslaw Placheta,MID,Norwich,0.2669645059075006
32,105,Ashley Barnes,FWD,Burnley,0.26118881584826736
32,246,Neco Williams,DEF,Liverpool,0.2680975654151175
32,531,Reiss Nelson,MID,Arsenal,0.2669645059075006
32,676,Hassane Kamara,DEF,Watford,0.2680975654151175
32,307,Allan Saint-Maximin,FWD,Newcastle,0.26118881584826736
32,86,Mathias Jensen,MID,Brentford,0.2669645059075006
32,533,Lewis Richardson,FWD,Burnley,0.26118881584826736
32,183,Francisco Casilla Cortés,GK,Leeds,0.10253188647980309
32,290,Brandon Williams,DEF,Norwich,0.2680975654151175
32,689,Francisco Jorge Tomás Oliveira,MID,Wolves,0.2669645059075006
32,73,Steven Alzate,MID,Brighton,0.2669645059075006
32,111,Matej Vydra,FWD,Burnley,0.26118881584826736
32,505,Kiernan Dewsbury-Hall,MID,Leicester,0.2669645059075006
32,498,Dominic Thompson,DEF,Brentford,0.2680975654151175
32,376,Ben Foster,GK,Watford,0.10253188647980309
32,391,Ken Sema,MID,Watford,0.2669645059075006
32,550,Sam Greenwood,FWD,Leeds,0.26118881584826736
32,670,Josh Feeney,DEF,Aston Villa,0.2680975654151175
32,673,Jonas Lössl,GK,Brentford,0.10253188647980309
32,526,Carney Chukwuemeka,MID,Aston Villa,0.2669645059075006
32,233,Mohamed Salah,MID,Liverpool,0.2669645059075006
32,577,Joe Gelhardt,FWD,Leeds,0.26118881584826736
32,172,André Filipe Tavares Gomes,MID,Everton,0.2669645059075006
32,396,Francisco Sierralta,DEF,Watford,0.2680975654151175
32,191,Kalvin Phillips,MID,Leeds,0.2669645059075006
32,334,Alex McCarthy,GK,Southampton,0.10253188647980309
32,362,Lucas Rodrigues Moura da Silva,MID,Spurs,0.2669645059075006
32,337,Danny Ings,FWD,Aston Villa,0.26118881584826736
32,370,Sergio Reguilón,DEF,Spurs,0.2680975654151175
32,578,Maxwel Cornet,MID,Burnley,0.2669645059075006
32,379,Craig Cathcart,DEF,Watford,0.2680975654151175
32,575,Aaron Lennon,MID,Burnley,0.2669645059075006
32,135,Benjamin Chilwell,DEF,Chelsea,0.2680975654151175
32,213,Kelechi Iheanacho,FWD,Leicester,0.26118881584826736
32,573,Eldin Jakupovic,GK,Leicester,0.10253188647980309
32,422,Tomas Soucek,MID,West Ham,0.2669645059075006
32,184,Liam Cooper,DEF,Leeds,0.2680975654151175
32,665,Dynel Simeu,DEF,Southampton,0.2680975654151175
32,92,Ellery Balcombe,GK,Brentford,0.10253188647980309
32,631,Jack Jenkins,MID,Leeds,0.2669645059075006
32,15,Thomas Partey,MID,Arsenal,0.2669645059075006
32,567,Lyanco Evangelista Silveira Neves Vojnovic,DEF,Southampton,0.2680975654151175
32,137,Christian Pulisic,MID,Chelsea,0.2669645059075006
32,313,Michael McGovern,GK,Norwich,0.10253188647980309
32,99,Phil Bardsley,DEF,Burnley,0.2680975654151175
32,126,Michy Batshuayi,FWD,Chelsea,0.26118881584826736
32,154,Wilfried Zaha,MID,Crystal Palace,0.2669645059075006
32,127,Antonio Rüdiger,DEF,Chelsea,0.2680975654151175
32,266,Rodrigo Hernandez,MID,Man City,0.2669645059075006
32,341,James Ward-Prowse,MID,Southampton,0.2669645059075006
32,254,Riyad Mahrez,MID,Man City,0.2669645059075006
32,248,Ben Davies,DEF,Liverpool,0.2680975654151175
32,218,James Justin,DEF,Leicester,0.2680975654151175
32,179,Ben Godfrey,DEF,Everton,0.2680975654151175
32,608,Leo Fuhr Hjelde,DEF,Leeds,0.2680975654151175
32,131,Hakim Ziyech,MID,Chelsea,0.2669645059075006
32,522,Conor Coventry,MID,West Ham,0.2669645059075006
32,58,Dan Burn,DEF,Newcastle,0.2680975654151175
32,219,Luke Thomas,DEF,Leicester,0.2680975654151175
32,60,Solomon March,MID,Brighton,0.2669645059075006
32,351,Mohammed Salisu,DEF,Southampton,0.2680975654151175
32,588,Emerson Aparecido Leite de Souza Junior,DEF,Spurs,0.2680975654151175
32,707,Lucas De Bolle,MID,Newcastle,0.2669645059075006
32,318,Kenny McLean,MID,Norwich,0.2669645059075006
32,348,Michael Obafemi,FWD,Southampton,0.26118881584826736
32,530,Folarin Balogun,FWD,Arsenal,0.26118881584826736
32,35,John McGinn,MID,Aston Villa,0.2669645059075006
32,104,Jay Rodriguez,FWD,Burnley,0.26118881584826736
32,198,Pascal Struijk,DEF,Leeds,0.2680975654151175
32,491,Tino Livramento,DEF,Southampton,0.2680975654151175
32,619,Matthew Cox,GK,Brentford,0.10253188647980309
32,335,Oriol Romeu Vidal,MID,Southampton,0.2669645059075006
32,495,Juraj Kucka,MID,Watford,0.2669645059075006
32,108,Johann Berg Gudmundsson,MID,Burnley,0.2669645059075006
32,206,Dennis Praet,MID,Leicester,0.2669645059075006
32,551,Crysencio Summerville,MID,Leeds,0.2669645059075006
32,269,Edinson Cavani,FWD,Man Utd,0.26118881584826736
32,208,Daniel Amartey,DEF,Leicester,0.2680975654151175
32,653,Ed Turns,DEF,Brighton,0.2680975654151175
32,162,Tyrick Mitchell,DEF,Crystal Palace,0.2680975654151175
32,693,Salah-Eddine Oulad M'hand,MID,Arsenal,0.2669645059075006
32,132,Ruben Loftus-Cheek,MID,Chelsea,0.2669645059075006
32,64,Leandro Trossard,MID,Brighton,0.2669645059075006
32,300,Dwight Gayle,FWD,Newcastle,0.26118881584826736
32,663,Kayky da Silva Chagas,FWD,Man City,0.26118881584826736
32,542,Robert Street,FWD,Crystal Palace,0.26118881584826736
32,175,Yerry Mina,DEF,Everton,0.2680975654151175
32,574,Robert Elliot,GK,Watford,0.10253188647980309
32,516,Joshua Sargent,FWD,Norwich,0.26118881584826736
32,112,Nick Pope,GK,Burnley,0.10253188647980309
32,267,Jack Harrison,MID,Leeds,0.2669645059075006
32,141,Kai Havertz,MID,Chelsea,0.2669645059075006
32,510,José Diogo Dalot Teixeira,DEF,Man Utd,0.2680975654151175
32,640,Nathan Young-Coombes,FWD,Brentford,0.26118881584826736
32,330,Josh Martin,MID,Norwich,0.2669645059075006
32,555,Raphaël Varane,DEF,Man Utd,0.2680975654151175
32,645,Ben Nelson,DEF,Leicester,0.2680975654151175
32,571,Andy Lonergan,GK,Everton,0.10253188647980309
32,474,Joel Ward,DEF,Crystal Palace,0.2680975654151175
32,698,Samuel Kalu,MID,Watford,0.2669645059075006
32,237,Trent Alexander-Arnold,DEF,Liverpool,0.2680975654151175
32,276,Jesse Lingard,MID,Man Utd,0.2669645059075006
32,627,Owen Beck,DEF,Liverpool,0.2680975654151175
32,357,Harry Kane,FWD,Spurs,0.26118881584826736
32,585,Connor Roberts,DEF,Burnley,0.2680975654151175
32,61,Adam Webster,DEF,Brighton,0.2680975654151175
32,265,Phil Foden,MID,Man City,0.2669645059075006
32,181,João Virgínia,GK,Everton,0.10253188647980309
32,142,Reece James,DEF,Chelsea,0.2680975654151175
32,713,Tommi O'Reilly,MID,Aston Villa,0.2669645059075006
32,81,Sergi Canós,MID,Brentford,0.2669645059075006
33,557,Ozan Tufan,MID,Watford,0.2669645059075006
33,383,Andre Gray,FWD,Watford,0.26118881584826736
33,89,Mads Roerslev Rasmussen,DEF,Brentford,0.2680975654151175
33,321,Sam Byram,DEF,Norwich,0.2680975654151175
33,700,Wout Weghorst,FWD,Burnley,0.26118881584826736
33,700,Wout Weghorst,FWD,Burnley,0.26118881584826736
33,331,Andrew Omobamidele,DEF,Norwich,0.2680975654151175
33,310,Joelinton Cássio Apolinário de Lira,FWD,Newcastle,0.26118881584826736
33,310,Joelinton Cássio Apolinário de Lira,FWD,Newcastle,0.26118881584826736
33,584,Marc Cucurella,DEF,Brighton,0.2680975654151175
33,584,Marc Cucurella,DEF,Brighton,0.2680975654151175
33,62,Joël Veltman,DEF,Brighton,0.2680975654151175
33,62,Joël Veltman,DEF,Brighton,0.2680975654151175
33,235,Divock Origi,FWD,Liverpool,0.26118881584826736
33,149,Christian Benteke,FWD,Crystal Palace,0.26118881584826736
33,594,Mathias Jorgensen,DEF,Brentford,0.2680975654151175
33,94,Patrik Gunnarsson,GK,Brentford,0.10253188647980309
33,79,Tariqe Fosu-Henry,MID,Brentford,0.2669645059075006
33,320,Onel Hernández,MID,Norwich,0.2669645059075006
33,33,Jack Grealish,MID,Man City,0.2669645059075006
33,677,Samir Caetano de Souza Santos,DEF,Watford,0.2680975654151175
33,409,Angelo Ogbonna,DEF,West Ham,0.2680975654151175
33,88,Marcus Forss,FWD,Brentford,0.26118881584826736
33,145,Billy Gilmour,MID,Norwich,0.2669645059075006
33,284,Victor Lindelöf,DEF,Man Utd,0.2680975654151175
33,284,Victor Lindelöf,DEF,Man Utd,0.2680975654151175
33,174,Alex Iwobi,MID,Everton,0.2669645059075006
33,538,Moisés Caicedo,MID,Brighton,0.2669645059075006
33,538,Moisés Caicedo,MID,Brighton,0.2669645059075006
33,462,Enock Mwepu,MID,Brighton,0.2669645059075006
33,462,Enock Mwepu,MID,Brighton,0.2669645059075006
33,151,Martin Kelly,DEF,Crystal Palace,0.2680975654151175
33,91,Ethan Pinnock,DEF,Brentford,0.2680975654151175
33,164,Gylfi Sigurdsson,MID,Everton,0.2669645059075006
33,466,Nuno Varela Tavares,DEF,Arsenal,0.2680975654151175
33,466,Nuno Varela Tavares,DEF,Arsenal,0.2680975654151175
33,302,Javier Manquillo,DEF,Newcastle,0.2680975654151175
33,302,Javier Manquillo,DEF,Newcastle,0.2680975654151175
33,76,Pontus Jansson,DEF,Brentford,0.2680975654151175
33,629,James McAtee,MID,Man City,0.2669645059075006
33,722,Julian Jeanvier,DEF,Brentford,0.2680975654151175
33,261,Bernardo Mota Veiga de Carvalho e Silva,MID,Man City,0.2669645059075006
33,342,Kyle Walker-Peters,DEF,Southampton,0.2680975654151175
33,342,Kyle Walker-Peters,DEF,Southampton,0.2680975654151175
33,477,Marc Guéhi,DEF,Crystal Palace,0.2680975654151175
33,257,Ederson Santana de Moraes,GK,Man City,0.10253188647980309
33,591,Salomón Rondón,FWD,Everton,0.26118881584826736
33,42,Anwar El Ghazi,MID,Everton,0.2669645059075006
33,625,Kaide Gordon,MID,Liverpool,0.2669645059075006
33,717,Jamie Bowden,MID,Spurs,0.2669645059075006
33,80,David Raya Martin,GK,Brentford,0.10253188647980309
33,593,Scott Carson,GK,Man City,0.10253188647980309
33,344,Daniel N'Lundulu,FWD,Southampton,0.26118881584826736
33,344,Daniel N'Lundulu,FWD,Southampton,0.26118881584826736
33,53,Adam Lallana,MID,Brighton,0.2669645059075006
33,53,Adam Lallana,MID,Brighton,0.2669645059075006
33,178,Mason Holgate,DEF,Everton,0.2680975654151175
33,484,Demarai Gray,MID,Everton,0.2669645059075006
33,97,Mads Bidstrup,MID,Brentford,0.2669645059075006
33,504,Jean-Philippe Gbamin,MID,Everton,0.2669645059075006
33,107,Ashley Westwood,MID,Burnley,0.2669645059075006
33,107,Ashley Westwood,MID,Burnley,0.2669645059075006
33,387,William Troost-Ekong,DEF,Watford,0.2680975654151175
33,166,James Rodríguez,MID,Everton,0.2669645059075006
33,9,Héctor Bellerín,DEF,Arsenal,0.2680975654151175
33,9,Héctor Bellerín,DEF,Arsenal,0.2680975654151175
33,70,Yves Bissouma,MID,Brighton,0.2669645059075006
33,70,Yves Bissouma,MID,Brighton,0.2669645059075006
33,150,Cheikhou Kouyaté,DEF,Crystal Palace,0.2680975654151175
33,374,Joe Rodon,DEF,Spurs,0.2680975654151175
33,271,Nemanja Matic,MID,Man Utd,0.2669645059075006
33,271,Nemanja Matic,MID,Man Utd,0.2669645059075006
33,561,Remi Matthews,GK,Crystal Palace,0.10253188647980309
33,258,Nathan Aké,DEF,Man City,0.2680975654151175
33,143,Edouard Mendy,GK,Chelsea,0.10253188647980309
33,649,Thomas Dickson-Peters,FWD,Norwich,0.26118881584826736
33,527,Trevoh Chalobah,DEF,Chelsea,0.2680975654151175
33,718,Isaac Price,MID,Everton,0.2669645059075006
33,425,Ben Johnson,DEF,West Ham,0.2680975654151175
33,238,Joseph Gomez,DEF,Liverpool,0.2680975654151175
33,508,Samuel Edozie,MID,Man City,0.2669645059075006
33,515,Bali Mumba,DEF,Norwich,0.2680975654151175
33,245,Konstantinos Tsimikas,DEF,Liverpool,0.2680975654151175
33,268,Ferran Torres,MID,Man City,0.2669645059075006
33,660,Jarell Quansah,DEF,Liverpool,0.2680975654151175
33,543,Scott Banks,MID,Crystal Palace,0.2669645059075006
33,74,Alexis Mac Allister,MID,Brighton,0.2669645059075006
33,74,Alexis Mac Allister,MID,Brighton,0.2669645059075006
33,615,Cieran Slicker,GK,Man City,0.10253188647980309
33,706,Hannibal Mejbri,MID,Man Utd,0.2669645059075006
33,706,Hannibal Mejbri,MID,Man Utd,0.2669645059075006
33,65,Mathew Ryan,GK,Brighton,0.10253188647980309
33,65,Mathew Ryan,GK,Brighton,0.10253188647980309
33,304,Jacob Murphy,MID,Newcastle,0.2669645059075006
33,304,Jacob Murphy,MID,Newcastle,0.2669645059075006
33,667,Thierry Small,DEF,Southampton,0.2680975654151175
33,667,Thierry Small,DEF,Southampton,0.2680975654151175
33,118,Dwight McNeil,MID,Burnley,0.2669645059075006
33,118,Dwight McNeil,MID,Burnley,0.2669645059075006
33,674,Nathan Patterson,DEF,Everton,0.2680975654151175
33,546,Yan Valery,DEF,Southampton,0.2680975654151175
33,546,Yan Valery,DEF,Southampton,0.2680975654151175
33,204,Danny Ward,GK,Leicester,0.10253188647980309
33,204,Danny Ward,GK,Leicester,0.10253188647980309
33,544,Jarrad Branthwaite,DEF,Everton,0.2680975654151175
33,373,Oliver Skipp,MID,Spurs,0.2669645059075006
33,221,James Milner,MID,Liverpool,0.2669645059075006
33,272,Paul Pogba,MID,Man Utd,0.2669645059075006
33,272,Paul Pogba,MID,Man Utd,0.2669645059075006
33,231,Alisson Ramses Becker,GK,Liverpool,0.10253188647980309
33,177,Dominic Calvert-Lewin,FWD,Everton,0.26118881584826736
33,244,Curtis Jones,MID,Liverpool,0.2669645059075006
33,262,Rúben Santos Gato Alves Dias,DEF,Man City,0.2680975654151175
33,289,Mason Greenwood,MID,Man Utd,0.2669645059075006
33,289,Mason Greenwood,MID,Man Utd,0.2669645059075006
33,541,Jesurun Rak-Sakyi,MID,Crystal Palace,0.2669645059075006
33,420,Jarrod Bowen,MID,West Ham,0.2669645059075006
33,518,Armando Broja,FWD,Southampton,0.26118881584826736
33,518,Armando Broja,FWD,Southampton,0.26118881584826736
33,90,Mads Bech Sørensen,DEF,Brentford,0.2680975654151175
33,161,Nathan Ferguson,DEF,Crystal Palace,0.2680975654151175
33,481,Asmir Begović,GK,Everton,0.10253188647980309
33,311,Jamal Lewis,DEF,Newcastle,0.2680975654151175
33,311,Jamal Lewis,DEF,Newcastle,0.2680975654151175
33,355,Toby Alderweireld,DEF,Spurs,0.2680975654151175
33,500,Florin Andone,FWD,Brighton,0.26118881584826736
33,500,Florin Andone,FWD,Brighton,0.26118881584826736
33,285,Scott McTominay,MID,Man Utd,0.2669645059075006
33,285,Scott McTominay,MID,Man Utd,0.2669645059075006
33,252,John Stones,DEF,Man City,0.2680975654151175
33,710,Daniel Chesters,MID,West Ham,0.2669645059075006
33,485,Jadon Sancho,MID,Man Utd,0.2669645059075006
33,485,Jadon Sancho,MID,Man Utd,0.2669645059075006
33,566,Tommy Doyle,MID,Man City,0.2669645059075006
33,21,Emile Smith Rowe,MID,Arsenal,0.2669645059075006
33,21,Emile Smith Rowe,MID,Arsenal,0.2669645059075006
33,537,Taylor Richards,MID,Brighton,0.2669645059075006
33,537,Taylor Richards,MID,Brighton,0.2669645059075006
33,77,Christian Nørgaard,MID,Brentford,0.2669645059075006
33,148,James McArthur,MID,Crystal Palace,0.2669645059075006
33,617,Harrison Ashby,DEF,West Ham,0.2680975654151175
33,27,William Saliba,DEF,Arsenal,0.2680975654151175
33,27,William Saliba,DEF,Arsenal,0.2680975654151175
33,569,Finley Stevens,DEF,Brentford,0.2680975654151175
33,572,Arthur Okonkwo,GK,Arsenal,0.10253188647980309
33,572,Arthur Okonkwo,GK,Arsenal,0.10253188647980309
33,450,Emmanuel Dennis,FWD,Watford,0.26118881584826736
33,352,Joe Hart,GK,Spurs,0.10253188647980309
33,410,Winston Reid,DEF,West Ham,0.2680975654151175
33,690,Robert Kenedy Nunes do Nascimento,DEF,Chelsea,0.2680975654151175
33,701,Dejan Kulusevski,MID,Spurs,0.2669645059075006
33,636,Amad Diallo,MID,Man Utd,0.2669645059075006
33,636,Amad Diallo,MID,Man Utd,0.2669645059075006
33,308,Miguel Almirón,MID,Newcastle,0.2669645059075006
33,308,Miguel Almirón,MID,Newcastle,0.2669645059075006
33,493,Nathaniel Clyne,DEF,Crystal Palace,0.2680975654151175
33,364,Ben Davies,DEF,Spurs,0.2680975654151175
33,216,Wilfred Ndidi,MID,Leicester,0.2669645059075006
33,216,Wilfred Ndidi,MID,Leicester,0.2669645059075006
33,604,Joshua Wilson-Esbrand,DEF,Man City,0.2680975654151175
33,327,Jacob Sørensen,DEF,Norwich,0.2680975654151175
33,2,Rúnar Alex Rúnarsson,GK,Arsenal,0.10253188647980309
33,2,Rúnar Alex Rúnarsson,GK,Arsenal,0.10253188647980309
33,93,Jan Zamburek,MID,Brentford,0.2669645059075006
33,709,Tayo Adaramola,DEF,Crystal Palace,0.2680975654151175
33,519,Shane Long,FWD,Southampton,0.26118881584826736
33,519,Shane Long,FWD,Southampton,0.26118881584826736
33,680,Kgaogelo Chauke,MID,Southampton,0.2669645059075006
33,680,Kgaogelo Chauke,MID,Southampton,0.2669645059075006
33,457,Dimitris Giannoulis,DEF,Norwich,0.2680975654151175
33,644,Ajibola Alese,DEF,West Ham,0.2680975654151175
33,173,Abdoulaye Doucouré,MID,Everton,0.2669645059075006
33,340,Jannik Vestergaard,DEF,Leicester,0.2680975654151175
33,340,Jannik Vestergaard,DEF,Leicester,0.2680975654151175
33,350,Moussa Djenepo,MID,Southampton,0.2669645059075006
33,350,Moussa Djenepo,MID,Southampton,0.2669645059075006
33,332,Theo Walcott,MID,Southampton,0.2669645059075006
33,332,Theo Walcott,MID,Southampton,0.2669645059075006
33,116,Josh Benson,MID,Burnley,0.2669645059075006
33,116,Josh Benson,MID,Burnley,0.2669645059075006
33,375,Tanguy Ndombele,MID,Spurs,0.2669645059075006
33,393,Isaac Success Ajayi,FWD,Watford,0.26118881584826736
33,679,Edo Kayembe,MID,Watford,0.2669645059075006
33,117,Bailey Peacock-Farrell,GK,Burnley,0.10253188647980309
33,117,Bailey Peacock-Farrell,GK,Burnley,0.10253188647980309
33,146,Vicente Guaita,GK,Crystal Palace,0.10253188647980309
33,26,Gabriel Teodoro Martinelli Silva,MID,Arsenal,0.2669645059075006
33,26,Gabriel Teodoro Martinelli Silva,MID,Arsenal,0.2669645059075006
33,270,David de Gea,GK,Man Utd,0.10253188647980309
33,270,David de Gea,GK,Man Utd,0.10253188647980309
33,236,Takumi Minamino,MID,Liverpool,0.2669645059075006
33,702,Rodrigo Bentancur,MID,Spurs,0.2669645059075006
33,628,Maxwell Haygarth,MID,Brentford,0.2669645059075006
33,336,Nathan Redmond,MID,Southampton,0.2669645059075006
33,336,Nathan Redmond,MID,Southampton,0.2669645059075006
33,513,Freddie Woodman,GK,Newcastle,0.10253188647980309
33,513,Freddie Woodman,GK,Newcastle,0.10253188647980309
33,59,Lewis Dunk,DEF,Brighton,0.2680975654151175
33,59,Lewis Dunk,DEF,Brighton,0.2680975654151175
33,458,Boubakary Soumaré,MID,Leicester,0.2669645059075006
33,458,Boubakary Soumaré,MID,Leicester,0.2669645059075006
33,595,Jürgen Locadia,FWD,Brighton,0.26118881584826736
33,595,Jürgen Locadia,FWD,Brighton,0.26118881584826736
33,390,Adam Masina,DEF,Watford,0.2680975654151175
33,167,Bernard Anício Caldeira Duarte,MID,Everton,0.2669645059075006
33,152,Luka Milivojevic,MID,Crystal Palace,0.2669645059075006
33,160,Eberechi Eze,MID,Crystal Palace,0.2669645059075006
33,324,Christoph Zimmermann,DEF,Norwich,0.2680975654151175
33,210,Youri Tielemans,MID,Leicester,0.2669645059075006
33,210,Youri Tielemans,MID,Leicester,0.2669645059075006
33,623,Reece Welch,DEF,Everton,0.2680975654151175
33,620,Tyler Morton,MID,Liverpool,0.2669645059075006
33,297,Jeff Hendrick,MID,Newcastle,0.2669645059075006
33,297,Jeff Hendrick,MID,Newcastle,0.2669645059075006
33,222,Jordan Henderson,MID,Liverpool,0.2669645059075006
33,589,Alex Kral,MID,West Ham,0.2669645059075006
33,349,Ibrahima Diallo,MID,Southampton,0.2669645059075006
33,349,Ibrahima Diallo,MID,Southampton,0.2669645059075006
33,113,Charlie Taylor,DEF,Burnley,0.2680975654151175
33,113,Charlie Taylor,DEF,Burnley,0.2680975654151175
33,106,Ben Mee,DEF,Burnley,0.2680975654151175
33,106,Ben Mee,DEF,Burnley,0.2680975654151175
33,721,Miguel Azeez,MID,Arsenal,0.2669645059075006
33,721,Miguel Azeez,MID,Arsenal,0.2669645059075006
33,130,N'Golo Kanté,MID,Chelsea,0.2669645059075006
33,603,Luke Mbete,DEF,Man City,0.2680975654151175
33,305,Fabian Schär,DEF,Newcastle,0.2680975654151175
33,305,Fabian Schär,DEF,Newcastle,0.2680975654151175
33,13,Ainsley Maitland-Niles,MID,Arsenal,0.2669645059075006
33,13,Ainsley Maitland-Niles,MID,Arsenal,0.2669645059075006
33,159,Jean-Philippe Mateta,FWD,Crystal Palace,0.26118881584826736
33,353,Hugo Lloris,GK,Spurs,0.10253188647980309
33,708,Sam Waller,GK,Burnley,0.10253188647980309
33,708,Sam Waller,GK,Burnley,0.10253188647980309
33,255,Raheem Sterling,MID,Man City,0.2669645059075006
33,55,Pascal Groß,MID,Brighton,0.2669645059075006
33,55,Pascal Groß,MID,Brighton,0.2669645059075006
33,468,Joshua King,FWD,Watford,0.26118881584826736
33,286,Eric Bailly,DEF,Man Utd,0.2680975654151175
33,286,Eric Bailly,DEF,Man Utd,0.2680975654151175
33,367,Davinson Sánchez,DEF,Spurs,0.2680975654151175
33,5,Cédric Soares,DEF,Arsenal,0.2680975654151175
33,5,Cédric Soares,DEF,Arsenal,0.2680975654151175
33,465,Federico Fernández,DEF,Newcastle,0.2680975654151175
33,465,Federico Fernández,DEF,Newcastle,0.2680975654151175
33,354,Moussa Sissoko,MID,Watford,0.2669645059075006
33,711,Zak Swanson,DEF,Arsenal,0.2680975654151175
33,711,Zak Swanson,DEF,Arsenal,0.2680975654151175
33,242,Caoimhin Kelleher,GK,Liverpool,0.10253188647980309
33,230,Sadio Mané,MID,Liverpool,0.2669645059075006
33,539,Emerson Palmieri dos Santos,DEF,Chelsea,0.2680975654151175
33,692,Omari Hutchinson,MID,Arsenal,0.2669645059075006
33,692,Omari Hutchinson,MID,Arsenal,0.2669645059075006
33,138,Mason Mount,MID,Chelsea,0.2669645059075006
33,622,Cenk Tosun,FWD,Everton,0.26118881584826736
33,641,Willy Caballero,GK,Southampton,0.10253188647980309
33,641,Willy Caballero,GK,Southampton,0.10253188647980309
33,400,Jeremy Ngakia,DEF,Watford,0.2680975654151175
33,720,Marcelo Flores,MID,Arsenal,0.2669645059075006
33,720,Marcelo Flores,MID,Arsenal,0.2669645059075006
33,412,Andriy Yarmolenko,MID,West Ham,0.2669645059075006
33,299,Jamaal Lascelles,DEF,Newcastle,0.2680975654151175
33,299,Jamaal Lascelles,DEF,Newcastle,0.2680975654151175
33,609,Elliot Anderson,MID,Newcastle,0.2669645059075006
33,609,Elliot Anderson,MID,Newcastle,0.2669645059075006
33,294,Karl Darlow,GK,Newcastle,0.10253188647980309
33,294,Karl Darlow,GK,Newcastle,0.10253188647980309
33,662,Myles Peart-Harris,MID,Brentford,0.2669645059075006
33,514,Mark Gillespie,GK,Newcastle,0.10253188647980309
33,514,Mark Gillespie,GK,Newcastle,0.10253188647980309
33,6,Alexandre Lacazette,FWD,Arsenal,0.26118881584826736
33,6,Alexandre Lacazette,FWD,Arsenal,0.26118881584826736
33,273,Harry Maguire,DEF,Man Utd,0.2680975654151175
33,273,Harry Maguire,DEF,Man Utd,0.2680975654151175
33,329,Adam Idah,FWD,Norwich,0.26118881584826736
33,528,Christos Tzolis,MID,Norwich,0.2669645059075006
33,333,Fraser Forster,GK,Southampton,0.10253188647980309
33,333,Fraser Forster,GK,Southampton,0.10253188647980309
33,521,Frederik Alves,DEF,West Ham,0.2680975654151175
33,22,Bukayo Saka,MID,Arsenal,0.2669645059075006
33,22,Bukayo Saka,MID,Arsenal,0.2669645059075006
33,72,Aaron Connolly,FWD,Brighton,0.26118881584826736
33,72,Aaron Connolly,FWD,Brighton,0.26118881584826736
33,683,Liam Gibbs,MID,Norwich,0.2669645059075006
33,654,Marc Leonard,MID,Brighton,0.2669645059075006
33,654,Marc Leonard,MID,Brighton,0.2669645059075006
33,612,Jeremy Sarmiento,MID,Brighton,0.2669645059075006
33,612,Jeremy Sarmiento,MID,Brighton,0.2669645059075006
33,82,Pelenda Joshua Dasilva,MID,Brentford,0.2669645059075006
33,275,Luke Shaw,DEF,Man Utd,0.2680975654151175
33,275,Luke Shaw,DEF,Man Utd,0.2680975654151175
33,414,Craig Dawson,DEF,West Ham,0.2680975654151175
33,614,Paris Maghoma,MID,Brentford,0.2669645059075006
33,486,Pierluigi Gollini,GK,Spurs,0.10253188647980309
33,448,Angus Gunn,GK,Norwich,0.10253188647980309
33,559,Aaron Ramsdale,GK,Arsenal,0.10253188647980309
33,559,Aaron Ramsdale,GK,Arsenal,0.10253188647980309
33,338,Jack Stephens,DEF,Southampton,0.2680975654151175
33,338,Jack Stephens,DEF,Southampton,0.2680975654151175
33,382,Francisco Femenía Far,DEF,Watford,0.2680975654151175
33,114,Will Norris,GK,Burnley,0.10253188647980309
33,114,Will Norris,GK,Burnley,0.10253188647980309
33,413,Michail Antonio,FWD,West Ham,0.26118881584826736
33,501,Malang Sarr,DEF,Chelsea,0.2680975654151175
33,716,Tony Springett,MID,Norwich,0.2669645059075006
33,169,Michael Keane,DEF,Everton,0.2680975654151175
33,1,Bernd Leno,GK,Arsenal,0.10253188647980309
33,1,Bernd Leno,GK,Arsenal,0.10253188647980309
33,652,Armstrong Oko-Flex,MID,West Ham,0.2669645059075006
33,69,Robert Sánchez,GK,Brighton,0.10253188647980309
33,69,Robert Sánchez,GK,Brighton,0.10253188647980309
33,647,Kasey McAteer,MID,Leicester,0.2669645059075006
33,647,Kasey McAteer,MID,Leicester,0.2669645059075006
33,155,Jeffrey Schlupp,MID,Crystal Palace,0.2669645059075006
33,215,Harvey Barnes,MID,Leicester,0.2669645059075006
33,215,Harvey Barnes,MID,Leicester,0.2669645059075006
33,346,Nathan Tella,MID,Southampton,0.2669645059075006
33,346,Nathan Tella,MID,Southampton,0.2669645059075006
33,637,Harry Lewis,GK,Southampton,0.10253188647980309
33,637,Harry Lewis,GK,Southampton,0.10253188647980309
33,524,Yoane Wissa,MID,Brentford,0.2669645059075006
33,471,Pierre Lees-Melou,MID,Norwich,0.2669645059075006
33,223,Adrián San Miguel del Castillo,GK,Liverpool,0.10253188647980309
33,586,Odsonne Edouard,FWD,Crystal Palace,0.26118881584826736
33,405,Kwadwo Baah,MID,Watford,0.2669645059075006
33,295,Martin Dubravka,GK,Newcastle,0.10253188647980309
33,295,Martin Dubravka,GK,Newcastle,0.10253188647980309
33,503,Anthony Gordon,MID,Everton,0.2669645059075006
33,17,Nicolas Pépé,MID,Arsenal,0.2669645059075006
33,17,Nicolas Pépé,MID,Arsenal,0.2669645059075006
33,54,Jason Steele,GK,Brighton,0.10253188647980309
33,54,Jason Steele,GK,Brighton,0.10253188647980309
33,403,Imrân Louza,MID,Watford,0.2669645059075006
33,280,Dean Henderson,GK,Man Utd,0.10253188647980309
33,280,Dean Henderson,GK,Man Utd,0.10253188647980309
33,301,Paul Dummett,DEF,Newcastle,0.2680975654151175
33,301,Paul Dummett,DEF,Newcastle,0.2680975654151175
33,322,Jordan Hugill,FWD,Norwich,0.26118881584826736
33,509,Tom Heaton,GK,Man Utd,0.10253188647980309
33,509,Tom Heaton,GK,Man Utd,0.10253188647980309
33,639,Vontae Daley-Campbell,DEF,Leicester,0.2680975654151175
33,639,Vontae Daley-Campbell,DEF,Leicester,0.2680975654151175
33,520,Dane Scarlett,FWD,Spurs,0.26118881584826736
33,25,Mattéo Guendouzi,MID,Arsenal,0.2669645059075006
33,25,Mattéo Guendouzi,MID,Arsenal,0.2669645059075006
33,712,Odeluga Offiah,DEF,Brighton,0.2680975654151175
33,712,Odeluga Offiah,DEF,Brighton,0.2680975654151175
33,298,Ryan Fraser,MID,Newcastle,0.2669645059075006
33,298,Ryan Fraser,MID,Newcastle,0.2669645059075006
33,326,Max Aarons,DEF,Norwich,0.2680975654151175
33,632,Phil Jones,DEF,Man Utd,0.2680975654151175
33,632,Phil Jones,DEF,Man Utd,0.2680975654151175
33,120,Olivier Giroud,FWD,Chelsea,0.26118881584826736
33,296,Callum Wilson,FWD,Newcastle,0.26118881584826736
33,296,Callum Wilson,FWD,Newcastle,0.26118881584826736
33,87,Charlie Goode,DEF,Brentford,0.2680975654151175
33,723,Alejandro Garnacho Ferreyra,MID,Man Utd,0.2669645059075006
33,723,Alejandro Garnacho Ferreyra,MID,Man Utd,0.2669645059075006
33,16,Kieran Tierney,DEF,Arsenal,0.2680975654151175
33,16,Kieran Tierney,DEF,Arsenal,0.2680975654151175
33,56,Shane Duffy,DEF,Brighton,0.2680975654151175
33,56,Shane Duffy,DEF,Brighton,0.2680975654151175
33,704,Liam Delap,FWD,Man City,0.26118881584826736
33,714,Alfie Devine,MID,Spurs,0.2669645059075006
33,278,Anthony Martial,FWD,Man Utd,0.26118881584826736
33,278,Anthony Martial,FWD,Man Utd,0.26118881584826736
33,234,Andrew Robertson,DEF,Liverpool,0.2680975654151175
33,66,Alireza Jahanbakhsh,MID,Brighton,0.2669645059075006
33,66,Alireza Jahanbakhsh,MID,Brighton,0.2669645059075006
33,454,Matthew Pollock,DEF,Watford,0.2680975654151175
33,277,Bruno Miguel Borges Fernandes,MID,Man Utd,0.2669645059075006
33,277,Bruno Miguel Borges Fernandes,MID,Man Utd,0.2669645059075006
33,18,Lucas Torreira,MID,Arsenal,0.2669645059075006
33,18,Lucas Torreira,MID,Arsenal,0.2669645059075006
33,39,Matt Targett,DEF,Newcastle,0.2680975654151175
33,39,Matt Targett,DEF,Newcastle,0.2680975654151175
33,651,Conrad Egan-Riley,DEF,Man City,0.2680975654151175
33,11,Sead Kolasinac,DEF,Arsenal,0.2680975654151175
33,11,Sead Kolasinac,DEF,Arsenal,0.2680975654151175
33,180,Richarlison de Andrade,FWD,Everton,0.26118881584826736
33,506,Harvey Elliott,MID,Liverpool,0.2669645059075006
33,211,Ayoze Pérez,MID,Leicester,0.2669645059075006
33,211,Ayoze Pérez,MID,Leicester,0.2669645059075006
33,356,Erik Lamela,MID,Spurs,0.2669645059075006
33,517,Mohamed Elyounoussi,MID,Southampton,0.2669645059075006
33,517,Mohamed Elyounoussi,MID,Southampton,0.2669645059075006
33,532,Karl Hein,GK,Arsenal,0.10253188647980309
33,532,Karl Hein,GK,Arsenal,0.10253188647980309
33,170,Jordan Pickford,GK,Everton,0.10253188647980309
33,395,Ashley Fletcher,FWD,Watford,0.26118881584826736
33,380,Troy Deeney,FWD,Watford,0.26118881584826736
33,75,Jakub Moder,MID,Brighton,0.2669645059075006
33,75,Jakub Moder,MID,Brighton,0.2669645059075006
33,124,Ross Barkley,MID,Chelsea,0.2669645059075006
33,119,César Azpilicueta,DEF,Chelsea,0.2680975654151175
33,473,Ryan Bertrand,DEF,Leicester,0.2680975654151175
33,473,Ryan Bertrand,DEF,Leicester,0.2680975654151175
33,664,Charlie Patino,MID,Arsenal,0.2669645059075006
33,664,Charlie Patino,MID,Arsenal,0.2669645059075006
33,402,Joseph Hungbo,MID,Watford,0.2669645059075006
33,605,Romeo Lavia,MID,Man City,0.2669645059075006
33,480,Wayne Hennessey,GK,Burnley,0.10253188647980309
33,480,Wayne Hennessey,GK,Burnley,0.10253188647980309
33,378,Dan Gosling,MID,Watford,0.2669645059075006
33,98,James Tarkowski,DEF,Burnley,0.2680975654151175
33,98,James Tarkowski,DEF,Burnley,0.2680975654151175
33,616,Harry Tyrer,GK,Everton,0.10253188647980309
33,303,Emil Krafth,DEF,Newcastle,0.2680975654151175
33,303,Emil Krafth,DEF,Newcastle,0.2680975654151175
33,110,Matthew Lowton,DEF,Burnley,0.2680975654151175
33,110,Matthew Lowton,DEF,Burnley,0.2680975654151175
33,483,Kristoffer Ajer,DEF,Brentford,0.2680975654151175
33,339,Stuart Armstrong,MID,Southampton,0.2669645059075006
33,339,Stuart Armstrong,MID,Southampton,0.2669645059075006
33,418,Vladimir Coufal,DEF,West Ham,0.2680975654151175
33,24,Konstantinos Mavropanos,DEF,Arsenal,0.2680975654151175
33,24,Konstantinos Mavropanos,DEF,Arsenal,0.2680975654151175
33,499,Shandon Baptiste,MID,Brentford,0.2669645059075006
33,227,Alex Oxlade-Chamberlain,MID,Liverpool,0.2669645059075006
33,228,Roberto Firmino,FWD,Liverpool,0.26118881584826736
33,476,Kjell Scherpen,GK,Brighton,0.10253188647980309
33,476,Kjell Scherpen,GK,Brighton,0.10253188647980309
33,103,Kevin Long,DEF,Burnley,0.2680975654151175
33,103,Kevin Long,DEF,Burnley,0.2680975654151175
33,201,Jonny Evans,DEF,Leicester,0.2680975654151175
33,201,Jonny Evans,DEF,Leicester,0.2680975654151175
33,229,Virgil van Dijk,DEF,Liverpool,0.2680975654151175
33,421,Declan Rice,MID,West Ham,0.2669645059075006
33,464,Michael Olise,MID,Crystal Palace,0.2669645059075006
33,133,Andreas Christensen,DEF,Chelsea,0.2680975654151175
33,325,Todd Cantwell,MID,Norwich,0.2669645059075006
33,666,Jon McCracken,GK,Norwich,0.10253188647980309
33,312,Matthew Longstaff,MID,Newcastle,0.2669645059075006
33,312,Matthew Longstaff,MID,Newcastle,0.2669645059075006
33,365,Pierre-Emile Højbjerg,MID,Spurs,0.2669645059075006
33,203,Nampalys Mendy,MID,Leicester,0.2669645059075006
33,203,Nampalys Mendy,MID,Leicester,0.2669645059075006
33,579,Cristiano Ronaldo dos Santos Aveiro,FWD,Man Utd,0.26118881584826736
33,579,Cristiano Ronaldo dos Santos Aveiro,FWD,Man Utd,0.26118881584826736
33,282,Donny van de Beek,MID,Everton,0.2669645059075006
33,125,Mateo Kovacic,MID,Chelsea,0.2669645059075006
33,121,Thiago Emiliano da Silva,DEF,Chelsea,0.2680975654151175
33,212,James Maddison,MID,Leicester,0.2669645059075006
33,212,James Maddison,MID,Leicester,0.2669645059075006
33,613,Charlie Whitaker,MID,Everton,0.2669645059075006
33,467,Oghenekaro Peter Etebo,MID,Watford,0.2669645059075006
33,399,Ismaila Sarr,MID,Watford,0.2669645059075006
33,256,João Pedro Cavaco Cancelo,DEF,Man City,0.2680975654151175
33,264,Oleksandr Zinchenko,DEF,Man City,0.2680975654151175
33,205,Jamie Vardy,FWD,Leicester,0.26118881584826736
33,205,Jamie Vardy,FWD,Leicester,0.26118881584826736
33,95,Halil Dervişoğlu,FWD,Brentford,0.26118881584826736
33,157,Jairo Riedewald,MID,Crystal Palace,0.2669645059075006
33,407,Darren Randolph,GK,West Ham,0.10253188647980309
33,251,Kevin De Bruyne,MID,Man City,0.2669645059075006
33,675,Vitalii Mykolenko,DEF,Everton,0.2680975654151175
33,724,Marcel Lavinier,DEF,Spurs,0.2680975654151175
33,128,Kurt Zouma,DEF,West Ham,0.2680975654151175
33,57,Davy Pröpper,MID,Brighton,0.2669645059075006
33,57,Davy Pröpper,MID,Brighton,0.2669645059075006
33,389,Daniel Bachmann,GK,Watford,0.10253188647980309
33,226,Xherdan Shaqiri,MID,Liverpool,0.2669645059075006
33,153,Jordan Ayew,FWD,Crystal Palace,0.26118881584826736
33,84,Vitaly Janelt,MID,Brentford,0.2669645059075006
33,368,Ryan Sessegnon,DEF,Spurs,0.2680975654151175
33,317,Lukas Rupp,MID,Norwich,0.2669645059075006
33,281,Marcus Rashford,MID,Man Utd,0.2669645059075006
33,281,Marcus Rashford,MID,Man Utd,0.2669645059075006
33,646,Lewis Brunt,MID,Leicester,0.2669645059075006
33,646,Lewis Brunt,MID,Leicester,0.2669645059075006
33,202,Marc Albrighton,MID,Leicester,0.2669645059075006
33,202,Marc Albrighton,MID,Leicester,0.2669645059075006
33,482,Andros Townsend,MID,Everton,0.2669645059075006
33,214,Hamza Choudhury,MID,Leicester,0.2669645059075006
33,214,Hamza Choudhury,MID,Leicester,0.2669645059075006
33,240,Diogo Jota,MID,Liverpool,0.2669645059075006
33,699,Christian Eriksen,MID,Brentford,0.2669645059075006
33,598,Tobi Omole,DEF,Spurs,0.2680975654151175
33,7,Granit Xhaka,MID,Arsenal,0.2669645059075006
33,7,Granit Xhaka,MID,Arsenal,0.2669645059075006
33,381,Tom Cleverley,MID,Watford,0.2669645059075006
33,225,Thiago Alcántara do Nascimento,MID,Liverpool,0.2669645059075006
33,560,Haydon Roberts,DEF,Brighton,0.2680975654151175
33,560,Haydon Roberts,DEF,Brighton,0.2680975654151175
33,140,Callum Hudson-Odoi,MID,Chelsea,0.2669645059075006
33,599,Joe White,MID,Newcastle,0.2669645059075006
33,599,Joe White,MID,Newcastle,0.2669645059075006
33,545,Nathan Broadhead,FWD,Everton,0.26118881584826736
33,156,Jack Butland,GK,Crystal Palace,0.10253188647980309
33,358,Serge Aurier,DEF,Spurs,0.2680975654151175
33,469,Adedapo Awokoya-Mebude,FWD,Watford,0.26118881584826736
33,144,Conor Gallagher,MID,Crystal Palace,0.2669645059075006
33,719,Mazeed Ogungbo,DEF,Arsenal,0.2680975654151175
33,719,Mazeed Ogungbo,DEF,Arsenal,0.2680975654151175
33,371,Japhet Tanganga,DEF,Spurs,0.2680975654151175
33,511,Andreas Pereira,MID,Man Utd,0.2669645059075006
33,511,Andreas Pereira,MID,Man Utd,0.2669645059075006
33,455,Patson Daka,FWD,Leicester,0.26118881584826736
33,455,Patson Daka,FWD,Leicester,0.26118881584826736
33,696,Luis Díaz,MID,Liverpool,0.2669645059075006
33,259,Aymeric Laporte,DEF,Man City,0.2680975654151175
33,556,Álvaro Fernández,GK,Brentford,0.10253188647980309
33,494,Cristian Romero,DEF,Spurs,0.2680975654151175
33,260,Zack Steffen,GK,Man City,0.10253188647980309
33,534,Bobby Thomas,DEF,Burnley,0.2680975654151175
33,534,Bobby Thomas,DEF,Burnley,0.2680975654151175
33,315,Teemu Pukki,FWD,Norwich,0.26118881584826736
33,165,Seamus Coleman,DEF,Everton,0.2680975654151175
33,656,Marcelo de Araújo Pitaluga Filho,GK,Liverpool,0.10253188647980309
33,71,Tariq Lamptey,DEF,Brighton,0.2680975654151175
33,71,Tariq Lamptey,DEF,Brighton,0.2680975654151175
33,292,Matt Ritchie,DEF,Newcastle,0.2680975654151175
33,292,Matt Ritchie,DEF,Newcastle,0.2680975654151175
33,602,Ellis Simms,FWD,Everton,0.26118881584826736
33,478,Albert Sambi Lokonga,MID,Arsenal,0.2669645059075006
33,478,Albert Sambi Lokonga,MID,Arsenal,0.2669645059075006
33,558,Martin Ødegaard,MID,Arsenal,0.2669645059075006
33,558,Martin Ødegaard,MID,Arsenal,0.2669645059075006
33,274,Frederico Rodrigues de Paula Santos,MID,Man Utd,0.2669645059075006
33,274,Frederico Rodrigues de Paula Santos,MID,Man Utd,0.2669645059075006
33,78,Ivan Toney,FWD,Brentford,0.26118881584826736
33,372,Giovani Lo Celso,MID,Spurs,0.2669645059075006
33,200,Kasper Schmeichel,GK,Leicester,0.10253188647980309
33,200,Kasper Schmeichel,GK,Leicester,0.10253188647980309
33,525,Adam Armstrong,FWD,Southampton,0.26118881584826736
33,525,Adam Armstrong,FWD,Southampton,0.26118881584826736
33,239,Naby Keita,MID,Liverpool,0.2669645059075006
33,697,Bruno Guimarães Rodriguez Moura,MID,Newcastle,0.2669645059075006
33,697,Bruno Guimarães Rodriguez Moura,MID,Newcastle,0.2669645059075006
33,293,Ciaran Clark,DEF,Newcastle,0.2680975654151175
33,293,Ciaran Clark,DEF,Newcastle,0.2680975654151175
33,359,Heung-Min Son,MID,Spurs,0.2669645059075006
33,101,Jack Cork,MID,Burnley,0.2669645059075006
33,101,Jack Cork,MID,Burnley,0.2669645059075006
33,147,James Tomkins,DEF,Crystal Palace,0.2680975654151175
33,220,Wesley Fofana,DEF,Leicester,0.2680975654151175
33,220,Wesley Fofana,DEF,Leicester,0.2680975654151175
33,136,Tammy Abraham,FWD,Chelsea,0.26118881584826736
33,451,Nathan Collins,DEF,Burnley,0.2680975654151175
33,451,Nathan Collins,DEF,Burnley,0.2680975654151175
33,655,Evan Ferguson,FWD,Brighton,0.26118881584826736
33,655,Evan Ferguson,FWD,Brighton,0.26118881584826736
33,67,Ben White,DEF,Arsenal,0.2680975654151175
33,67,Ben White,DEF,Arsenal,0.2680975654151175
33,581,Mathias Normann,MID,Norwich,0.2669645059075006
33,669,Kamil Conteh,MID,Watford,0.2669645059075006
33,449,Milot Rashica,MID,Norwich,0.2669645059075006
33,385,Nathaniel Chalobah,MID,Watford,0.2669645059075006
33,643,Jonathan Tomkinson,DEF,Norwich,0.2680975654151175
33,309,Sean Longstaff,MID,Newcastle,0.2669645059075006
33,309,Sean Longstaff,MID,Newcastle,0.2669645059075006
33,345,Che Adams,FWD,Southampton,0.26118881584826736
33,345,Che Adams,FWD,Southampton,0.26118881584826736
33,633,James Morris,DEF,Watford,0.2680975654151175
33,582,Nikola Vlasic,MID,West Ham,0.2669645059075006
33,726,Dara Costelloe,MID,Burnley,0.2669645059075006
33,726,Dara Costelloe,MID,Burnley,0.2669645059075006
33,224,Joel Matip,DEF,Liverpool,0.2680975654151175
33,459,Juan Mata,MID,Man Utd,0.2669645059075006
33,459,Juan Mata,MID,Man Utd,0.2669645059075006
33,678,Kieran Trippier,DEF,Newcastle,0.2680975654151175
33,678,Kieran Trippier,DEF,Newcastle,0.2680975654151175
33,232,Fabio Henrique Tavares,MID,Liverpool,0.2669645059075006
33,447,Danny Welbeck,FWD,Brighton,0.26118881584826736
33,447,Danny Welbeck,FWD,Brighton,0.26118881584826736
33,705,Zach Awe,DEF,Arsenal,0.2680975654151175
33,705,Zach Awe,DEF,Arsenal,0.2680975654151175
33,618,Nicolas Nkoulou,DEF,Watford,0.2680975654151175
33,158,Jarosław Jach,DEF,Crystal Palace,0.2680975654151175
33,176,Tom Davies,MID,Everton,0.2669645059075006
33,249,Kyle Walker,DEF,Man City,0.2680975654151175
33,392,Philip Zinckernagel,MID,Watford,0.2669645059075006
33,291,Jonjo Shelvey,MID,Newcastle,0.2669645059075006
33,291,Jonjo Shelvey,MID,Newcastle,0.2669645059075006
33,207,Ricardo Domingos Barbosa Pereira,DEF,Leicester,0.2680975654151175
33,207,Ricardo Domingos Barbosa Pereira,DEF,Leicester,0.2680975654151175
33,406,Mark Noble,MID,West Ham,0.2669645059075006
33,502,Jonjoe Kenny,DEF,Everton,0.2680975654151175
33,606,Marcus Bettinelli,GK,Chelsea,0.10253188647980309
33,68,Bernardo Fernandes Da Silva Junior,DEF,Brighton,0.2680975654151175
33,68,Bernardo Fernandes Da Silva Junior,DEF,Brighton,0.2680975654151175
33,369,Steven Bergwijn,MID,Spurs,0.2669645059075006
33,607,Lewis Dobbin,FWD,Everton,0.26118881584826736
33,134,Timo Werner,FWD,Chelsea,0.26118881584826736
33,384,Christian Kabasele,DEF,Watford,0.2680975654151175
33,361,Eric Dier,DEF,Spurs,0.2680975654151175
33,634,Sonny Perkins,MID,West Ham,0.2669645059075006
33,540,Reece Hannam,DEF,Crystal Palace,0.2680975654151175
33,590,Takehiro Tomiyasu,DEF,Arsenal,0.2680975654151175
33,590,Takehiro Tomiyasu,DEF,Arsenal,0.2680975654151175
33,129,Kepa Arrizabalaga,GK,Chelsea,0.10253188647980309
33,319,Grant Hanley,DEF,Norwich,0.2680975654151175
33,14,Rob Holding,DEF,Arsenal,0.2680975654151175
33,14,Rob Holding,DEF,Arsenal,0.2680975654151175
33,23,Gabriel Magalhães,DEF,Arsenal,0.2680975654151175
33,23,Gabriel Magalhães,DEF,Arsenal,0.2680975654151175
33,241,Nathaniel Phillips,DEF,Liverpool,0.2680975654151175
33,404,João Pedro Junqueira de Jesus,FWD,Watford,0.26118881584826736
33,535,Andi Zeqiri,FWD,Brighton,0.26118881584826736
33,535,Andi Zeqiri,FWD,Brighton,0.26118881584826736
33,250,Ilkay Gündogan,MID,Man City,0.2669645059075006
33,671,Lewis Hall,MID,Chelsea,0.2669645059075006
33,630,Tyler Onyango,MID,Everton,0.2669645059075006
33,659,Brandon Austin,GK,Spurs,0.10253188647980309
33,419,Saïd Benrahma,MID,West Ham,0.2669645059075006
33,408,Lukasz Fabianski,GK,West Ham,0.10253188647980309
33,668,Harvey White,MID,Spurs,0.2669645059075006
33,398,Marc Navarro,DEF,Watford,0.2680975654151175
33,109,Chris Wood,FWD,Newcastle,0.26118881584826736
33,109,Chris Wood,FWD,Newcastle,0.26118881584826736
33,529,Romelu Lukaku,FWD,Chelsea,0.26118881584826736
33,592,Saúl Ñíguez,MID,Chelsea,0.2669645059075006
33,423,Pablo Fornals,MID,West Ham,0.2669645059075006
33,306,Isaac Hayden,MID,Newcastle,0.2669645059075006
33,306,Isaac Hayden,MID,Newcastle,0.2669645059075006
33,682,Pierre Ekwah,DEF,West Ham,0.2680975654151175
33,20,Edward Nketiah,FWD,Arsenal,0.26118881584826736
33,20,Edward Nketiah,FWD,Arsenal,0.26118881584826736
33,122,Marcos Alonso,DEF,Chelsea,0.2680975654151175
33,377,Danny Rose,DEF,Watford,0.2680975654151175
33,63,Neal Maupay,FWD,Brighton,0.26118881584826736
33,63,Neal Maupay,FWD,Brighton,0.26118881584826736
33,565,Owen Dodgson,DEF,Burnley,0.2680975654151175
33,565,Owen Dodgson,DEF,Burnley,0.2680975654151175
33,386,Will Hughes,MID,Crystal Palace,0.2669645059075006
33,453,Fernando Luiz Rosa,MID,Man City,0.2669645059075006
33,363,Bamidele Alli,MID,Everton,0.2669645059075006
33,648,Jonathan Rowe,MID,Norwich,0.2669645059075006
33,553,Ben Woodburn,MID,Liverpool,0.2669645059075006
33,401,Ben Wilmot,DEF,Watford,0.2680975654151175
33,424,Issa Diop,DEF,West Ham,0.2680975654151175
33,416,Manuel Lanzini,MID,West Ham,0.2669645059075006
33,642,Vincent Angelini,GK,Watford,0.10253188647980309
33,283,Axel Tuanzebe,DEF,Man Utd,0.2680975654151175
33,283,Axel Tuanzebe,DEF,Man Utd,0.2680975654151175
33,564,Moise Kean,FWD,Everton,0.26118881584826736
33,316,Marco Stiepermann,MID,Norwich,0.2669645059075006
33,695,Ryan Alebiosu,DEF,Arsenal,0.2680975654151175
33,695,Ryan Alebiosu,DEF,Arsenal,0.2680975654151175
33,19,Joseph Willock,MID,Newcastle,0.2669645059075006
33,19,Joseph Willock,MID,Newcastle,0.2669645059075006
33,8,Pablo Marí,DEF,Arsenal,0.2680975654151175
33,8,Pablo Marí,DEF,Arsenal,0.2680975654151175
33,507,Cole Palmer,MID,Man City,0.2669645059075006
33,323,Kieran Dowell,MID,Norwich,0.2669645059075006
33,163,Fabian Delph,MID,Everton,0.2669645059075006
33,253,Benjamin Mendy,DEF,Man City,0.2680975654151175
33,397,Domingos Quina,MID,Watford,0.2669645059075006
33,83,Rico Henry,DEF,Brentford,0.2680975654151175
33,115,Josh Brownhill,MID,Burnley,0.2669645059075006
33,115,Josh Brownhill,MID,Burnley,0.2669645059075006
33,415,Ryan Fredericks,DEF,West Ham,0.2680975654151175
33,472,Juan Camilo Hernández Suárez,FWD,Watford,0.26118881584826736
33,360,Matt Doherty,DEF,Spurs,0.2680975654151175
33,366,Harry Winks,MID,Spurs,0.2669645059075006
33,100,Erik Pieters,DEF,Burnley,0.2680975654151175
33,100,Erik Pieters,DEF,Burnley,0.2680975654151175
33,536,Michal Karbownik,DEF,Brighton,0.2680975654151175
33,536,Michal Karbownik,DEF,Brighton,0.2680975654151175
33,85,Saman Ghoddos,MID,Brentford,0.2669645059075006
33,587,Ademola Lookman,MID,Leicester,0.2669645059075006
33,587,Ademola Lookman,MID,Leicester,0.2669645059075006
33,343,Jan Bednarek,DEF,Southampton,0.2680975654151175
33,343,Jan Bednarek,DEF,Southampton,0.2680975654151175
33,626,Conor Bradley,DEF,Liverpool,0.2680975654151175
33,288,Aaron Wan-Bissaka,DEF,Man Utd,0.2680975654151175
33,288,Aaron Wan-Bissaka,DEF,Man Utd,0.2680975654151175
33,417,Arthur Masuaku,DEF,West Ham,0.2680975654151175
33,123,Jorge Luiz Frello Filho,MID,Chelsea,0.2669645059075006
33,554,Jamal Baptiste,DEF,West Ham,0.2680975654151175
33,314,Tim Krul,GK,Norwich,0.10253188647980309
33,688,Thomas McGill,GK,Brighton,0.10253188647980309
33,688,Thomas McGill,GK,Brighton,0.10253188647980309
33,394,Ayotomiwa Dele-Bashiru,MID,Watford,0.2669645059075006
33,487,Bryan Gil Salvatierra,MID,Spurs,0.2669645059075006
33,479,Frank Onyeka,MID,Brentford,0.2669645059075006
33,3,Willian Borges Da Silva,MID,Arsenal,0.2669645059075006
33,3,Willian Borges Da Silva,MID,Arsenal,0.2669645059075006
33,12,Mohamed Naser El Sayed Elneny,MID,Arsenal,0.2669645059075006
33,12,Mohamed Naser El Sayed Elneny,MID,Arsenal,0.2669645059075006
33,597,Dilan Markanday,MID,Spurs,0.2669645059075006
33,4,Pierre-Emerick Aubameyang,FWD,Arsenal,0.26118881584826736
33,4,Pierre-Emerick Aubameyang,FWD,Arsenal,0.26118881584826736
33,489,Alphonse Areola,GK,West Ham,0.10253188647980309
33,139,Ethan Ampadu,DEF,Chelsea,0.2680975654151175
33,102,Dale Stephens,MID,Burnley,0.2669645059075006
33,102,Dale Stephens,MID,Burnley,0.2669645059075006
33,580,Ozan Kabak,DEF,Norwich,0.2680975654151175
33,460,Romain Perraud,DEF,Southampton,0.2680975654151175
33,460,Romain Perraud,DEF,Southampton,0.2680975654151175
33,279,Alex Nicolao Telles,DEF,Man Utd,0.2680975654151175
33,279,Alex Nicolao Telles,DEF,Man Utd,0.2680975654151175
33,96,Bryan Mbeumo,MID,Brentford,0.2669645059075006
33,694,Mika Biereth,FWD,Arsenal,0.26118881584826736
33,694,Mika Biereth,FWD,Arsenal,0.26118881584826736
33,570,Niels Nkounkou,DEF,Everton,0.2680975654151175
33,672,Harvey Vale,MID,Chelsea,0.2669645059075006
33,263,Gabriel Fernando de Jesus,FWD,Man City,0.26118881584826736
33,347,William Smallbone,MID,Southampton,0.2669645059075006
33,347,William Smallbone,MID,Southampton,0.2669645059075006
33,488,Joachim Andersen,DEF,Crystal Palace,0.2680975654151175
33,247,Rhys Williams,DEF,Liverpool,0.2680975654151175
33,411,Aaron Cresswell,DEF,West Ham,0.2680975654151175
33,171,Allan Marques Loureiro,MID,Everton,0.2669645059075006
33,715,Abu Kamara,FWD,Norwich,0.26118881584826736
33,456,Ben Gibson,DEF,Norwich,0.2680975654151175
33,209,Timothy Castagne,DEF,Leicester,0.2680975654151175
33,209,Timothy Castagne,DEF,Leicester,0.2680975654151175
33,217,Çaglar Söyüncü,DEF,Leicester,0.2680975654151175
33,217,Çaglar Söyüncü,DEF,Leicester,0.2680975654151175
33,388,Stipe Perica,FWD,Watford,0.26118881584826736
33,243,Ibrahima Konaté,DEF,Liverpool,0.2680975654151175
33,512,Anthony Elanga,MID,Man Utd,0.2669645059075006
33,512,Anthony Elanga,MID,Man Utd,0.2669645059075006
33,328,Przemyslaw Placheta,MID,Norwich,0.2669645059075006
33,105,Ashley Barnes,FWD,Burnley,0.26118881584826736
33,105,Ashley Barnes,FWD,Burnley,0.26118881584826736
33,246,Neco Williams,DEF,Liverpool,0.2680975654151175
33,531,Reiss Nelson,MID,Arsenal,0.2669645059075006
33,531,Reiss Nelson,MID,Arsenal,0.2669645059075006
33,676,Hassane Kamara,DEF,Watford,0.2680975654151175
33,307,Allan Saint-Maximin,FWD,Newcastle,0.26118881584826736
33,307,Allan Saint-Maximin,FWD,Newcastle,0.26118881584826736
33,86,Mathias Jensen,MID,Brentford,0.2669645059075006
33,533,Lewis Richardson,FWD,Burnley,0.26118881584826736
33,533,Lewis Richardson,FWD,Burnley,0.26118881584826736
33,290,Brandon Williams,DEF,Norwich,0.2680975654151175
33,73,Steven Alzate,MID,Brighton,0.2669645059075006
33,73,Steven Alzate,MID,Brighton,0.2669645059075006
33,111,Matej Vydra,FWD,Burnley,0.26118881584826736
33,111,Matej Vydra,FWD,Burnley,0.26118881584826736
33,505,Kiernan Dewsbury-Hall,MID,Leicester,0.2669645059075006
33,505,Kiernan Dewsbury-Hall,MID,Leicester,0.2669645059075006
33,498,Dominic Thompson,DEF,Brentford,0.2680975654151175
33,376,Ben Foster,GK,Watford,0.10253188647980309
33,391,Ken Sema,MID,Watford,0.2669645059075006
33,673,Jonas Lössl,GK,Brentford,0.10253188647980309
33,233,Mohamed Salah,MID,Liverpool,0.2669645059075006
33,172,André Filipe Tavares Gomes,MID,Everton,0.2669645059075006
33,396,Francisco Sierralta,DEF,Watford,0.2680975654151175
33,334,Alex McCarthy,GK,Southampton,0.10253188647980309
33,334,Alex McCarthy,GK,Southampton,0.10253188647980309
33,362,Lucas Rodrigues Moura da Silva,MID,Spurs,0.2669645059075006
33,370,Sergio Reguilón,DEF,Spurs,0.2680975654151175
33,578,Maxwel Cornet,MID,Burnley,0.2669645059075006
33,578,Maxwel Cornet,MID,Burnley,0.2669645059075006
33,379,Craig Cathcart,DEF,Watford,0.2680975654151175
33,575,Aaron Lennon,MID,Burnley,0.2669645059075006
33,575,Aaron Lennon,MID,Burnley,0.2669645059075006
33,135,Benjamin Chilwell,DEF,Chelsea,0.2680975654151175
33,213,Kelechi Iheanacho,FWD,Leicester,0.26118881584826736
33,213,Kelechi Iheanacho,FWD,Leicester,0.26118881584826736
33,573,Eldin Jakupovic,GK,Leicester,0.10253188647980309
33,573,Eldin Jakupovic,GK,Leicester,0.10253188647980309
33,422,Tomas Soucek,MID,West Ham,0.2669645059075006
33,665,Dynel Simeu,DEF,Southampton,0.2680975654151175
33,665,Dynel Simeu,DEF,Southampton,0.2680975654151175
33,92,Ellery Balcombe,GK,Brentford,0.10253188647980309
33,15,Thomas Partey,MID,Arsenal,0.2669645059075006
33,15,Thomas Partey,MID,Arsenal,0.2669645059075006
33,567,Lyanco Evangelista Silveira Neves Vojnovic,DEF,Southampton,0.2680975654151175
33,567,Lyanco Evangelista Silveira Neves Vojnovic,DEF,Southampton,0.2680975654151175
33,137,Christian Pulisic,MID,Chelsea,0.2669645059075006
33,313,Michael McGovern,GK,Norwich,0.10253188647980309
33,99,Phil Bardsley,DEF,Burnley,0.2680975654151175
33,99,Phil Bardsley,DEF,Burnley,0.2680975654151175
33,126,Michy Batshuayi,FWD,Chelsea,0.26118881584826736
33,154,Wilfried Zaha,MID,Crystal Palace,0.2669645059075006
33,127,Antonio Rüdiger,DEF,Chelsea,0.2680975654151175
33,266,Rodrigo Hernandez,MID,Man City,0.2669645059075006
33,341,James Ward-Prowse,MID,Southampton,0.2669645059075006
33,341,James Ward-Prowse,MID,Southampton,0.2669645059075006
33,254,Riyad Mahrez,MID,Man City,0.2669645059075006
33,725,Shaqai Forde,FWD,Watford,0.26118881584826736
33,248,Ben Davies,DEF,Liverpool,0.2680975654151175
33,218,James Justin,DEF,Leicester,0.2680975654151175
33,218,James Justin,DEF,Leicester,0.2680975654151175
33,179,Ben Godfrey,DEF,Everton,0.2680975654151175
33,131,Hakim Ziyech,MID,Chelsea,0.2669645059075006
33,522,Conor Coventry,MID,West Ham,0.2669645059075006
33,58,Dan Burn,DEF,Newcastle,0.2680975654151175
33,58,Dan Burn,DEF,Newcastle,0.2680975654151175
33,219,Luke Thomas,DEF,Leicester,0.2680975654151175
33,219,Luke Thomas,DEF,Leicester,0.2680975654151175
33,60,Solomon March,MID,Brighton,0.2669645059075006
33,60,Solomon March,MID,Brighton,0.2669645059075006
33,351,Mohammed Salisu,DEF,Southampton,0.2680975654151175
33,351,Mohammed Salisu,DEF,Southampton,0.2680975654151175
33,588,Emerson Aparecido Leite de Souza Junior,DEF,Spurs,0.2680975654151175
33,707,Lucas De Bolle,MID,Newcastle,0.2669645059075006
33,707,Lucas De Bolle,MID,Newcastle,0.2669645059075006
33,318,Kenny McLean,MID,Norwich,0.2669645059075006
33,348,Michael Obafemi,FWD,Southampton,0.26118881584826736
33,348,Michael Obafemi,FWD,Southampton,0.26118881584826736
33,530,Folarin Balogun,FWD,Arsenal,0.26118881584826736
33,530,Folarin Balogun,FWD,Arsenal,0.26118881584826736
33,104,Jay Rodriguez,FWD,Burnley,0.26118881584826736
33,104,Jay Rodriguez,FWD,Burnley,0.26118881584826736
33,491,Tino Livramento,DEF,Southampton,0.2680975654151175
33,491,Tino Livramento,DEF,Southampton,0.2680975654151175
33,619,Matthew Cox,GK,Brentford,0.10253188647980309
33,335,Oriol Romeu Vidal,MID,Southampton,0.2669645059075006
33,335,Oriol Romeu Vidal,MID,Southampton,0.2669645059075006
33,495,Juraj Kucka,MID,Watford,0.2669645059075006
33,108,Johann Berg Gudmundsson,MID,Burnley,0.2669645059075006
33,108,Johann Berg Gudmundsson,MID,Burnley,0.2669645059075006
33,206,Dennis Praet,MID,Leicester,0.2669645059075006
33,206,Dennis Praet,MID,Leicester,0.2669645059075006
33,269,Edinson Cavani,FWD,Man Utd,0.26118881584826736
33,269,Edinson Cavani,FWD,Man Utd,0.26118881584826736
33,208,Daniel Amartey,DEF,Leicester,0.2680975654151175
33,208,Daniel Amartey,DEF,Leicester,0.2680975654151175
33,653,Ed Turns,DEF,Brighton,0.2680975654151175
33,653,Ed Turns,DEF,Brighton,0.2680975654151175
33,162,Tyrick Mitchell,DEF,Crystal Palace,0.2680975654151175
33,693,Salah-Eddine Oulad M'hand,MID,Arsenal,0.2669645059075006
33,693,Salah-Eddine Oulad M'hand,MID,Arsenal,0.2669645059075006
33,132,Ruben Loftus-Cheek,MID,Chelsea,0.2669645059075006
33,64,Leandro Trossard,MID,Brighton,0.2669645059075006
33,64,Leandro Trossard,MID,Brighton,0.2669645059075006
33,300,Dwight Gayle,FWD,Newcastle,0.26118881584826736
33,300,Dwight Gayle,FWD,Newcastle,0.26118881584826736
33,663,Kayky da Silva Chagas,FWD,Man City,0.26118881584826736
33,542,Robert Street,FWD,Crystal Palace,0.26118881584826736
33,175,Yerry Mina,DEF,Everton,0.2680975654151175
33,574,Robert Elliot,GK,Watford,0.10253188647980309
33,516,Joshua Sargent,FWD,Norwich,0.26118881584826736
33,112,Nick Pope,GK,Burnley,0.10253188647980309
33,112,Nick Pope,GK,Burnley,0.10253188647980309
33,141,Kai Havertz,MID,Chelsea,0.2669645059075006
33,510,José Diogo Dalot Teixeira,DEF,Man Utd,0.2680975654151175
33,510,José Diogo Dalot Teixeira,DEF,Man Utd,0.2680975654151175
33,640,Nathan Young-Coombes,FWD,Brentford,0.26118881584826736
33,330,Josh Martin,MID,Norwich,0.2669645059075006
33,555,Raphaël Varane,DEF,Man Utd,0.2680975654151175
33,555,Raphaël Varane,DEF,Man Utd,0.2680975654151175
33,645,Ben Nelson,DEF,Leicester,0.2680975654151175
33,645,Ben Nelson,DEF,Leicester,0.2680975654151175
33,571,Andy Lonergan,GK,Everton,0.10253188647980309
33,474,Joel Ward,DEF,Crystal Palace,0.2680975654151175
33,698,Samuel Kalu,MID,Watford,0.2669645059075006
33,237,Trent Alexander-Arnold,DEF,Liverpool,0.2680975654151175
33,276,Jesse Lingard,MID,Man Utd,0.2669645059075006
33,276,Jesse Lingard,MID,Man Utd,0.2669645059075006
33,627,Owen Beck,DEF,Liverpool,0.2680975654151175
33,357,Harry Kane,FWD,Spurs,0.26118881584826736
33,585,Connor Roberts,DEF,Burnley,0.2680975654151175
33,585,Connor Roberts,DEF,Burnley,0.2680975654151175
33,61,Adam Webster,DEF,Brighton,0.2680975654151175
33,61,Adam Webster,DEF,Brighton,0.2680975654151175
33,265,Phil Foden,MID,Man City,0.2669645059075006
33,181,João Virgínia,GK,Everton,0.10253188647980309
33,142,Reece James,DEF,Chelsea,0.2680975654151175
33,81,Sergi Canós,MID,Brentford,0.2669645059075006
34,557,Ozan Tufan,MID,Watford,0.26696450590750054
34,383,Andre Gray,FWD,Watford,0.26118881584826736
34,428,Willy Boly,DEF,Wolves,0.2680975654151175
34,89,Mads Roerslev Rasmussen,DEF,Brentford,0.2680975654151175
34,321,Sam Byram,DEF,Norwich,0.2680975654151175
34,700,Wout Weghorst,FWD,Burnley,0.26118881584826736
34,331,Andrew Omobamidele,DEF,Norwich,0.2680975654151175
34,310,Joelinton Cássio Apolinário de Lira,FWD,Newcastle,0.26118881584826736
34,584,Marc Cucurella,DEF,Brighton,0.2680975654151175
34,62,Joël Veltman,DEF,Brighton,0.2680975654151175
34,446,Yerson Mosquera Valdelamar,DEF,Wolves,0.2680975654151175
34,583,Hee-Chan Hwang,FWD,Wolves,0.26118881584826736
34,235,Divock Origi,FWD,Liverpool,0.26118881584826736
34,149,Christian Benteke,FWD,Crystal Palace,0.26118881584826736
34,611,Louie Moulden,GK,Wolves,0.1025318864798031
34,594,Mathias Jorgensen,DEF,Brentford,0.2680975654151175
34,94,Patrik Gunnarsson,GK,Brentford,0.1025318864798031
34,79,Tariqe Fosu-Henry,MID,Brentford,0.26696450590750054
34,320,Onel Hernández,MID,Norwich,0.26696450590750054
34,33,Jack Grealish,MID,Man City,0.26696450590750054
34,621,James Storer,GK,Wolves,0.1025318864798031
34,677,Samir Caetano de Souza Santos,DEF,Watford,0.2680975654151175
34,287,Daniel James,MID,Leeds,0.26696450590750054
34,409,Angelo Ogbonna,DEF,West Ham,0.2680975654151175
34,196,Raphael Dias Belloli,MID,Leeds,0.26696450590750054
34,88,Marcus Forss,FWD,Brentford,0.26118881584826736
34,145,Billy Gilmour,MID,Norwich,0.26696450590750054
34,284,Victor Lindelöf,DEF,Man Utd,0.2680975654151175
34,284,Victor Lindelöf,DEF,Man Utd,0.2680975654151175
34,45,Ezri Konsa Ngoyo,DEF,Aston Villa,0.2680975654151175
34,439,Max Kilman,DEF,Wolves,0.2680975654151175
34,174,Alex Iwobi,MID,Everton,0.26696450590750054
34,538,Moisés Caicedo,MID,Brighton,0.26696450590750054
34,462,Enock Mwepu,MID,Brighton,0.26696450590750054
34,194,Robin Koch,DEF,Leeds,0.2680975654151175
34,151,Martin Kelly,DEF,Crystal Palace,0.2680975654151175
34,91,Ethan Pinnock,DEF,Brentford,0.2680975654151175
34,657,Kris Moore,DEF,Leeds,0.2680975654151175
34,426,João Filipe Iria Santos Moutinho,MID,Wolves,0.26696450590750054
34,164,Gylfi Sigurdsson,MID,Everton,0.26696450590750054
34,466,Nuno Varela Tavares,DEF,Arsenal,0.2680975654151175
34,302,Javier Manquillo,DEF,Newcastle,0.2680975654151175
34,76,Pontus Jansson,DEF,Brentford,0.2680975654151175
34,629,James McAtee,MID,Man City,0.26696450590750054
34,638,Tim Iroegbunam,MID,Aston Villa,0.26696450590750054
34,722,Julian Jeanvier,DEF,Brentford,0.2680975654151175
34,261,Bernardo Mota Veiga de Carvalho e Silva,MID,Man City,0.26696450590750054
34,342,Kyle Walker-Peters,DEF,Southampton,0.2680975654151175
34,477,Marc Guéhi,DEF,Crystal Palace,0.2680975654151175
34,257,Ederson Santana de Moraes,GK,Man City,0.1025318864798031
34,591,Salomón Rondón,FWD,Everton,0.26118881584826736
34,42,Anwar El Ghazi,MID,Everton,0.26696450590750054
34,625,Kaide Gordon,MID,Liverpool,0.26696450590750054
34,717,Jamie Bowden,MID,Spurs,0.26696450590750054
34,624,Lewis Bate,MID,Leeds,0.26696450590750054
34,80,David Raya Martin,GK,Brentford,0.1025318864798031
34,593,Scott Carson,GK,Man City,0.1025318864798031
34,344,Daniel N'Lundulu,FWD,Southampton,0.26118881584826736
34,53,Adam Lallana,MID,Brighton,0.26696450590750054
34,178,Mason Holgate,DEF,Everton,0.2680975654151175
34,484,Demarai Gray,MID,Everton,0.26696450590750054
34,97,Mads Bidstrup,MID,Brentford,0.26696450590750054
34,504,Jean-Philippe Gbamin,MID,Everton,0.26696450590750054
34,107,Ashley Westwood,MID,Burnley,0.26696450590750054
34,387,William Troost-Ekong,DEF,Watford,0.2680975654151175
34,166,James Rodríguez,MID,Everton,0.26696450590750054
34,9,Héctor Bellerín,DEF,Arsenal,0.2680975654151175
34,70,Yves Bissouma,MID,Brighton,0.26696450590750054
34,150,Cheikhou Kouyaté,DEF,Crystal Palace,0.2680975654151175
34,374,Joe Rodon,DEF,Spurs,0.2680975654151175
34,271,Nemanja Matic,MID,Man Utd,0.26696450590750054
34,271,Nemanja Matic,MID,Man Utd,0.26696450590750054
34,561,Remi Matthews,GK,Crystal Palace,0.1025318864798031
34,48,Mbwana Ally Samatta,FWD,Aston Villa,0.26118881584826736
34,258,Nathan Aké,DEF,Man City,0.2680975654151175
34,440,Morgan Gibbs-White,MID,Wolves,0.26696450590750054
34,143,Edouard Mendy,GK,Chelsea,0.1025318864798031
34,143,Edouard Mendy,GK,Chelsea,0.1025318864798031
34,649,Thomas Dickson-Peters,FWD,Norwich,0.26118881584826736
34,470,Rayan Ait Nouri,DEF,Wolves,0.2680975654151175
34,527,Trevoh Chalobah,DEF,Chelsea,0.2680975654151175
34,527,Trevoh Chalobah,DEF,Chelsea,0.2680975654151175
34,51,Jacob Ramsey,MID,Aston Villa,0.26696450590750054
34,718,Isaac Price,MID,Everton,0.26696450590750054
34,635,Hugo Bueno,DEF,Wolves,0.2680975654151175
34,425,Ben Johnson,DEF,West Ham,0.2680975654151175
34,238,Joseph Gomez,DEF,Liverpool,0.2680975654151175
34,508,Samuel Edozie,MID,Man City,0.26696450590750054
34,515,Bali Mumba,DEF,Norwich,0.2680975654151175
34,245,Konstantinos Tsimikas,DEF,Liverpool,0.2680975654151175
34,268,Ferran Torres,MID,Man City,0.26696450590750054
34,660,Jarell Quansah,DEF,Liverpool,0.2680975654151175
34,543,Scott Banks,MID,Crystal Palace,0.26696450590750054
34,74,Alexis Mac Allister,MID,Brighton,0.26696450590750054
34,615,Cieran Slicker,GK,Man City,0.1025318864798031
34,706,Hannibal Mejbri,MID,Man Utd,0.26696450590750054
34,706,Hannibal Mejbri,MID,Man Utd,0.26696450590750054
34,65,Mathew Ryan,GK,Brighton,0.1025318864798031
34,304,Jacob Murphy,MID,Newcastle,0.26696450590750054
34,667,Thierry Small,DEF,Southampton,0.2680975654151175
34,118,Dwight McNeil,MID,Burnley,0.26696450590750054
34,674,Nathan Patterson,DEF,Everton,0.2680975654151175
34,168,Lucas Digne,DEF,Aston Villa,0.2680975654151175
34,546,Yan Valery,DEF,Southampton,0.2680975654151175
34,204,Danny Ward,GK,Leicester,0.1025318864798031
34,544,Jarrad Branthwaite,DEF,Everton,0.2680975654151175
34,373,Oliver Skipp,MID,Spurs,0.26696450590750054
34,221,James Milner,MID,Liverpool,0.26696450590750054
34,272,Paul Pogba,MID,Man Utd,0.26696450590750054
34,272,Paul Pogba,MID,Man Utd,0.26696450590750054
34,681,Philippe Coutinho Correia,MID,Aston Villa,0.26696450590750054
34,231,Alisson Ramses Becker,GK,Liverpool,0.1025318864798031
34,177,Dominic Calvert-Lewin,FWD,Everton,0.26118881584826736
34,244,Curtis Jones,MID,Liverpool,0.26696450590750054
34,262,Rúben Santos Gato Alves Dias,DEF,Man City,0.2680975654151175
34,728,Álvaro Fernández,DEF,Man Utd,0.2680975654151175
34,728,Álvaro Fernández,DEF,Man Utd,0.2680975654151175
34,289,Mason Greenwood,MID,Man Utd,0.26696450590750054
34,289,Mason Greenwood,MID,Man Utd,0.26696450590750054
34,541,Jesurun Rak-Sakyi,MID,Crystal Palace,0.26696450590750054
34,10,Calum Chambers,DEF,Aston Villa,0.2680975654151175
34,563,Charlie Cresswell,DEF,Leeds,0.2680975654151175
34,420,Jarrod Bowen,MID,West Ham,0.26696450590750054
34,518,Armando Broja,FWD,Southampton,0.26118881584826736
34,90,Mads Bech Sørensen,DEF,Brentford,0.2680975654151175
34,161,Nathan Ferguson,DEF,Crystal Palace,0.2680975654151175
34,481,Asmir Begović,GK,Everton,0.1025318864798031
34,311,Jamal Lewis,DEF,Newcastle,0.2680975654151175
34,355,Toby Alderweireld,DEF,Spurs,0.2680975654151175
34,500,Florin Andone,FWD,Brighton,0.26118881584826736
34,285,Scott McTominay,MID,Man Utd,0.26696450590750054
34,285,Scott McTominay,MID,Man Utd,0.26696450590750054
34,252,John Stones,DEF,Man City,0.2680975654151175
34,710,Daniel Chesters,MID,West Ham,0.26696450590750054
34,485,Jadon Sancho,MID,Man Utd,0.26696450590750054
34,485,Jadon Sancho,MID,Man Utd,0.26696450590750054
34,566,Tommy Doyle,MID,Man City,0.26696450590750054
34,21,Emile Smith Rowe,MID,Arsenal,0.26696450590750054
34,537,Taylor Richards,MID,Brighton,0.26696450590750054
34,37,Mahmoud Ahmed Ibrahim Hassan,MID,Aston Villa,0.26696450590750054
34,77,Christian Nørgaard,MID,Brentford,0.26696450590750054
34,148,James McArthur,MID,Crystal Palace,0.26696450590750054
34,617,Harrison Ashby,DEF,West Ham,0.2680975654151175
34,27,William Saliba,DEF,Arsenal,0.2680975654151175
34,569,Finley Stevens,DEF,Brentford,0.2680975654151175
34,572,Arthur Okonkwo,GK,Arsenal,0.1025318864798031
34,187,Rodrigo Moreno,FWD,Leeds,0.26118881584826736
34,450,Emmanuel Dennis,FWD,Watford,0.26118881584826736
34,352,Joe Hart,GK,Spurs,0.1025318864798031
34,410,Winston Reid,DEF,West Ham,0.2680975654151175
34,690,Robert Kenedy Nunes do Nascimento,DEF,Chelsea,0.2680975654151175
34,690,Robert Kenedy Nunes do Nascimento,DEF,Chelsea,0.2680975654151175
34,701,Dejan Kulusevski,MID,Spurs,0.26696450590750054
34,636,Amad Diallo,MID,Man Utd,0.26696450590750054
34,636,Amad Diallo,MID,Man Utd,0.26696450590750054
34,308,Miguel Almirón,MID,Newcastle,0.26696450590750054
34,438,Daniel Castelo Podence,MID,Wolves,0.26696450590750054
34,493,Nathaniel Clyne,DEF,Crystal Palace,0.2680975654151175
34,364,Ben Davies,DEF,Spurs,0.2680975654151175
34,216,Wilfred Ndidi,MID,Leicester,0.26696450590750054
34,604,Joshua Wilson-Esbrand,DEF,Man City,0.2680975654151175
34,327,Jacob Sørensen,DEF,Norwich,0.2680975654151175
34,2,Rúnar Alex Rúnarsson,GK,Arsenal,0.1025318864798031
34,93,Jan Zamburek,MID,Brentford,0.26696450590750054
34,709,Tayo Adaramola,DEF,Crystal Palace,0.2680975654151175
34,519,Shane Long,FWD,Southampton,0.26118881584826736
34,189,Patrick Bamford,FWD,Leeds,0.26118881584826736
34,680,Kgaogelo Chauke,MID,Southampton,0.26696450590750054
34,457,Dimitris Giannoulis,DEF,Norwich,0.2680975654151175
34,644,Ajibola Alese,DEF,West Ham,0.2680975654151175
34,173,Abdoulaye Doucouré,MID,Everton,0.26696450590750054
34,188,Stuart Dallas,MID,Leeds,0.26696450590750054
34,340,Jannik Vestergaard,DEF,Leicester,0.2680975654151175
34,350,Moussa Djenepo,MID,Southampton,0.26696450590750054
34,332,Theo Walcott,MID,Southampton,0.26696450590750054
34,433,Jonathan Castro Otto,DEF,Wolves,0.2680975654151175
34,47,Wesley Moraes,FWD,Aston Villa,0.26118881584826736
34,116,Josh Benson,MID,Burnley,0.26696450590750054
34,375,Tanguy Ndombele,MID,Spurs,0.26696450590750054
34,393,Isaac Success Ajayi,FWD,Watford,0.26118881584826736
34,679,Edo Kayembe,MID,Watford,0.26696450590750054
34,431,Romain Saïss,DEF,Wolves,0.2680975654151175
34,437,Nélson Cabral Semedo,DEF,Wolves,0.2680975654151175
34,117,Bailey Peacock-Farrell,GK,Burnley,0.1025318864798031
34,146,Vicente Guaita,GK,Crystal Palace,0.1025318864798031
34,26,Gabriel Teodoro Martinelli Silva,MID,Arsenal,0.26696450590750054
34,270,David de Gea,GK,Man Utd,0.1025318864798031
34,270,David de Gea,GK,Man Utd,0.1025318864798031
34,236,Takumi Minamino,MID,Liverpool,0.26696450590750054
34,702,Rodrigo Bentancur,MID,Spurs,0.26696450590750054
34,628,Maxwell Haygarth,MID,Brentford,0.26696450590750054
34,336,Nathan Redmond,MID,Southampton,0.26696450590750054
34,513,Freddie Woodman,GK,Newcastle,0.1025318864798031
34,59,Lewis Dunk,DEF,Brighton,0.2680975654151175
34,458,Boubakary Soumaré,MID,Leicester,0.26696450590750054
34,595,Jürgen Locadia,FWD,Brighton,0.26118881584826736
34,390,Adam Masina,DEF,Watford,0.2680975654151175
34,167,Bernard Anício Caldeira Duarte,MID,Everton,0.26696450590750054
34,610,Lamare Bogarde,DEF,Aston Villa,0.2680975654151175
34,152,Luka Milivojevic,MID,Crystal Palace,0.26696450590750054
34,160,Eberechi Eze,MID,Crystal Palace,0.26696450590750054
34,324,Christoph Zimmermann,DEF,Norwich,0.2680975654151175
34,210,Youri Tielemans,MID,Leicester,0.26696450590750054
34,623,Reece Welch,DEF,Everton,0.2680975654151175
34,620,Tyler Morton,MID,Liverpool,0.26696450590750054
34,444,Andreas Söndergaard,GK,Wolves,0.1025318864798031
34,297,Jeff Hendrick,MID,Newcastle,0.26696450590750054
34,222,Jordan Henderson,MID,Liverpool,0.26696450590750054
34,589,Alex Kral,MID,West Ham,0.26696450590750054
34,349,Ibrahima Diallo,MID,Southampton,0.26696450590750054
34,113,Charlie Taylor,DEF,Burnley,0.2680975654151175
34,661,Bruno André Cavaco Jordão,MID,Wolves,0.26696450590750054
34,106,Ben Mee,DEF,Burnley,0.2680975654151175
34,721,Miguel Azeez,MID,Arsenal,0.26696450590750054
34,552,Adam Forshaw,MID,Leeds,0.26696450590750054
34,130,N'Golo Kanté,MID,Chelsea,0.26696450590750054
34,130,N'Golo Kanté,MID,Chelsea,0.26696450590750054
34,603,Luke Mbete,DEF,Man City,0.2680975654151175
34,305,Fabian Schär,DEF,Newcastle,0.2680975654151175
34,13,Ainsley Maitland-Niles,MID,Arsenal,0.26696450590750054
34,159,Jean-Philippe Mateta,FWD,Crystal Palace,0.26118881584826736
34,353,Hugo Lloris,GK,Spurs,0.1025318864798031
34,708,Sam Waller,GK,Burnley,0.1025318864798031
34,255,Raheem Sterling,MID,Man City,0.26696450590750054
34,55,Pascal Groß,MID,Brighton,0.26696450590750054
34,492,Leon Bailey,MID,Aston Villa,0.26696450590750054
34,468,Joshua King,FWD,Watford,0.26118881584826736
34,286,Eric Bailly,DEF,Man Utd,0.2680975654151175
34,286,Eric Bailly,DEF,Man Utd,0.2680975654151175
34,367,Davinson Sánchez,DEF,Spurs,0.2680975654151175
34,5,Cédric Soares,DEF,Arsenal,0.2680975654151175
34,465,Federico Fernández,DEF,Newcastle,0.2680975654151175
34,354,Moussa Sissoko,MID,Watford,0.26696450590750054
34,711,Zak Swanson,DEF,Arsenal,0.2680975654151175
34,242,Caoimhin Kelleher,GK,Liverpool,0.1025318864798031
34,230,Sadio Mané,MID,Liverpool,0.26696450590750054
34,539,Emerson Palmieri dos Santos,DEF,Chelsea,0.2680975654151175
34,539,Emerson Palmieri dos Santos,DEF,Chelsea,0.2680975654151175
34,692,Omari Hutchinson,MID,Arsenal,0.26696450590750054
34,138,Mason Mount,MID,Chelsea,0.26696450590750054
34,138,Mason Mount,MID,Chelsea,0.26696450590750054
34,50,Douglas Luiz Soares de Paulo,MID,Aston Villa,0.26696450590750054
34,622,Cenk Tosun,FWD,Everton,0.26118881584826736
34,641,Willy Caballero,GK,Southampton,0.1025318864798031
34,400,Jeremy Ngakia,DEF,Watford,0.2680975654151175
34,686,Dion Sanderson,DEF,Wolves,0.2680975654151175
34,720,Marcelo Flores,MID,Arsenal,0.26696450590750054
34,412,Andriy Yarmolenko,MID,West Ham,0.26696450590750054
34,299,Jamaal Lascelles,DEF,Newcastle,0.2680975654151175
34,609,Elliot Anderson,MID,Newcastle,0.26696450590750054
34,294,Karl Darlow,GK,Newcastle,0.1025318864798031
34,662,Myles Peart-Harris,MID,Brentford,0.26696450590750054
34,514,Mark Gillespie,GK,Newcastle,0.1025318864798031
34,6,Alexandre Lacazette,FWD,Arsenal,0.26118881584826736
34,273,Harry Maguire,DEF,Man Utd,0.2680975654151175
34,273,Harry Maguire,DEF,Man Utd,0.2680975654151175
34,329,Adam Idah,FWD,Norwich,0.26118881584826736
34,528,Christos Tzolis,MID,Norwich,0.26696450590750054
34,333,Fraser Forster,GK,Southampton,0.1025318864798031
34,521,Frederik Alves,DEF,West Ham,0.2680975654151175
34,22,Bukayo Saka,MID,Arsenal,0.26696450590750054
34,72,Aaron Connolly,FWD,Brighton,0.26118881584826736
34,185,Luke Ayling,DEF,Leeds,0.2680975654151175
34,40,Ollie Watkins,FWD,Aston Villa,0.26118881584826736
34,683,Liam Gibbs,MID,Norwich,0.26696450590750054
34,600,Nohan Kenneh,MID,Leeds,0.26696450590750054
34,654,Marc Leonard,MID,Brighton,0.26696450590750054
34,612,Jeremy Sarmiento,MID,Brighton,0.26696450590750054
34,82,Pelenda Joshua Dasilva,MID,Brentford,0.26696450590750054
34,275,Luke Shaw,DEF,Man Utd,0.2680975654151175
34,275,Luke Shaw,DEF,Man Utd,0.2680975654151175
34,414,Craig Dawson,DEF,West Ham,0.2680975654151175
34,614,Paris Maghoma,MID,Brentford,0.26696450590750054
34,486,Pierluigi Gollini,GK,Spurs,0.1025318864798031
34,448,Angus Gunn,GK,Norwich,0.1025318864798031
34,559,Aaron Ramsdale,GK,Arsenal,0.1025318864798031
34,338,Jack Stephens,DEF,Southampton,0.2680975654151175
34,382,Francisco Femenía Far,DEF,Watford,0.2680975654151175
34,114,Will Norris,GK,Burnley,0.1025318864798031
34,413,Michail Antonio,FWD,West Ham,0.26118881584826736
34,501,Malang Sarr,DEF,Chelsea,0.2680975654151175
34,501,Malang Sarr,DEF,Chelsea,0.2680975654151175
34,716,Tony Springett,MID,Norwich,0.26696450590750054
34,436,Rúben Diogo da Silva Neves,MID,Wolves,0.26696450590750054
34,703,Benjamin Chrisene,MID,Aston Villa,0.26696450590750054
34,169,Michael Keane,DEF,Everton,0.2680975654151175
34,1,Bernd Leno,GK,Arsenal,0.1025318864798031
34,652,Armstrong Oko-Flex,MID,West Ham,0.26696450590750054
34,69,Robert Sánchez,GK,Brighton,0.1025318864798031
34,647,Kasey McAteer,MID,Leicester,0.26696450590750054
34,155,Jeffrey Schlupp,MID,Crystal Palace,0.26696450590750054
34,215,Harvey Barnes,MID,Leicester,0.26696450590750054
34,346,Nathan Tella,MID,Southampton,0.26696450590750054
34,637,Harry Lewis,GK,Southampton,0.1025318864798031
34,524,Yoane Wissa,MID,Brentford,0.26696450590750054
34,471,Pierre Lees-Melou,MID,Norwich,0.26696450590750054
34,223,Adrián San Miguel del Castillo,GK,Liverpool,0.1025318864798031
34,445,Fabio Silva,FWD,Wolves,0.26118881584826736
34,586,Odsonne Edouard,FWD,Crystal Palace,0.26118881584826736
34,405,Kwadwo Baah,MID,Watford,0.26696450590750054
34,295,Martin Dubravka,GK,Newcastle,0.1025318864798031
34,452,John Ruddy,GK,Wolves,0.1025318864798031
34,503,Anthony Gordon,MID,Everton,0.26696450590750054
34,17,Nicolas Pépé,MID,Arsenal,0.26696450590750054
34,54,Jason Steele,GK,Brighton,0.1025318864798031
34,403,Imrân Louza,MID,Watford,0.26696450590750054
34,280,Dean Henderson,GK,Man Utd,0.1025318864798031
34,280,Dean Henderson,GK,Man Utd,0.1025318864798031
34,301,Paul Dummett,DEF,Newcastle,0.2680975654151175
34,322,Jordan Hugill,FWD,Norwich,0.26118881584826736
34,509,Tom Heaton,GK,Man Utd,0.1025318864798031
34,509,Tom Heaton,GK,Man Utd,0.1025318864798031
34,639,Vontae Daley-Campbell,DEF,Leicester,0.2680975654151175
34,520,Dane Scarlett,FWD,Spurs,0.26118881584826736
34,25,Mattéo Guendouzi,MID,Arsenal,0.26696450590750054
34,712,Odeluga Offiah,DEF,Brighton,0.2680975654151175
34,298,Ryan Fraser,MID,Newcastle,0.26696450590750054
34,326,Max Aarons,DEF,Norwich,0.2680975654151175
34,632,Phil Jones,DEF,Man Utd,0.2680975654151175
34,632,Phil Jones,DEF,Man Utd,0.2680975654151175
34,120,Olivier Giroud,FWD,Chelsea,0.26118881584826736
34,120,Olivier Giroud,FWD,Chelsea,0.26118881584826736
34,296,Callum Wilson,FWD,Newcastle,0.26118881584826736
34,441,Pedro Lomba Neto,MID,Wolves,0.26696450590750054
34,434,Leander Dendoncker,MID,Wolves,0.26696450590750054
34,87,Charlie Goode,DEF,Brentford,0.2680975654151175
34,723,Alejandro Garnacho Ferreyra,MID,Man Utd,0.26696450590750054
34,723,Alejandro Garnacho Ferreyra,MID,Man Utd,0.26696450590750054
34,16,Kieran Tierney,DEF,Arsenal,0.2680975654151175
34,56,Shane Duffy,DEF,Brighton,0.2680975654151175
34,704,Liam Delap,FWD,Man City,0.26118881584826736
34,714,Alfie Devine,MID,Spurs,0.26696450590750054
34,278,Anthony Martial,FWD,Man Utd,0.26118881584826736
34,278,Anthony Martial,FWD,Man Utd,0.26118881584826736
34,234,Andrew Robertson,DEF,Liverpool,0.2680975654151175
34,66,Alireza Jahanbakhsh,MID,Brighton,0.26696450590750054
34,454,Matthew Pollock,DEF,Watford,0.2680975654151175
34,277,Bruno Miguel Borges Fernandes,MID,Man Utd,0.26696450590750054
34,277,Bruno Miguel Borges Fernandes,MID,Man Utd,0.26696450590750054
34,18,Lucas Torreira,MID,Arsenal,0.26696450590750054
34,39,Matt Targett,DEF,Newcastle,0.2680975654151175
34,651,Conrad Egan-Riley,DEF,Man City,0.2680975654151175
34,11,Sead Kolasinac,DEF,Arsenal,0.2680975654151175
34,180,Richarlison de Andrade,FWD,Everton,0.26118881584826736
34,506,Harvey Elliott,MID,Liverpool,0.26696450590750054
34,684,Kaine Hayden,DEF,Aston Villa,0.2680975654151175
34,211,Ayoze Pérez,MID,Leicester,0.26696450590750054
34,356,Erik Lamela,MID,Spurs,0.26696450590750054
34,523,Patrick Cutrone,FWD,Wolves,0.26118881584826736
34,443,Ki-Jana Hoever,DEF,Wolves,0.2680975654151175
34,596,Viljami Sinisalo,GK,Aston Villa,0.1025318864798031
34,517,Mohamed Elyounoussi,MID,Southampton,0.26696450590750054
34,197,Jamie Shackleton,MID,Leeds,0.26696450590750054
34,658,Archie Gray,MID,Leeds,0.26696450590750054
34,532,Karl Hein,GK,Arsenal,0.1025318864798031
34,170,Jordan Pickford,GK,Everton,0.1025318864798031
34,395,Ashley Fletcher,FWD,Watford,0.26118881584826736
34,380,Troy Deeney,FWD,Watford,0.26118881584826736
34,75,Jakub Moder,MID,Brighton,0.26696450590750054
34,124,Ross Barkley,MID,Chelsea,0.26696450590750054
34,124,Ross Barkley,MID,Chelsea,0.26696450590750054
34,119,César Azpilicueta,DEF,Chelsea,0.2680975654151175
34,119,César Azpilicueta,DEF,Chelsea,0.2680975654151175
34,473,Ryan Bertrand,DEF,Leicester,0.2680975654151175
34,664,Charlie Patino,MID,Arsenal,0.26696450590750054
34,402,Joseph Hungbo,MID,Watford,0.26696450590750054
34,605,Romeo Lavia,MID,Man City,0.26696450590750054
34,549,Christian Marques,DEF,Wolves,0.2680975654151175
34,480,Wayne Hennessey,GK,Burnley,0.1025318864798031
34,378,Dan Gosling,MID,Watford,0.26696450590750054
34,98,James Tarkowski,DEF,Burnley,0.2680975654151175
34,616,Harry Tyrer,GK,Everton,0.1025318864798031
34,303,Emil Krafth,DEF,Newcastle,0.2680975654151175
34,110,Matthew Lowton,DEF,Burnley,0.2680975654151175
34,483,Kristoffer Ajer,DEF,Brentford,0.2680975654151175
34,339,Stuart Armstrong,MID,Southampton,0.26696450590750054
34,418,Vladimir Coufal,DEF,West Ham,0.2680975654151175
34,24,Konstantinos Mavropanos,DEF,Arsenal,0.2680975654151175
34,499,Shandon Baptiste,MID,Brentford,0.26696450590750054
34,227,Alex Oxlade-Chamberlain,MID,Liverpool,0.26696450590750054
34,228,Roberto Firmino,FWD,Liverpool,0.26118881584826736
34,476,Kjell Scherpen,GK,Brighton,0.1025318864798031
34,103,Kevin Long,DEF,Burnley,0.2680975654151175
34,201,Jonny Evans,DEF,Leicester,0.2680975654151175
34,229,Virgil van Dijk,DEF,Liverpool,0.2680975654151175
34,421,Declan Rice,MID,West Ham,0.26696450590750054
34,464,Michael Olise,MID,Crystal Palace,0.26696450590750054
34,133,Andreas Christensen,DEF,Chelsea,0.2680975654151175
34,133,Andreas Christensen,DEF,Chelsea,0.2680975654151175
34,325,Todd Cantwell,MID,Norwich,0.26696450590750054
34,666,Jon McCracken,GK,Norwich,0.1025318864798031
34,312,Matthew Longstaff,MID,Newcastle,0.26696450590750054
34,365,Pierre-Emile Højbjerg,MID,Spurs,0.26696450590750054
34,685,Toti António Gomes,DEF,Wolves,0.2680975654151175
34,36,Kortney Hause,DEF,Aston Villa,0.2680975654151175
34,182,Pablo Hernández Domínguez,MID,Leeds,0.26696450590750054
34,203,Nampalys Mendy,MID,Leicester,0.26696450590750054
34,579,Cristiano Ronaldo dos Santos Aveiro,FWD,Man Utd,0.26118881584826736
34,579,Cristiano Ronaldo dos Santos Aveiro,FWD,Man Utd,0.26118881584826736
34,282,Donny van de Beek,MID,Everton,0.26696450590750054
34,125,Mateo Kovacic,MID,Chelsea,0.26696450590750054
34,125,Mateo Kovacic,MID,Chelsea,0.26696450590750054
34,44,Matthew Cash,DEF,Aston Villa,0.2680975654151175
34,121,Thiago Emiliano da Silva,DEF,Chelsea,0.2680975654151175
34,121,Thiago Emiliano da Silva,DEF,Chelsea,0.2680975654151175
34,212,James Maddison,MID,Leicester,0.26696450590750054
34,613,Charlie Whitaker,MID,Everton,0.26696450590750054
34,467,Oghenekaro Peter Etebo,MID,Watford,0.26696450590750054
34,399,Ismaila Sarr,MID,Watford,0.26696450590750054
34,256,João Pedro Cavaco Cancelo,DEF,Man City,0.2680975654151175
34,264,Oleksandr Zinchenko,DEF,Man City,0.2680975654151175
34,205,Jamie Vardy,FWD,Leicester,0.26118881584826736
34,95,Halil Dervişoğlu,FWD,Brentford,0.26118881584826736
34,157,Jairo Riedewald,MID,Crystal Palace,0.26696450590750054
34,407,Darren Randolph,GK,West Ham,0.1025318864798031
34,31,Björn Engels,DEF,Aston Villa,0.2680975654151175
34,251,Kevin De Bruyne,MID,Man City,0.26696450590750054
34,675,Vitalii Mykolenko,DEF,Everton,0.2680975654151175
34,724,Marcel Lavinier,DEF,Spurs,0.2680975654151175
34,28,Jed Steer,GK,Aston Villa,0.1025318864798031
34,490,Kristoffer Klaesson,GK,Leeds,0.1025318864798031
34,128,Kurt Zouma,DEF,West Ham,0.2680975654151175
34,57,Davy Pröpper,MID,Brighton,0.26696450590750054
34,389,Daniel Bachmann,GK,Watford,0.1025318864798031
34,226,Xherdan Shaqiri,MID,Liverpool,0.26696450590750054
34,153,Jordan Ayew,FWD,Crystal Palace,0.26118881584826736
34,84,Vitaly Janelt,MID,Brentford,0.26696450590750054
34,52,Ashley Young,DEF,Aston Villa,0.2680975654151175
34,368,Ryan Sessegnon,DEF,Spurs,0.2680975654151175
34,317,Lukas Rupp,MID,Norwich,0.26696450590750054
34,281,Marcus Rashford,MID,Man Utd,0.26696450590750054
34,281,Marcus Rashford,MID,Man Utd,0.26696450590750054
34,46,Frédéric Guilbert,DEF,Aston Villa,0.2680975654151175
34,646,Lewis Brunt,MID,Leicester,0.26696450590750054
34,202,Marc Albrighton,MID,Leicester,0.26696450590750054
34,482,Andros Townsend,MID,Everton,0.26696450590750054
34,576,Liam McCarron,MID,Leeds,0.26696450590750054
34,461,Francisco Machado Mota de Castro Trincão,MID,Wolves,0.26696450590750054
34,214,Hamza Choudhury,MID,Leicester,0.26696450590750054
34,240,Diogo Jota,MID,Liverpool,0.26696450590750054
34,699,Christian Eriksen,MID,Brentford,0.26696450590750054
34,598,Tobi Omole,DEF,Spurs,0.2680975654151175
34,30,Emiliano Martínez,GK,Aston Villa,0.1025318864798031
34,7,Granit Xhaka,MID,Arsenal,0.26696450590750054
34,381,Tom Cleverley,MID,Watford,0.26696450590750054
34,225,Thiago Alcántara do Nascimento,MID,Liverpool,0.26696450590750054
34,560,Haydon Roberts,DEF,Brighton,0.2680975654151175
34,475,José Malheiro de Sá,GK,Wolves,0.1025318864798031
34,140,Callum Hudson-Odoi,MID,Chelsea,0.26696450590750054
34,140,Callum Hudson-Odoi,MID,Chelsea,0.26696450590750054
34,199,Illan Meslier,GK,Leeds,0.1025318864798031
34,599,Joe White,MID,Newcastle,0.26696450590750054
34,545,Nathan Broadhead,FWD,Everton,0.26118881584826736
34,156,Jack Butland,GK,Crystal Palace,0.1025318864798031
34,358,Serge Aurier,DEF,Spurs,0.2680975654151175
34,442,Owen Otasowie,MID,Wolves,0.26696450590750054
34,427,Rui Pedro dos Santos Patrício,GK,Wolves,0.1025318864798031
34,469,Adedapo Awokoya-Mebude,FWD,Watford,0.26118881584826736
34,144,Conor Gallagher,MID,Crystal Palace,0.26696450590750054
34,719,Mazeed Ogungbo,DEF,Arsenal,0.2680975654151175
34,371,Japhet Tanganga,DEF,Spurs,0.2680975654151175
34,511,Andreas Pereira,MID,Man Utd,0.26696450590750054
34,511,Andreas Pereira,MID,Man Utd,0.26696450590750054
34,432,Fernando Marçal,DEF,Wolves,0.2680975654151175
34,455,Patson Daka,FWD,Leicester,0.26118881584826736
34,696,Luis Díaz,MID,Liverpool,0.26696450590750054
34,259,Aymeric Laporte,DEF,Man City,0.2680975654151175
34,556,Álvaro Fernández,GK,Brentford,0.1025318864798031
34,494,Cristian Romero,DEF,Spurs,0.2680975654151175
34,260,Zack Steffen,GK,Man City,0.1025318864798031
34,534,Bobby Thomas,DEF,Burnley,0.2680975654151175
34,315,Teemu Pukki,FWD,Norwich,0.26118881584826736
34,165,Seamus Coleman,DEF,Everton,0.2680975654151175
34,656,Marcelo de Araújo Pitaluga Filho,GK,Liverpool,0.1025318864798031
34,193,Tyler Roberts,MID,Leeds,0.26696450590750054
34,71,Tariq Lamptey,DEF,Brighton,0.2680975654151175
34,292,Matt Ritchie,DEF,Newcastle,0.2680975654151175
34,32,Bertrand Traoré,MID,Aston Villa,0.26696450590750054
34,548,Chem Campbell,MID,Wolves,0.26696450590750054
34,602,Ellis Simms,FWD,Everton,0.26118881584826736
34,478,Albert Sambi Lokonga,MID,Arsenal,0.26696450590750054
34,558,Martin Ødegaard,MID,Arsenal,0.26696450590750054
34,274,Frederico Rodrigues de Paula Santos,MID,Man Utd,0.26696450590750054
34,274,Frederico Rodrigues de Paula Santos,MID,Man Utd,0.26696450590750054
34,78,Ivan Toney,FWD,Brentford,0.26118881584826736
34,372,Giovani Lo Celso,MID,Spurs,0.26696450590750054
34,562,Cody Drameh,DEF,Leeds,0.2680975654151175
34,200,Kasper Schmeichel,GK,Leicester,0.1025318864798031
34,525,Adam Armstrong,FWD,Southampton,0.26118881584826736
34,239,Naby Keita,MID,Liverpool,0.26696450590750054
34,697,Bruno Guimarães Rodriguez Moura,MID,Newcastle,0.26696450590750054
34,293,Ciaran Clark,DEF,Newcastle,0.2680975654151175
34,497,Jaden Philogene-Bidace,MID,Aston Villa,0.26696450590750054
34,359,Heung-Min Son,MID,Spurs,0.26696450590750054
34,101,Jack Cork,MID,Burnley,0.26696450590750054
34,147,James Tomkins,DEF,Crystal Palace,0.2680975654151175
34,220,Wesley Fofana,DEF,Leicester,0.2680975654151175
34,136,Tammy Abraham,FWD,Chelsea,0.26118881584826736
34,136,Tammy Abraham,FWD,Chelsea,0.26118881584826736
34,451,Nathan Collins,DEF,Burnley,0.2680975654151175
34,655,Evan Ferguson,FWD,Brighton,0.26118881584826736
34,67,Ben White,DEF,Arsenal,0.2680975654151175
34,581,Mathias Normann,MID,Norwich,0.26696450590750054
34,195,Ian Carlo Poveda-Ocampo,MID,Leeds,0.26696450590750054
34,669,Kamil Conteh,MID,Watford,0.26696450590750054
34,449,Milot Rashica,MID,Norwich,0.26696450590750054
34,385,Nathaniel Chalobah,MID,Watford,0.26696450590750054
34,643,Jonathan Tomkinson,DEF,Norwich,0.2680975654151175
34,309,Sean Longstaff,MID,Newcastle,0.26696450590750054
34,345,Che Adams,FWD,Southampton,0.26118881584826736
34,43,Emiliano Buendía Stati,MID,Aston Villa,0.26696450590750054
34,633,James Morris,DEF,Watford,0.2680975654151175
34,582,Nikola Vlasic,MID,West Ham,0.26696450590750054
34,726,Dara Costelloe,MID,Burnley,0.26696450590750054
34,224,Joel Matip,DEF,Liverpool,0.2680975654151175
34,459,Juan Mata,MID,Man Utd,0.26696450590750054
34,459,Juan Mata,MID,Man Utd,0.26696450590750054
34,678,Kieran Trippier,DEF,Newcastle,0.2680975654151175
34,192,Hélder Wander Sousa de Azevedo e Costa,MID,Leeds,0.26696450590750054
34,232,Fabio Henrique Tavares,MID,Liverpool,0.26696450590750054
34,29,Conor Hourihane,MID,Aston Villa,0.26696450590750054
34,447,Danny Welbeck,FWD,Brighton,0.26118881584826736
34,705,Zach Awe,DEF,Arsenal,0.2680975654151175
34,618,Nicolas Nkoulou,DEF,Watford,0.2680975654151175
34,158,Jarosław Jach,DEF,Crystal Palace,0.2680975654151175
34,176,Tom Davies,MID,Everton,0.26696450590750054
34,249,Kyle Walker,DEF,Man City,0.2680975654151175
34,392,Philip Zinckernagel,MID,Watford,0.26696450590750054
34,291,Jonjo Shelvey,MID,Newcastle,0.26696450590750054
34,207,Ricardo Domingos Barbosa Pereira,DEF,Leicester,0.2680975654151175
34,406,Mark Noble,MID,West Ham,0.26696450590750054
34,502,Jonjoe Kenny,DEF,Everton,0.2680975654151175
34,606,Marcus Bettinelli,GK,Chelsea,0.1025318864798031
34,606,Marcus Bettinelli,GK,Chelsea,0.1025318864798031
34,691,Robin Olsen,GK,Aston Villa,0.1025318864798031
34,68,Bernardo Fernandes Da Silva Junior,DEF,Brighton,0.2680975654151175
34,369,Steven Bergwijn,MID,Spurs,0.26696450590750054
34,607,Lewis Dobbin,FWD,Everton,0.26118881584826736
34,134,Timo Werner,FWD,Chelsea,0.26118881584826736
34,134,Timo Werner,FWD,Chelsea,0.26118881584826736
34,430,Raúl Jiménez,FWD,Wolves,0.26118881584826736
34,384,Christian Kabasele,DEF,Watford,0.2680975654151175
34,361,Eric Dier,DEF,Spurs,0.2680975654151175
34,634,Sonny Perkins,MID,West Ham,0.26696450590750054
34,540,Reece Hannam,DEF,Crystal Palace,0.2680975654151175
34,496,Aaron Ramsey,MID,Aston Villa,0.26696450590750054
34,687,Ryan Giles,MID,Wolves,0.26696450590750054
34,590,Takehiro Tomiyasu,DEF,Arsenal,0.2680975654151175
34,129,Kepa Arrizabalaga,GK,Chelsea,0.1025318864798031
34,129,Kepa Arrizabalaga,GK,Chelsea,0.1025318864798031
34,319,Grant Hanley,DEF,Norwich,0.2680975654151175
34,601,Stuart McKinstry,MID,Leeds,0.26696450590750054
34,14,Rob Holding,DEF,Arsenal,0.2680975654151175
34,23,Gabriel Magalhães,DEF,Arsenal,0.2680975654151175
34,241,Nathaniel Phillips,DEF,Liverpool,0.2680975654151175
34,650,Filip Marschall,GK,Aston Villa,0.1025318864798031
34,404,João Pedro Junqueira de Jesus,FWD,Watford,0.26118881584826736
34,535,Andi Zeqiri,FWD,Brighton,0.26118881584826736
34,250,Ilkay Gündogan,MID,Man City,0.26696450590750054
34,671,Lewis Hall,MID,Chelsea,0.26696450590750054
34,671,Lewis Hall,MID,Chelsea,0.26696450590750054
34,630,Tyler Onyango,MID,Everton,0.26696450590750054
34,659,Brandon Austin,GK,Spurs,0.1025318864798031
34,419,Saïd Benrahma,MID,West Ham,0.26696450590750054
34,190,Diego Llorente,DEF,Leeds,0.2680975654151175
34,408,Lukasz Fabianski,GK,West Ham,0.1025318864798031
34,668,Harvey White,MID,Spurs,0.26696450590750054
34,398,Marc Navarro,DEF,Watford,0.2680975654151175
34,109,Chris Wood,FWD,Newcastle,0.26118881584826736
34,529,Romelu Lukaku,FWD,Chelsea,0.26118881584826736
34,529,Romelu Lukaku,FWD,Chelsea,0.26118881584826736
34,592,Saúl Ñíguez,MID,Chelsea,0.26696450590750054
34,592,Saúl Ñíguez,MID,Chelsea,0.26696450590750054
34,423,Pablo Fornals,MID,West Ham,0.26696450590750054
34,568,Cameron Archer,FWD,Aston Villa,0.26118881584826736
34,306,Isaac Hayden,MID,Newcastle,0.26696450590750054
34,682,Pierre Ekwah,DEF,West Ham,0.2680975654151175
34,20,Edward Nketiah,FWD,Arsenal,0.26118881584826736
34,122,Marcos Alonso,DEF,Chelsea,0.2680975654151175
34,122,Marcos Alonso,DEF,Chelsea,0.2680975654151175
34,463,Héctor Junior Firpo Adames,DEF,Leeds,0.2680975654151175
34,377,Danny Rose,DEF,Watford,0.2680975654151175
34,63,Neal Maupay,FWD,Brighton,0.26118881584826736
34,565,Owen Dodgson,DEF,Burnley,0.2680975654151175
34,429,Conor Coady,DEF,Wolves,0.2680975654151175
34,386,Will Hughes,MID,Crystal Palace,0.26696450590750054
34,49,Keinan Davis,FWD,Aston Villa,0.26118881584826736
34,453,Fernando Luiz Rosa,MID,Man City,0.26696450590750054
34,363,Bamidele Alli,MID,Everton,0.26696450590750054
34,38,Tyrone Mings,DEF,Aston Villa,0.2680975654151175
34,648,Jonathan Rowe,MID,Norwich,0.26696450590750054
34,553,Ben Woodburn,MID,Liverpool,0.26696450590750054
34,401,Ben Wilmot,DEF,Watford,0.2680975654151175
34,424,Issa Diop,DEF,West Ham,0.2680975654151175
34,416,Manuel Lanzini,MID,West Ham,0.26696450590750054
34,642,Vincent Angelini,GK,Watford,0.1025318864798031
34,283,Axel Tuanzebe,DEF,Man Utd,0.2680975654151175
34,283,Axel Tuanzebe,DEF,Man Utd,0.2680975654151175
34,564,Moise Kean,FWD,Everton,0.26118881584826736
34,316,Marco Stiepermann,MID,Norwich,0.26696450590750054
34,695,Ryan Alebiosu,DEF,Arsenal,0.2680975654151175
34,19,Joseph Willock,MID,Newcastle,0.26696450590750054
34,8,Pablo Marí,DEF,Arsenal,0.2680975654151175
34,507,Cole Palmer,MID,Man City,0.26696450590750054
34,323,Kieran Dowell,MID,Norwich,0.26696450590750054
34,163,Fabian Delph,MID,Everton,0.26696450590750054
34,253,Benjamin Mendy,DEF,Man City,0.2680975654151175
34,397,Domingos Quina,MID,Watford,0.26696450590750054
34,34,Morgan Sanson,MID,Aston Villa,0.26696450590750054
34,83,Rico Henry,DEF,Brentford,0.2680975654151175
34,115,Josh Brownhill,MID,Burnley,0.26696450590750054
34,41,Marvelous Nakamba,MID,Aston Villa,0.26696450590750054
34,415,Ryan Fredericks,DEF,West Ham,0.2680975654151175
34,472,Juan Camilo Hernández Suárez,FWD,Watford,0.26118881584826736
34,360,Matt Doherty,DEF,Spurs,0.2680975654151175
34,366,Harry Winks,MID,Spurs,0.26696450590750054
34,100,Erik Pieters,DEF,Burnley,0.2680975654151175
34,536,Michal Karbownik,DEF,Brighton,0.2680975654151175
34,85,Saman Ghoddos,MID,Brentford,0.26696450590750054
34,587,Ademola Lookman,MID,Leicester,0.26696450590750054
34,343,Jan Bednarek,DEF,Southampton,0.2680975654151175
34,626,Conor Bradley,DEF,Liverpool,0.2680975654151175
34,288,Aaron Wan-Bissaka,DEF,Man Utd,0.2680975654151175
34,288,Aaron Wan-Bissaka,DEF,Man Utd,0.2680975654151175
34,417,Arthur Masuaku,DEF,West Ham,0.2680975654151175
34,123,Jorge Luiz Frello Filho,MID,Chelsea,0.26696450590750054
34,123,Jorge Luiz Frello Filho,MID,Chelsea,0.26696450590750054
34,554,Jamal Baptiste,DEF,West Ham,0.2680975654151175
34,314,Tim Krul,GK,Norwich,0.1025318864798031
34,688,Thomas McGill,GK,Brighton,0.1025318864798031
34,394,Ayotomiwa Dele-Bashiru,MID,Watford,0.26696450590750054
34,186,Mateusz Klich,MID,Leeds,0.26696450590750054
34,487,Bryan Gil Salvatierra,MID,Spurs,0.26696450590750054
34,479,Frank Onyeka,MID,Brentford,0.26696450590750054
34,3,Willian Borges Da Silva,MID,Arsenal,0.26696450590750054
34,12,Mohamed Naser El Sayed Elneny,MID,Arsenal,0.26696450590750054
34,597,Dilan Markanday,MID,Spurs,0.26696450590750054
34,4,Pierre-Emerick Aubameyang,FWD,Arsenal,0.26118881584826736
34,489,Alphonse Areola,GK,West Ham,0.1025318864798031
34,139,Ethan Ampadu,DEF,Chelsea,0.2680975654151175
34,139,Ethan Ampadu,DEF,Chelsea,0.2680975654151175
34,102,Dale Stephens,MID,Burnley,0.26696450590750054
34,580,Ozan Kabak,DEF,Norwich,0.2680975654151175
34,460,Romain Perraud,DEF,Southampton,0.2680975654151175
34,279,Alex Nicolao Telles,DEF,Man Utd,0.2680975654151175
34,279,Alex Nicolao Telles,DEF,Man Utd,0.2680975654151175
34,96,Bryan Mbeumo,MID,Brentford,0.26696450590750054
34,694,Mika Biereth,FWD,Arsenal,0.26118881584826736
34,570,Niels Nkounkou,DEF,Everton,0.2680975654151175
34,672,Harvey Vale,MID,Chelsea,0.26696450590750054
34,672,Harvey Vale,MID,Chelsea,0.26696450590750054
34,263,Gabriel Fernando de Jesus,FWD,Man City,0.26118881584826736
34,347,William Smallbone,MID,Southampton,0.26696450590750054
34,488,Joachim Andersen,DEF,Crystal Palace,0.2680975654151175
34,247,Rhys Williams,DEF,Liverpool,0.2680975654151175
34,547,Luke Cundle,MID,Wolves,0.26696450590750054
34,411,Aaron Cresswell,DEF,West Ham,0.2680975654151175
34,171,Allan Marques Loureiro,MID,Everton,0.26696450590750054
34,715,Abu Kamara,FWD,Norwich,0.26118881584826736
34,456,Ben Gibson,DEF,Norwich,0.2680975654151175
34,209,Timothy Castagne,DEF,Leicester,0.2680975654151175
34,217,Çaglar Söyüncü,DEF,Leicester,0.2680975654151175
34,388,Stipe Perica,FWD,Watford,0.26118881584826736
34,243,Ibrahima Konaté,DEF,Liverpool,0.2680975654151175
34,512,Anthony Elanga,MID,Man Utd,0.26696450590750054
34,512,Anthony Elanga,MID,Man Utd,0.26696450590750054
34,435,Adama Traoré,MID,Wolves,0.26696450590750054
34,328,Przemyslaw Placheta,MID,Norwich,0.26696450590750054
34,105,Ashley Barnes,FWD,Burnley,0.26118881584826736
34,246,Neco Williams,DEF,Liverpool,0.2680975654151175
34,531,Reiss Nelson,MID,Arsenal,0.26696450590750054
34,676,Hassane Kamara,DEF,Watford,0.2680975654151175
34,307,Allan Saint-Maximin,FWD,Newcastle,0.26118881584826736
34,86,Mathias Jensen,MID,Brentford,0.26696450590750054
34,727,Shola Shoretire,MID,Man Utd,0.26696450590750054
34,727,Shola Shoretire,MID,Man Utd,0.26696450590750054
34,533,Lewis Richardson,FWD,Burnley,0.26118881584826736
34,183,Francisco Casilla Cortés,GK,Leeds,0.1025318864798031
34,290,Brandon Williams,DEF,Norwich,0.2680975654151175
34,689,Francisco Jorge Tomás Oliveira,MID,Wolves,0.26696450590750054
34,73,Steven Alzate,MID,Brighton,0.26696450590750054
34,111,Matej Vydra,FWD,Burnley,0.26118881584826736
34,505,Kiernan Dewsbury-Hall,MID,Leicester,0.26696450590750054
34,498,Dominic Thompson,DEF,Brentford,0.2680975654151175
34,376,Ben Foster,GK,Watford,0.1025318864798031
34,391,Ken Sema,MID,Watford,0.26696450590750054
34,550,Sam Greenwood,FWD,Leeds,0.26118881584826736
34,670,Josh Feeney,DEF,Aston Villa,0.2680975654151175
34,673,Jonas Lössl,GK,Brentford,0.1025318864798031
34,526,Carney Chukwuemeka,MID,Aston Villa,0.26696450590750054
34,233,Mohamed Salah,MID,Liverpool,0.26696450590750054
34,577,Joe Gelhardt,FWD,Leeds,0.26118881584826736
34,172,André Filipe Tavares Gomes,MID,Everton,0.26696450590750054
34,396,Francisco Sierralta,DEF,Watford,0.2680975654151175
34,191,Kalvin Phillips,MID,Leeds,0.26696450590750054
34,334,Alex McCarthy,GK,Southampton,0.1025318864798031
34,362,Lucas Rodrigues Moura da Silva,MID,Spurs,0.26696450590750054
34,337,Danny Ings,FWD,Aston Villa,0.26118881584826736
34,370,Sergio Reguilón,DEF,Spurs,0.2680975654151175
34,578,Maxwel Cornet,MID,Burnley,0.26696450590750054
34,379,Craig Cathcart,DEF,Watford,0.2680975654151175
34,575,Aaron Lennon,MID,Burnley,0.26696450590750054
34,135,Benjamin Chilwell,DEF,Chelsea,0.2680975654151175
34,135,Benjamin Chilwell,DEF,Chelsea,0.2680975654151175
34,213,Kelechi Iheanacho,FWD,Leicester,0.26118881584826736
34,573,Eldin Jakupovic,GK,Leicester,0.1025318864798031
34,422,Tomas Soucek,MID,West Ham,0.26696450590750054
34,184,Liam Cooper,DEF,Leeds,0.2680975654151175
34,665,Dynel Simeu,DEF,Southampton,0.2680975654151175
34,92,Ellery Balcombe,GK,Brentford,0.1025318864798031
34,631,Jack Jenkins,MID,Leeds,0.26696450590750054
34,15,Thomas Partey,MID,Arsenal,0.26696450590750054
34,567,Lyanco Evangelista Silveira Neves Vojnovic,DEF,Southampton,0.2680975654151175
34,137,Christian Pulisic,MID,Chelsea,0.26696450590750054
34,137,Christian Pulisic,MID,Chelsea,0.26696450590750054
34,313,Michael McGovern,GK,Norwich,0.1025318864798031
34,99,Phil Bardsley,DEF,Burnley,0.2680975654151175
34,126,Michy Batshuayi,FWD,Chelsea,0.26118881584826736
34,126,Michy Batshuayi,FWD,Chelsea,0.26118881584826736
34,154,Wilfried Zaha,MID,Crystal Palace,0.26696450590750054
34,127,Antonio Rüdiger,DEF,Chelsea,0.2680975654151175
34,127,Antonio Rüdiger,DEF,Chelsea,0.2680975654151175
34,266,Rodrigo Hernandez,MID,Man City,0.26696450590750054
34,341,James Ward-Prowse,MID,Southampton,0.26696450590750054
34,254,Riyad Mahrez,MID,Man City,0.26696450590750054
34,725,Shaqai Forde,FWD,Watford,0.26118881584826736
34,248,Ben Davies,DEF,Liverpool,0.2680975654151175
34,218,James Justin,DEF,Leicester,0.2680975654151175
34,179,Ben Godfrey,DEF,Everton,0.2680975654151175
34,608,Leo Fuhr Hjelde,DEF,Leeds,0.2680975654151175
34,131,Hakim Ziyech,MID,Chelsea,0.26696450590750054
34,131,Hakim Ziyech,MID,Chelsea,0.26696450590750054
34,522,Conor Coventry,MID,West Ham,0.26696450590750054
34,58,Dan Burn,DEF,Newcastle,0.2680975654151175
34,219,Luke Thomas,DEF,Leicester,0.2680975654151175
34,60,Solomon March,MID,Brighton,0.26696450590750054
34,351,Mohammed Salisu,DEF,Southampton,0.2680975654151175
34,588,Emerson Aparecido Leite de Souza Junior,DEF,Spurs,0.2680975654151175
34,707,Lucas De Bolle,MID,Newcastle,0.26696450590750054
34,318,Kenny McLean,MID,Norwich,0.26696450590750054
34,348,Michael Obafemi,FWD,Southampton,0.26118881584826736
34,530,Folarin Balogun,FWD,Arsenal,0.26118881584826736
34,35,John McGinn,MID,Aston Villa,0.26696450590750054
34,104,Jay Rodriguez,FWD,Burnley,0.26118881584826736
34,198,Pascal Struijk,DEF,Leeds,0.2680975654151175
34,491,Tino Livramento,DEF,Southampton,0.2680975654151175
34,619,Matthew Cox,GK,Brentford,0.1025318864798031
34,335,Oriol Romeu Vidal,MID,Southampton,0.26696450590750054
34,495,Juraj Kucka,MID,Watford,0.26696450590750054
34,108,Johann Berg Gudmundsson,MID,Burnley,0.26696450590750054
34,206,Dennis Praet,MID,Leicester,0.26696450590750054
34,551,Crysencio Summerville,MID,Leeds,0.26696450590750054
34,269,Edinson Cavani,FWD,Man Utd,0.26118881584826736
34,269,Edinson Cavani,FWD,Man Utd,0.26118881584826736
34,208,Daniel Amartey,DEF,Leicester,0.2680975654151175
34,653,Ed Turns,DEF,Brighton,0.2680975654151175
34,162,Tyrick Mitchell,DEF,Crystal Palace,0.2680975654151175
34,693,Salah-Eddine Oulad M'hand,MID,Arsenal,0.26696450590750054
34,132,Ruben Loftus-Cheek,MID,Chelsea,0.26696450590750054
34,132,Ruben Loftus-Cheek,MID,Chelsea,0.26696450590750054
34,64,Leandro Trossard,MID,Brighton,0.26696450590750054
34,300,Dwight Gayle,FWD,Newcastle,0.26118881584826736
34,663,Kayky da Silva Chagas,FWD,Man City,0.26118881584826736
34,542,Robert Street,FWD,Crystal Palace,0.26118881584826736
34,175,Yerry Mina,DEF,Everton,0.2680975654151175
34,574,Robert Elliot,GK,Watford,0.1025318864798031
34,516,Joshua Sargent,FWD,Norwich,0.26118881584826736
34,112,Nick Pope,GK,Burnley,0.1025318864798031
34,267,Jack Harrison,MID,Leeds,0.26696450590750054
34,141,Kai Havertz,MID,Chelsea,0.26696450590750054
34,141,Kai Havertz,MID,Chelsea,0.26696450590750054
34,510,José Diogo Dalot Teixeira,DEF,Man Utd,0.2680975654151175
34,510,José Diogo Dalot Teixeira,DEF,Man Utd,0.2680975654151175
34,640,Nathan Young-Coombes,FWD,Brentford,0.26118881584826736
34,330,Josh Martin,MID,Norwich,0.26696450590750054
34,555,Raphaël Varane,DEF,Man Utd,0.2680975654151175
34,555,Raphaël Varane,DEF,Man Utd,0.2680975654151175
34,645,Ben Nelson,DEF,Leicester,0.2680975654151175
34,571,Andy Lonergan,GK,Everton,0.1025318864798031
34,474,Joel Ward,DEF,Crystal Palace,0.2680975654151175
34,698,Samuel Kalu,MID,Watford,0.26696450590750054
34,237,Trent Alexander-Arnold,DEF,Liverpool,0.2680975654151175
34,276,Jesse Lingard,MID,Man Utd,0.26696450590750054
34,276,Jesse Lingard,MID,Man Utd,0.26696450590750054
34,627,Owen Beck,DEF,Liverpool,0.2680975654151175
34,357,Harry Kane,FWD,Spurs,0.26118881584826736
34,585,Connor Roberts,DEF,Burnley,0.2680975654151175
34,61,Adam Webster,DEF,Brighton,0.2680975654151175
34,265,Phil Foden,MID,Man City,0.26696450590750054
34,181,João Virgínia,GK,Everton,0.1025318864798031
34,142,Reece James,DEF,Chelsea,0.2680975654151175
34,142,Reece James,DEF,Chelsea,0.2680975654151175
34,713,Tommi O'Reilly,MID,Aston Villa,0.26696450590750054
34,81,Sergi Canós,MID,Brentford,0.26696450590750054
35,557,Ozan Tufan,MID,Watford,0.2669645059075006
35,383,Andre Gray,FWD,Watford,0.2611888158482674
35,428,Willy Boly,DEF,Wolves,0.2680975654151175
35,89,Mads Roerslev Rasmussen,DEF,Brentford,0.2680975654151175
35,321,Sam Byram,DEF,Norwich,0.2680975654151175
35,700,Wout Weghorst,FWD,Burnley,0.2611888158482674
35,331,Andrew Omobamidele,DEF,Norwich,0.2680975654151175
35,310,Joelinton Cássio Apolinário de Lira,FWD,Newcastle,0.2611888158482674
35,584,Marc Cucurella,DEF,Brighton,0.2680975654151175
35,62,Joël Veltman,DEF,Brighton,0.2680975654151175
35,446,Yerson Mosquera Valdelamar,DEF,Wolves,0.2680975654151175
35,583,Hee-Chan Hwang,FWD,Wolves,0.2611888158482674
35,235,Divock Origi,FWD,Liverpool,0.2611888158482674
35,149,Christian Benteke,FWD,Crystal Palace,0.2611888158482674
35,611,Louie Moulden,GK,Wolves,0.1025318864798031
35,594,Mathias Jorgensen,DEF,Brentford,0.2680975654151175
35,94,Patrik Gunnarsson,GK,Brentford,0.1025318864798031
35,79,Tariqe Fosu-Henry,MID,Brentford,0.2669645059075006
35,320,Onel Hernández,MID,Norwich,0.2669645059075006
35,33,Jack Grealish,MID,Man City,0.2669645059075006
35,621,James Storer,GK,Wolves,0.1025318864798031
35,677,Samir Caetano de Souza Santos,DEF,Watford,0.2680975654151175
35,287,Daniel James,MID,Leeds,0.2669645059075006
35,409,Angelo Ogbonna,DEF,West Ham,0.2680975654151175
35,196,Raphael Dias Belloli,MID,Leeds,0.2669645059075006
35,88,Marcus Forss,FWD,Brentford,0.2611888158482674
35,145,Billy Gilmour,MID,Norwich,0.2669645059075006
35,284,Victor Lindelöf,DEF,Man Utd,0.2680975654151175
35,45,Ezri Konsa Ngoyo,DEF,Aston Villa,0.2680975654151175
35,439,Max Kilman,DEF,Wolves,0.2680975654151175
35,174,Alex Iwobi,MID,Everton,0.2669645059075006
35,538,Moisés Caicedo,MID,Brighton,0.2669645059075006
35,462,Enock Mwepu,MID,Brighton,0.2669645059075006
35,194,Robin Koch,DEF,Leeds,0.2680975654151175
35,151,Martin Kelly,DEF,Crystal Palace,0.2680975654151175
35,91,Ethan Pinnock,DEF,Brentford,0.2680975654151175
35,657,Kris Moore,DEF,Leeds,0.2680975654151175
35,426,João Filipe Iria Santos Moutinho,MID,Wolves,0.2669645059075006
35,164,Gylfi Sigurdsson,MID,Everton,0.2669645059075006
35,466,Nuno Varela Tavares,DEF,Arsenal,0.2680975654151175
35,302,Javier Manquillo,DEF,Newcastle,0.2680975654151175
35,76,Pontus Jansson,DEF,Brentford,0.2680975654151175
35,629,James McAtee,MID,Man City,0.2669645059075006
35,638,Tim Iroegbunam,MID,Aston Villa,0.2669645059075006
35,722,Julian Jeanvier,DEF,Brentford,0.2680975654151175
35,261,Bernardo Mota Veiga de Carvalho e Silva,MID,Man City,0.2669645059075006
35,342,Kyle Walker-Peters,DEF,Southampton,0.2680975654151175
35,477,Marc Guéhi,DEF,Crystal Palace,0.2680975654151175
35,257,Ederson Santana de Moraes,GK,Man City,0.1025318864798031
35,591,Salomón Rondón,FWD,Everton,0.2611888158482674
35,42,Anwar El Ghazi,MID,Everton,0.2669645059075006
35,625,Kaide Gordon,MID,Liverpool,0.2669645059075006
35,717,Jamie Bowden,MID,Spurs,0.2669645059075006
35,624,Lewis Bate,MID,Leeds,0.2669645059075006
35,80,David Raya Martin,GK,Brentford,0.1025318864798031
35,593,Scott Carson,GK,Man City,0.1025318864798031
35,344,Daniel N'Lundulu,FWD,Southampton,0.2611888158482674
35,53,Adam Lallana,MID,Brighton,0.2669645059075006
35,178,Mason Holgate,DEF,Everton,0.2680975654151175
35,484,Demarai Gray,MID,Everton,0.2669645059075006
35,97,Mads Bidstrup,MID,Brentford,0.2669645059075006
35,504,Jean-Philippe Gbamin,MID,Everton,0.2669645059075006
35,107,Ashley Westwood,MID,Burnley,0.2669645059075006
35,387,William Troost-Ekong,DEF,Watford,0.2680975654151175
35,166,James Rodríguez,MID,Everton,0.2669645059075006
35,9,Héctor Bellerín,DEF,Arsenal,0.2680975654151175
35,70,Yves Bissouma,MID,Brighton,0.2669645059075006
35,150,Cheikhou Kouyaté,DEF,Crystal Palace,0.2680975654151175
35,374,Joe Rodon,DEF,Spurs,0.2680975654151175
35,271,Nemanja Matic,MID,Man Utd,0.2669645059075006
35,561,Remi Matthews,GK,Crystal Palace,0.1025318864798031
35,48,Mbwana Ally Samatta,FWD,Aston Villa,0.2611888158482674
35,258,Nathan Aké,DEF,Man City,0.2680975654151175
35,440,Morgan Gibbs-White,MID,Wolves,0.2669645059075006
35,143,Edouard Mendy,GK,Chelsea,0.1025318864798031
35,649,Thomas Dickson-Peters,FWD,Norwich,0.2611888158482674
35,470,Rayan Ait Nouri,DEF,Wolves,0.2680975654151175
35,527,Trevoh Chalobah,DEF,Chelsea,0.2680975654151175
35,51,Jacob Ramsey,MID,Aston Villa,0.2669645059075006
35,718,Isaac Price,MID,Everton,0.2669645059075006
35,635,Hugo Bueno,DEF,Wolves,0.2680975654151175
35,425,Ben Johnson,DEF,West Ham,0.2680975654151175
35,238,Joseph Gomez,DEF,Liverpool,0.2680975654151175
35,508,Samuel Edozie,MID,Man City,0.2669645059075006
35,515,Bali Mumba,DEF,Norwich,0.2680975654151175
35,245,Konstantinos Tsimikas,DEF,Liverpool,0.2680975654151175
35,268,Ferran Torres,MID,Man City,0.2669645059075006
35,660,Jarell Quansah,DEF,Liverpool,0.2680975654151175
35,543,Scott Banks,MID,Crystal Palace,0.2669645059075006
35,74,Alexis Mac Allister,MID,Brighton,0.2669645059075006
35,615,Cieran Slicker,GK,Man City,0.1025318864798031
35,706,Hannibal Mejbri,MID,Man Utd,0.2669645059075006
35,65,Mathew Ryan,GK,Brighton,0.1025318864798031
35,304,Jacob Murphy,MID,Newcastle,0.2669645059075006
35,667,Thierry Small,DEF,Southampton,0.2680975654151175
35,118,Dwight McNeil,MID,Burnley,0.2669645059075006
35,674,Nathan Patterson,DEF,Everton,0.2680975654151175
35,168,Lucas Digne,DEF,Aston Villa,0.2680975654151175
35,546,Yan Valery,DEF,Southampton,0.2680975654151175
35,204,Danny Ward,GK,Leicester,0.1025318864798031
35,544,Jarrad Branthwaite,DEF,Everton,0.2680975654151175
35,373,Oliver Skipp,MID,Spurs,0.2669645059075006
35,221,James Milner,MID,Liverpool,0.2669645059075006
35,272,Paul Pogba,MID,Man Utd,0.2669645059075006
35,681,Philippe Coutinho Correia,MID,Aston Villa,0.2669645059075006
35,231,Alisson Ramses Becker,GK,Liverpool,0.1025318864798031
35,177,Dominic Calvert-Lewin,FWD,Everton,0.2611888158482674
35,244,Curtis Jones,MID,Liverpool,0.2669645059075006
35,262,Rúben Santos Gato Alves Dias,DEF,Man City,0.2680975654151175
35,728,Álvaro Fernández,DEF,Man Utd,0.2680975654151175
35,289,Mason Greenwood,MID,Man Utd,0.2669645059075006
35,541,Jesurun Rak-Sakyi,MID,Crystal Palace,0.2669645059075006
35,10,Calum Chambers,DEF,Aston Villa,0.2680975654151175
35,563,Charlie Cresswell,DEF,Leeds,0.2680975654151175
35,420,Jarrod Bowen,MID,West Ham,0.2669645059075006
35,518,Armando Broja,FWD,Southampton,0.2611888158482674
35,90,Mads Bech Sørensen,DEF,Brentford,0.2680975654151175
35,161,Nathan Ferguson,DEF,Crystal Palace,0.2680975654151175
35,481,Asmir Begović,GK,Everton,0.1025318864798031
35,311,Jamal Lewis,DEF,Newcastle,0.2680975654151175
35,355,Toby Alderweireld,DEF,Spurs,0.2680975654151175
35,500,Florin Andone,FWD,Brighton,0.2611888158482674
35,285,Scott McTominay,MID,Man Utd,0.2669645059075006
35,252,John Stones,DEF,Man City,0.2680975654151175
35,710,Daniel Chesters,MID,West Ham,0.2669645059075006
35,485,Jadon Sancho,MID,Man Utd,0.2669645059075006
35,566,Tommy Doyle,MID,Man City,0.2669645059075006
35,21,Emile Smith Rowe,MID,Arsenal,0.2669645059075006
35,537,Taylor Richards,MID,Brighton,0.2669645059075006
35,37,Mahmoud Ahmed Ibrahim Hassan,MID,Aston Villa,0.2669645059075006
35,77,Christian Nørgaard,MID,Brentford,0.2669645059075006
35,148,James McArthur,MID,Crystal Palace,0.2669645059075006
35,617,Harrison Ashby,DEF,West Ham,0.2680975654151175
35,27,William Saliba,DEF,Arsenal,0.2680975654151175
35,569,Finley Stevens,DEF,Brentford,0.2680975654151175
35,572,Arthur Okonkwo,GK,Arsenal,0.1025318864798031
35,187,Rodrigo Moreno,FWD,Leeds,0.2611888158482674
35,450,Emmanuel Dennis,FWD,Watford,0.2611888158482674
35,352,Joe Hart,GK,Spurs,0.1025318864798031
35,410,Winston Reid,DEF,West Ham,0.2680975654151175
35,690,Robert Kenedy Nunes do Nascimento,DEF,Chelsea,0.2680975654151175
35,701,Dejan Kulusevski,MID,Spurs,0.2669645059075006
35,636,Amad Diallo,MID,Man Utd,0.2669645059075006
35,308,Miguel Almirón,MID,Newcastle,0.2669645059075006
35,438,Daniel Castelo Podence,MID,Wolves,0.2669645059075006
35,493,Nathaniel Clyne,DEF,Crystal Palace,0.2680975654151175
35,364,Ben Davies,DEF,Spurs,0.2680975654151175
35,216,Wilfred Ndidi,MID,Leicester,0.2669645059075006
35,604,Joshua Wilson-Esbrand,DEF,Man City,0.2680975654151175
35,327,Jacob Sørensen,DEF,Norwich,0.2680975654151175
35,2,Rúnar Alex Rúnarsson,GK,Arsenal,0.1025318864798031
35,93,Jan Zamburek,MID,Brentford,0.2669645059075006
35,709,Tayo Adaramola,DEF,Crystal Palace,0.2680975654151175
35,519,Shane Long,FWD,Southampton,0.2611888158482674
35,189,Patrick Bamford,FWD,Leeds,0.2611888158482674
35,680,Kgaogelo Chauke,MID,Southampton,0.2669645059075006
35,457,Dimitris Giannoulis,DEF,Norwich,0.2680975654151175
35,644,Ajibola Alese,DEF,West Ham,0.2680975654151175
35,173,Abdoulaye Doucouré,MID,Everton,0.2669645059075006
35,188,Stuart Dallas,MID,Leeds,0.2669645059075006
35,340,Jannik Vestergaard,DEF,Leicester,0.2680975654151175
35,350,Moussa Djenepo,MID,Southampton,0.2669645059075006
35,332,Theo Walcott,MID,Southampton,0.2669645059075006
35,433,Jonathan Castro Otto,DEF,Wolves,0.2680975654151175
35,47,Wesley Moraes,FWD,Aston Villa,0.2611888158482674
35,116,Josh Benson,MID,Burnley,0.2669645059075006
35,375,Tanguy Ndombele,MID,Spurs,0.2669645059075006
35,393,Isaac Success Ajayi,FWD,Watford,0.2611888158482674
35,679,Edo Kayembe,MID,Watford,0.2669645059075006
35,431,Romain Saïss,DEF,Wolves,0.2680975654151175
35,437,Nélson Cabral Semedo,DEF,Wolves,0.2680975654151175
35,117,Bailey Peacock-Farrell,GK,Burnley,0.1025318864798031
35,146,Vicente Guaita,GK,Crystal Palace,0.1025318864798031
35,26,Gabriel Teodoro Martinelli Silva,MID,Arsenal,0.2669645059075006
35,270,David de Gea,GK,Man Utd,0.1025318864798031
35,236,Takumi Minamino,MID,Liverpool,0.2669645059075006
35,702,Rodrigo Bentancur,MID,Spurs,0.2669645059075006
35,628,Maxwell Haygarth,MID,Brentford,0.2669645059075006
35,336,Nathan Redmond,MID,Southampton,0.2669645059075006
35,513,Freddie Woodman,GK,Newcastle,0.1025318864798031
35,59,Lewis Dunk,DEF,Brighton,0.2680975654151175
35,458,Boubakary Soumaré,MID,Leicester,0.2669645059075006
35,595,Jürgen Locadia,FWD,Brighton,0.2611888158482674
35,390,Adam Masina,DEF,Watford,0.2680975654151175
35,167,Bernard Anício Caldeira Duarte,MID,Everton,0.2669645059075006
35,610,Lamare Bogarde,DEF,Aston Villa,0.2680975654151175
35,152,Luka Milivojevic,MID,Crystal Palace,0.2669645059075006
35,160,Eberechi Eze,MID,Crystal Palace,0.2669645059075006
35,324,Christoph Zimmermann,DEF,Norwich,0.2680975654151175
35,210,Youri Tielemans,MID,Leicester,0.2669645059075006
35,623,Reece Welch,DEF,Everton,0.2680975654151175
35,620,Tyler Morton,MID,Liverpool,0.2669645059075006
35,444,Andreas Söndergaard,GK,Wolves,0.1025318864798031
35,297,Jeff Hendrick,MID,Newcastle,0.2669645059075006
35,222,Jordan Henderson,MID,Liverpool,0.2669645059075006
35,589,Alex Kral,MID,West Ham,0.2669645059075006
35,349,Ibrahima Diallo,MID,Southampton,0.2669645059075006
35,113,Charlie Taylor,DEF,Burnley,0.2680975654151175
35,661,Bruno André Cavaco Jordão,MID,Wolves,0.2669645059075006
35,106,Ben Mee,DEF,Burnley,0.2680975654151175
35,721,Miguel Azeez,MID,Arsenal,0.2669645059075006
35,552,Adam Forshaw,MID,Leeds,0.2669645059075006
35,130,N'Golo Kanté,MID,Chelsea,0.2669645059075006
35,603,Luke Mbete,DEF,Man City,0.2680975654151175
35,305,Fabian Schär,DEF,Newcastle,0.2680975654151175
35,13,Ainsley Maitland-Niles,MID,Arsenal,0.2669645059075006
35,159,Jean-Philippe Mateta,FWD,Crystal Palace,0.2611888158482674
35,353,Hugo Lloris,GK,Spurs,0.1025318864798031
35,708,Sam Waller,GK,Burnley,0.1025318864798031
35,255,Raheem Sterling,MID,Man City,0.2669645059075006
35,55,Pascal Groß,MID,Brighton,0.2669645059075006
35,492,Leon Bailey,MID,Aston Villa,0.2669645059075006
35,468,Joshua King,FWD,Watford,0.2611888158482674
35,286,Eric Bailly,DEF,Man Utd,0.2680975654151175
35,367,Davinson Sánchez,DEF,Spurs,0.2680975654151175
35,5,Cédric Soares,DEF,Arsenal,0.2680975654151175
35,465,Federico Fernández,DEF,Newcastle,0.2680975654151175
35,354,Moussa Sissoko,MID,Watford,0.2669645059075006
35,711,Zak Swanson,DEF,Arsenal,0.2680975654151175
35,242,Caoimhin Kelleher,GK,Liverpool,0.1025318864798031
35,230,Sadio Mané,MID,Liverpool,0.2669645059075006
35,539,Emerson Palmieri dos Santos,DEF,Chelsea,0.2680975654151175
35,692,Omari Hutchinson,MID,Arsenal,0.2669645059075006
35,138,Mason Mount,MID,Chelsea,0.2669645059075006
35,50,Douglas Luiz Soares de Paulo,MID,Aston Villa,0.2669645059075006
35,622,Cenk Tosun,FWD,Everton,0.2611888158482674
35,641,Willy Caballero,GK,Southampton,0.1025318864798031
35,400,Jeremy Ngakia,DEF,Watford,0.2680975654151175
35,686,Dion Sanderson,DEF,Wolves,0.2680975654151175
35,720,Marcelo Flores,MID,Arsenal,0.2669645059075006
35,412,Andriy Yarmolenko,MID,West Ham,0.2669645059075006
35,299,Jamaal Lascelles,DEF,Newcastle,0.2680975654151175
35,609,Elliot Anderson,MID,Newcastle,0.2669645059075006
35,294,Karl Darlow,GK,Newcastle,0.1025318864798031
35,662,Myles Peart-Harris,MID,Brentford,0.2669645059075006
35,514,Mark Gillespie,GK,Newcastle,0.1025318864798031
35,6,Alexandre Lacazette,FWD,Arsenal,0.2611888158482674
35,273,Harry Maguire,DEF,Man Utd,0.2680975654151175
35,329,Adam Idah,FWD,Norwich,0.2611888158482674
35,528,Christos Tzolis,MID,Norwich,0.2669645059075006
35,333,Fraser Forster,GK,Southampton,0.1025318864798031
35,521,Frederik Alves,DEF,West Ham,0.2680975654151175
35,22,Bukayo Saka,MID,Arsenal,0.2669645059075006
35,72,Aaron Connolly,FWD,Brighton,0.2611888158482674
35,185,Luke Ayling,DEF,Leeds,0.2680975654151175
35,40,Ollie Watkins,FWD,Aston Villa,0.2611888158482674
35,683,Liam Gibbs,MID,Norwich,0.2669645059075006
35,600,Nohan Kenneh,MID,Leeds,0.2669645059075006
35,654,Marc Leonard,MID,Brighton,0.2669645059075006
35,612,Jeremy Sarmiento,MID,Brighton,0.2669645059075006
35,82,Pelenda Joshua Dasilva,MID,Brentford,0.2669645059075006
35,730,Alex Kirk,DEF,Arsenal,0.2680975654151175
35,275,Luke Shaw,DEF,Man Utd,0.2680975654151175
35,414,Craig Dawson,DEF,West Ham,0.2680975654151175
35,614,Paris Maghoma,MID,Brentford,0.2669645059075006
35,486,Pierluigi Gollini,GK,Spurs,0.1025318864798031
35,448,Angus Gunn,GK,Norwich,0.1025318864798031
35,559,Aaron Ramsdale,GK,Arsenal,0.1025318864798031
35,338,Jack Stephens,DEF,Southampton,0.2680975654151175
35,382,Francisco Femenía Far,DEF,Watford,0.2680975654151175
35,114,Will Norris,GK,Burnley,0.1025318864798031
35,413,Michail Antonio,FWD,West Ham,0.2611888158482674
35,501,Malang Sarr,DEF,Chelsea,0.2680975654151175
35,716,Tony Springett,MID,Norwich,0.2669645059075006
35,436,Rúben Diogo da Silva Neves,MID,Wolves,0.2669645059075006
35,703,Benjamin Chrisene,MID,Aston Villa,0.2669645059075006
35,169,Michael Keane,DEF,Everton,0.2680975654151175
35,1,Bernd Leno,GK,Arsenal,0.1025318864798031
35,652,Armstrong Oko-Flex,MID,West Ham,0.2669645059075006
35,69,Robert Sánchez,GK,Brighton,0.1025318864798031
35,647,Kasey McAteer,MID,Leicester,0.2669645059075006
35,155,Jeffrey Schlupp,MID,Crystal Palace,0.2669645059075006
35,215,Harvey Barnes,MID,Leicester,0.2669645059075006
35,346,Nathan Tella,MID,Southampton,0.2669645059075006
35,637,Harry Lewis,GK,Southampton,0.1025318864798031
35,524,Yoane Wissa,MID,Brentford,0.2669645059075006
35,471,Pierre Lees-Melou,MID,Norwich,0.2669645059075006
35,223,Adrián San Miguel del Castillo,GK,Liverpool,0.1025318864798031
35,445,Fabio Silva,FWD,Wolves,0.2611888158482674
35,586,Odsonne Edouard,FWD,Crystal Palace,0.2611888158482674
35,405,Kwadwo Baah,MID,Watford,0.2669645059075006
35,295,Martin Dubravka,GK,Newcastle,0.1025318864798031
35,452,John Ruddy,GK,Wolves,0.1025318864798031
35,503,Anthony Gordon,MID,Everton,0.2669645059075006
35,17,Nicolas Pépé,MID,Arsenal,0.2669645059075006
35,54,Jason Steele,GK,Brighton,0.1025318864798031
35,403,Imrân Louza,MID,Watford,0.2669645059075006
35,280,Dean Henderson,GK,Man Utd,0.1025318864798031
35,301,Paul Dummett,DEF,Newcastle,0.2680975654151175
35,322,Jordan Hugill,FWD,Norwich,0.2611888158482674
35,509,Tom Heaton,GK,Man Utd,0.1025318864798031
35,639,Vontae Daley-Campbell,DEF,Leicester,0.2680975654151175
35,520,Dane Scarlett,FWD,Spurs,0.2611888158482674
35,25,Mattéo Guendouzi,MID,Arsenal,0.2669645059075006
35,712,Odeluga Offiah,DEF,Brighton,0.2680975654151175
35,298,Ryan Fraser,MID,Newcastle,0.2669645059075006
35,326,Max Aarons,DEF,Norwich,0.2680975654151175
35,632,Phil Jones,DEF,Man Utd,0.2680975654151175
35,120,Olivier Giroud,FWD,Chelsea,0.2611888158482674
35,296,Callum Wilson,FWD,Newcastle,0.2611888158482674
35,441,Pedro Lomba Neto,MID,Wolves,0.2669645059075006
35,434,Leander Dendoncker,MID,Wolves,0.2669645059075006
35,87,Charlie Goode,DEF,Brentford,0.2680975654151175
35,723,Alejandro Garnacho Ferreyra,MID,Man Utd,0.2669645059075006
35,16,Kieran Tierney,DEF,Arsenal,0.2680975654151175
35,56,Shane Duffy,DEF,Brighton,0.2680975654151175
35,704,Liam Delap,FWD,Man City,0.2611888158482674
35,714,Alfie Devine,MID,Spurs,0.2669645059075006
35,278,Anthony Martial,FWD,Man Utd,0.2611888158482674
35,234,Andrew Robertson,DEF,Liverpool,0.2680975654151175
35,66,Alireza Jahanbakhsh,MID,Brighton,0.2669645059075006
35,454,Matthew Pollock,DEF,Watford,0.2680975654151175
35,277,Bruno Miguel Borges Fernandes,MID,Man Utd,0.2669645059075006
35,18,Lucas Torreira,MID,Arsenal,0.2669645059075006
35,39,Matt Targett,DEF,Newcastle,0.2680975654151175
35,651,Conrad Egan-Riley,DEF,Man City,0.2680975654151175
35,11,Sead Kolasinac,DEF,Arsenal,0.2680975654151175
35,180,Richarlison de Andrade,FWD,Everton,0.2611888158482674
35,506,Harvey Elliott,MID,Liverpool,0.2669645059075006
35,684,Kaine Hayden,DEF,Aston Villa,0.2680975654151175
35,211,Ayoze Pérez,MID,Leicester,0.2669645059075006
35,356,Erik Lamela,MID,Spurs,0.2669645059075006
35,523,Patrick Cutrone,FWD,Wolves,0.2611888158482674
35,443,Ki-Jana Hoever,DEF,Wolves,0.2680975654151175
35,596,Viljami Sinisalo,GK,Aston Villa,0.1025318864798031
35,517,Mohamed Elyounoussi,MID,Southampton,0.2669645059075006
35,197,Jamie Shackleton,MID,Leeds,0.2669645059075006
35,658,Archie Gray,MID,Leeds,0.2669645059075006
35,532,Karl Hein,GK,Arsenal,0.1025318864798031
35,170,Jordan Pickford,GK,Everton,0.1025318864798031
35,395,Ashley Fletcher,FWD,Watford,0.2611888158482674
35,380,Troy Deeney,FWD,Watford,0.2611888158482674
35,75,Jakub Moder,MID,Brighton,0.2669645059075006
35,124,Ross Barkley,MID,Chelsea,0.2669645059075006
35,119,César Azpilicueta,DEF,Chelsea,0.2680975654151175
35,473,Ryan Bertrand,DEF,Leicester,0.2680975654151175
35,664,Charlie Patino,MID,Arsenal,0.2669645059075006
35,402,Joseph Hungbo,MID,Watford,0.2669645059075006
35,605,Romeo Lavia,MID,Man City,0.2669645059075006
35,549,Christian Marques,DEF,Wolves,0.2680975654151175
35,480,Wayne Hennessey,GK,Burnley,0.1025318864798031
35,378,Dan Gosling,MID,Watford,0.2669645059075006
35,98,James Tarkowski,DEF,Burnley,0.2680975654151175
35,616,Harry Tyrer,GK,Everton,0.1025318864798031
35,303,Emil Krafth,DEF,Newcastle,0.2680975654151175
35,110,Matthew Lowton,DEF,Burnley,0.2680975654151175
35,483,Kristoffer Ajer,DEF,Brentford,0.2680975654151175
35,339,Stuart Armstrong,MID,Southampton,0.2669645059075006
35,418,Vladimir Coufal,DEF,West Ham,0.2680975654151175
35,24,Konstantinos Mavropanos,DEF,Arsenal,0.2680975654151175
35,499,Shandon Baptiste,MID,Brentford,0.2669645059075006
35,227,Alex Oxlade-Chamberlain,MID,Liverpool,0.2669645059075006
35,228,Roberto Firmino,FWD,Liverpool,0.2611888158482674
35,476,Kjell Scherpen,GK,Brighton,0.1025318864798031
35,103,Kevin Long,DEF,Burnley,0.2680975654151175
35,201,Jonny Evans,DEF,Leicester,0.2680975654151175
35,229,Virgil van Dijk,DEF,Liverpool,0.2680975654151175
35,421,Declan Rice,MID,West Ham,0.2669645059075006
35,464,Michael Olise,MID,Crystal Palace,0.2669645059075006
35,133,Andreas Christensen,DEF,Chelsea,0.2680975654151175
35,325,Todd Cantwell,MID,Norwich,0.2669645059075006
35,666,Jon McCracken,GK,Norwich,0.1025318864798031
35,312,Matthew Longstaff,MID,Newcastle,0.2669645059075006
35,365,Pierre-Emile Højbjerg,MID,Spurs,0.2669645059075006
35,685,Toti António Gomes,DEF,Wolves,0.2680975654151175
35,36,Kortney Hause,DEF,Aston Villa,0.2680975654151175
35,182,Pablo Hernández Domínguez,MID,Leeds,0.2669645059075006
35,203,Nampalys Mendy,MID,Leicester,0.2669645059075006
35,579,Cristiano Ronaldo dos Santos Aveiro,FWD,Man Utd,0.2611888158482674
35,282,Donny van de Beek,MID,Everton,0.2669645059075006
35,125,Mateo Kovacic,MID,Chelsea,0.2669645059075006
35,44,Matthew Cash,DEF,Aston Villa,0.2680975654151175
35,121,Thiago Emiliano da Silva,DEF,Chelsea,0.2680975654151175
35,212,James Maddison,MID,Leicester,0.2669645059075006
35,613,Charlie Whitaker,MID,Everton,0.2669645059075006
35,467,Oghenekaro Peter Etebo,MID,Watford,0.2669645059075006
35,399,Ismaila Sarr,MID,Watford,0.2669645059075006
35,256,João Pedro Cavaco Cancelo,DEF,Man City,0.2680975654151175
35,264,Oleksandr Zinchenko,DEF,Man City,0.2680975654151175
35,205,Jamie Vardy,FWD,Leicester,0.2611888158482674
35,95,Halil Dervişoğlu,FWD,Brentford,0.2611888158482674
35,157,Jairo Riedewald,MID,Crystal Palace,0.2669645059075006
35,407,Darren Randolph,GK,West Ham,0.1025318864798031
35,31,Björn Engels,DEF,Aston Villa,0.2680975654151175
35,251,Kevin De Bruyne,MID,Man City,0.2669645059075006
35,675,Vitalii Mykolenko,DEF,Everton,0.2680975654151175
35,724,Marcel Lavinier,DEF,Spurs,0.2680975654151175
35,28,Jed Steer,GK,Aston Villa,0.1025318864798031
35,490,Kristoffer Klaesson,GK,Leeds,0.1025318864798031
35,128,Kurt Zouma,DEF,West Ham,0.2680975654151175
35,57,Davy Pröpper,MID,Brighton,0.2669645059075006
35,389,Daniel Bachmann,GK,Watford,0.1025318864798031
35,226,Xherdan Shaqiri,MID,Liverpool,0.2669645059075006
35,153,Jordan Ayew,FWD,Crystal Palace,0.2611888158482674
35,84,Vitaly Janelt,MID,Brentford,0.2669645059075006
35,52,Ashley Young,DEF,Aston Villa,0.2680975654151175
35,368,Ryan Sessegnon,DEF,Spurs,0.2680975654151175
35,317,Lukas Rupp,MID,Norwich,0.2669645059075006
35,281,Marcus Rashford,MID,Man Utd,0.2669645059075006
35,46,Frédéric Guilbert,DEF,Aston Villa,0.2680975654151175
35,646,Lewis Brunt,MID,Leicester,0.2669645059075006
35,202,Marc Albrighton,MID,Leicester,0.2669645059075006
35,482,Andros Townsend,MID,Everton,0.2669645059075006
35,576,Liam McCarron,MID,Leeds,0.2669645059075006
35,461,Francisco Machado Mota de Castro Trincão,MID,Wolves,0.2669645059075006
35,214,Hamza Choudhury,MID,Leicester,0.2669645059075006
35,240,Diogo Jota,MID,Liverpool,0.2669645059075006
35,699,Christian Eriksen,MID,Brentford,0.2669645059075006
35,598,Tobi Omole,DEF,Spurs,0.2680975654151175
35,30,Emiliano Martínez,GK,Aston Villa,0.1025318864798031
35,7,Granit Xhaka,MID,Arsenal,0.2669645059075006
35,381,Tom Cleverley,MID,Watford,0.2669645059075006
35,225,Thiago Alcántara do Nascimento,MID,Liverpool,0.2669645059075006
35,560,Haydon Roberts,DEF,Brighton,0.2680975654151175
35,475,José Malheiro de Sá,GK,Wolves,0.1025318864798031
35,140,Callum Hudson-Odoi,MID,Chelsea,0.2669645059075006
35,199,Illan Meslier,GK,Leeds,0.1025318864798031
35,599,Joe White,MID,Newcastle,0.2669645059075006
35,545,Nathan Broadhead,FWD,Everton,0.2611888158482674
35,156,Jack Butland,GK,Crystal Palace,0.1025318864798031
35,358,Serge Aurier,DEF,Spurs,0.2680975654151175
35,442,Owen Otasowie,MID,Wolves,0.2669645059075006
35,427,Rui Pedro dos Santos Patrício,GK,Wolves,0.1025318864798031
35,469,Adedapo Awokoya-Mebude,FWD,Watford,0.2611888158482674
35,144,Conor Gallagher,MID,Crystal Palace,0.2669645059075006
35,719,Mazeed Ogungbo,DEF,Arsenal,0.2680975654151175
35,371,Japhet Tanganga,DEF,Spurs,0.2680975654151175
35,511,Andreas Pereira,MID,Man Utd,0.2669645059075006
35,432,Fernando Marçal,DEF,Wolves,0.2680975654151175
35,455,Patson Daka,FWD,Leicester,0.2611888158482674
35,696,Luis Díaz,MID,Liverpool,0.2669645059075006
35,259,Aymeric Laporte,DEF,Man City,0.2680975654151175
35,556,Álvaro Fernández,GK,Brentford,0.1025318864798031
35,494,Cristian Romero,DEF,Spurs,0.2680975654151175
35,260,Zack Steffen,GK,Man City,0.1025318864798031
35,534,Bobby Thomas,DEF,Burnley,0.2680975654151175
35,315,Teemu Pukki,FWD,Norwich,0.2611888158482674
35,165,Seamus Coleman,DEF,Everton,0.2680975654151175
35,656,Marcelo de Araújo Pitaluga Filho,GK,Liverpool,0.1025318864798031
35,193,Tyler Roberts,MID,Leeds,0.2669645059075006
35,71,Tariq Lamptey,DEF,Brighton,0.2680975654151175
35,292,Matt Ritchie,DEF,Newcastle,0.2680975654151175
35,32,Bertrand Traoré,MID,Aston Villa,0.2669645059075006
35,548,Chem Campbell,MID,Wolves,0.2669645059075006
35,602,Ellis Simms,FWD,Everton,0.2611888158482674
35,478,Albert Sambi Lokonga,MID,Arsenal,0.2669645059075006
35,558,Martin Ødegaard,MID,Arsenal,0.2669645059075006
35,274,Frederico Rodrigues de Paula Santos,MID,Man Utd,0.2669645059075006
35,78,Ivan Toney,FWD,Brentford,0.2611888158482674
35,372,Giovani Lo Celso,MID,Spurs,0.2669645059075006
35,562,Cody Drameh,DEF,Leeds,0.2680975654151175
35,200,Kasper Schmeichel,GK,Leicester,0.1025318864798031
35,525,Adam Armstrong,FWD,Southampton,0.2611888158482674
35,239,Naby Keita,MID,Liverpool,0.2669645059075006
35,697,Bruno Guimarães Rodriguez Moura,MID,Newcastle,0.2669645059075006
35,293,Ciaran Clark,DEF,Newcastle,0.2680975654151175
35,497,Jaden Philogene-Bidace,MID,Aston Villa,0.2669645059075006
35,359,Heung-Min Son,MID,Spurs,0.2669645059075006
35,101,Jack Cork,MID,Burnley,0.2669645059075006
35,147,James Tomkins,DEF,Crystal Palace,0.2680975654151175
35,220,Wesley Fofana,DEF,Leicester,0.2680975654151175
35,136,Tammy Abraham,FWD,Chelsea,0.2611888158482674
35,451,Nathan Collins,DEF,Burnley,0.2680975654151175
35,655,Evan Ferguson,FWD,Brighton,0.2611888158482674
35,67,Ben White,DEF,Arsenal,0.2680975654151175
35,581,Mathias Normann,MID,Norwich,0.2669645059075006
35,195,Ian Carlo Poveda-Ocampo,MID,Leeds,0.2669645059075006
35,669,Kamil Conteh,MID,Watford,0.2669645059075006
35,449,Milot Rashica,MID,Norwich,0.2669645059075006
35,385,Nathaniel Chalobah,MID,Watford,0.2669645059075006
35,643,Jonathan Tomkinson,DEF,Norwich,0.2680975654151175
35,309,Sean Longstaff,MID,Newcastle,0.2669645059075006
35,345,Che Adams,FWD,Southampton,0.2611888158482674
35,43,Emiliano Buendía Stati,MID,Aston Villa,0.2669645059075006
35,633,James Morris,DEF,Watford,0.2680975654151175
35,582,Nikola Vlasic,MID,West Ham,0.2669645059075006
35,726,Dara Costelloe,MID,Burnley,0.2669645059075006
35,224,Joel Matip,DEF,Liverpool,0.2680975654151175
35,459,Juan Mata,MID,Man Utd,0.2669645059075006
35,678,Kieran Trippier,DEF,Newcastle,0.2680975654151175
35,192,Hélder Wander Sousa de Azevedo e Costa,MID,Leeds,0.2669645059075006
35,232,Fabio Henrique Tavares,MID,Liverpool,0.2669645059075006
35,29,Conor Hourihane,MID,Aston Villa,0.2669645059075006
35,447,Danny Welbeck,FWD,Brighton,0.2611888158482674
35,705,Zach Awe,DEF,Arsenal,0.2680975654151175
35,618,Nicolas Nkoulou,DEF,Watford,0.2680975654151175
35,158,Jarosław Jach,DEF,Crystal Palace,0.2680975654151175
35,176,Tom Davies,MID,Everton,0.2669645059075006
35,249,Kyle Walker,DEF,Man City,0.2680975654151175
35,392,Philip Zinckernagel,MID,Watford,0.2669645059075006
35,291,Jonjo Shelvey,MID,Newcastle,0.2669645059075006
35,207,Ricardo Domingos Barbosa Pereira,DEF,Leicester,0.2680975654151175
35,406,Mark Noble,MID,West Ham,0.2669645059075006
35,502,Jonjoe Kenny,DEF,Everton,0.2680975654151175
35,606,Marcus Bettinelli,GK,Chelsea,0.1025318864798031
35,691,Robin Olsen,GK,Aston Villa,0.1025318864798031
35,68,Bernardo Fernandes Da Silva Junior,DEF,Brighton,0.2680975654151175
35,369,Steven Bergwijn,MID,Spurs,0.2669645059075006
35,607,Lewis Dobbin,FWD,Everton,0.2611888158482674
35,134,Timo Werner,FWD,Chelsea,0.2611888158482674
35,430,Raúl Jiménez,FWD,Wolves,0.2611888158482674
35,384,Christian Kabasele,DEF,Watford,0.2680975654151175
35,361,Eric Dier,DEF,Spurs,0.2680975654151175
35,634,Sonny Perkins,MID,West Ham,0.2669645059075006
35,540,Reece Hannam,DEF,Crystal Palace,0.2680975654151175
35,496,Aaron Ramsey,MID,Aston Villa,0.2669645059075006
35,687,Ryan Giles,MID,Wolves,0.2669645059075006
35,590,Takehiro Tomiyasu,DEF,Arsenal,0.2680975654151175
35,129,Kepa Arrizabalaga,GK,Chelsea,0.1025318864798031
35,319,Grant Hanley,DEF,Norwich,0.2680975654151175
35,601,Stuart McKinstry,MID,Leeds,0.2669645059075006
35,14,Rob Holding,DEF,Arsenal,0.2680975654151175
35,23,Gabriel Magalhães,DEF,Arsenal,0.2680975654151175
35,241,Nathaniel Phillips,DEF,Liverpool,0.2680975654151175
35,650,Filip Marschall,GK,Aston Villa,0.1025318864798031
35,404,João Pedro Junqueira de Jesus,FWD,Watford,0.2611888158482674
35,535,Andi Zeqiri,FWD,Brighton,0.2611888158482674
35,729,Matthew Craig,MID,Spurs,0.2669645059075006
35,250,Ilkay Gündogan,MID,Man City,0.2669645059075006
35,671,Lewis Hall,MID,Chelsea,0.2669645059075006
35,630,Tyler Onyango,MID,Everton,0.2669645059075006
35,659,Brandon Austin,GK,Spurs,0.1025318864798031
35,419,Saïd Benrahma,MID,West Ham,0.2669645059075006
35,190,Diego Llorente,DEF,Leeds,0.2680975654151175
35,408,Lukasz Fabianski,GK,West Ham,0.1025318864798031
35,668,Harvey White,MID,Spurs,0.2669645059075006
35,398,Marc Navarro,DEF,Watford,0.2680975654151175
35,109,Chris Wood,FWD,Newcastle,0.2611888158482674
35,529,Romelu Lukaku,FWD,Chelsea,0.2611888158482674
35,592,Saúl Ñíguez,MID,Chelsea,0.2669645059075006
35,423,Pablo Fornals,MID,West Ham,0.2669645059075006
35,568,Cameron Archer,FWD,Aston Villa,0.2611888158482674
35,306,Isaac Hayden,MID,Newcastle,0.2669645059075006
35,682,Pierre Ekwah,DEF,West Ham,0.2680975654151175
35,20,Edward Nketiah,FWD,Arsenal,0.2611888158482674
35,122,Marcos Alonso,DEF,Chelsea,0.2680975654151175
35,463,Héctor Junior Firpo Adames,DEF,Leeds,0.2680975654151175
35,377,Danny Rose,DEF,Watford,0.2680975654151175
35,63,Neal Maupay,FWD,Brighton,0.2611888158482674
35,565,Owen Dodgson,DEF,Burnley,0.2680975654151175
35,429,Conor Coady,DEF,Wolves,0.2680975654151175
35,386,Will Hughes,MID,Crystal Palace,0.2669645059075006
35,49,Keinan Davis,FWD,Aston Villa,0.2611888158482674
35,453,Fernando Luiz Rosa,MID,Man City,0.2669645059075006
35,363,Bamidele Alli,MID,Everton,0.2669645059075006
35,38,Tyrone Mings,DEF,Aston Villa,0.2680975654151175
35,648,Jonathan Rowe,MID,Norwich,0.2669645059075006
35,553,Ben Woodburn,MID,Liverpool,0.2669645059075006
35,401,Ben Wilmot,DEF,Watford,0.2680975654151175
35,424,Issa Diop,DEF,West Ham,0.2680975654151175
35,416,Manuel Lanzini,MID,West Ham,0.2669645059075006
35,642,Vincent Angelini,GK,Watford,0.1025318864798031
35,283,Axel Tuanzebe,DEF,Man Utd,0.2680975654151175
35,564,Moise Kean,FWD,Everton,0.2611888158482674
35,316,Marco Stiepermann,MID,Norwich,0.2669645059075006
35,695,Ryan Alebiosu,DEF,Arsenal,0.2680975654151175
35,19,Joseph Willock,MID,Newcastle,0.2669645059075006
35,8,Pablo Marí,DEF,Arsenal,0.2680975654151175
35,507,Cole Palmer,MID,Man City,0.2669645059075006
35,323,Kieran Dowell,MID,Norwich,0.2669645059075006
35,163,Fabian Delph,MID,Everton,0.2669645059075006
35,253,Benjamin Mendy,DEF,Man City,0.2680975654151175
35,397,Domingos Quina,MID,Watford,0.2669645059075006
35,34,Morgan Sanson,MID,Aston Villa,0.2669645059075006
35,83,Rico Henry,DEF,Brentford,0.2680975654151175
35,115,Josh Brownhill,MID,Burnley,0.2669645059075006
35,41,Marvelous Nakamba,MID,Aston Villa,0.2669645059075006
35,415,Ryan Fredericks,DEF,West Ham,0.2680975654151175
35,472,Juan Camilo Hernández Suárez,FWD,Watford,0.2611888158482674
35,360,Matt Doherty,DEF,Spurs,0.2680975654151175
35,366,Harry Winks,MID,Spurs,0.2669645059075006
35,100,Erik Pieters,DEF,Burnley,0.2680975654151175
35,536,Michal Karbownik,DEF,Brighton,0.2680975654151175
35,85,Saman Ghoddos,MID,Brentford,0.2669645059075006
35,587,Ademola Lookman,MID,Leicester,0.2669645059075006
35,343,Jan Bednarek,DEF,Southampton,0.2680975654151175
35,626,Conor Bradley,DEF,Liverpool,0.2680975654151175
35,288,Aaron Wan-Bissaka,DEF,Man Utd,0.2680975654151175
35,417,Arthur Masuaku,DEF,West Ham,0.2680975654151175
35,123,Jorge Luiz Frello Filho,MID,Chelsea,0.2669645059075006
35,554,Jamal Baptiste,DEF,West Ham,0.2680975654151175
35,314,Tim Krul,GK,Norwich,0.1025318864798031
35,688,Thomas McGill,GK,Brighton,0.1025318864798031
35,394,Ayotomiwa Dele-Bashiru,MID,Watford,0.2669645059075006
35,186,Mateusz Klich,MID,Leeds,0.2669645059075006
35,487,Bryan Gil Salvatierra,MID,Spurs,0.2669645059075006
35,479,Frank Onyeka,MID,Brentford,0.2669645059075006
35,3,Willian Borges Da Silva,MID,Arsenal,0.2669645059075006
35,12,Mohamed Naser El Sayed Elneny,MID,Arsenal,0.2669645059075006
35,597,Dilan Markanday,MID,Spurs,0.2669645059075006
35,4,Pierre-Emerick Aubameyang,FWD,Arsenal,0.2611888158482674
35,489,Alphonse Areola,GK,West Ham,0.1025318864798031
35,139,Ethan Ampadu,DEF,Chelsea,0.2680975654151175
35,102,Dale Stephens,MID,Burnley,0.2669645059075006
35,580,Ozan Kabak,DEF,Norwich,0.2680975654151175
35,460,Romain Perraud,DEF,Southampton,0.2680975654151175
35,279,Alex Nicolao Telles,DEF,Man Utd,0.2680975654151175
35,96,Bryan Mbeumo,MID,Brentford,0.2669645059075006
35,694,Mika Biereth,FWD,Arsenal,0.2611888158482674
35,570,Niels Nkounkou,DEF,Everton,0.2680975654151175
35,672,Harvey Vale,MID,Chelsea,0.2669645059075006
35,263,Gabriel Fernando de Jesus,FWD,Man City,0.2611888158482674
35,347,William Smallbone,MID,Southampton,0.2669645059075006
35,488,Joachim Andersen,DEF,Crystal Palace,0.2680975654151175
35,247,Rhys Williams,DEF,Liverpool,0.2680975654151175
35,547,Luke Cundle,MID,Wolves,0.2669645059075006
35,411,Aaron Cresswell,DEF,West Ham,0.2680975654151175
35,171,Allan Marques Loureiro,MID,Everton,0.2669645059075006
35,715,Abu Kamara,FWD,Norwich,0.2611888158482674
35,456,Ben Gibson,DEF,Norwich,0.2680975654151175
35,209,Timothy Castagne,DEF,Leicester,0.2680975654151175
35,217,Çaglar Söyüncü,DEF,Leicester,0.2680975654151175
35,388,Stipe Perica,FWD,Watford,0.2611888158482674
35,243,Ibrahima Konaté,DEF,Liverpool,0.2680975654151175
35,512,Anthony Elanga,MID,Man Utd,0.2669645059075006
35,435,Adama Traoré,MID,Wolves,0.2669645059075006
35,328,Przemyslaw Placheta,MID,Norwich,0.2669645059075006
35,105,Ashley Barnes,FWD,Burnley,0.2611888158482674
35,246,Neco Williams,DEF,Liverpool,0.2680975654151175
35,531,Reiss Nelson,MID,Arsenal,0.2669645059075006
35,676,Hassane Kamara,DEF,Watford,0.2680975654151175
35,307,Allan Saint-Maximin,FWD,Newcastle,0.2611888158482674
35,86,Mathias Jensen,MID,Brentford,0.2669645059075006
35,727,Shola Shoretire,MID,Man Utd,0.2669645059075006
35,533,Lewis Richardson,FWD,Burnley,0.2611888158482674
35,183,Francisco Casilla Cortés,GK,Leeds,0.1025318864798031
35,290,Brandon Williams,DEF,Norwich,0.2680975654151175
35,689,Francisco Jorge Tomás Oliveira,MID,Wolves,0.2669645059075006
35,73,Steven Alzate,MID,Brighton,0.2669645059075006
35,111,Matej Vydra,FWD,Burnley,0.2611888158482674
35,505,Kiernan Dewsbury-Hall,MID,Leicester,0.2669645059075006
35,498,Dominic Thompson,DEF,Brentford,0.2680975654151175
35,376,Ben Foster,GK,Watford,0.1025318864798031
35,391,Ken Sema,MID,Watford,0.2669645059075006
35,550,Sam Greenwood,FWD,Leeds,0.2611888158482674
35,670,Josh Feeney,DEF,Aston Villa,0.2680975654151175
35,673,Jonas Lössl,GK,Brentford,0.1025318864798031
35,526,Carney Chukwuemeka,MID,Aston Villa,0.2669645059075006
35,233,Mohamed Salah,MID,Liverpool,0.2669645059075006
35,577,Joe Gelhardt,FWD,Leeds,0.2611888158482674
35,172,André Filipe Tavares Gomes,MID,Everton,0.2669645059075006
35,396,Francisco Sierralta,DEF,Watford,0.2680975654151175
35,191,Kalvin Phillips,MID,Leeds,0.2669645059075006
35,334,Alex McCarthy,GK,Southampton,0.1025318864798031
35,362,Lucas Rodrigues Moura da Silva,MID,Spurs,0.2669645059075006
35,337,Danny Ings,FWD,Aston Villa,0.2611888158482674
35,370,Sergio Reguilón,DEF,Spurs,0.2680975654151175
35,578,Maxwel Cornet,MID,Burnley,0.2669645059075006
35,379,Craig Cathcart,DEF,Watford,0.2680975654151175
35,575,Aaron Lennon,MID,Burnley,0.2669645059075006
35,135,Benjamin Chilwell,DEF,Chelsea,0.2680975654151175
35,213,Kelechi Iheanacho,FWD,Leicester,0.2611888158482674
35,573,Eldin Jakupovic,GK,Leicester,0.1025318864798031
35,422,Tomas Soucek,MID,West Ham,0.2669645059075006
35,184,Liam Cooper,DEF,Leeds,0.2680975654151175
35,665,Dynel Simeu,DEF,Southampton,0.2680975654151175
35,92,Ellery Balcombe,GK,Brentford,0.1025318864798031
35,631,Jack Jenkins,MID,Leeds,0.2669645059075006
35,15,Thomas Partey,MID,Arsenal,0.2669645059075006
35,567,Lyanco Evangelista Silveira Neves Vojnovic,DEF,Southampton,0.2680975654151175
35,137,Christian Pulisic,MID,Chelsea,0.2669645059075006
35,313,Michael McGovern,GK,Norwich,0.1025318864798031
35,99,Phil Bardsley,DEF,Burnley,0.2680975654151175
35,126,Michy Batshuayi,FWD,Chelsea,0.2611888158482674
35,154,Wilfried Zaha,MID,Crystal Palace,0.2669645059075006
35,127,Antonio Rüdiger,DEF,Chelsea,0.2680975654151175
35,266,Rodrigo Hernandez,MID,Man City,0.2669645059075006
35,341,James Ward-Prowse,MID,Southampton,0.2669645059075006
35,254,Riyad Mahrez,MID,Man City,0.2669645059075006
35,725,Shaqai Forde,FWD,Watford,0.2611888158482674
35,248,Ben Davies,DEF,Liverpool,0.2680975654151175
35,218,James Justin,DEF,Leicester,0.2680975654151175
35,179,Ben Godfrey,DEF,Everton,0.2680975654151175
35,608,Leo Fuhr Hjelde,DEF,Leeds,0.2680975654151175
35,131,Hakim Ziyech,MID,Chelsea,0.2669645059075006
35,522,Conor Coventry,MID,West Ham,0.2669645059075006
35,58,Dan Burn,DEF,Newcastle,0.2680975654151175
35,219,Luke Thomas,DEF,Leicester,0.2680975654151175
35,60,Solomon March,MID,Brighton,0.2669645059075006
35,351,Mohammed Salisu,DEF,Southampton,0.2680975654151175
35,588,Emerson Aparecido Leite de Souza Junior,DEF,Spurs,0.2680975654151175
35,707,Lucas De Bolle,MID,Newcastle,0.2669645059075006
35,318,Kenny McLean,MID,Norwich,0.2669645059075006
35,348,Michael Obafemi,FWD,Southampton,0.2611888158482674
35,530,Folarin Balogun,FWD,Arsenal,0.2611888158482674
35,35,John McGinn,MID,Aston Villa,0.2669645059075006
35,104,Jay Rodriguez,FWD,Burnley,0.2611888158482674
35,198,Pascal Struijk,DEF,Leeds,0.2680975654151175
35,491,Tino Livramento,DEF,Southampton,0.2680975654151175
35,619,Matthew Cox,GK,Brentford,0.1025318864798031
35,335,Oriol Romeu Vidal,MID,Southampton,0.2669645059075006
35,495,Juraj Kucka,MID,Watford,0.2669645059075006
35,108,Johann Berg Gudmundsson,MID,Burnley,0.2669645059075006
35,206,Dennis Praet,MID,Leicester,0.2669645059075006
35,551,Crysencio Summerville,MID,Leeds,0.2669645059075006
35,269,Edinson Cavani,FWD,Man Utd,0.2611888158482674
35,208,Daniel Amartey,DEF,Leicester,0.2680975654151175
35,653,Ed Turns,DEF,Brighton,0.2680975654151175
35,162,Tyrick Mitchell,DEF,Crystal Palace,0.2680975654151175
35,693,Salah-Eddine Oulad M'hand,MID,Arsenal,0.2669645059075006
35,132,Ruben Loftus-Cheek,MID,Chelsea,0.2669645059075006
35,64,Leandro Trossard,MID,Brighton,0.2669645059075006
35,300,Dwight Gayle,FWD,Newcastle,0.2611888158482674
35,663,Kayky da Silva Chagas,FWD,Man City,0.2611888158482674
35,542,Robert Street,FWD,Crystal Palace,0.2611888158482674
35,175,Yerry Mina,DEF,Everton,0.2680975654151175
35,574,Robert Elliot,GK,Watford,0.1025318864798031
35,516,Joshua Sargent,FWD,Norwich,0.2611888158482674
35,112,Nick Pope,GK,Burnley,0.1025318864798031
35,267,Jack Harrison,MID,Leeds,0.2669645059075006
35,141,Kai Havertz,MID,Chelsea,0.2669645059075006
35,510,José Diogo Dalot Teixeira,DEF,Man Utd,0.2680975654151175
35,640,Nathan Young-Coombes,FWD,Brentford,0.2611888158482674
35,330,Josh Martin,MID,Norwich,0.2669645059075006
35,555,Raphaël Varane,DEF,Man Utd,0.2680975654151175
35,645,Ben Nelson,DEF,Leicester,0.2680975654151175
35,571,Andy Lonergan,GK,Everton,0.1025318864798031
35,474,Joel Ward,DEF,Crystal Palace,0.2680975654151175
35,698,Samuel Kalu,MID,Watford,0.2669645059075006
35,237,Trent Alexander-Arnold,DEF,Liverpool,0.2680975654151175
35,276,Jesse Lingard,MID,Man Utd,0.2669645059075006
35,627,Owen Beck,DEF,Liverpool,0.2680975654151175
35,357,Harry Kane,FWD,Spurs,0.2611888158482674
35,585,Connor Roberts,DEF,Burnley,0.2680975654151175
35,61,Adam Webster,DEF,Brighton,0.2680975654151175
35,265,Phil Foden,MID,Man City,0.2669645059075006
35,181,João Virgínia,GK,Everton,0.1025318864798031
35,142,Reece James,DEF,Chelsea,0.2680975654151175
35,713,Tommi O'Reilly,MID,Aston Villa,0.2669645059075006
35,81,Sergi Canós,MID,Brentford,0.2669645059075006
36,286,Eric Bailly,DEF,Man Utd,0.2680975654151175
36,49,Keinan Davis,FWD,Aston Villa,0.26118881584826736
36,49,Keinan Davis,FWD,Aston Villa,0.26118881584826736
36,394,Ayotomiwa Dele-Bashiru,MID,Watford,0.2669645059075006
36,394,Ayotomiwa Dele-Bashiru,MID,Watford,0.2669645059075006
36,341,James Ward-Prowse,MID,Southampton,0.2669645059075006
36,277,Bruno Miguel Borges Fernandes,MID,Man Utd,0.2669645059075006
36,223,Adrián San Miguel del Castillo,GK,Liverpool,0.1025318864798031
36,223,Adrián San Miguel del Castillo,GK,Liverpool,0.1025318864798031
36,148,James McArthur,MID,Crystal Palace,0.2669645059075006
36,564,Moise Kean,FWD,Everton,0.26118881584826736
36,564,Moise Kean,FWD,Everton,0.26118881584826736
36,405,Kwadwo Baah,MID,Watford,0.2669645059075006
36,405,Kwadwo Baah,MID,Watford,0.2669645059075006
36,301,Paul Dummett,DEF,Newcastle,0.2680975654151175
36,157,Jairo Riedewald,MID,Crystal Palace,0.2669645059075006
36,74,Alexis Mac Allister,MID,Brighton,0.2669645059075006
36,66,Alireza Jahanbakhsh,MID,Brighton,0.2669645059075006
36,428,Willy Boly,DEF,Wolves,0.2680975654151175
36,428,Willy Boly,DEF,Wolves,0.2680975654151175
36,510,José Diogo Dalot Teixeira,DEF,Man Utd,0.2680975654151175
36,155,Jeffrey Schlupp,MID,Crystal Palace,0.2669645059075006
36,698,Samuel Kalu,MID,Watford,0.2669645059075006
36,698,Samuel Kalu,MID,Watford,0.2669645059075006
36,574,Robert Elliot,GK,Watford,0.1025318864798031
36,574,Robert Elliot,GK,Watford,0.1025318864798031
36,468,Joshua King,FWD,Watford,0.26118881584826736
36,468,Joshua King,FWD,Watford,0.26118881584826736
36,180,Richarlison de Andrade,FWD,Everton,0.26118881584826736
36,180,Richarlison de Andrade,FWD,Everton,0.26118881584826736
36,554,Jamal Baptiste,DEF,West Ham,0.2680975654151175
36,650,Filip Marschall,GK,Aston Villa,0.1025318864798031
36,650,Filip Marschall,GK,Aston Villa,0.1025318864798031
36,321,Sam Byram,DEF,Norwich,0.2680975654151175
36,321,Sam Byram,DEF,Norwich,0.2680975654151175
36,377,Danny Rose,DEF,Watford,0.2680975654151175
36,377,Danny Rose,DEF,Watford,0.2680975654151175
36,722,Julian Jeanvier,DEF,Brentford,0.2680975654151175
36,257,Ederson Santana de Moraes,GK,Man City,0.1025318864798031
36,257,Ederson Santana de Moraes,GK,Man City,0.1025318864798031
36,686,Dion Sanderson,DEF,Wolves,0.2680975654151175
36,686,Dion Sanderson,DEF,Wolves,0.2680975654151175
36,184,Liam Cooper,DEF,Leeds,0.2680975654151175
36,184,Liam Cooper,DEF,Leeds,0.2680975654151175
36,46,Frédéric Guilbert,DEF,Aston Villa,0.2680975654151175
36,46,Frédéric Guilbert,DEF,Aston Villa,0.2680975654151175
36,39,Matt Targett,DEF,Newcastle,0.2680975654151175
36,629,James McAtee,MID,Man City,0.2669645059075006
36,629,James McAtee,MID,Man City,0.2669645059075006
36,435,Adama Traoré,MID,Wolves,0.2669645059075006
36,435,Adama Traoré,MID,Wolves,0.2669645059075006
36,123,Jorge Luiz Frello Filho,MID,Chelsea,0.2669645059075006
36,123,Jorge Luiz Frello Filho,MID,Chelsea,0.2669645059075006
36,240,Diogo Jota,MID,Liverpool,0.2669645059075006
36,240,Diogo Jota,MID,Liverpool,0.2669645059075006
36,250,Ilkay Gündogan,MID,Man City,0.2669645059075006
36,250,Ilkay Gündogan,MID,Man City,0.2669645059075006
36,275,Luke Shaw,DEF,Man Utd,0.2680975654151175
36,518,Armando Broja,FWD,Southampton,0.26118881584826736
36,653,Ed Turns,DEF,Brighton,0.2680975654151175
36,618,Nicolas Nkoulou,DEF,Watford,0.2680975654151175
36,618,Nicolas Nkoulou,DEF,Watford,0.2680975654151175
36,388,Stipe Perica,FWD,Watford,0.26118881584826736
36,388,Stipe Perica,FWD,Watford,0.26118881584826736
36,539,Emerson Palmieri dos Santos,DEF,Chelsea,0.2680975654151175
36,539,Emerson Palmieri dos Santos,DEF,Chelsea,0.2680975654151175
36,710,Daniel Chesters,MID,West Ham,0.2669645059075006
36,393,Isaac Success Ajayi,FWD,Watford,0.26118881584826736
36,393,Isaac Success Ajayi,FWD,Watford,0.26118881584826736
36,659,Brandon Austin,GK,Spurs,0.1025318864798031
36,659,Brandon Austin,GK,Spurs,0.1025318864798031
36,421,Declan Rice,MID,West Ham,0.2669645059075006
36,459,Juan Mata,MID,Man Utd,0.2669645059075006
36,192,Hélder Wander Sousa de Azevedo e Costa,MID,Leeds,0.2669645059075006
36,192,Hélder Wander Sousa de Azevedo e Costa,MID,Leeds,0.2669645059075006
36,711,Zak Swanson,DEF,Arsenal,0.2680975654151175
36,711,Zak Swanson,DEF,Arsenal,0.2680975654151175
36,708,Sam Waller,GK,Burnley,0.1025318864798031
36,542,Robert Street,FWD,Crystal Palace,0.26118881584826736
36,704,Liam Delap,FWD,Man City,0.26118881584826736
36,704,Liam Delap,FWD,Man City,0.26118881584826736
36,506,Harvey Elliott,MID,Liverpool,0.2669645059075006
36,506,Harvey Elliott,MID,Liverpool,0.2669645059075006
36,717,Jamie Bowden,MID,Spurs,0.2669645059075006
36,717,Jamie Bowden,MID,Spurs,0.2669645059075006
36,37,Mahmoud Ahmed Ibrahim Hassan,MID,Aston Villa,0.2669645059075006
36,37,Mahmoud Ahmed Ibrahim Hassan,MID,Aston Villa,0.2669645059075006
36,52,Ashley Young,DEF,Aston Villa,0.2680975654151175
36,52,Ashley Young,DEF,Aston Villa,0.2680975654151175
36,214,Hamza Choudhury,MID,Leicester,0.2669645059075006
36,214,Hamza Choudhury,MID,Leicester,0.2669645059075006
36,654,Marc Leonard,MID,Brighton,0.2669645059075006
36,324,Christoph Zimmermann,DEF,Norwich,0.2680975654151175
36,324,Christoph Zimmermann,DEF,Norwich,0.2680975654151175
36,731,Tyler Dibling,MID,Southampton,0.2669645059075006
36,136,Tammy Abraham,FWD,Chelsea,0.26118881584826736
36,136,Tammy Abraham,FWD,Chelsea,0.26118881584826736
36,56,Shane Duffy,DEF,Brighton,0.2680975654151175
36,495,Juraj Kucka,MID,Watford,0.2669645059075006
36,495,Juraj Kucka,MID,Watford,0.2669645059075006
36,172,André Filipe Tavares Gomes,MID,Everton,0.2669645059075006
36,172,André Filipe Tavares Gomes,MID,Everton,0.2669645059075006
36,142,Reece James,DEF,Chelsea,0.2680975654151175
36,142,Reece James,DEF,Chelsea,0.2680975654151175
36,547,Luke Cundle,MID,Wolves,0.2669645059075006
36,547,Luke Cundle,MID,Wolves,0.2669645059075006
36,552,Adam Forshaw,MID,Leeds,0.2669645059075006
36,552,Adam Forshaw,MID,Leeds,0.2669645059075006
36,129,Kepa Arrizabalaga,GK,Chelsea,0.1025318864798031
36,129,Kepa Arrizabalaga,GK,Chelsea,0.1025318864798031
36,36,Kortney Hause,DEF,Aston Villa,0.2680975654151175
36,36,Kortney Hause,DEF,Aston Villa,0.2680975654151175
36,680,Kgaogelo Chauke,MID,Southampton,0.2669645059075006
36,38,Tyrone Mings,DEF,Aston Villa,0.2680975654151175
36,38,Tyrone Mings,DEF,Aston Villa,0.2680975654151175
36,13,Ainsley Maitland-Niles,MID,Arsenal,0.2669645059075006
36,13,Ainsley Maitland-Niles,MID,Arsenal,0.2669645059075006
36,276,Jesse Lingard,MID,Man Utd,0.2669645059075006
36,145,Billy Gilmour,MID,Norwich,0.2669645059075006
36,145,Billy Gilmour,MID,Norwich,0.2669645059075006
36,497,Jaden Philogene-Bidace,MID,Aston Villa,0.2669645059075006
36,497,Jaden Philogene-Bidace,MID,Aston Villa,0.2669645059075006
36,453,Fernando Luiz Rosa,MID,Man City,0.2669645059075006
36,453,Fernando Luiz Rosa,MID,Man City,0.2669645059075006
36,648,Jonathan Rowe,MID,Norwich,0.2669645059075006
36,648,Jonathan Rowe,MID,Norwich,0.2669645059075006
36,31,Björn Engels,DEF,Aston Villa,0.2680975654151175
36,31,Björn Engels,DEF,Aston Villa,0.2680975654151175
36,79,Tariqe Fosu-Henry,MID,Brentford,0.2669645059075006
36,15,Thomas Partey,MID,Arsenal,0.2669645059075006
36,15,Thomas Partey,MID,Arsenal,0.2669645059075006
36,532,Karl Hein,GK,Arsenal,0.1025318864798031
36,532,Karl Hein,GK,Arsenal,0.1025318864798031
36,382,Francisco Femenía Far,DEF,Watford,0.2680975654151175
36,382,Francisco Femenía Far,DEF,Watford,0.2680975654151175
36,578,Maxwel Cornet,MID,Burnley,0.2669645059075006
36,430,Raúl Jiménez,FWD,Wolves,0.26118881584826736
36,430,Raúl Jiménez,FWD,Wolves,0.26118881584826736
36,660,Jarell Quansah,DEF,Liverpool,0.2680975654151175
36,660,Jarell Quansah,DEF,Liverpool,0.2680975654151175
36,309,Sean Longstaff,MID,Newcastle,0.2669645059075006
36,458,Boubakary Soumaré,MID,Leicester,0.2669645059075006
36,458,Boubakary Soumaré,MID,Leicester,0.2669645059075006
36,9,Héctor Bellerín,DEF,Arsenal,0.2680975654151175
36,9,Héctor Bellerín,DEF,Arsenal,0.2680975654151175
36,450,Emmanuel Dennis,FWD,Watford,0.26118881584826736
36,450,Emmanuel Dennis,FWD,Watford,0.26118881584826736
36,18,Lucas Torreira,MID,Arsenal,0.2669645059075006
36,18,Lucas Torreira,MID,Arsenal,0.2669645059075006
36,203,Nampalys Mendy,MID,Leicester,0.2669645059075006
36,203,Nampalys Mendy,MID,Leicester,0.2669645059075006
36,298,Ryan Fraser,MID,Newcastle,0.2669645059075006
36,589,Alex Kral,MID,West Ham,0.2669645059075006
36,272,Paul Pogba,MID,Man Utd,0.2669645059075006
36,670,Josh Feeney,DEF,Aston Villa,0.2680975654151175
36,670,Josh Feeney,DEF,Aston Villa,0.2680975654151175
36,32,Bertrand Traoré,MID,Aston Villa,0.2669645059075006
36,32,Bertrand Traoré,MID,Aston Villa,0.2669645059075006
36,64,Leandro Trossard,MID,Brighton,0.2669645059075006
36,77,Christian Nørgaard,MID,Brentford,0.2669645059075006
36,220,Wesley Fofana,DEF,Leicester,0.2680975654151175
36,220,Wesley Fofana,DEF,Leicester,0.2680975654151175
36,566,Tommy Doyle,MID,Man City,0.2669645059075006
36,566,Tommy Doyle,MID,Man City,0.2669645059075006
36,271,Nemanja Matic,MID,Man Utd,0.2669645059075006
36,417,Arthur Masuaku,DEF,West Ham,0.2680975654151175
36,167,Bernard Anício Caldeira Duarte,MID,Everton,0.2669645059075006
36,167,Bernard Anício Caldeira Duarte,MID,Everton,0.2669645059075006
36,290,Brandon Williams,DEF,Norwich,0.2680975654151175
36,290,Brandon Williams,DEF,Norwich,0.2680975654151175
36,318,Kenny McLean,MID,Norwich,0.2669645059075006
36,318,Kenny McLean,MID,Norwich,0.2669645059075006
36,400,Jeremy Ngakia,DEF,Watford,0.2680975654151175
36,400,Jeremy Ngakia,DEF,Watford,0.2680975654151175
36,585,Connor Roberts,DEF,Burnley,0.2680975654151175
36,230,Sadio Mané,MID,Liverpool,0.2669645059075006
36,230,Sadio Mané,MID,Liverpool,0.2669645059075006
36,626,Conor Bradley,DEF,Liverpool,0.2680975654151175
36,626,Conor Bradley,DEF,Liverpool,0.2680975654151175
36,20,Edward Nketiah,FWD,Arsenal,0.26118881584826736
36,20,Edward Nketiah,FWD,Arsenal,0.26118881584826736
36,75,Jakub Moder,MID,Brighton,0.2669645059075006
36,248,Ben Davies,DEF,Liverpool,0.2680975654151175
36,248,Ben Davies,DEF,Liverpool,0.2680975654151175
36,527,Trevoh Chalobah,DEF,Chelsea,0.2680975654151175
36,527,Trevoh Chalobah,DEF,Chelsea,0.2680975654151175
36,515,Bali Mumba,DEF,Norwich,0.2680975654151175
36,515,Bali Mumba,DEF,Norwich,0.2680975654151175
36,462,Enock Mwepu,MID,Brighton,0.2669645059075006
36,332,Theo Walcott,MID,Southampton,0.2669645059075006
36,305,Fabian Schär,DEF,Newcastle,0.2680975654151175
36,186,Mateusz Klich,MID,Leeds,0.2669645059075006
36,186,Mateusz Klich,MID,Leeds,0.2669645059075006
36,345,Che Adams,FWD,Southampton,0.26118881584826736
36,412,Andriy Yarmolenko,MID,West Ham,0.2669645059075006
36,320,Onel Hernández,MID,Norwich,0.2669645059075006
36,320,Onel Hernández,MID,Norwich,0.2669645059075006
36,135,Benjamin Chilwell,DEF,Chelsea,0.2680975654151175
36,135,Benjamin Chilwell,DEF,Chelsea,0.2680975654151175
36,434,Leander Dendoncker,MID,Wolves,0.2669645059075006
36,434,Leander Dendoncker,MID,Wolves,0.2669645059075006
36,234,Andrew Robertson,DEF,Liverpool,0.2680975654151175
36,234,Andrew Robertson,DEF,Liverpool,0.2680975654151175
36,583,Hee-Chan Hwang,FWD,Wolves,0.26118881584826736
36,583,Hee-Chan Hwang,FWD,Wolves,0.26118881584826736
36,281,Marcus Rashford,MID,Man Utd,0.2669645059075006
36,470,Rayan Ait Nouri,DEF,Wolves,0.2680975654151175
36,470,Rayan Ait Nouri,DEF,Wolves,0.2680975654151175
36,706,Hannibal Mejbri,MID,Man Utd,0.2669645059075006
36,536,Michal Karbownik,DEF,Brighton,0.2680975654151175
36,293,Ciaran Clark,DEF,Newcastle,0.2680975654151175
36,55,Pascal Groß,MID,Brighton,0.2669645059075006
36,534,Bobby Thomas,DEF,Burnley,0.2680975654151175
36,35,John McGinn,MID,Aston Villa,0.2669645059075006
36,35,John McGinn,MID,Aston Villa,0.2669645059075006
36,643,Jonathan Tomkinson,DEF,Norwich,0.2680975654151175
36,643,Jonathan Tomkinson,DEF,Norwich,0.2680975654151175
36,22,Bukayo Saka,MID,Arsenal,0.2669645059075006
36,22,Bukayo Saka,MID,Arsenal,0.2669645059075006
36,236,Takumi Minamino,MID,Liverpool,0.2669645059075006
36,236,Takumi Minamino,MID,Liverpool,0.2669645059075006
36,247,Rhys Williams,DEF,Liverpool,0.2680975654151175
36,247,Rhys Williams,DEF,Liverpool,0.2680975654151175
36,156,Jack Butland,GK,Crystal Palace,0.1025318864798031
36,256,João Pedro Cavaco Cancelo,DEF,Man City,0.2680975654151175
36,256,João Pedro Cavaco Cancelo,DEF,Man City,0.2680975654151175
36,41,Marvelous Nakamba,MID,Aston Villa,0.2669645059075006
36,41,Marvelous Nakamba,MID,Aston Villa,0.2669645059075006
36,5,Cédric Soares,DEF,Arsenal,0.2680975654151175
36,5,Cédric Soares,DEF,Arsenal,0.2680975654151175
36,238,Joseph Gomez,DEF,Liverpool,0.2680975654151175
36,238,Joseph Gomez,DEF,Liverpool,0.2680975654151175
36,108,Johann Berg Gudmundsson,MID,Burnley,0.2669645059075006
36,361,Eric Dier,DEF,Spurs,0.2680975654151175
36,361,Eric Dier,DEF,Spurs,0.2680975654151175
36,563,Charlie Cresswell,DEF,Leeds,0.2680975654151175
36,563,Charlie Cresswell,DEF,Leeds,0.2680975654151175
36,343,Jan Bednarek,DEF,Southampton,0.2680975654151175
36,73,Steven Alzate,MID,Brighton,0.2669645059075006
36,573,Eldin Jakupovic,GK,Leicester,0.1025318864798031
36,573,Eldin Jakupovic,GK,Leicester,0.1025318864798031
36,385,Nathaniel Chalobah,MID,Watford,0.2669645059075006
36,385,Nathaniel Chalobah,MID,Watford,0.2669645059075006
36,701,Dejan Kulusevski,MID,Spurs,0.2669645059075006
36,701,Dejan Kulusevski,MID,Spurs,0.2669645059075006
36,695,Ryan Alebiosu,DEF,Arsenal,0.2680975654151175
36,695,Ryan Alebiosu,DEF,Arsenal,0.2680975654151175
36,232,Fabio Henrique Tavares,MID,Liverpool,0.2669645059075006
36,232,Fabio Henrique Tavares,MID,Liverpool,0.2669645059075006
36,570,Niels Nkounkou,DEF,Everton,0.2680975654151175
36,570,Niels Nkounkou,DEF,Everton,0.2680975654151175
36,628,Maxwell Haygarth,MID,Brentford,0.2669645059075006
36,76,Pontus Jansson,DEF,Brentford,0.2680975654151175
36,426,João Filipe Iria Santos Moutinho,MID,Wolves,0.2669645059075006
36,426,João Filipe Iria Santos Moutinho,MID,Wolves,0.2669645059075006
36,621,James Storer,GK,Wolves,0.1025318864798031
36,621,James Storer,GK,Wolves,0.1025318864798031
36,481,Asmir Begović,GK,Everton,0.1025318864798031
36,481,Asmir Begović,GK,Everton,0.1025318864798031
36,259,Aymeric Laporte,DEF,Man City,0.2680975654151175
36,259,Aymeric Laporte,DEF,Man City,0.2680975654151175
36,466,Nuno Varela Tavares,DEF,Arsenal,0.2680975654151175
36,466,Nuno Varela Tavares,DEF,Arsenal,0.2680975654151175
36,245,Konstantinos Tsimikas,DEF,Liverpool,0.2680975654151175
36,245,Konstantinos Tsimikas,DEF,Liverpool,0.2680975654151175
36,304,Jacob Murphy,MID,Newcastle,0.2669645059075006
36,138,Mason Mount,MID,Chelsea,0.2669645059075006
36,138,Mason Mount,MID,Chelsea,0.2669645059075006
36,524,Yoane Wissa,MID,Brentford,0.2669645059075006
36,692,Omari Hutchinson,MID,Arsenal,0.2669645059075006
36,692,Omari Hutchinson,MID,Arsenal,0.2669645059075006
36,579,Cristiano Ronaldo dos Santos Aveiro,FWD,Man Utd,0.26118881584826736
36,700,Wout Weghorst,FWD,Burnley,0.26118881584826736
36,282,Donny van de Beek,MID,Everton,0.2669645059075006
36,282,Donny van de Beek,MID,Everton,0.2669645059075006
36,235,Divock Origi,FWD,Liverpool,0.26118881584826736
36,235,Divock Origi,FWD,Liverpool,0.26118881584826736
36,457,Dimitris Giannoulis,DEF,Norwich,0.2680975654151175
36,457,Dimitris Giannoulis,DEF,Norwich,0.2680975654151175
36,42,Anwar El Ghazi,MID,Everton,0.2669645059075006
36,42,Anwar El Ghazi,MID,Everton,0.2669645059075006
36,342,Kyle Walker-Peters,DEF,Southampton,0.2680975654151175
36,517,Mohamed Elyounoussi,MID,Southampton,0.2669645059075006
36,716,Tony Springett,MID,Norwich,0.2669645059075006
36,716,Tony Springett,MID,Norwich,0.2669645059075006
36,384,Christian Kabasele,DEF,Watford,0.2680975654151175
36,384,Christian Kabasele,DEF,Watford,0.2680975654151175
36,383,Andre Gray,FWD,Watford,0.26118881584826736
36,383,Andre Gray,FWD,Watford,0.26118881584826736
36,243,Ibrahima Konaté,DEF,Liverpool,0.2680975654151175
36,243,Ibrahima Konaté,DEF,Liverpool,0.2680975654151175
36,159,Jean-Philippe Mateta,FWD,Crystal Palace,0.26118881584826736
36,638,Tim Iroegbunam,MID,Aston Villa,0.2669645059075006
36,638,Tim Iroegbunam,MID,Aston Villa,0.2669645059075006
36,520,Dane Scarlett,FWD,Spurs,0.26118881584826736
36,520,Dane Scarlett,FWD,Spurs,0.26118881584826736
36,559,Aaron Ramsdale,GK,Arsenal,0.1025318864798031
36,559,Aaron Ramsdale,GK,Arsenal,0.1025318864798031
36,219,Luke Thomas,DEF,Leicester,0.2680975654151175
36,219,Luke Thomas,DEF,Leicester,0.2680975654151175
36,630,Tyler Onyango,MID,Everton,0.2669645059075006
36,630,Tyler Onyango,MID,Everton,0.2669645059075006
36,726,Dara Costelloe,MID,Burnley,0.2669645059075006
36,632,Phil Jones,DEF,Man Utd,0.2680975654151175
36,190,Diego Llorente,DEF,Leeds,0.2680975654151175
36,190,Diego Llorente,DEF,Leeds,0.2680975654151175
36,194,Robin Koch,DEF,Leeds,0.2680975654151175
36,194,Robin Koch,DEF,Leeds,0.2680975654151175
36,724,Marcel Lavinier,DEF,Spurs,0.2680975654151175
36,724,Marcel Lavinier,DEF,Spurs,0.2680975654151175
36,478,Albert Sambi Lokonga,MID,Arsenal,0.2669645059075006
36,478,Albert Sambi Lokonga,MID,Arsenal,0.2669645059075006
36,550,Sam Greenwood,FWD,Leeds,0.26118881584826736
36,550,Sam Greenwood,FWD,Leeds,0.26118881584826736
36,161,Nathan Ferguson,DEF,Crystal Palace,0.2680975654151175
36,6,Alexandre Lacazette,FWD,Arsenal,0.26118881584826736
36,6,Alexandre Lacazette,FWD,Arsenal,0.26118881584826736
36,251,Kevin De Bruyne,MID,Man City,0.2669645059075006
36,251,Kevin De Bruyne,MID,Man City,0.2669645059075006
36,233,Mohamed Salah,MID,Liverpool,0.2669645059075006
36,233,Mohamed Salah,MID,Liverpool,0.2669645059075006
36,255,Raheem Sterling,MID,Man City,0.2669645059075006
36,255,Raheem Sterling,MID,Man City,0.2669645059075006
36,683,Liam Gibbs,MID,Norwich,0.2669645059075006
36,683,Liam Gibbs,MID,Norwich,0.2669645059075006
36,154,Wilfried Zaha,MID,Crystal Palace,0.2669645059075006
36,651,Conrad Egan-Riley,DEF,Man City,0.2680975654151175
36,651,Conrad Egan-Riley,DEF,Man City,0.2680975654151175
36,513,Freddie Woodman,GK,Newcastle,0.1025318864798031
36,69,Robert Sánchez,GK,Brighton,0.1025318864798031
36,665,Dynel Simeu,DEF,Southampton,0.2680975654151175
36,246,Neco Williams,DEF,Liverpool,0.2680975654151175
36,246,Neco Williams,DEF,Liverpool,0.2680975654151175
36,106,Ben Mee,DEF,Burnley,0.2680975654151175
36,198,Pascal Struijk,DEF,Leeds,0.2680975654151175
36,198,Pascal Struijk,DEF,Leeds,0.2680975654151175
36,176,Tom Davies,MID,Everton,0.2669645059075006
36,176,Tom Davies,MID,Everton,0.2669645059075006
36,611,Louie Moulden,GK,Wolves,0.1025318864798031
36,611,Louie Moulden,GK,Wolves,0.1025318864798031
36,24,Konstantinos Mavropanos,DEF,Arsenal,0.2680975654151175
36,24,Konstantinos Mavropanos,DEF,Arsenal,0.2680975654151175
36,174,Alex Iwobi,MID,Everton,0.2669645059075006
36,174,Alex Iwobi,MID,Everton,0.2669645059075006
36,143,Edouard Mendy,GK,Chelsea,0.1025318864798031
36,143,Edouard Mendy,GK,Chelsea,0.1025318864798031
36,358,Serge Aurier,DEF,Spurs,0.2680975654151175
36,358,Serge Aurier,DEF,Spurs,0.2680975654151175
36,557,Ozan Tufan,MID,Watford,0.2669645059075006
36,557,Ozan Tufan,MID,Watford,0.2669645059075006
36,477,Marc Guéhi,DEF,Crystal Palace,0.2680975654151175
36,111,Matej Vydra,FWD,Burnley,0.26118881584826736
36,139,Ethan Ampadu,DEF,Chelsea,0.2680975654151175
36,139,Ethan Ampadu,DEF,Chelsea,0.2680975654151175
36,88,Marcus Forss,FWD,Brentford,0.26118881584826736
36,325,Todd Cantwell,MID,Norwich,0.2669645059075006
36,325,Todd Cantwell,MID,Norwich,0.2669645059075006
36,577,Joe Gelhardt,FWD,Leeds,0.26118881584826736
36,577,Joe Gelhardt,FWD,Leeds,0.26118881584826736
36,420,Jarrod Bowen,MID,West Ham,0.2669645059075006
36,530,Folarin Balogun,FWD,Arsenal,0.26118881584826736
36,530,Folarin Balogun,FWD,Arsenal,0.26118881584826736
36,253,Benjamin Mendy,DEF,Man City,0.2680975654151175
36,253,Benjamin Mendy,DEF,Man City,0.2680975654151175
36,3,Willian Borges Da Silva,MID,Arsenal,0.2669645059075006
36,3,Willian Borges Da Silva,MID,Arsenal,0.2669645059075006
36,599,Joe White,MID,Newcastle,0.2669645059075006
36,461,Francisco Machado Mota de Castro Trincão,MID,Wolves,0.2669645059075006
36,461,Francisco Machado Mota de Castro Trincão,MID,Wolves,0.2669645059075006
36,416,Manuel Lanzini,MID,West Ham,0.2669645059075006
36,354,Moussa Sissoko,MID,Watford,0.2669645059075006
36,354,Moussa Sissoko,MID,Watford,0.2669645059075006
36,565,Owen Dodgson,DEF,Burnley,0.2680975654151175
36,152,Luka Milivojevic,MID,Crystal Palace,0.2669645059075006
36,658,Archie Gray,MID,Leeds,0.2669645059075006
36,658,Archie Gray,MID,Leeds,0.2669645059075006
36,132,Ruben Loftus-Cheek,MID,Chelsea,0.2669645059075006
36,132,Ruben Loftus-Cheek,MID,Chelsea,0.2669645059075006
36,498,Dominic Thompson,DEF,Brentford,0.2680975654151175
36,580,Ozan Kabak,DEF,Norwich,0.2680975654151175
36,580,Ozan Kabak,DEF,Norwich,0.2680975654151175
36,576,Liam McCarron,MID,Leeds,0.2669645059075006
36,576,Liam McCarron,MID,Leeds,0.2669645059075006
36,2,Rúnar Alex Rúnarsson,GK,Arsenal,0.1025318864798031
36,2,Rúnar Alex Rúnarsson,GK,Arsenal,0.1025318864798031
36,427,Rui Pedro dos Santos Patrício,GK,Wolves,0.1025318864798031
36,427,Rui Pedro dos Santos Patrício,GK,Wolves,0.1025318864798031
36,160,Eberechi Eze,MID,Crystal Palace,0.2669645059075006
36,604,Joshua Wilson-Esbrand,DEF,Man City,0.2680975654151175
36,604,Joshua Wilson-Esbrand,DEF,Man City,0.2680975654151175
36,402,Joseph Hungbo,MID,Watford,0.2669645059075006
36,402,Joseph Hungbo,MID,Watford,0.2669645059075006
36,703,Benjamin Chrisene,MID,Aston Villa,0.2669645059075006
36,703,Benjamin Chrisene,MID,Aston Villa,0.2669645059075006
36,102,Dale Stephens,MID,Burnley,0.2669645059075006
36,166,James Rodríguez,MID,Everton,0.2669645059075006
36,166,James Rodríguez,MID,Everton,0.2669645059075006
36,613,Charlie Whitaker,MID,Everton,0.2669645059075006
36,613,Charlie Whitaker,MID,Everton,0.2669645059075006
36,595,Jürgen Locadia,FWD,Brighton,0.26118881584826736
36,300,Dwight Gayle,FWD,Newcastle,0.26118881584826736
36,196,Raphael Dias Belloli,MID,Leeds,0.2669645059075006
36,196,Raphael Dias Belloli,MID,Leeds,0.2669645059075006
36,681,Philippe Coutinho Correia,MID,Aston Villa,0.2669645059075006
36,681,Philippe Coutinho Correia,MID,Aston Villa,0.2669645059075006
36,424,Issa Diop,DEF,West Ham,0.2680975654151175
36,126,Michy Batshuayi,FWD,Chelsea,0.26118881584826736
36,126,Michy Batshuayi,FWD,Chelsea,0.26118881584826736
36,436,Rúben Diogo da Silva Neves,MID,Wolves,0.2669645059075006
36,436,Rúben Diogo da Silva Neves,MID,Wolves,0.2669645059075006
36,125,Mateo Kovacic,MID,Chelsea,0.2669645059075006
36,125,Mateo Kovacic,MID,Chelsea,0.2669645059075006
36,619,Matthew Cox,GK,Brentford,0.1025318864798031
36,144,Conor Gallagher,MID,Crystal Palace,0.2669645059075006
36,697,Bruno Guimarães Rodriguez Moura,MID,Newcastle,0.2669645059075006
36,633,James Morris,DEF,Watford,0.2680975654151175
36,633,James Morris,DEF,Watford,0.2680975654151175
36,278,Anthony Martial,FWD,Man Utd,0.26118881584826736
36,551,Crysencio Summerville,MID,Leeds,0.2669645059075006
36,551,Crysencio Summerville,MID,Leeds,0.2669645059075006
36,83,Rico Henry,DEF,Brentford,0.2680975654151175
36,366,Harry Winks,MID,Spurs,0.2669645059075006
36,366,Harry Winks,MID,Spurs,0.2669645059075006
36,617,Harrison Ashby,DEF,West Ham,0.2680975654151175
36,57,Davy Pröpper,MID,Brighton,0.2669645059075006
36,521,Frederik Alves,DEF,West Ham,0.2680975654151175
36,187,Rodrigo Moreno,FWD,Leeds,0.26118881584826736
36,187,Rodrigo Moreno,FWD,Leeds,0.26118881584826736
36,494,Cristian Romero,DEF,Spurs,0.2680975654151175
36,494,Cristian Romero,DEF,Spurs,0.2680975654151175
36,639,Vontae Daley-Campbell,DEF,Leicester,0.2680975654151175
36,639,Vontae Daley-Campbell,DEF,Leicester,0.2680975654151175
36,296,Callum Wilson,FWD,Newcastle,0.26118881584826736
36,713,Tommi O'Reilly,MID,Aston Villa,0.2669645059075006
36,713,Tommi O'Reilly,MID,Aston Villa,0.2669645059075006
36,224,Joel Matip,DEF,Liverpool,0.2680975654151175
36,224,Joel Matip,DEF,Liverpool,0.2680975654151175
36,378,Dan Gosling,MID,Watford,0.2669645059075006
36,378,Dan Gosling,MID,Watford,0.2669645059075006
36,229,Virgil van Dijk,DEF,Liverpool,0.2680975654151175
36,229,Virgil van Dijk,DEF,Liverpool,0.2680975654151175
36,401,Ben Wilmot,DEF,Watford,0.2680975654151175
36,401,Ben Wilmot,DEF,Watford,0.2680975654151175
36,419,Saïd Benrahma,MID,West Ham,0.2669645059075006
36,326,Max Aarons,DEF,Norwich,0.2680975654151175
36,326,Max Aarons,DEF,Norwich,0.2680975654151175
36,655,Evan Ferguson,FWD,Brighton,0.26118881584826736
36,484,Demarai Gray,MID,Everton,0.2669645059075006
36,484,Demarai Gray,MID,Everton,0.2669645059075006
36,127,Antonio Rüdiger,DEF,Chelsea,0.2680975654151175
36,127,Antonio Rüdiger,DEF,Chelsea,0.2680975654151175
36,601,Stuart McKinstry,MID,Leeds,0.2669645059075006
36,601,Stuart McKinstry,MID,Leeds,0.2669645059075006
36,392,Philip Zinckernagel,MID,Watford,0.2669645059075006
36,392,Philip Zinckernagel,MID,Watford,0.2669645059075006
36,280,Dean Henderson,GK,Man Utd,0.1025318864798031
36,693,Salah-Eddine Oulad M'hand,MID,Arsenal,0.2669645059075006
36,693,Salah-Eddine Oulad M'hand,MID,Arsenal,0.2669645059075006
36,299,Jamaal Lascelles,DEF,Newcastle,0.2680975654151175
36,407,Darren Randolph,GK,West Ham,0.1025318864798031
36,90,Mads Bech Sørensen,DEF,Brentford,0.2680975654151175
36,501,Malang Sarr,DEF,Chelsea,0.2680975654151175
36,501,Malang Sarr,DEF,Chelsea,0.2680975654151175
36,641,Willy Caballero,GK,Southampton,0.1025318864798031
36,50,Douglas Luiz Soares de Paulo,MID,Aston Villa,0.2669645059075006
36,50,Douglas Luiz Soares de Paulo,MID,Aston Villa,0.2669645059075006
36,81,Sergi Canós,MID,Brentford,0.2669645059075006
36,328,Przemyslaw Placheta,MID,Norwich,0.2669645059075006
36,328,Przemyslaw Placheta,MID,Norwich,0.2669645059075006
36,676,Hassane Kamara,DEF,Watford,0.2680975654151175
36,676,Hassane Kamara,DEF,Watford,0.2680975654151175
36,663,Kayky da Silva Chagas,FWD,Man City,0.26118881584826736
36,663,Kayky da Silva Chagas,FWD,Man City,0.26118881584826736
36,455,Patson Daka,FWD,Leicester,0.26118881584826736
36,455,Patson Daka,FWD,Leicester,0.26118881584826736
36,339,Stuart Armstrong,MID,Southampton,0.2669645059075006
36,399,Ismaila Sarr,MID,Watford,0.2669645059075006
36,399,Ismaila Sarr,MID,Watford,0.2669645059075006
36,442,Owen Otasowie,MID,Wolves,0.2669645059075006
36,442,Owen Otasowie,MID,Wolves,0.2669645059075006
36,540,Reece Hannam,DEF,Crystal Palace,0.2680975654151175
36,295,Martin Dubravka,GK,Newcastle,0.1025318864798031
36,675,Vitalii Mykolenko,DEF,Everton,0.2680975654151175
36,675,Vitalii Mykolenko,DEF,Everton,0.2680975654151175
36,493,Nathaniel Clyne,DEF,Crystal Palace,0.2680975654151175
36,603,Luke Mbete,DEF,Man City,0.2680975654151175
36,603,Luke Mbete,DEF,Man City,0.2680975654151175
36,408,Lukasz Fabianski,GK,West Ham,0.1025318864798031
36,164,Gylfi Sigurdsson,MID,Everton,0.2669645059075006
36,164,Gylfi Sigurdsson,MID,Everton,0.2669645059075006
36,175,Yerry Mina,DEF,Everton,0.2680975654151175
36,175,Yerry Mina,DEF,Everton,0.2680975654151175
36,451,Nathan Collins,DEF,Burnley,0.2680975654151175
36,25,Mattéo Guendouzi,MID,Arsenal,0.2669645059075006
36,25,Mattéo Guendouzi,MID,Arsenal,0.2669645059075006
36,499,Shandon Baptiste,MID,Brentford,0.2669645059075006
36,218,James Justin,DEF,Leicester,0.2680975654151175
36,218,James Justin,DEF,Leicester,0.2680975654151175
36,522,Conor Coventry,MID,West Ham,0.2669645059075006
36,319,Grant Hanley,DEF,Norwich,0.2680975654151175
36,319,Grant Hanley,DEF,Norwich,0.2680975654151175
36,30,Emiliano Martínez,GK,Aston Villa,0.1025318864798031
36,30,Emiliano Martínez,GK,Aston Villa,0.1025318864798031
36,335,Oriol Romeu Vidal,MID,Southampton,0.2669645059075006
36,303,Emil Krafth,DEF,Newcastle,0.2680975654151175
36,137,Christian Pulisic,MID,Chelsea,0.2669645059075006
36,137,Christian Pulisic,MID,Chelsea,0.2669645059075006
36,158,Jarosław Jach,DEF,Crystal Palace,0.2680975654151175
36,718,Isaac Price,MID,Everton,0.2669645059075006
36,718,Isaac Price,MID,Everton,0.2669645059075006
36,381,Tom Cleverley,MID,Watford,0.2669645059075006
36,381,Tom Cleverley,MID,Watford,0.2669645059075006
36,728,Álvaro Fernández,DEF,Man Utd,0.2680975654151175
36,217,Çaglar Söyüncü,DEF,Leicester,0.2680975654151175
36,217,Çaglar Söyüncü,DEF,Leicester,0.2680975654151175
36,252,John Stones,DEF,Man City,0.2680975654151175
36,252,John Stones,DEF,Man City,0.2680975654151175
36,596,Viljami Sinisalo,GK,Aston Villa,0.1025318864798031
36,596,Viljami Sinisalo,GK,Aston Villa,0.1025318864798031
36,441,Pedro Lomba Neto,MID,Wolves,0.2669645059075006
36,441,Pedro Lomba Neto,MID,Wolves,0.2669645059075006
36,337,Danny Ings,FWD,Aston Villa,0.26118881584826736
36,337,Danny Ings,FWD,Aston Villa,0.26118881584826736
36,588,Emerson Aparecido Leite de Souza Junior,DEF,Spurs,0.2680975654151175
36,588,Emerson Aparecido Leite de Souza Junior,DEF,Spurs,0.2680975654151175
36,696,Luis Díaz,MID,Liverpool,0.2669645059075006
36,696,Luis Díaz,MID,Liverpool,0.2669645059075006
36,263,Gabriel Fernando de Jesus,FWD,Man City,0.26118881584826736
36,263,Gabriel Fernando de Jesus,FWD,Man City,0.26118881584826736
36,285,Scott McTominay,MID,Man Utd,0.2669645059075006
36,8,Pablo Marí,DEF,Arsenal,0.2680975654151175
36,8,Pablo Marí,DEF,Arsenal,0.2680975654151175
36,537,Taylor Richards,MID,Brighton,0.2669645059075006
36,571,Andy Lonergan,GK,Everton,0.1025318864798031
36,571,Andy Lonergan,GK,Everton,0.1025318864798031
36,500,Florin Andone,FWD,Brighton,0.26118881584826736
36,177,Dominic Calvert-Lewin,FWD,Everton,0.26118881584826736
36,177,Dominic Calvert-Lewin,FWD,Everton,0.26118881584826736
36,647,Kasey McAteer,MID,Leicester,0.2669645059075006
36,647,Kasey McAteer,MID,Leicester,0.2669645059075006
36,694,Mika Biereth,FWD,Arsenal,0.26118881584826736
36,694,Mika Biereth,FWD,Arsenal,0.26118881584826736
36,582,Nikola Vlasic,MID,West Ham,0.2669645059075006
36,715,Abu Kamara,FWD,Norwich,0.26118881584826736
36,715,Abu Kamara,FWD,Norwich,0.26118881584826736
36,602,Ellis Simms,FWD,Everton,0.26118881584826736
36,602,Ellis Simms,FWD,Everton,0.26118881584826736
36,590,Takehiro Tomiyasu,DEF,Arsenal,0.2680975654151175
36,590,Takehiro Tomiyasu,DEF,Arsenal,0.2680975654151175
36,191,Kalvin Phillips,MID,Leeds,0.2669645059075006
36,191,Kalvin Phillips,MID,Leeds,0.2669645059075006
36,373,Oliver Skipp,MID,Spurs,0.2669645059075006
36,373,Oliver Skipp,MID,Spurs,0.2669645059075006
36,40,Ollie Watkins,FWD,Aston Villa,0.26118881584826736
36,40,Ollie Watkins,FWD,Aston Villa,0.26118881584826736
36,91,Ethan Pinnock,DEF,Brentford,0.2680975654151175
36,575,Aaron Lennon,MID,Burnley,0.2669645059075006
36,84,Vitaly Janelt,MID,Brentford,0.2669645059075006
36,657,Kris Moore,DEF,Leeds,0.2680975654151175
36,657,Kris Moore,DEF,Leeds,0.2680975654151175
36,367,Davinson Sánchez,DEF,Spurs,0.2680975654151175
36,367,Davinson Sánchez,DEF,Spurs,0.2680975654151175
36,678,Kieran Trippier,DEF,Newcastle,0.2680975654151175
36,514,Mark Gillespie,GK,Newcastle,0.1025318864798031
36,96,Bryan Mbeumo,MID,Brentford,0.2669645059075006
36,732,Tiago Çukur,FWD,Watford,0.26118881584826736
36,732,Tiago Çukur,FWD,Watford,0.26118881584826736
36,173,Abdoulaye Doucouré,MID,Everton,0.2669645059075006
36,173,Abdoulaye Doucouré,MID,Everton,0.2669645059075006
36,314,Tim Krul,GK,Norwich,0.1025318864798031
36,314,Tim Krul,GK,Norwich,0.1025318864798031
36,719,Mazeed Ogungbo,DEF,Arsenal,0.2680975654151175
36,719,Mazeed Ogungbo,DEF,Arsenal,0.2680975654151175
36,327,Jacob Sørensen,DEF,Norwich,0.2680975654151175
36,327,Jacob Sørensen,DEF,Norwich,0.2680975654151175
36,311,Jamal Lewis,DEF,Newcastle,0.2680975654151175
36,561,Remi Matthews,GK,Crystal Palace,0.1025318864798031
36,266,Rodrigo Hernandez,MID,Man City,0.2669645059075006
36,266,Rodrigo Hernandez,MID,Man City,0.2669645059075006
36,410,Winston Reid,DEF,West Ham,0.2680975654151175
36,283,Axel Tuanzebe,DEF,Man Utd,0.2680975654151175
36,587,Ademola Lookman,MID,Leicester,0.2669645059075006
36,587,Ademola Lookman,MID,Leicester,0.2669645059075006
36,131,Hakim Ziyech,MID,Chelsea,0.2669645059075006
36,131,Hakim Ziyech,MID,Chelsea,0.2669645059075006
36,606,Marcus Bettinelli,GK,Chelsea,0.1025318864798031
36,606,Marcus Bettinelli,GK,Chelsea,0.1025318864798031
36,625,Kaide Gordon,MID,Liverpool,0.2669645059075006
36,625,Kaide Gordon,MID,Liverpool,0.2669645059075006
36,634,Sonny Perkins,MID,West Ham,0.2669645059075006
36,189,Patrick Bamford,FWD,Leeds,0.26118881584826736
36,189,Patrick Bamford,FWD,Leeds,0.26118881584826736
36,645,Ben Nelson,DEF,Leicester,0.2680975654151175
36,645,Ben Nelson,DEF,Leicester,0.2680975654151175
36,27,William Saliba,DEF,Arsenal,0.2680975654151175
36,27,William Saliba,DEF,Arsenal,0.2680975654151175
36,591,Salomón Rondón,FWD,Everton,0.26118881584826736
36,591,Salomón Rondón,FWD,Everton,0.26118881584826736
36,202,Marc Albrighton,MID,Leicester,0.2669645059075006
36,202,Marc Albrighton,MID,Leicester,0.2669645059075006
36,689,Francisco Jorge Tomás Oliveira,MID,Wolves,0.2669645059075006
36,689,Francisco Jorge Tomás Oliveira,MID,Wolves,0.2669645059075006
36,103,Kevin Long,DEF,Burnley,0.2680975654151175
36,205,Jamie Vardy,FWD,Leicester,0.26118881584826736
36,205,Jamie Vardy,FWD,Leicester,0.26118881584826736
36,231,Alisson Ramses Becker,GK,Liverpool,0.1025318864798031
36,231,Alisson Ramses Becker,GK,Liverpool,0.1025318864798031
36,727,Shola Shoretire,MID,Man Utd,0.2669645059075006
36,43,Emiliano Buendía Stati,MID,Aston Villa,0.2669645059075006
36,43,Emiliano Buendía Stati,MID,Aston Villa,0.2669645059075006
36,308,Miguel Almirón,MID,Newcastle,0.2669645059075006
36,423,Pablo Fornals,MID,West Ham,0.2669645059075006
36,538,Moisés Caicedo,MID,Brighton,0.2669645059075006
36,688,Thomas McGill,GK,Brighton,0.1025318864798031
36,482,Andros Townsend,MID,Everton,0.2669645059075006
36,482,Andros Townsend,MID,Everton,0.2669645059075006
36,291,Jonjo Shelvey,MID,Newcastle,0.2669645059075006
36,360,Matt Doherty,DEF,Spurs,0.2680975654151175
36,360,Matt Doherty,DEF,Spurs,0.2680975654151175
36,504,Jean-Philippe Gbamin,MID,Everton,0.2669645059075006
36,504,Jean-Philippe Gbamin,MID,Everton,0.2669645059075006
36,609,Elliot Anderson,MID,Newcastle,0.2669645059075006
36,546,Yan Valery,DEF,Southampton,0.2680975654151175
36,729,Matthew Craig,MID,Spurs,0.2669645059075006
36,729,Matthew Craig,MID,Spurs,0.2669645059075006
36,87,Charlie Goode,DEF,Brentford,0.2680975654151175
36,122,Marcos Alonso,DEF,Chelsea,0.2680975654151175
36,122,Marcos Alonso,DEF,Chelsea,0.2680975654151175
36,82,Pelenda Joshua Dasilva,MID,Brentford,0.2669645059075006
36,171,Allan Marques Loureiro,MID,Everton,0.2669645059075006
36,171,Allan Marques Loureiro,MID,Everton,0.2669645059075006
36,264,Oleksandr Zinchenko,DEF,Man City,0.2680975654151175
36,264,Oleksandr Zinchenko,DEF,Man City,0.2680975654151175
36,241,Nathaniel Phillips,DEF,Liverpool,0.2680975654151175
36,241,Nathaniel Phillips,DEF,Liverpool,0.2680975654151175
36,525,Adam Armstrong,FWD,Southampton,0.26118881584826736
36,516,Joshua Sargent,FWD,Norwich,0.26118881584826736
36,516,Joshua Sargent,FWD,Norwich,0.26118881584826736
36,99,Phil Bardsley,DEF,Burnley,0.2680975654151175
36,649,Thomas Dickson-Peters,FWD,Norwich,0.26118881584826736
36,649,Thomas Dickson-Peters,FWD,Norwich,0.26118881584826736
36,221,James Milner,MID,Liverpool,0.2669645059075006
36,221,James Milner,MID,Liverpool,0.2669645059075006
36,646,Lewis Brunt,MID,Leicester,0.2669645059075006
36,646,Lewis Brunt,MID,Leicester,0.2669645059075006
36,28,Jed Steer,GK,Aston Villa,0.1025318864798031
36,28,Jed Steer,GK,Aston Villa,0.1025318864798031
36,690,Robert Kenedy Nunes do Nascimento,DEF,Chelsea,0.2680975654151175
36,690,Robert Kenedy Nunes do Nascimento,DEF,Chelsea,0.2680975654151175
36,406,Mark Noble,MID,West Ham,0.2669645059075006
36,668,Harvey White,MID,Spurs,0.2669645059075006
36,668,Harvey White,MID,Spurs,0.2669645059075006
36,562,Cody Drameh,DEF,Leeds,0.2680975654151175
36,562,Cody Drameh,DEF,Leeds,0.2680975654151175
36,4,Pierre-Emerick Aubameyang,FWD,Arsenal,0.26118881584826736
36,4,Pierre-Emerick Aubameyang,FWD,Arsenal,0.26118881584826736
36,475,José Malheiro de Sá,GK,Wolves,0.1025318864798031
36,475,José Malheiro de Sá,GK,Wolves,0.1025318864798031
36,333,Fraser Forster,GK,Southampton,0.1025318864798031
36,44,Matthew Cash,DEF,Aston Villa,0.2680975654151175
36,44,Matthew Cash,DEF,Aston Villa,0.2680975654151175
36,307,Allan Saint-Maximin,FWD,Newcastle,0.26118881584826736
36,544,Jarrad Branthwaite,DEF,Everton,0.2680975654151175
36,544,Jarrad Branthwaite,DEF,Everton,0.2680975654151175
36,474,Joel Ward,DEF,Crystal Palace,0.2680975654151175
36,449,Milot Rashica,MID,Norwich,0.2669645059075006
36,449,Milot Rashica,MID,Norwich,0.2669645059075006
36,418,Vladimir Coufal,DEF,West Ham,0.2680975654151175
36,163,Fabian Delph,MID,Everton,0.2669645059075006
36,163,Fabian Delph,MID,Everton,0.2669645059075006
36,682,Pierre Ekwah,DEF,West Ham,0.2680975654151175
36,425,Ben Johnson,DEF,West Ham,0.2680975654151175
36,21,Emile Smith Rowe,MID,Arsenal,0.2669645059075006
36,21,Emile Smith Rowe,MID,Arsenal,0.2669645059075006
36,355,Toby Alderweireld,DEF,Spurs,0.2680975654151175
36,355,Toby Alderweireld,DEF,Spurs,0.2680975654151175
36,620,Tyler Morton,MID,Liverpool,0.2669645059075006
36,620,Tyler Morton,MID,Liverpool,0.2669645059075006
36,666,Jon McCracken,GK,Norwich,0.1025318864798031
36,666,Jon McCracken,GK,Norwich,0.1025318864798031
36,310,Joelinton Cássio Apolinário de Lira,FWD,Newcastle,0.26118881584826736
36,294,Karl Darlow,GK,Newcastle,0.1025318864798031
36,505,Kiernan Dewsbury-Hall,MID,Leicester,0.2669645059075006
36,505,Kiernan Dewsbury-Hall,MID,Leicester,0.2669645059075006
36,149,Christian Benteke,FWD,Crystal Palace,0.26118881584826736
36,254,Riyad Mahrez,MID,Man City,0.2669645059075006
36,254,Riyad Mahrez,MID,Man City,0.2669645059075006
36,363,Bamidele Alli,MID,Everton,0.2669645059075006
36,363,Bamidele Alli,MID,Everton,0.2669645059075006
36,479,Frank Onyeka,MID,Brentford,0.2669645059075006
36,652,Armstrong Oko-Flex,MID,West Ham,0.2669645059075006
36,104,Jay Rodriguez,FWD,Burnley,0.26118881584826736
36,92,Ellery Balcombe,GK,Brentford,0.1025318864798031
36,316,Marco Stiepermann,MID,Norwich,0.2669645059075006
36,316,Marco Stiepermann,MID,Norwich,0.2669645059075006
36,491,Tino Livramento,DEF,Southampton,0.2680975654151175
36,352,Joe Hart,GK,Spurs,0.1025318864798031
36,352,Joe Hart,GK,Spurs,0.1025318864798031
36,107,Ashley Westwood,MID,Burnley,0.2669645059075006
36,687,Ryan Giles,MID,Wolves,0.2669645059075006
36,687,Ryan Giles,MID,Wolves,0.2669645059075006
36,568,Cameron Archer,FWD,Aston Villa,0.26118881584826736
36,568,Cameron Archer,FWD,Aston Villa,0.26118881584826736
36,113,Charlie Taylor,DEF,Burnley,0.2680975654151175
36,699,Christian Eriksen,MID,Brentford,0.2669645059075006
36,581,Mathias Normann,MID,Norwich,0.2669645059075006
36,581,Mathias Normann,MID,Norwich,0.2669645059075006
36,97,Mads Bidstrup,MID,Brentford,0.2669645059075006
36,733,Adrian Blake,MID,Watford,0.2669645059075006
36,733,Adrian Blake,MID,Watford,0.2669645059075006
36,178,Mason Holgate,DEF,Everton,0.2680975654151175
36,178,Mason Holgate,DEF,Everton,0.2680975654151175
36,338,Jack Stephens,DEF,Southampton,0.2680975654151175
36,567,Lyanco Evangelista Silveira Neves Vojnovic,DEF,Southampton,0.2680975654151175
36,503,Anthony Gordon,MID,Everton,0.2669645059075006
36,503,Anthony Gordon,MID,Everton,0.2669645059075006
36,109,Chris Wood,FWD,Newcastle,0.26118881584826736
36,437,Nélson Cabral Semedo,DEF,Wolves,0.2680975654151175
36,437,Nélson Cabral Semedo,DEF,Wolves,0.2680975654151175
36,543,Scott Banks,MID,Crystal Palace,0.2669645059075006
36,637,Harry Lewis,GK,Southampton,0.1025318864798031
36,431,Romain Saïss,DEF,Wolves,0.2680975654151175
36,431,Romain Saïss,DEF,Wolves,0.2680975654151175
36,456,Ben Gibson,DEF,Norwich,0.2680975654151175
36,456,Ben Gibson,DEF,Norwich,0.2680975654151175
36,642,Vincent Angelini,GK,Watford,0.1025318864798031
36,642,Vincent Angelini,GK,Watford,0.1025318864798031
36,467,Oghenekaro Peter Etebo,MID,Watford,0.2669645059075006
36,467,Oghenekaro Peter Etebo,MID,Watford,0.2669645059075006
36,622,Cenk Tosun,FWD,Everton,0.26118881584826736
36,622,Cenk Tosun,FWD,Everton,0.26118881584826736
36,489,Alphonse Areola,GK,West Ham,0.1025318864798031
36,153,Jordan Ayew,FWD,Crystal Palace,0.26118881584826736
36,432,Fernando Marçal,DEF,Wolves,0.2680975654151175
36,432,Fernando Marçal,DEF,Wolves,0.2680975654151175
36,279,Alex Nicolao Telles,DEF,Man Utd,0.2680975654151175
36,260,Zack Steffen,GK,Man City,0.1025318864798031
36,260,Zack Steffen,GK,Man City,0.1025318864798031
36,362,Lucas Rodrigues Moura da Silva,MID,Spurs,0.2669645059075006
36,362,Lucas Rodrigues Moura da Silva,MID,Spurs,0.2669645059075006
36,369,Steven Bergwijn,MID,Spurs,0.2669645059075006
36,369,Steven Bergwijn,MID,Spurs,0.2669645059075006
36,228,Roberto Firmino,FWD,Liverpool,0.26118881584826736
36,228,Roberto Firmino,FWD,Liverpool,0.26118881584826736
36,616,Harry Tyrer,GK,Everton,0.1025318864798031
36,616,Harry Tyrer,GK,Everton,0.1025318864798031
36,140,Callum Hudson-Odoi,MID,Chelsea,0.2669645059075006
36,140,Callum Hudson-Odoi,MID,Chelsea,0.2669645059075006
36,34,Morgan Sanson,MID,Aston Villa,0.2669645059075006
36,34,Morgan Sanson,MID,Aston Villa,0.2669645059075006
36,674,Nathan Patterson,DEF,Everton,0.2680975654151175
36,674,Nathan Patterson,DEF,Everton,0.2680975654151175
36,273,Harry Maguire,DEF,Man Utd,0.2680975654151175
36,555,Raphaël Varane,DEF,Man Utd,0.2680975654151175
36,439,Max Kilman,DEF,Wolves,0.2680975654151175
36,439,Max Kilman,DEF,Wolves,0.2680975654151175
36,315,Teemu Pukki,FWD,Norwich,0.26118881584826736
36,315,Teemu Pukki,FWD,Norwich,0.26118881584826736
36,12,Mohamed Naser El Sayed Elneny,MID,Arsenal,0.2669645059075006
36,12,Mohamed Naser El Sayed Elneny,MID,Arsenal,0.2669645059075006
36,347,William Smallbone,MID,Southampton,0.2669645059075006
36,469,Adedapo Awokoya-Mebude,FWD,Watford,0.26118881584826736
36,469,Adedapo Awokoya-Mebude,FWD,Watford,0.26118881584826736
36,213,Kelechi Iheanacho,FWD,Leicester,0.26118881584826736
36,213,Kelechi Iheanacho,FWD,Leicester,0.26118881584826736
36,395,Ashley Fletcher,FWD,Watford,0.26118881584826736
36,395,Ashley Fletcher,FWD,Watford,0.26118881584826736
36,287,Daniel James,MID,Leeds,0.2669645059075006
36,287,Daniel James,MID,Leeds,0.2669645059075006
36,533,Lewis Richardson,FWD,Burnley,0.26118881584826736
36,16,Kieran Tierney,DEF,Arsenal,0.2680975654151175
36,16,Kieran Tierney,DEF,Arsenal,0.2680975654151175
36,705,Zach Awe,DEF,Arsenal,0.2680975654151175
36,705,Zach Awe,DEF,Arsenal,0.2680975654151175
36,376,Ben Foster,GK,Watford,0.1025318864798031
36,376,Ben Foster,GK,Watford,0.1025318864798031
36,61,Adam Webster,DEF,Brighton,0.2680975654151175
36,624,Lewis Bate,MID,Leeds,0.2669645059075006
36,624,Lewis Bate,MID,Leeds,0.2669645059075006
36,572,Arthur Okonkwo,GK,Arsenal,0.1025318864798031
36,572,Arthur Okonkwo,GK,Arsenal,0.1025318864798031
36,598,Tobi Omole,DEF,Spurs,0.2680975654151175
36,598,Tobi Omole,DEF,Spurs,0.2680975654151175
36,334,Alex McCarthy,GK,Southampton,0.1025318864798031
36,454,Matthew Pollock,DEF,Watford,0.2680975654151175
36,454,Matthew Pollock,DEF,Watford,0.2680975654151175
36,443,Ki-Jana Hoever,DEF,Wolves,0.2680975654151175
36,443,Ki-Jana Hoever,DEF,Wolves,0.2680975654151175
36,288,Aaron Wan-Bissaka,DEF,Man Utd,0.2680975654151175
36,62,Joël Veltman,DEF,Brighton,0.2680975654151175
36,635,Hugo Bueno,DEF,Wolves,0.2680975654151175
36,635,Hugo Bueno,DEF,Wolves,0.2680975654151175
36,188,Stuart Dallas,MID,Leeds,0.2669645059075006
36,188,Stuart Dallas,MID,Leeds,0.2669645059075006
36,526,Carney Chukwuemeka,MID,Aston Villa,0.2669645059075006
36,526,Carney Chukwuemeka,MID,Aston Villa,0.2669645059075006
36,179,Ben Godfrey,DEF,Everton,0.2680975654151175
36,179,Ben Godfrey,DEF,Everton,0.2680975654151175
36,471,Pierre Lees-Melou,MID,Norwich,0.2669645059075006
36,471,Pierre Lees-Melou,MID,Norwich,0.2669645059075006
36,193,Tyler Roberts,MID,Leeds,0.2669645059075006
36,193,Tyler Roberts,MID,Leeds,0.2669645059075006
36,511,Andreas Pereira,MID,Man Utd,0.2669645059075006
36,584,Marc Cucurella,DEF,Brighton,0.2680975654151175
36,197,Jamie Shackleton,MID,Leeds,0.2669645059075006
36,197,Jamie Shackleton,MID,Leeds,0.2669645059075006
36,709,Tayo Adaramola,DEF,Crystal Palace,0.2680975654151175
36,124,Ross Barkley,MID,Chelsea,0.2669645059075006
36,124,Ross Barkley,MID,Chelsea,0.2669645059075006
36,78,Ivan Toney,FWD,Brentford,0.26118881584826736
36,59,Lewis Dunk,DEF,Brighton,0.2680975654151175
36,54,Jason Steele,GK,Brighton,0.1025318864798031
36,507,Cole Palmer,MID,Man City,0.2669645059075006
36,507,Cole Palmer,MID,Man City,0.2669645059075006
36,212,James Maddison,MID,Leicester,0.2669645059075006
36,212,James Maddison,MID,Leicester,0.2669645059075006
36,60,Solomon March,MID,Brighton,0.2669645059075006
36,586,Odsonne Edouard,FWD,Crystal Palace,0.26118881584826736
36,541,Jesurun Rak-Sakyi,MID,Crystal Palace,0.2669645059075006
36,249,Kyle Walker,DEF,Man City,0.2680975654151175
36,249,Kyle Walker,DEF,Man City,0.2680975654151175
36,306,Isaac Hayden,MID,Newcastle,0.2669645059075006
36,372,Giovani Lo Celso,MID,Spurs,0.2669645059075006
36,372,Giovani Lo Celso,MID,Spurs,0.2669645059075006
36,146,Vicente Guaita,GK,Crystal Palace,0.1025318864798031
36,673,Jonas Lössl,GK,Brentford,0.1025318864798031
36,714,Alfie Devine,MID,Spurs,0.2669645059075006
36,714,Alfie Devine,MID,Spurs,0.2669645059075006
36,610,Lamare Bogarde,DEF,Aston Villa,0.2680975654151175
36,610,Lamare Bogarde,DEF,Aston Villa,0.2680975654151175
36,398,Marc Navarro,DEF,Watford,0.2680975654151175
36,398,Marc Navarro,DEF,Watford,0.2680975654151175
36,86,Mathias Jensen,MID,Brentford,0.2669645059075006
36,636,Amad Diallo,MID,Man Utd,0.2669645059075006
36,350,Moussa Djenepo,MID,Southampton,0.2669645059075006
36,371,Japhet Tanganga,DEF,Spurs,0.2680975654151175
36,371,Japhet Tanganga,DEF,Spurs,0.2680975654151175
36,120,Olivier Giroud,FWD,Chelsea,0.26118881584826736
36,120,Olivier Giroud,FWD,Chelsea,0.26118881584826736
36,71,Tariq Lamptey,DEF,Brighton,0.2680975654151175
36,391,Ken Sema,MID,Watford,0.2669645059075006
36,391,Ken Sema,MID,Watford,0.2669645059075006
36,691,Robin Olsen,GK,Aston Villa,0.1025318864798031
36,691,Robin Olsen,GK,Aston Villa,0.1025318864798031
36,269,Edinson Cavani,FWD,Man Utd,0.26118881584826736
36,463,Héctor Junior Firpo Adames,DEF,Leeds,0.2680975654151175
36,463,Héctor Junior Firpo Adames,DEF,Leeds,0.2680975654151175
36,365,Pierre-Emile Højbjerg,MID,Spurs,0.2669645059075006
36,365,Pierre-Emile Højbjerg,MID,Spurs,0.2669645059075006
36,723,Alejandro Garnacho Ferreyra,MID,Man Utd,0.2669645059075006
36,403,Imrân Louza,MID,Watford,0.2669645059075006
36,403,Imrân Louza,MID,Watford,0.2669645059075006
36,237,Trent Alexander-Arnold,DEF,Liverpool,0.2680975654151175
36,237,Trent Alexander-Arnold,DEF,Liverpool,0.2680975654151175
36,207,Ricardo Domingos Barbosa Pereira,DEF,Leicester,0.2680975654151175
36,207,Ricardo Domingos Barbosa Pereira,DEF,Leicester,0.2680975654151175
36,348,Michael Obafemi,FWD,Southampton,0.26118881584826736
36,98,James Tarkowski,DEF,Burnley,0.2680975654151175
36,150,Cheikhou Kouyaté,DEF,Crystal Palace,0.2680975654151175
36,239,Naby Keita,MID,Liverpool,0.2669645059075006
36,239,Naby Keita,MID,Liverpool,0.2669645059075006
36,483,Kristoffer Ajer,DEF,Brentford,0.2680975654151175
36,313,Michael McGovern,GK,Norwich,0.1025318864798031
36,313,Michael McGovern,GK,Norwich,0.1025318864798031
36,33,Jack Grealish,MID,Man City,0.2669645059075006
36,33,Jack Grealish,MID,Man City,0.2669645059075006
36,110,Matthew Lowton,DEF,Burnley,0.2680975654151175
36,594,Mathias Jorgensen,DEF,Brentford,0.2680975654151175
36,356,Erik Lamela,MID,Spurs,0.2669645059075006
36,356,Erik Lamela,MID,Spurs,0.2669645059075006
36,262,Rúben Santos Gato Alves Dias,DEF,Man City,0.2680975654151175
36,262,Rúben Santos Gato Alves Dias,DEF,Man City,0.2680975654151175
36,226,Xherdan Shaqiri,MID,Liverpool,0.2669645059075006
36,226,Xherdan Shaqiri,MID,Liverpool,0.2669645059075006
36,105,Ashley Barnes,FWD,Burnley,0.26118881584826736
36,389,Daniel Bachmann,GK,Watford,0.1025318864798031
36,389,Daniel Bachmann,GK,Watford,0.1025318864798031
36,529,Romelu Lukaku,FWD,Chelsea,0.26118881584826736
36,529,Romelu Lukaku,FWD,Chelsea,0.26118881584826736
36,29,Conor Hourihane,MID,Aston Villa,0.2669645059075006
36,29,Conor Hourihane,MID,Aston Villa,0.2669645059075006
36,387,William Troost-Ekong,DEF,Watford,0.2680975654151175
36,387,William Troost-Ekong,DEF,Watford,0.2680975654151175
36,346,Nathan Tella,MID,Southampton,0.2669645059075006
36,664,Charlie Patino,MID,Arsenal,0.2669645059075006
36,664,Charlie Patino,MID,Arsenal,0.2669645059075006
36,519,Shane Long,FWD,Southampton,0.26118881584826736
36,261,Bernardo Mota Veiga de Carvalho e Silva,MID,Man City,0.2669645059075006
36,261,Bernardo Mota Veiga de Carvalho e Silva,MID,Man City,0.2669645059075006
36,730,Alex Kirk,DEF,Arsenal,0.2680975654151175
36,730,Alex Kirk,DEF,Arsenal,0.2680975654151175
36,329,Adam Idah,FWD,Norwich,0.26118881584826736
36,329,Adam Idah,FWD,Norwich,0.26118881584826736
36,476,Kjell Scherpen,GK,Brighton,0.1025318864798031
36,429,Conor Coady,DEF,Wolves,0.2680975654151175
36,429,Conor Coady,DEF,Wolves,0.2680975654151175
36,448,Angus Gunn,GK,Norwich,0.1025318864798031
36,448,Angus Gunn,GK,Norwich,0.1025318864798031
36,48,Mbwana Ally Samatta,FWD,Aston Villa,0.26118881584826736
36,48,Mbwana Ally Samatta,FWD,Aston Villa,0.26118881584826736
36,615,Cieran Slicker,GK,Man City,0.1025318864798031
36,615,Cieran Slicker,GK,Man City,0.1025318864798031
36,53,Adam Lallana,MID,Brighton,0.2669645059075006
36,560,Haydon Roberts,DEF,Brighton,0.2680975654151175
36,685,Toti António Gomes,DEF,Wolves,0.2680975654151175
36,685,Toti António Gomes,DEF,Wolves,0.2680975654151175
36,210,Youri Tielemans,MID,Leicester,0.2669645059075006
36,210,Youri Tielemans,MID,Leicester,0.2669645059075006
36,353,Hugo Lloris,GK,Spurs,0.1025318864798031
36,353,Hugo Lloris,GK,Spurs,0.1025318864798031
36,379,Craig Cathcart,DEF,Watford,0.2680975654151175
36,379,Craig Cathcart,DEF,Watford,0.2680975654151175
36,702,Rodrigo Bentancur,MID,Spurs,0.2669645059075006
36,702,Rodrigo Bentancur,MID,Spurs,0.2669645059075006
36,623,Reece Welch,DEF,Everton,0.2680975654151175
36,623,Reece Welch,DEF,Everton,0.2680975654151175
36,85,Saman Ghoddos,MID,Brentford,0.2669645059075006
36,199,Illan Meslier,GK,Leeds,0.1025318864798031
36,199,Illan Meslier,GK,Leeds,0.1025318864798031
36,183,Francisco Casilla Cortés,GK,Leeds,0.1025318864798031
36,183,Francisco Casilla Cortés,GK,Leeds,0.1025318864798031
36,597,Dilan Markanday,MID,Spurs,0.2669645059075006
36,597,Dilan Markanday,MID,Spurs,0.2669645059075006
36,23,Gabriel Magalhães,DEF,Arsenal,0.2680975654151175
36,23,Gabriel Magalhães,DEF,Arsenal,0.2680975654151175
36,375,Tanguy Ndombele,MID,Spurs,0.2669645059075006
36,375,Tanguy Ndombele,MID,Spurs,0.2669645059075006
36,396,Francisco Sierralta,DEF,Watford,0.2680975654151175
36,396,Francisco Sierralta,DEF,Watford,0.2680975654151175
36,222,Jordan Henderson,MID,Liverpool,0.2669645059075006
36,222,Jordan Henderson,MID,Liverpool,0.2669645059075006
36,605,Romeo Lavia,MID,Man City,0.2669645059075006
36,605,Romeo Lavia,MID,Man City,0.2669645059075006
36,349,Ibrahima Diallo,MID,Southampton,0.2669645059075006
36,10,Calum Chambers,DEF,Aston Villa,0.2680975654151175
36,10,Calum Chambers,DEF,Aston Villa,0.2680975654151175
36,118,Dwight McNeil,MID,Burnley,0.2669645059075006
36,433,Jonathan Castro Otto,DEF,Wolves,0.2680975654151175
36,433,Jonathan Castro Otto,DEF,Wolves,0.2680975654151175
36,94,Patrik Gunnarsson,GK,Brentford,0.1025318864798031
36,312,Matthew Longstaff,MID,Newcastle,0.2669645059075006
36,592,Saúl Ñíguez,MID,Chelsea,0.2669645059075006
36,592,Saúl Ñíguez,MID,Chelsea,0.2669645059075006
36,147,James Tomkins,DEF,Crystal Palace,0.2680975654151175
36,134,Timo Werner,FWD,Chelsea,0.26118881584826736
36,134,Timo Werner,FWD,Chelsea,0.26118881584826736
36,80,David Raya Martin,GK,Brentford,0.1025318864798031
36,112,Nick Pope,GK,Burnley,0.1025318864798031
36,45,Ezri Konsa Ngoyo,DEF,Aston Villa,0.2680975654151175
36,45,Ezri Konsa Ngoyo,DEF,Aston Villa,0.2680975654151175
36,712,Odeluga Offiah,DEF,Brighton,0.2680975654151175
36,490,Kristoffer Klaesson,GK,Leeds,0.1025318864798031
36,490,Kristoffer Klaesson,GK,Leeds,0.1025318864798031
36,26,Gabriel Teodoro Martinelli Silva,MID,Arsenal,0.2669645059075006
36,26,Gabriel Teodoro Martinelli Silva,MID,Arsenal,0.2669645059075006
36,549,Christian Marques,DEF,Wolves,0.2680975654151175
36,549,Christian Marques,DEF,Wolves,0.2680975654151175
36,359,Heung-Min Son,MID,Spurs,0.2669645059075006
36,359,Heung-Min Son,MID,Spurs,0.2669645059075006
36,631,Jack Jenkins,MID,Leeds,0.2669645059075006
36,631,Jack Jenkins,MID,Leeds,0.2669645059075006
36,725,Shaqai Forde,FWD,Watford,0.26118881584826736
36,725,Shaqai Forde,FWD,Watford,0.26118881584826736
36,607,Lewis Dobbin,FWD,Everton,0.26118881584826736
36,607,Lewis Dobbin,FWD,Everton,0.26118881584826736
36,101,Jack Cork,MID,Burnley,0.2669645059075006
36,397,Domingos Quina,MID,Watford,0.2669645059075006
36,397,Domingos Quina,MID,Watford,0.2669645059075006
36,496,Aaron Ramsey,MID,Aston Villa,0.2669645059075006
36,496,Aaron Ramsey,MID,Aston Villa,0.2669645059075006
36,523,Patrick Cutrone,FWD,Wolves,0.26118881584826736
36,523,Patrick Cutrone,FWD,Wolves,0.26118881584826736
36,51,Jacob Ramsey,MID,Aston Villa,0.2669645059075006
36,51,Jacob Ramsey,MID,Aston Villa,0.2669645059075006
36,608,Leo Fuhr Hjelde,DEF,Leeds,0.2680975654151175
36,608,Leo Fuhr Hjelde,DEF,Leeds,0.2680975654151175
36,258,Nathan Aké,DEF,Man City,0.2680975654151175
36,258,Nathan Aké,DEF,Man City,0.2680975654151175
36,502,Jonjoe Kenny,DEF,Everton,0.2680975654151175
36,502,Jonjoe Kenny,DEF,Everton,0.2680975654151175
36,206,Dennis Praet,MID,Leicester,0.2669645059075006
36,206,Dennis Praet,MID,Leicester,0.2669645059075006
36,19,Joseph Willock,MID,Newcastle,0.2669645059075006
36,409,Angelo Ogbonna,DEF,West Ham,0.2680975654151175
36,182,Pablo Hernández Domínguez,MID,Leeds,0.2669645059075006
36,182,Pablo Hernández Domínguez,MID,Leeds,0.2669645059075006
36,531,Reiss Nelson,MID,Arsenal,0.2669645059075006
36,531,Reiss Nelson,MID,Arsenal,0.2669645059075006
36,14,Rob Holding,DEF,Arsenal,0.2680975654151175
36,14,Rob Holding,DEF,Arsenal,0.2680975654151175
36,357,Harry Kane,FWD,Spurs,0.26118881584826736
36,357,Harry Kane,FWD,Spurs,0.26118881584826736
36,380,Troy Deeney,FWD,Watford,0.26118881584826736
36,380,Troy Deeney,FWD,Watford,0.26118881584826736
36,707,Lucas De Bolle,MID,Newcastle,0.2669645059075006
36,165,Seamus Coleman,DEF,Everton,0.2680975654151175
36,165,Seamus Coleman,DEF,Everton,0.2680975654151175
36,215,Harvey Barnes,MID,Leicester,0.2669645059075006
36,215,Harvey Barnes,MID,Leicester,0.2669645059075006
36,370,Sergio Reguilón,DEF,Spurs,0.2680975654151175
36,370,Sergio Reguilón,DEF,Spurs,0.2680975654151175
36,209,Timothy Castagne,DEF,Leicester,0.2680975654151175
36,209,Timothy Castagne,DEF,Leicester,0.2680975654151175
36,488,Joachim Andersen,DEF,Crystal Palace,0.2680975654151175
36,117,Bailey Peacock-Farrell,GK,Burnley,0.1025318864798031
36,509,Tom Heaton,GK,Man Utd,0.1025318864798031
36,486,Pierluigi Gollini,GK,Spurs,0.1025318864798031
36,486,Pierluigi Gollini,GK,Spurs,0.1025318864798031
36,115,Josh Brownhill,MID,Burnley,0.2669645059075006
36,404,João Pedro Junqueira de Jesus,FWD,Watford,0.26118881584826736
36,404,João Pedro Junqueira de Jesus,FWD,Watford,0.26118881584826736
36,667,Thierry Small,DEF,Southampton,0.2680975654151175
36,195,Ian Carlo Poveda-Ocampo,MID,Leeds,0.2669645059075006
36,195,Ian Carlo Poveda-Ocampo,MID,Leeds,0.2669645059075006
36,600,Nohan Kenneh,MID,Leeds,0.2669645059075006
36,600,Nohan Kenneh,MID,Leeds,0.2669645059075006
36,274,Frederico Rodrigues de Paula Santos,MID,Man Utd,0.2669645059075006
36,720,Marcelo Flores,MID,Arsenal,0.2669645059075006
36,720,Marcelo Flores,MID,Arsenal,0.2669645059075006
36,446,Yerson Mosquera Valdelamar,DEF,Wolves,0.2680975654151175
36,446,Yerson Mosquera Valdelamar,DEF,Wolves,0.2680975654151175
36,162,Tyrick Mitchell,DEF,Crystal Palace,0.2680975654151175
36,480,Wayne Hennessey,GK,Burnley,0.1025318864798031
36,133,Andreas Christensen,DEF,Chelsea,0.2680975654151175
36,133,Andreas Christensen,DEF,Chelsea,0.2680975654151175
36,267,Jack Harrison,MID,Leeds,0.2669645059075006
36,267,Jack Harrison,MID,Leeds,0.2669645059075006
36,270,David de Gea,GK,Man Utd,0.1025318864798031
36,284,Victor Lindelöf,DEF,Man Utd,0.2680975654151175
36,612,Jeremy Sarmiento,MID,Brighton,0.2669645059075006
36,677,Samir Caetano de Souza Santos,DEF,Watford,0.2680975654151175
36,677,Samir Caetano de Souza Santos,DEF,Watford,0.2680975654151175
36,340,Jannik Vestergaard,DEF,Leicester,0.2680975654151175
36,340,Jannik Vestergaard,DEF,Leicester,0.2680975654151175
36,671,Lewis Hall,MID,Chelsea,0.2669645059075006
36,671,Lewis Hall,MID,Chelsea,0.2669645059075006
36,211,Ayoze Pérez,MID,Leicester,0.2669645059075006
36,211,Ayoze Pérez,MID,Leicester,0.2669645059075006
36,63,Neal Maupay,FWD,Brighton,0.26118881584826736
36,447,Danny Welbeck,FWD,Brighton,0.26118881584826736
36,422,Tomas Soucek,MID,West Ham,0.2669645059075006
36,72,Aaron Connolly,FWD,Brighton,0.26118881584826736
36,302,Javier Manquillo,DEF,Newcastle,0.2680975654151175
36,614,Paris Maghoma,MID,Brentford,0.2669645059075006
36,460,Romain Perraud,DEF,Southampton,0.2680975654151175
36,661,Bruno André Cavaco Jordão,MID,Wolves,0.2669645059075006
36,661,Bruno André Cavaco Jordão,MID,Wolves,0.2669645059075006
36,386,Will Hughes,MID,Crystal Palace,0.2669645059075006
36,364,Ben Davies,DEF,Spurs,0.2680975654151175
36,364,Ben Davies,DEF,Spurs,0.2680975654151175
36,17,Nicolas Pépé,MID,Arsenal,0.2669645059075006
36,17,Nicolas Pépé,MID,Arsenal,0.2669645059075006
36,151,Martin Kelly,DEF,Crystal Palace,0.2680975654151175
36,444,Andreas Söndergaard,GK,Wolves,0.1025318864798031
36,444,Andreas Söndergaard,GK,Wolves,0.1025318864798031
36,114,Will Norris,GK,Burnley,0.1025318864798031
36,7,Granit Xhaka,MID,Arsenal,0.2669645059075006
36,7,Granit Xhaka,MID,Arsenal,0.2669645059075006
36,679,Edo Kayembe,MID,Watford,0.2669645059075006
36,679,Edo Kayembe,MID,Watford,0.2669645059075006
36,93,Jan Zamburek,MID,Brentford,0.2669645059075006
36,535,Andi Zeqiri,FWD,Brighton,0.26118881584826736
36,445,Fabio Silva,FWD,Wolves,0.26118881584826736
36,445,Fabio Silva,FWD,Wolves,0.26118881584826736
36,413,Michail Antonio,FWD,West Ham,0.26118881584826736
36,68,Bernardo Fernandes Da Silva Junior,DEF,Brighton,0.2680975654151175
36,70,Yves Bissouma,MID,Brighton,0.2669645059075006
36,185,Luke Ayling,DEF,Leeds,0.2680975654151175
36,185,Luke Ayling,DEF,Leeds,0.2680975654151175
36,89,Mads Roerslev Rasmussen,DEF,Brentford,0.2680975654151175
36,656,Marcelo de Araújo Pitaluga Filho,GK,Liverpool,0.1025318864798031
36,656,Marcelo de Araújo Pitaluga Filho,GK,Liverpool,0.1025318864798031
36,201,Jonny Evans,DEF,Leicester,0.2680975654151175
36,201,Jonny Evans,DEF,Leicester,0.2680975654151175
36,644,Ajibola Alese,DEF,West Ham,0.2680975654151175
36,512,Anthony Elanga,MID,Man Utd,0.2669645059075006
36,374,Joe Rodon,DEF,Spurs,0.2680975654151175
36,374,Joe Rodon,DEF,Spurs,0.2680975654151175
36,268,Ferran Torres,MID,Man City,0.2669645059075006
36,268,Ferran Torres,MID,Man City,0.2669645059075006
36,662,Myles Peart-Harris,MID,Brentford,0.2669645059075006
36,672,Harvey Vale,MID,Chelsea,0.2669645059075006
36,672,Harvey Vale,MID,Chelsea,0.2669645059075006
36,569,Finley Stevens,DEF,Brentford,0.2680975654151175
36,47,Wesley Moraes,FWD,Aston Villa,0.26118881584826736
36,47,Wesley Moraes,FWD,Aston Villa,0.26118881584826736
36,170,Jordan Pickford,GK,Everton,0.1025318864798031
36,170,Jordan Pickford,GK,Everton,0.1025318864798031
36,100,Erik Pieters,DEF,Burnley,0.2680975654151175
36,472,Juan Camilo Hernández Suárez,FWD,Watford,0.26118881584826736
36,472,Juan Camilo Hernández Suárez,FWD,Watford,0.26118881584826736
36,1,Bernd Leno,GK,Arsenal,0.1025318864798031
36,1,Bernd Leno,GK,Arsenal,0.1025318864798031
36,141,Kai Havertz,MID,Chelsea,0.2669645059075006
36,141,Kai Havertz,MID,Chelsea,0.2669645059075006
36,344,Daniel N'Lundulu,FWD,Southampton,0.26118881584826736
36,558,Martin Ødegaard,MID,Arsenal,0.2669645059075006
36,558,Martin Ødegaard,MID,Arsenal,0.2669645059075006
36,492,Leon Bailey,MID,Aston Villa,0.2669645059075006
36,492,Leon Bailey,MID,Aston Villa,0.2669645059075006
36,464,Michael Olise,MID,Crystal Palace,0.2669645059075006
36,440,Morgan Gibbs-White,MID,Wolves,0.2669645059075006
36,440,Morgan Gibbs-White,MID,Wolves,0.2669645059075006
36,297,Jeff Hendrick,MID,Newcastle,0.2669645059075006
36,169,Michael Keane,DEF,Everton,0.2680975654151175
36,169,Michael Keane,DEF,Everton,0.2680975654151175
36,721,Miguel Azeez,MID,Arsenal,0.2669645059075006
36,721,Miguel Azeez,MID,Arsenal,0.2669645059075006
36,289,Mason Greenwood,MID,Man Utd,0.2669645059075006
36,181,João Virgínia,GK,Everton,0.1025318864798031
36,181,João Virgínia,GK,Everton,0.1025318864798031
36,390,Adam Masina,DEF,Watford,0.2680975654151175
36,390,Adam Masina,DEF,Watford,0.2680975654151175
36,368,Ryan Sessegnon,DEF,Spurs,0.2680975654151175
36,368,Ryan Sessegnon,DEF,Spurs,0.2680975654151175
36,487,Bryan Gil Salvatierra,MID,Spurs,0.2669645059075006
36,487,Bryan Gil Salvatierra,MID,Spurs,0.2669645059075006
36,208,Daniel Amartey,DEF,Leicester,0.2680975654151175
36,208,Daniel Amartey,DEF,Leicester,0.2680975654151175
36,548,Chem Campbell,MID,Wolves,0.2669645059075006
36,548,Chem Campbell,MID,Wolves,0.2669645059075006
36,119,César Azpilicueta,DEF,Chelsea,0.2680975654151175
36,119,César Azpilicueta,DEF,Chelsea,0.2680975654151175
36,242,Caoimhin Kelleher,GK,Liverpool,0.1025318864798031
36,242,Caoimhin Kelleher,GK,Liverpool,0.1025318864798031
36,58,Dan Burn,DEF,Newcastle,0.2680975654151175
36,331,Andrew Omobamidele,DEF,Norwich,0.2680975654151175
36,331,Andrew Omobamidele,DEF,Norwich,0.2680975654151175
36,265,Phil Foden,MID,Man City,0.2669645059075006
36,265,Phil Foden,MID,Man City,0.2669645059075006
36,225,Thiago Alcántara do Nascimento,MID,Liverpool,0.2669645059075006
36,225,Thiago Alcántara do Nascimento,MID,Liverpool,0.2669645059075006
36,323,Kieran Dowell,MID,Norwich,0.2669645059075006
36,323,Kieran Dowell,MID,Norwich,0.2669645059075006
36,473,Ryan Bertrand,DEF,Leicester,0.2680975654151175
36,473,Ryan Bertrand,DEF,Leicester,0.2680975654151175
36,168,Lucas Digne,DEF,Aston Villa,0.2680975654151175
36,168,Lucas Digne,DEF,Aston Villa,0.2680975654151175
36,640,Nathan Young-Coombes,FWD,Brentford,0.26118881584826736
36,553,Ben Woodburn,MID,Liverpool,0.2669645059075006
36,553,Ben Woodburn,MID,Liverpool,0.2669645059075006
36,204,Danny Ward,GK,Leicester,0.1025318864798031
36,204,Danny Ward,GK,Leicester,0.1025318864798031
36,11,Sead Kolasinac,DEF,Arsenal,0.2680975654151175
36,11,Sead Kolasinac,DEF,Arsenal,0.2680975654151175
36,556,Álvaro Fernández,GK,Brentford,0.1025318864798031
36,508,Samuel Edozie,MID,Man City,0.2669645059075006
36,508,Samuel Edozie,MID,Man City,0.2669645059075006
36,227,Alex Oxlade-Chamberlain,MID,Liverpool,0.2669645059075006
36,227,Alex Oxlade-Chamberlain,MID,Liverpool,0.2669645059075006
36,116,Josh Benson,MID,Burnley,0.2669645059075006
36,414,Craig Dawson,DEF,West Ham,0.2680975654151175
36,200,Kasper Schmeichel,GK,Leicester,0.1025318864798031
36,200,Kasper Schmeichel,GK,Leicester,0.1025318864798031
36,67,Ben White,DEF,Arsenal,0.2680975654151175
36,67,Ben White,DEF,Arsenal,0.2680975654151175
36,684,Kaine Hayden,DEF,Aston Villa,0.2680975654151175
36,684,Kaine Hayden,DEF,Aston Villa,0.2680975654151175
36,528,Christos Tzolis,MID,Norwich,0.2669645059075006
36,528,Christos Tzolis,MID,Norwich,0.2669645059075006
36,121,Thiago Emiliano da Silva,DEF,Chelsea,0.2680975654151175
36,121,Thiago Emiliano da Silva,DEF,Chelsea,0.2680975654151175
36,438,Daniel Castelo Podence,MID,Wolves,0.2669645059075006
36,438,Daniel Castelo Podence,MID,Wolves,0.2669645059075006
36,95,Halil Dervişoğlu,FWD,Brentford,0.26118881584826736
36,485,Jadon Sancho,MID,Man Utd,0.2669645059075006
36,669,Kamil Conteh,MID,Watford,0.2669645059075006
36,669,Kamil Conteh,MID,Watford,0.2669645059075006
36,128,Kurt Zouma,DEF,West Ham,0.2680975654151175
36,317,Lukas Rupp,MID,Norwich,0.2669645059075006
36,317,Lukas Rupp,MID,Norwich,0.2669645059075006
36,411,Aaron Cresswell,DEF,West Ham,0.2680975654151175
36,322,Jordan Hugill,FWD,Norwich,0.26118881584826736
36,322,Jordan Hugill,FWD,Norwich,0.26118881584826736
36,593,Scott Carson,GK,Man City,0.1025318864798031
36,593,Scott Carson,GK,Man City,0.1025318864798031
36,545,Nathan Broadhead,FWD,Everton,0.26118881584826736
36,545,Nathan Broadhead,FWD,Everton,0.26118881584826736
36,465,Federico Fernández,DEF,Newcastle,0.2680975654151175
36,244,Curtis Jones,MID,Liverpool,0.2669645059075006
36,244,Curtis Jones,MID,Liverpool,0.2669645059075006
36,627,Owen Beck,DEF,Liverpool,0.2680975654151175
36,627,Owen Beck,DEF,Liverpool,0.2680975654151175
36,452,John Ruddy,GK,Wolves,0.1025318864798031
36,452,John Ruddy,GK,Wolves,0.1025318864798031
36,734,Jack Grieves,FWD,Watford,0.26118881584826736
36,734,Jack Grieves,FWD,Watford,0.26118881584826736
36,351,Mohammed Salisu,DEF,Southampton,0.2680975654151175
36,130,N'Golo Kanté,MID,Chelsea,0.2669645059075006
36,130,N'Golo Kanté,MID,Chelsea,0.2669645059075006
36,330,Josh Martin,MID,Norwich,0.2669645059075006
36,330,Josh Martin,MID,Norwich,0.2669645059075006
36,216,Wilfred Ndidi,MID,Leicester,0.2669645059075006
36,216,Wilfred Ndidi,MID,Leicester,0.2669645059075006
36,292,Matt Ritchie,DEF,Newcastle,0.2680975654151175
36,336,Nathan Redmond,MID,Southampton,0.2669645059075006
36,65,Mathew Ryan,GK,Brighton,0.1025318864798031
36,415,Ryan Fredericks,DEF,West Ham,0.2680975654151175
37,1,Bernd Leno,GKP,Arsenal,0.26511312412464555
37,10,Calum Chambers,DEF,Aston Villa,0.2680975654151175
37,10,Calum Chambers,DEF,Aston Villa,0.2680975654151175
37,100,Erik Pieters,DEF,Burnley,0.2680975654151175
37,100,Erik Pieters,DEF,Burnley,0.2680975654151175
37,101,Jack Cork,MID,Burnley,0.2669645059075006
37,101,Jack Cork,MID,Burnley,0.2669645059075006
37,102,Dale Stephens,MID,Burnley,0.2669645059075006
37,102,Dale Stephens,MID,Burnley,0.2669645059075006
37,103,Kevin Long,DEF,Burnley,0.2680975654151175
37,103,Kevin Long,DEF,Burnley,0.2680975654151175
37,104,Jay Rodriguez,FWD,Burnley,0.26118881584826736
37,104,Jay Rodriguez,FWD,Burnley,0.26118881584826736
37,105,Ashley Barnes,FWD,Burnley,0.26118881584826736
37,105,Ashley Barnes,FWD,Burnley,0.26118881584826736
37,106,Ben Mee,DEF,Burnley,0.2680975654151175
37,106,Ben Mee,DEF,Burnley,0.2680975654151175
37,107,Ashley Westwood,MID,Burnley,0.2669645059075006
37,107,Ashley Westwood,MID,Burnley,0.2669645059075006
37,108,Johann Berg Gudmundsson,MID,Burnley,0.2669645059075006
37,108,Johann Berg Gudmundsson,MID,Burnley,0.2669645059075006
37,109,Chris Wood,FWD,Newcastle,0.26118881584826736
37,11,Sead Kolasinac,DEF,Arsenal,0.2680975654151175
37,110,Matthew Lowton,DEF,Burnley,0.2680975654151175
37,110,Matthew Lowton,DEF,Burnley,0.2680975654151175
37,111,Matej Vydra,FWD,Burnley,0.26118881584826736
37,111,Matej Vydra,FWD,Burnley,0.26118881584826736
37,112,Nick Pope,GKP,Burnley,0.26511312412464555
37,112,Nick Pope,GKP,Burnley,0.26511312412464555
37,113,Charlie Taylor,DEF,Burnley,0.2680975654151175
37,113,Charlie Taylor,DEF,Burnley,0.2680975654151175
37,114,Will Norris,GKP,Burnley,0.26511312412464555
37,114,Will Norris,GKP,Burnley,0.26511312412464555
37,115,Josh Brownhill,MID,Burnley,0.2669645059075006
37,115,Josh Brownhill,MID,Burnley,0.2669645059075006
37,116,Josh Benson,MID,Burnley,0.2669645059075006
37,116,Josh Benson,MID,Burnley,0.2669645059075006
37,117,Bailey Peacock-Farrell,GKP,Burnley,0.26511312412464555
37,117,Bailey Peacock-Farrell,GKP,Burnley,0.26511312412464555
37,118,Dwight McNeil,MID,Burnley,0.2669645059075006
37,118,Dwight McNeil,MID,Burnley,0.2669645059075006
37,119,César Azpilicueta,DEF,Chelsea,0.2680975654151175
37,12,Mohamed Naser El Sayed Elneny,MID,Arsenal,0.2669645059075006
37,120,Olivier Giroud,FWD,Chelsea,0.26118881584826736
37,121,Thiago Emiliano da Silva,DEF,Chelsea,0.2680975654151175
37,122,Marcos Alonso,DEF,Chelsea,0.2680975654151175
37,123,Jorge Luiz Frello Filho,MID,Chelsea,0.2669645059075006
37,124,Ross Barkley,MID,Chelsea,0.2669645059075006
37,125,Mateo Kovacic,MID,Chelsea,0.2669645059075006
37,126,Michy Batshuayi,FWD,Chelsea,0.26118881584826736
37,127,Antonio Rüdiger,DEF,Chelsea,0.2680975654151175
37,128,Kurt Zouma,DEF,West Ham,0.2680975654151175
37,129,Kepa Arrizabalaga,GKP,Chelsea,0.26511312412464555
37,13,Ainsley Maitland-Niles,MID,Arsenal,0.2669645059075006
37,130,N'Golo Kanté,MID,Chelsea,0.2669645059075006
37,131,Hakim Ziyech,MID,Chelsea,0.2669645059075006
37,132,Ruben Loftus-Cheek,MID,Chelsea,0.2669645059075006
37,133,Andreas Christensen,DEF,Chelsea,0.2680975654151175
37,134,Timo Werner,FWD,Chelsea,0.26118881584826736
37,135,Benjamin Chilwell,DEF,Chelsea,0.2680975654151175
37,136,Tammy Abraham,FWD,Chelsea,0.26118881584826736
37,137,Christian Pulisic,MID,Chelsea,0.2669645059075006
37,138,Mason Mount,MID,Chelsea,0.2669645059075006
37,139,Ethan Ampadu,DEF,Chelsea,0.2680975654151175
37,14,Rob Holding,DEF,Arsenal,0.2680975654151175
37,140,Callum Hudson-Odoi,MID,Chelsea,0.2669645059075006
37,141,Kai Havertz,MID,Chelsea,0.2669645059075006
37,142,Reece James,DEF,Chelsea,0.2680975654151175
37,143,Edouard Mendy,GKP,Chelsea,0.26511312412464555
37,144,Conor Gallagher,MID,Crystal Palace,0.2669645059075006
37,144,Conor Gallagher,MID,Crystal Palace,0.2669645059075006
37,145,Billy Gilmour,MID,Norwich,0.2669645059075006
37,146,Vicente Guaita,GKP,Crystal Palace,0.26511312412464555
37,146,Vicente Guaita,GKP,Crystal Palace,0.26511312412464555
37,147,James Tomkins,DEF,Crystal Palace,0.2680975654151175
37,147,James Tomkins,DEF,Crystal Palace,0.2680975654151175
37,148,James McArthur,MID,Crystal Palace,0.2669645059075006
37,148,James McArthur,MID,Crystal Palace,0.2669645059075006
37,149,Christian Benteke,FWD,Crystal Palace,0.26118881584826736
37,149,Christian Benteke,FWD,Crystal Palace,0.26118881584826736
37,15,Thomas Partey,MID,Arsenal,0.2669645059075006
37,150,Cheikhou Kouyaté,DEF,Crystal Palace,0.2680975654151175
37,150,Cheikhou Kouyaté,DEF,Crystal Palace,0.2680975654151175
37,151,Martin Kelly,DEF,Crystal Palace,0.2680975654151175
37,151,Martin Kelly,DEF,Crystal Palace,0.2680975654151175
37,152,Luka Milivojevic,MID,Crystal Palace,0.2669645059075006
37,152,Luka Milivojevic,MID,Crystal Palace,0.2669645059075006
37,153,Jordan Ayew,FWD,Crystal Palace,0.26118881584826736
37,153,Jordan Ayew,FWD,Crystal Palace,0.26118881584826736
37,154,Wilfried Zaha,MID,Crystal Palace,0.2669645059075006
37,154,Wilfried Zaha,MID,Crystal Palace,0.2669645059075006
37,155,Jeffrey Schlupp,MID,Crystal Palace,0.2669645059075006
37,155,Jeffrey Schlupp,MID,Crystal Palace,0.2669645059075006
37,156,Jack Butland,GKP,Crystal Palace,0.26511312412464555
37,156,Jack Butland,GKP,Crystal Palace,0.26511312412464555
37,157,Jairo Riedewald,MID,Crystal Palace,0.2669645059075006
37,157,Jairo Riedewald,MID,Crystal Palace,0.2669645059075006
37,158,Jarosław Jach,DEF,Crystal Palace,0.2680975654151175
37,158,Jarosław Jach,DEF,Crystal Palace,0.2680975654151175
37,159,Jean-Philippe Mateta,FWD,Crystal Palace,0.26118881584826736
37,159,Jean-Philippe Mateta,FWD,Crystal Palace,0.26118881584826736
37,16,Kieran Tierney,DEF,Arsenal,0.2680975654151175
37,160,Eberechi Eze,MID,Crystal Palace,0.2669645059075006
37,160,Eberechi Eze,MID,Crystal Palace,0.2669645059075006
37,161,Nathan Ferguson,DEF,Crystal Palace,0.2680975654151175
37,161,Nathan Ferguson,DEF,Crystal Palace,0.2680975654151175
37,162,Tyrick Mitchell,DEF,Crystal Palace,0.2680975654151175
37,162,Tyrick Mitchell,DEF,Crystal Palace,0.2680975654151175
37,163,Fabian Delph,MID,Everton,0.2669645059075006
37,163,Fabian Delph,MID,Everton,0.2669645059075006
37,164,Gylfi Sigurdsson,MID,Everton,0.2669645059075006
37,164,Gylfi Sigurdsson,MID,Everton,0.2669645059075006
37,165,Seamus Coleman,DEF,Everton,0.2680975654151175
37,165,Seamus Coleman,DEF,Everton,0.2680975654151175
37,166,James Rodríguez,MID,Everton,0.2669645059075006
37,166,James Rodríguez,MID,Everton,0.2669645059075006
37,167,Bernard Anício Caldeira Duarte,MID,Everton,0.2669645059075006
37,167,Bernard Anício Caldeira Duarte,MID,Everton,0.2669645059075006
37,168,Lucas Digne,DEF,Aston Villa,0.2680975654151175
37,168,Lucas Digne,DEF,Aston Villa,0.2680975654151175
37,169,Michael Keane,DEF,Everton,0.2680975654151175
37,169,Michael Keane,DEF,Everton,0.2680975654151175
37,17,Nicolas Pépé,MID,Arsenal,0.2669645059075006
37,170,Jordan Pickford,GKP,Everton,0.26511312412464555
37,170,Jordan Pickford,GKP,Everton,0.26511312412464555
37,171,Allan Marques Loureiro,MID,Everton,0.2669645059075006
37,171,Allan Marques Loureiro,MID,Everton,0.2669645059075006
37,172,André Filipe Tavares Gomes,MID,Everton,0.2669645059075006
37,172,André Filipe Tavares Gomes,MID,Everton,0.2669645059075006
37,173,Abdoulaye Doucouré,MID,Everton,0.2669645059075006
37,173,Abdoulaye Doucouré,MID,Everton,0.2669645059075006
37,174,Alex Iwobi,MID,Everton,0.2669645059075006
37,174,Alex Iwobi,MID,Everton,0.2669645059075006
37,175,Yerry Mina,DEF,Everton,0.2680975654151175
37,175,Yerry Mina,DEF,Everton,0.2680975654151175
37,176,Tom Davies,MID,Everton,0.2669645059075006
37,176,Tom Davies,MID,Everton,0.2669645059075006
37,177,Dominic Calvert-Lewin,FWD,Everton,0.26118881584826736
37,177,Dominic Calvert-Lewin,FWD,Everton,0.26118881584826736
37,178,Mason Holgate,DEF,Everton,0.2680975654151175
37,178,Mason Holgate,DEF,Everton,0.2680975654151175
37,179,Ben Godfrey,DEF,Everton,0.2680975654151175
37,179,Ben Godfrey,DEF,Everton,0.2680975654151175
37,18,Lucas Torreira,MID,Arsenal,0.2669645059075006
37,180,Richarlison de Andrade,FWD,Everton,0.26118881584826736
37,180,Richarlison de Andrade,FWD,Everton,0.26118881584826736
37,181,João Virgínia,GKP,Everton,0.26511312412464555
37,181,João Virgínia,GKP,Everton,0.26511312412464555
37,182,Pablo Hernández Domínguez,MID,Leeds,0.2669645059075006
37,183,Francisco Casilla Cortés,GKP,Leeds,0.26511312412464555
37,184,Liam Cooper,DEF,Leeds,0.2680975654151175
37,185,Luke Ayling,DEF,Leeds,0.2680975654151175
37,186,Mateusz Klich,MID,Leeds,0.2669645059075006
37,187,Rodrigo Moreno,FWD,Leeds,0.26118881584826736
37,188,Stuart Dallas,MID,Leeds,0.2669645059075006
37,189,Patrick Bamford,FWD,Leeds,0.26118881584826736
37,19,Joseph Willock,MID,Newcastle,0.2669645059075006
37,190,Diego Llorente,DEF,Leeds,0.2680975654151175
37,191,Kalvin Phillips,MID,Leeds,0.2669645059075006
37,192,Hélder Wander Sousa de Azevedo e Costa,MID,Leeds,0.2669645059075006
37,193,Tyler Roberts,MID,Leeds,0.2669645059075006
37,194,Robin Koch,DEF,Leeds,0.2680975654151175
37,195,Ian Carlo Poveda-Ocampo,MID,Leeds,0.2669645059075006
37,196,Raphael Dias Belloli,MID,Leeds,0.2669645059075006
37,197,Jamie Shackleton,MID,Leeds,0.2669645059075006
37,198,Pascal Struijk,DEF,Leeds,0.2680975654151175
37,199,Illan Meslier,GKP,Leeds,0.26511312412464555
37,2,Rúnar Alex Rúnarsson,GKP,Arsenal,0.26511312412464555
37,20,Edward Nketiah,FWD,Arsenal,0.26118881584826736
37,200,Kasper Schmeichel,GKP,Leicester,0.26511312412464555
37,200,Kasper Schmeichel,GKP,Leicester,0.26511312412464555
37,201,Jonny Evans,DEF,Leicester,0.2680975654151175
37,201,Jonny Evans,DEF,Leicester,0.2680975654151175
37,202,Marc Albrighton,MID,Leicester,0.2669645059075006
37,202,Marc Albrighton,MID,Leicester,0.2669645059075006
37,203,Nampalys Mendy,MID,Leicester,0.2669645059075006
37,203,Nampalys Mendy,MID,Leicester,0.2669645059075006
37,204,Danny Ward,GKP,Leicester,0.26511312412464555
37,204,Danny Ward,GKP,Leicester,0.26511312412464555
37,205,Jamie Vardy,FWD,Leicester,0.26118881584826736
37,205,Jamie Vardy,FWD,Leicester,0.26118881584826736
37,206,Dennis Praet,MID,Leicester,0.2669645059075006
37,206,Dennis Praet,MID,Leicester,0.2669645059075006
37,207,Ricardo Domingos Barbosa Pereira,DEF,Leicester,0.2680975654151175
37,207,Ricardo Domingos Barbosa Pereira,DEF,Leicester,0.2680975654151175
37,208,Daniel Amartey,DEF,Leicester,0.2680975654151175
37,208,Daniel Amartey,DEF,Leicester,0.2680975654151175
37,209,Timothy Castagne,DEF,Leicester,0.2680975654151175
37,209,Timothy Castagne,DEF,Leicester,0.2680975654151175
37,21,Emile Smith Rowe,MID,Arsenal,0.2669645059075006
37,210,Youri Tielemans,MID,Leicester,0.2669645059075006
37,210,Youri Tielemans,MID,Leicester,0.2669645059075006
37,211,Ayoze Pérez,MID,Leicester,0.2669645059075006
37,211,Ayoze Pérez,MID,Leicester,0.2669645059075006
37,212,James Maddison,MID,Leicester,0.2669645059075006
37,212,James Maddison,MID,Leicester,0.2669645059075006
37,213,Kelechi Iheanacho,FWD,Leicester,0.26118881584826736
37,213,Kelechi Iheanacho,FWD,Leicester,0.26118881584826736
37,214,Hamza Choudhury,MID,Leicester,0.2669645059075006
37,214,Hamza Choudhury,MID,Leicester,0.2669645059075006
37,215,Harvey Barnes,MID,Leicester,0.2669645059075006
37,215,Harvey Barnes,MID,Leicester,0.2669645059075006
37,216,Wilfred Ndidi,MID,Leicester,0.2669645059075006
37,216,Wilfred Ndidi,MID,Leicester,0.2669645059075006
37,217,Çaglar Söyüncü,DEF,Leicester,0.2680975654151175
37,217,Çaglar Söyüncü,DEF,Leicester,0.2680975654151175
37,218,James Justin,DEF,Leicester,0.2680975654151175
37,218,James Justin,DEF,Leicester,0.2680975654151175
37,219,Luke Thomas,DEF,Leicester,0.2680975654151175
37,219,Luke Thomas,DEF,Leicester,0.2680975654151175
37,22,Bukayo Saka,MID,Arsenal,0.2669645059075006
37,220,Wesley Fofana,DEF,Leicester,0.2680975654151175
37,220,Wesley Fofana,DEF,Leicester,0.2680975654151175
37,221,James Milner,MID,Liverpool,0.2669645059075006
37,222,Jordan Henderson,MID,Liverpool,0.2669645059075006
37,223,Adrián San Miguel del Castillo,GKP,Liverpool,0.26511312412464555
37,224,Joel Matip,DEF,Liverpool,0.2680975654151175
37,225,Thiago Alcántara do Nascimento,MID,Liverpool,0.2669645059075006
37,226,Xherdan Shaqiri,MID,Liverpool,0.2669645059075006
37,227,Alex Oxlade-Chamberlain,MID,Liverpool,0.2669645059075006
37,228,Roberto Firmino,FWD,Liverpool,0.26118881584826736
37,229,Virgil van Dijk,DEF,Liverpool,0.2680975654151175
37,23,Gabriel Magalhães,DEF,Arsenal,0.2680975654151175
37,230,Sadio Mané,MID,Liverpool,0.2669645059075006
37,231,Alisson Ramses Becker,GKP,Liverpool,0.26511312412464555
37,232,Fabio Henrique Tavares,MID,Liverpool,0.2669645059075006
37,233,Mohamed Salah,MID,Liverpool,0.2669645059075006
37,234,Andrew Robertson,DEF,Liverpool,0.2680975654151175
37,235,Divock Origi,FWD,Liverpool,0.26118881584826736
37,236,Takumi Minamino,MID,Liverpool,0.2669645059075006
37,237,Trent Alexander-Arnold,DEF,Liverpool,0.2680975654151175
37,238,Joseph Gomez,DEF,Liverpool,0.2680975654151175
37,239,Naby Keita,MID,Liverpool,0.2669645059075006
37,24,Konstantinos Mavropanos,DEF,Arsenal,0.2680975654151175
37,240,Diogo Jota,MID,Liverpool,0.2669645059075006
37,241,Nathaniel Phillips,DEF,Liverpool,0.2680975654151175
37,242,Caoimhin Kelleher,GKP,Liverpool,0.26511312412464555
37,243,Ibrahima Konaté,DEF,Liverpool,0.2680975654151175
37,244,Curtis Jones,MID,Liverpool,0.2669645059075006
37,245,Konstantinos Tsimikas,DEF,Liverpool,0.2680975654151175
37,246,Neco Williams,DEF,Liverpool,0.2680975654151175
37,247,Rhys Williams,DEF,Liverpool,0.2680975654151175
37,248,Ben Davies,DEF,Liverpool,0.2680975654151175
37,249,Kyle Walker,DEF,Man City,0.2680975654151175
37,25,Mattéo Guendouzi,MID,Arsenal,0.2669645059075006
37,250,Ilkay Gündogan,MID,Man City,0.2669645059075006
37,251,Kevin De Bruyne,MID,Man City,0.2669645059075006
37,252,John Stones,DEF,Man City,0.2680975654151175
37,253,Benjamin Mendy,DEF,Man City,0.2680975654151175
37,254,Riyad Mahrez,MID,Man City,0.2669645059075006
37,255,Raheem Sterling,MID,Man City,0.2669645059075006
37,256,João Pedro Cavaco Cancelo,DEF,Man City,0.2680975654151175
37,257,Ederson Santana de Moraes,GKP,Man City,0.26511312412464555
37,258,Nathan Aké,DEF,Man City,0.2680975654151175
37,259,Aymeric Laporte,DEF,Man City,0.2680975654151175
37,26,Gabriel Teodoro Martinelli Silva,MID,Arsenal,0.2669645059075006
37,260,Zack Steffen,GKP,Man City,0.26511312412464555
37,261,Bernardo Mota Veiga de Carvalho e Silva,MID,Man City,0.2669645059075006
37,262,Rúben Santos Gato Alves Dias,DEF,Man City,0.2680975654151175
37,263,Gabriel Fernando de Jesus,FWD,Man City,0.26118881584826736
37,264,Oleksandr Zinchenko,DEF,Man City,0.2680975654151175
37,265,Phil Foden,MID,Man City,0.2669645059075006
37,266,Rodrigo Hernandez,MID,Man City,0.2669645059075006
37,267,Jack Harrison,MID,Leeds,0.2669645059075006
37,268,Ferran Torres,MID,Man City,0.2669645059075006
37,27,William Saliba,DEF,Arsenal,0.2680975654151175
37,28,Jed Steer,GKP,Aston Villa,0.26511312412464555
37,28,Jed Steer,GKP,Aston Villa,0.26511312412464555
37,282,Donny van de Beek,MID,Everton,0.2669645059075006
37,282,Donny van de Beek,MID,Everton,0.2669645059075006
37,287,Daniel James,MID,Leeds,0.2669645059075006
37,29,Conor Hourihane,MID,Aston Villa,0.2669645059075006
37,29,Conor Hourihane,MID,Aston Villa,0.2669645059075006
37,290,Brandon Williams,DEF,Norwich,0.2680975654151175
37,291,Jonjo Shelvey,MID,Newcastle,0.2669645059075006
37,292,Matt Ritchie,DEF,Newcastle,0.2680975654151175
37,293,Ciaran Clark,DEF,Newcastle,0.2680975654151175
37,294,Karl Darlow,GKP,Newcastle,0.26511312412464555
37,295,Martin Dubravka,GKP,Newcastle,0.26511312412464555
37,296,Callum Wilson,FWD,Newcastle,0.26118881584826736
37,297,Jeff Hendrick,MID,Newcastle,0.2669645059075006
37,298,Ryan Fraser,MID,Newcastle,0.2669645059075006
37,299,Jamaal Lascelles,DEF,Newcastle,0.2680975654151175
37,3,Willian Borges Da Silva,MID,Arsenal,0.2669645059075006
37,30,Emiliano Martínez,GKP,Aston Villa,0.26511312412464555
37,30,Emiliano Martínez,GKP,Aston Villa,0.26511312412464555
37,300,Dwight Gayle,FWD,Newcastle,0.26118881584826736
37,301,Paul Dummett,DEF,Newcastle,0.2680975654151175
37,302,Javier Manquillo,DEF,Newcastle,0.2680975654151175
37,303,Emil Krafth,DEF,Newcastle,0.2680975654151175
37,304,Jacob Murphy,MID,Newcastle,0.2669645059075006
37,305,Fabian Schär,DEF,Newcastle,0.2680975654151175
37,306,Isaac Hayden,MID,Newcastle,0.2669645059075006
37,307,Allan Saint-Maximin,FWD,Newcastle,0.26118881584826736
37,308,Miguel Almirón,MID,Newcastle,0.2669645059075006
37,309,Sean Longstaff,MID,Newcastle,0.2669645059075006
37,31,Björn Engels,DEF,Aston Villa,0.2680975654151175
37,31,Björn Engels,DEF,Aston Villa,0.2680975654151175
37,310,Joelinton Cássio Apolinário de Lira,FWD,Newcastle,0.26118881584826736
37,311,Jamal Lewis,DEF,Newcastle,0.2680975654151175
37,312,Matthew Longstaff,MID,Newcastle,0.2669645059075006
37,313,Michael McGovern,GKP,Norwich,0.26511312412464555
37,314,Tim Krul,GKP,Norwich,0.26511312412464555
37,315,Teemu Pukki,FWD,Norwich,0.26118881584826736
37,316,Marco Stiepermann,MID,Norwich,0.2669645059075006
37,317,Lukas Rupp,MID,Norwich,0.2669645059075006
37,318,Kenny McLean,MID,Norwich,0.2669645059075006
37,319,Grant Hanley,DEF,Norwich,0.2680975654151175
37,32,Bertrand Traoré,MID,Aston Villa,0.2669645059075006
37,32,Bertrand Traoré,MID,Aston Villa,0.2669645059075006
37,320,Onel Hernández,MID,Norwich,0.2669645059075006
37,321,Sam Byram,DEF,Norwich,0.2680975654151175
37,322,Jordan Hugill,FWD,Norwich,0.26118881584826736
37,323,Kieran Dowell,MID,Norwich,0.2669645059075006
37,324,Christoph Zimmermann,DEF,Norwich,0.2680975654151175
37,325,Todd Cantwell,MID,Norwich,0.2669645059075006
37,326,Max Aarons,DEF,Norwich,0.2680975654151175
37,327,Jacob Sørensen,DEF,Norwich,0.2680975654151175
37,328,Przemyslaw Placheta,MID,Norwich,0.2669645059075006
37,329,Adam Idah,FWD,Norwich,0.26118881584826736
37,33,Jack Grealish,MID,Man City,0.2669645059075006
37,330,Josh Martin,MID,Norwich,0.2669645059075006
37,331,Andrew Omobamidele,DEF,Norwich,0.2680975654151175
37,332,Theo Walcott,MID,Southampton,0.2669645059075006
37,333,Fraser Forster,GKP,Southampton,0.26511312412464555
37,334,Alex McCarthy,GKP,Southampton,0.26511312412464555
37,335,Oriol Romeu Vidal,MID,Southampton,0.2669645059075006
37,336,Nathan Redmond,MID,Southampton,0.2669645059075006
37,337,Danny Ings,FWD,Aston Villa,0.26118881584826736
37,337,Danny Ings,FWD,Aston Villa,0.26118881584826736
37,338,Jack Stephens,DEF,Southampton,0.2680975654151175
37,339,Stuart Armstrong,MID,Southampton,0.2669645059075006
37,34,Morgan Sanson,MID,Aston Villa,0.2669645059075006
37,34,Morgan Sanson,MID,Aston Villa,0.2669645059075006
37,340,Jannik Vestergaard,DEF,Leicester,0.2680975654151175
37,340,Jannik Vestergaard,DEF,Leicester,0.2680975654151175
37,341,James Ward-Prowse,MID,Southampton,0.2669645059075006
37,342,Kyle Walker-Peters,DEF,Southampton,0.2680975654151175
37,343,Jan Bednarek,DEF,Southampton,0.2680975654151175
37,344,Daniel N'Lundulu,FWD,Southampton,0.26118881584826736
37,345,Che Adams,FWD,Southampton,0.26118881584826736
37,346,Nathan Tella,MID,Southampton,0.2669645059075006
37,347,William Smallbone,MID,Southampton,0.2669645059075006
37,348,Michael Obafemi,FWD,Southampton,0.26118881584826736
37,349,Ibrahima Diallo,MID,Southampton,0.2669645059075006
37,35,John McGinn,MID,Aston Villa,0.2669645059075006
37,35,John McGinn,MID,Aston Villa,0.2669645059075006
37,350,Moussa Djenepo,MID,Southampton,0.2669645059075006
37,351,Mohammed Salisu,DEF,Southampton,0.2680975654151175
37,352,Joe Hart,GKP,Spurs,0.26511312412464555
37,353,Hugo Lloris,GKP,Spurs,0.26511312412464555
37,354,Moussa Sissoko,MID,Watford,0.2669645059075006
37,355,Toby Alderweireld,DEF,Spurs,0.2680975654151175
37,356,Erik Lamela,MID,Spurs,0.2669645059075006
37,357,Harry Kane,FWD,Spurs,0.26118881584826736
37,358,Serge Aurier,DEF,Spurs,0.2680975654151175
37,359,Heung-Min Son,MID,Spurs,0.2669645059075006
37,36,Kortney Hause,DEF,Aston Villa,0.2680975654151175
37,36,Kortney Hause,DEF,Aston Villa,0.2680975654151175
37,360,Matt Doherty,DEF,Spurs,0.2680975654151175
37,361,Eric Dier,DEF,Spurs,0.2680975654151175
37,362,Lucas Rodrigues Moura da Silva,MID,Spurs,0.2669645059075006
37,363,Bamidele Alli,MID,Everton,0.2669645059075006
37,363,Bamidele Alli,MID,Everton,0.2669645059075006
37,364,Ben Davies,DEF,Spurs,0.2680975654151175
37,365,Pierre-Emile Højbjerg,MID,Spurs,0.2669645059075006
37,366,Harry Winks,MID,Spurs,0.2669645059075006
37,367,Davinson Sánchez,DEF,Spurs,0.2680975654151175
37,368,Ryan Sessegnon,DEF,Spurs,0.2680975654151175
37,369,Steven Bergwijn,MID,Spurs,0.2669645059075006
37,37,Mahmoud Ahmed Ibrahim Hassan,MID,Aston Villa,0.2669645059075006
37,37,Mahmoud Ahmed Ibrahim Hassan,MID,Aston Villa,0.2669645059075006
37,370,Sergio Reguilón,DEF,Spurs,0.2680975654151175
37,371,Japhet Tanganga,DEF,Spurs,0.2680975654151175
37,372,Giovani Lo Celso,MID,Spurs,0.2669645059075006
37,373,Oliver Skipp,MID,Spurs,0.2669645059075006
37,374,Joe Rodon,DEF,Spurs,0.2680975654151175
37,375,Tanguy Ndombele,MID,Spurs,0.2669645059075006
37,376,Ben Foster,GKP,Watford,0.26511312412464555
37,377,Danny Rose,DEF,Watford,0.2680975654151175
37,378,Dan Gosling,MID,Watford,0.2669645059075006
37,379,Craig Cathcart,DEF,Watford,0.2680975654151175
37,38,Tyrone Mings,DEF,Aston Villa,0.2680975654151175
37,38,Tyrone Mings,DEF,Aston Villa,0.2680975654151175
37,380,Troy Deeney,FWD,Watford,0.26118881584826736
37,381,Tom Cleverley,MID,Watford,0.2669645059075006
37,382,Francisco Femenía Far,DEF,Watford,0.2680975654151175
37,383,Andre Gray,FWD,Watford,0.26118881584826736
37,384,Christian Kabasele,DEF,Watford,0.2680975654151175
37,385,Nathaniel Chalobah,MID,Watford,0.2669645059075006
37,386,Will Hughes,MID,Crystal Palace,0.2669645059075006
37,386,Will Hughes,MID,Crystal Palace,0.2669645059075006
37,387,William Troost-Ekong,DEF,Watford,0.2680975654151175
37,388,Stipe Perica,FWD,Watford,0.26118881584826736
37,389,Daniel Bachmann,GKP,Watford,0.26511312412464555
37,39,Matt Targett,DEF,Newcastle,0.2680975654151175
37,390,Adam Masina,DEF,Watford,0.2680975654151175
37,391,Ken Sema,MID,Watford,0.2669645059075006
37,392,Philip Zinckernagel,MID,Watford,0.2669645059075006
37,393,Isaac Success Ajayi,FWD,Watford,0.26118881584826736
37,394,Ayotomiwa Dele-Bashiru,MID,Watford,0.2669645059075006
37,395,Ashley Fletcher,FWD,Watford,0.26118881584826736
37,396,Francisco Sierralta,DEF,Watford,0.2680975654151175
37,397,Domingos Quina,MID,Watford,0.2669645059075006
37,398,Marc Navarro,DEF,Watford,0.2680975654151175
37,399,Ismaila Sarr,MID,Watford,0.2669645059075006
37,4,Pierre-Emerick Aubameyang,FWD,Arsenal,0.26118881584826736
37,40,Ollie Watkins,FWD,Aston Villa,0.26118881584826736
37,40,Ollie Watkins,FWD,Aston Villa,0.26118881584826736
37,400,Jeremy Ngakia,DEF,Watford,0.2680975654151175
37,401,Ben Wilmot,DEF,Watford,0.2680975654151175
37,402,Joseph Hungbo,MID,Watford,0.2669645059075006
37,403,Imrân Louza,MID,Watford,0.2669645059075006
37,404,João Pedro Junqueira de Jesus,FWD,Watford,0.26118881584826736
37,405,Kwadwo Baah,MID,Watford,0.2669645059075006
37,406,Mark Noble,MID,West Ham,0.2669645059075006
37,407,Darren Randolph,GKP,West Ham,0.26511312412464555
37,408,Lukasz Fabianski,GKP,West Ham,0.26511312412464555
37,409,Angelo Ogbonna,DEF,West Ham,0.2680975654151175
37,41,Marvelous Nakamba,MID,Aston Villa,0.2669645059075006
37,41,Marvelous Nakamba,MID,Aston Villa,0.2669645059075006
37,410,Winston Reid,DEF,West Ham,0.2680975654151175
37,411,Aaron Cresswell,DEF,West Ham,0.2680975654151175
37,412,Andriy Yarmolenko,MID,West Ham,0.2669645059075006
37,413,Michail Antonio,FWD,West Ham,0.26118881584826736
37,414,Craig Dawson,DEF,West Ham,0.2680975654151175
37,415,Ryan Fredericks,DEF,West Ham,0.2680975654151175
37,416,Manuel Lanzini,MID,West Ham,0.2669645059075006
37,417,Arthur Masuaku,DEF,West Ham,0.2680975654151175
37,418,Vladimir Coufal,DEF,West Ham,0.2680975654151175
37,419,Saïd Benrahma,MID,West Ham,0.2669645059075006
37,42,Anwar El Ghazi,MID,Everton,0.2669645059075006
37,42,Anwar El Ghazi,MID,Everton,0.2669645059075006
37,420,Jarrod Bowen,MID,West Ham,0.2669645059075006
37,421,Declan Rice,MID,West Ham,0.2669645059075006
37,422,Tomas Soucek,MID,West Ham,0.2669645059075006
37,423,Pablo Fornals,MID,West Ham,0.2669645059075006
37,424,Issa Diop,DEF,West Ham,0.2680975654151175
37,425,Ben Johnson,DEF,West Ham,0.2680975654151175
37,426,João Filipe Iria Santos Moutinho,MID,Wolves,0.2669645059075006
37,427,Rui Pedro dos Santos Patrício,GKP,Wolves,0.26511312412464555
37,428,Willy Boly,DEF,Wolves,0.2680975654151175
37,429,Conor Coady,DEF,Wolves,0.2680975654151175
37,43,Emiliano Buendía Stati,MID,Aston Villa,0.2669645059075006
37,43,Emiliano Buendía Stati,MID,Aston Villa,0.2669645059075006
37,430,Raúl Jiménez,FWD,Wolves,0.26118881584826736
37,431,Romain Saïss,DEF,Wolves,0.2680975654151175
37,432,Fernando Marçal,DEF,Wolves,0.2680975654151175
37,433,Jonathan Castro Otto,DEF,Wolves,0.2680975654151175
37,434,Leander Dendoncker,MID,Wolves,0.2669645059075006
37,435,Adama Traoré,MID,Wolves,0.2669645059075006
37,436,Rúben Diogo da Silva Neves,MID,Wolves,0.2669645059075006
37,437,Nélson Cabral Semedo,DEF,Wolves,0.2680975654151175
37,438,Daniel Castelo Podence,MID,Wolves,0.2669645059075006
37,439,Max Kilman,DEF,Wolves,0.2680975654151175
37,44,Matthew Cash,DEF,Aston Villa,0.2680975654151175
37,44,Matthew Cash,DEF,Aston Villa,0.2680975654151175
37,440,Morgan Gibbs-White,MID,Wolves,0.2669645059075006
37,441,Pedro Lomba Neto,MID,Wolves,0.2669645059075006
37,442,Owen Otasowie,MID,Wolves,0.2669645059075006
37,443,Ki-Jana Hoever,DEF,Wolves,0.2680975654151175
37,444,Andreas Söndergaard,GKP,Wolves,0.26511312412464555
37,445,Fabio Silva,FWD,Wolves,0.26118881584826736
37,446,Yerson Mosquera Valdelamar,DEF,Wolves,0.2680975654151175
37,447,Danny Welbeck,FWD,Brighton,0.26118881584826736
37,448,Angus Gunn,GKP,Norwich,0.26511312412464555
37,449,Milot Rashica,MID,Norwich,0.2669645059075006
37,45,Ezri Konsa Ngoyo,DEF,Aston Villa,0.2680975654151175
37,45,Ezri Konsa Ngoyo,DEF,Aston Villa,0.2680975654151175
37,450,Emmanuel Dennis,FWD,Watford,0.26118881584826736
37,451,Nathan Collins,DEF,Burnley,0.2680975654151175
37,451,Nathan Collins,DEF,Burnley,0.2680975654151175
37,452,John Ruddy,GKP,Wolves,0.26511312412464555
37,453,Fernando Luiz Rosa,MID,Man City,0.2669645059075006
37,454,Matthew Pollock,DEF,Watford,0.2680975654151175
37,455,Patson Daka,FWD,Leicester,0.26118881584826736
37,455,Patson Daka,FWD,Leicester,0.26118881584826736
37,456,Ben Gibson,DEF,Norwich,0.2680975654151175
37,457,Dimitris Giannoulis,DEF,Norwich,0.2680975654151175
37,458,Boubakary Soumaré,MID,Leicester,0.2669645059075006
37,458,Boubakary Soumaré,MID,Leicester,0.2669645059075006
37,46,Frédéric Guilbert,DEF,Aston Villa,0.2680975654151175
37,46,Frédéric Guilbert,DEF,Aston Villa,0.2680975654151175
37,460,Romain Perraud,DEF,Southampton,0.2680975654151175
37,461,Francisco Machado Mota de Castro Trincão,MID,Wolves,0.2669645059075006
37,462,Enock Mwepu,MID,Brighton,0.2669645059075006
37,463,Héctor Junior Firpo Adames,DEF,Leeds,0.2680975654151175
37,464,Michael Olise,MID,Crystal Palace,0.2669645059075006
37,464,Michael Olise,MID,Crystal Palace,0.2669645059075006
37,465,Federico Fernández,DEF,Newcastle,0.2680975654151175
37,466,Nuno Varela Tavares,DEF,Arsenal,0.2680975654151175
37,467,Oghenekaro Peter Etebo,MID,Watford,0.2669645059075006
37,468,Joshua King,FWD,Watford,0.26118881584826736
37,469,Adedapo Awokoya-Mebude,FWD,Watford,0.26118881584826736
37,47,Wesley Moraes,FWD,Aston Villa,0.26118881584826736
37,47,Wesley Moraes,FWD,Aston Villa,0.26118881584826736
37,470,Rayan Ait Nouri,DEF,Wolves,0.2680975654151175
37,471,Pierre Lees-Melou,MID,Norwich,0.2669645059075006
37,472,Juan Camilo Hernández Suárez,FWD,Watford,0.26118881584826736
37,473,Ryan Bertrand,DEF,Leicester,0.2680975654151175
37,473,Ryan Bertrand,DEF,Leicester,0.2680975654151175
37,474,Joel Ward,DEF,Crystal Palace,0.2680975654151175
37,474,Joel Ward,DEF,Crystal Palace,0.2680975654151175
37,475,José Malheiro de Sá,GKP,Wolves,0.26511312412464555
37,476,Kjell Scherpen,GKP,Brighton,0.26511312412464555
37,477,Marc Guéhi,DEF,Crystal Palace,0.2680975654151175
37,477,Marc Guéhi,DEF,Crystal Palace,0.2680975654151175
37,478,Albert Sambi Lokonga,MID,Arsenal,0.2669645059075006
37,479,Frank Onyeka,MID,Brentford,0.2669645059075006
37,48,Mbwana Ally Samatta,FWD,Aston Villa,0.26118881584826736
37,48,Mbwana Ally Samatta,FWD,Aston Villa,0.26118881584826736
37,480,Wayne Hennessey,GKP,Burnley,0.26511312412464555
37,480,Wayne Hennessey,GKP,Burnley,0.26511312412464555
37,481,Asmir Begović,GKP,Everton,0.26511312412464555
37,481,Asmir Begović,GKP,Everton,0.26511312412464555
37,482,Andros Townsend,MID,Everton,0.2669645059075006
37,482,Andros Townsend,MID,Everton,0.2669645059075006
37,483,Kristoffer Ajer,DEF,Brentford,0.2680975654151175
37,484,Demarai Gray,MID,Everton,0.2669645059075006
37,484,Demarai Gray,MID,Everton,0.2669645059075006
37,486,Pierluigi Gollini,GKP,Spurs,0.26511312412464555
37,487,Bryan Gil Salvatierra,MID,Spurs,0.2669645059075006
37,488,Joachim Andersen,DEF,Crystal Palace,0.2680975654151175
37,488,Joachim Andersen,DEF,Crystal Palace,0.2680975654151175
37,489,Alphonse Areola,GKP,West Ham,0.26511312412464555
37,49,Keinan Davis,FWD,Aston Villa,0.26118881584826736
37,49,Keinan Davis,FWD,Aston Villa,0.26118881584826736
37,490,Kristoffer Klaesson,GKP,Leeds,0.26511312412464555
37,491,Tino Livramento,DEF,Southampton,0.2680975654151175
37,492,Leon Bailey,MID,Aston Villa,0.2669645059075006
37,492,Leon Bailey,MID,Aston Villa,0.2669645059075006
37,493,Nathaniel Clyne,DEF,Crystal Palace,0.2680975654151175
37,493,Nathaniel Clyne,DEF,Crystal Palace,0.2680975654151175
37,494,Cristian Romero,DEF,Spurs,0.2680975654151175
37,495,Juraj Kucka,MID,Watford,0.2669645059075006
37,496,Aaron Ramsey,MID,Aston Villa,0.2669645059075006
37,496,Aaron Ramsey,MID,Aston Villa,0.2669645059075006
37,497,Jaden Philogene-Bidace,MID,Aston Villa,0.2669645059075006
37,497,Jaden Philogene-Bidace,MID,Aston Villa,0.2669645059075006
37,498,Dominic Thompson,DEF,Brentford,0.2680975654151175
37,499,Shandon Baptiste,MID,Brentford,0.2669645059075006
37,5,Cédric Soares,DEF,Arsenal,0.2680975654151175
37,50,Douglas Luiz Soares de Paulo,MID,Aston Villa,0.2669645059075006
37,50,Douglas Luiz Soares de Paulo,MID,Aston Villa,0.2669645059075006
37,500,Florin Andone,FWD,Brighton,0.26118881584826736
37,501,Malang Sarr,DEF,Chelsea,0.2680975654151175
37,502,Jonjoe Kenny,DEF,Everton,0.2680975654151175
37,502,Jonjoe Kenny,DEF,Everton,0.2680975654151175
37,503,Anthony Gordon,MID,Everton,0.2669645059075006
37,503,Anthony Gordon,MID,Everton,0.2669645059075006
37,504,Jean-Philippe Gbamin,MID,Everton,0.2669645059075006
37,504,Jean-Philippe Gbamin,MID,Everton,0.2669645059075006
37,505,Kiernan Dewsbury-Hall,MID,Leicester,0.2669645059075006
37,505,Kiernan Dewsbury-Hall,MID,Leicester,0.2669645059075006
37,506,Harvey Elliott,MID,Liverpool,0.2669645059075006
37,507,Cole Palmer,MID,Man City,0.2669645059075006
37,508,Samuel Edozie,MID,Man City,0.2669645059075006
37,51,Jacob Ramsey,MID,Aston Villa,0.2669645059075006
37,51,Jacob Ramsey,MID,Aston Villa,0.2669645059075006
37,513,Freddie Woodman,GKP,Newcastle,0.26511312412464555
37,514,Mark Gillespie,GKP,Newcastle,0.26511312412464555
37,515,Bali Mumba,DEF,Norwich,0.2680975654151175
37,516,Joshua Sargent,FWD,Norwich,0.26118881584826736
37,517,Mohamed Elyounoussi,MID,Southampton,0.2669645059075006
37,518,Armando Broja,FWD,Southampton,0.26118881584826736
37,519,Shane Long,FWD,Southampton,0.26118881584826736
37,52,Ashley Young,DEF,Aston Villa,0.2680975654151175
37,52,Ashley Young,DEF,Aston Villa,0.2680975654151175
37,520,Dane Scarlett,FWD,Spurs,0.26118881584826736
37,521,Frederik Alves,DEF,West Ham,0.2680975654151175
37,522,Conor Coventry,MID,West Ham,0.2669645059075006
37,523,Patrick Cutrone,FWD,Wolves,0.26118881584826736
37,524,Yoane Wissa,MID,Brentford,0.2669645059075006
37,525,Adam Armstrong,FWD,Southampton,0.26118881584826736
37,526,Carney Chukwuemeka,MID,Aston Villa,0.2669645059075006
37,526,Carney Chukwuemeka,MID,Aston Villa,0.2669645059075006
37,527,Trevoh Chalobah,DEF,Chelsea,0.2680975654151175
37,528,Christos Tzolis,MID,Norwich,0.2669645059075006
37,529,Romelu Lukaku,FWD,Chelsea,0.26118881584826736
37,53,Adam Lallana,MID,Brighton,0.2669645059075006
37,530,Folarin Balogun,FWD,Arsenal,0.26118881584826736
37,531,Reiss Nelson,MID,Arsenal,0.2669645059075006
37,532,Karl Hein,GKP,Arsenal,0.26511312412464555
37,533,Lewis Richardson,FWD,Burnley,0.26118881584826736
37,533,Lewis Richardson,FWD,Burnley,0.26118881584826736
37,534,Bobby Thomas,DEF,Burnley,0.2680975654151175
37,534,Bobby Thomas,DEF,Burnley,0.2680975654151175
37,535,Andi Zeqiri,FWD,Brighton,0.26118881584826736
37,536,Michal Karbownik,DEF,Brighton,0.2680975654151175
37,537,Taylor Richards,MID,Brighton,0.2669645059075006
37,538,Moisés Caicedo,MID,Brighton,0.2669645059075006
37,539,Emerson Palmieri dos Santos,DEF,Chelsea,0.2680975654151175
37,54,Jason Steele,GKP,Brighton,0.26511312412464555
37,540,Reece Hannam,DEF,Crystal Palace,0.2680975654151175
37,540,Reece Hannam,DEF,Crystal Palace,0.2680975654151175
37,541,Jesurun Rak-Sakyi,MID,Crystal Palace,0.2669645059075006
37,541,Jesurun Rak-Sakyi,MID,Crystal Palace,0.2669645059075006
37,542,Robert Street,FWD,Crystal Palace,0.26118881584826736
37,542,Robert Street,FWD,Crystal Palace,0.26118881584826736
37,543,Scott Banks,MID,Crystal Palace,0.2669645059075006
37,543,Scott Banks,MID,Crystal Palace,0.2669645059075006
37,544,Jarrad Branthwaite,DEF,Everton,0.2680975654151175
37,544,Jarrad Branthwaite,DEF,Everton,0.2680975654151175
37,545,Nathan Broadhead,FWD,Everton,0.26118881584826736
37,545,Nathan Broadhead,FWD,Everton,0.26118881584826736
37,546,Yan Valery,DEF,Southampton,0.2680975654151175
37,547,Luke Cundle,MID,Wolves,0.2669645059075006
37,548,Chem Campbell,MID,Wolves,0.2669645059075006
37,549,Christian Marques,DEF,Wolves,0.2680975654151175
37,55,Pascal Groß,MID,Brighton,0.2669645059075006
37,550,Sam Greenwood,FWD,Leeds,0.26118881584826736
37,551,Crysencio Summerville,MID,Leeds,0.2669645059075006
37,552,Adam Forshaw,MID,Leeds,0.2669645059075006
37,553,Ben Woodburn,MID,Liverpool,0.2669645059075006
37,554,Jamal Baptiste,DEF,West Ham,0.2680975654151175
37,556,Álvaro Fernández,GKP,Brentford,0.26511312412464555
37,557,Ozan Tufan,MID,Watford,0.2669645059075006
37,558,Martin Ødegaard,MID,Arsenal,0.2669645059075006
37,559,Aaron Ramsdale,GKP,Arsenal,0.26511312412464555
37,56,Shane Duffy,DEF,Brighton,0.2680975654151175
37,560,Haydon Roberts,DEF,Brighton,0.2680975654151175
37,561,Remi Matthews,GKP,Crystal Palace,0.26511312412464555
37,561,Remi Matthews,GKP,Crystal Palace,0.26511312412464555
37,562,Cody Drameh,DEF,Leeds,0.2680975654151175
37,563,Charlie Cresswell,DEF,Leeds,0.2680975654151175
37,564,Moise Kean,FWD,Everton,0.26118881584826736
37,564,Moise Kean,FWD,Everton,0.26118881584826736
37,565,Owen Dodgson,DEF,Burnley,0.2680975654151175
37,565,Owen Dodgson,DEF,Burnley,0.2680975654151175
37,566,Tommy Doyle,MID,Man City,0.2669645059075006
37,567,Lyanco Evangelista Silveira Neves Vojnovic,DEF,Southampton,0.2680975654151175
37,568,Cameron Archer,FWD,Aston Villa,0.26118881584826736
37,568,Cameron Archer,FWD,Aston Villa,0.26118881584826736
37,569,Finley Stevens,DEF,Brentford,0.2680975654151175
37,57,Davy Pröpper,MID,Brighton,0.2669645059075006
37,570,Niels Nkounkou,DEF,Everton,0.2680975654151175
37,570,Niels Nkounkou,DEF,Everton,0.2680975654151175
37,571,Andy Lonergan,GKP,Everton,0.26511312412464555
37,571,Andy Lonergan,GKP,Everton,0.26511312412464555
37,572,Arthur Okonkwo,GKP,Arsenal,0.26511312412464555
37,573,Eldin Jakupovic,GKP,Leicester,0.26511312412464555
37,573,Eldin Jakupovic,GKP,Leicester,0.26511312412464555
37,574,Robert Elliot,GKP,Watford,0.26511312412464555
37,575,Aaron Lennon,MID,Burnley,0.2669645059075006
37,575,Aaron Lennon,MID,Burnley,0.2669645059075006
37,576,Liam McCarron,MID,Leeds,0.2669645059075006
37,577,Joe Gelhardt,FWD,Leeds,0.26118881584826736
37,578,Maxwel Cornet,MID,Burnley,0.2669645059075006
37,578,Maxwel Cornet,MID,Burnley,0.2669645059075006
37,58,Dan Burn,DEF,Newcastle,0.2680975654151175
37,580,Ozan Kabak,DEF,Norwich,0.2680975654151175
37,581,Mathias Normann,MID,Norwich,0.2669645059075006
37,582,Nikola Vlasic,MID,West Ham,0.2669645059075006
37,583,Hee-Chan Hwang,FWD,Wolves,0.26118881584826736
37,584,Marc Cucurella,DEF,Brighton,0.2680975654151175
37,585,Connor Roberts,DEF,Burnley,0.2680975654151175
37,585,Connor Roberts,DEF,Burnley,0.2680975654151175
37,586,Odsonne Edouard,FWD,Crystal Palace,0.26118881584826736
37,586,Odsonne Edouard,FWD,Crystal Palace,0.26118881584826736
37,587,Ademola Lookman,MID,Leicester,0.2669645059075006
37,587,Ademola Lookman,MID,Leicester,0.2669645059075006
37,588,Emerson Aparecido Leite de Souza Junior,DEF,Spurs,0.2680975654151175
37,589,Alex Kral,MID,West Ham,0.2669645059075006
37,59,Lewis Dunk,DEF,Brighton,0.2680975654151175
37,590,Takehiro Tomiyasu,DEF,Arsenal,0.2680975654151175
37,591,Salomón Rondón,FWD,Everton,0.26118881584826736
37,591,Salomón Rondón,FWD,Everton,0.26118881584826736
37,592,Saúl Ñíguez,MID,Chelsea,0.2669645059075006
37,593,Scott Carson,GKP,Man City,0.26511312412464555
37,594,Mathias Jorgensen,DEF,Brentford,0.2680975654151175
37,595,Jürgen Locadia,FWD,Brighton,0.26118881584826736
37,596,Viljami Sinisalo,GKP,Aston Villa,0.26511312412464555
37,596,Viljami Sinisalo,GKP,Aston Villa,0.26511312412464555
37,597,Dilan Markanday,MID,Spurs,0.2669645059075006
37,598,Tobi Omole,DEF,Spurs,0.2680975654151175
37,599,Joe White,MID,Newcastle,0.2669645059075006
37,6,Alexandre Lacazette,FWD,Arsenal,0.26118881584826736
37,60,Solomon March,MID,Brighton,0.2669645059075006
37,600,Nohan Kenneh,MID,Leeds,0.2669645059075006
37,601,Stuart McKinstry,MID,Leeds,0.2669645059075006
37,602,Ellis Simms,FWD,Everton,0.26118881584826736
37,602,Ellis Simms,FWD,Everton,0.26118881584826736
37,603,Luke Mbete,DEF,Man City,0.2680975654151175
37,604,Joshua Wilson-Esbrand,DEF,Man City,0.2680975654151175
37,605,Romeo Lavia,MID,Man City,0.2669645059075006
37,606,Marcus Bettinelli,GKP,Chelsea,0.26511312412464555
37,607,Lewis Dobbin,FWD,Everton,0.26118881584826736
37,607,Lewis Dobbin,FWD,Everton,0.26118881584826736
37,608,Leo Fuhr Hjelde,DEF,Leeds,0.2680975654151175
37,609,Elliot Anderson,MID,Newcastle,0.2669645059075006
37,61,Adam Webster,DEF,Brighton,0.2680975654151175
37,610,Lamare Bogarde,DEF,Aston Villa,0.2680975654151175
37,610,Lamare Bogarde,DEF,Aston Villa,0.2680975654151175
37,611,Louie Moulden,GKP,Wolves,0.26511312412464555
37,612,Jeremy Sarmiento,MID,Brighton,0.2669645059075006
37,613,Charlie Whitaker,MID,Everton,0.2669645059075006
37,613,Charlie Whitaker,MID,Everton,0.2669645059075006
37,614,Paris Maghoma,MID,Brentford,0.2669645059075006
37,615,Cieran Slicker,GKP,Man City,0.26511312412464555
37,616,Harry Tyrer,GKP,Everton,0.26511312412464555
37,616,Harry Tyrer,GKP,Everton,0.26511312412464555
37,617,Harrison Ashby,DEF,West Ham,0.2680975654151175
37,618,Nicolas Nkoulou,DEF,Watford,0.2680975654151175
37,619,Matthew Cox,GKP,Brentford,0.26511312412464555
37,62,Joël Veltman,DEF,Brighton,0.2680975654151175
37,620,Tyler Morton,MID,Liverpool,0.2669645059075006
37,621,James Storer,GKP,Wolves,0.26511312412464555
37,622,Cenk Tosun,FWD,Everton,0.26118881584826736
37,622,Cenk Tosun,FWD,Everton,0.26118881584826736
37,623,Reece Welch,DEF,Everton,0.2680975654151175
37,623,Reece Welch,DEF,Everton,0.2680975654151175
37,624,Lewis Bate,MID,Leeds,0.2669645059075006
37,625,Kaide Gordon,MID,Liverpool,0.2669645059075006
37,626,Conor Bradley,DEF,Liverpool,0.2680975654151175
37,627,Owen Beck,DEF,Liverpool,0.2680975654151175
37,628,Maxwell Haygarth,MID,Brentford,0.2669645059075006
37,629,James McAtee,MID,Man City,0.2669645059075006
37,63,Neal Maupay,FWD,Brighton,0.26118881584826736
37,630,Tyler Onyango,MID,Everton,0.2669645059075006
37,630,Tyler Onyango,MID,Everton,0.2669645059075006
37,631,Jack Jenkins,MID,Leeds,0.2669645059075006
37,633,James Morris,DEF,Watford,0.2680975654151175
37,634,Sonny Perkins,MID,West Ham,0.2669645059075006
37,635,Hugo Bueno,DEF,Wolves,0.2680975654151175
37,637,Harry Lewis,GKP,Southampton,0.26511312412464555
37,638,Tim Iroegbunam,MID,Aston Villa,0.2669645059075006
37,638,Tim Iroegbunam,MID,Aston Villa,0.2669645059075006
37,639,Vontae Daley-Campbell,DEF,Leicester,0.2680975654151175
37,639,Vontae Daley-Campbell,DEF,Leicester,0.2680975654151175
37,64,Leandro Trossard,MID,Brighton,0.2669645059075006
37,640,Nathan Young-Coombes,FWD,Brentford,0.26118881584826736
37,641,Willy Caballero,GKP,Southampton,0.26511312412464555
37,642,Vincent Angelini,GKP,Watford,0.26511312412464555
37,643,Jonathan Tomkinson,DEF,Norwich,0.2680975654151175
37,644,Ajibola Alese,DEF,West Ham,0.2680975654151175
37,645,Ben Nelson,DEF,Leicester,0.2680975654151175
37,645,Ben Nelson,DEF,Leicester,0.2680975654151175
37,646,Lewis Brunt,MID,Leicester,0.2669645059075006
37,646,Lewis Brunt,MID,Leicester,0.2669645059075006
37,647,Kasey McAteer,MID,Leicester,0.2669645059075006
37,647,Kasey McAteer,MID,Leicester,0.2669645059075006
37,648,Jonathan Rowe,MID,Norwich,0.2669645059075006
37,649,Thomas Dickson-Peters,FWD,Norwich,0.26118881584826736
37,65,Mathew Ryan,GKP,Brighton,0.26511312412464555
37,650,Filip Marschall,GKP,Aston Villa,0.26511312412464555
37,650,Filip Marschall,GKP,Aston Villa,0.26511312412464555
37,651,Conrad Egan-Riley,DEF,Man City,0.2680975654151175
37,652,Armstrong Oko-Flex,MID,West Ham,0.2669645059075006
37,653,Ed Turns,DEF,Brighton,0.2680975654151175
37,654,Marc Leonard,MID,Brighton,0.2669645059075006
37,655,Evan Ferguson,FWD,Brighton,0.26118881584826736
37,656,Marcelo de Araújo Pitaluga Filho,GKP,Liverpool,0.26511312412464555
37,657,Kris Moore,DEF,Leeds,0.2680975654151175
37,658,Archie Gray,MID,Leeds,0.2669645059075006
37,659,Brandon Austin,GKP,Spurs,0.26511312412464555
37,66,Alireza Jahanbakhsh,MID,Brighton,0.2669645059075006
37,660,Jarell Quansah,DEF,Liverpool,0.2680975654151175
37,661,Bruno André Cavaco Jordão,MID,Wolves,0.2669645059075006
37,662,Myles Peart-Harris,MID,Brentford,0.2669645059075006
37,663,Kayky da Silva Chagas,FWD,Man City,0.26118881584826736
37,664,Charlie Patino,MID,Arsenal,0.2669645059075006
37,665,Dynel Simeu,DEF,Southampton,0.2680975654151175
37,666,Jon McCracken,GKP,Norwich,0.26511312412464555
37,667,Thierry Small,DEF,Southampton,0.2680975654151175
37,668,Harvey White,MID,Spurs,0.2669645059075006
37,669,Kamil Conteh,MID,Watford,0.2669645059075006
37,67,Ben White,DEF,Arsenal,0.2680975654151175
37,670,Josh Feeney,DEF,Aston Villa,0.2680975654151175
37,670,Josh Feeney,DEF,Aston Villa,0.2680975654151175
37,671,Lewis Hall,MID,Chelsea,0.2669645059075006
37,672,Harvey Vale,MID,Chelsea,0.2669645059075006
37,673,Jonas Lössl,GKP,Brentford,0.26511312412464555
37,674,Nathan Patterson,DEF,Everton,0.2680975654151175
37,674,Nathan Patterson,DEF,Everton,0.2680975654151175
37,675,Vitalii Mykolenko,DEF,Everton,0.2680975654151175
37,675,Vitalii Mykolenko,DEF,Everton,0.2680975654151175
37,676,Hassane Kamara,DEF,Watford,0.2680975654151175
37,677,Samir Caetano de Souza Santos,DEF,Watford,0.2680975654151175
37,678,Kieran Trippier,DEF,Newcastle,0.2680975654151175
37,679,Edo Kayembe,MID,Watford,0.2669645059075006
37,68,Bernardo Fernandes Da Silva Junior,DEF,Brighton,0.2680975654151175
37,680,Kgaogelo Chauke,MID,Southampton,0.2669645059075006
37,681,Philippe Coutinho Correia,MID,Aston Villa,0.2669645059075006
37,681,Philippe Coutinho Correia,MID,Aston Villa,0.2669645059075006
37,682,Pierre Ekwah,DEF,West Ham,0.2680975654151175
37,683,Liam Gibbs,MID,Norwich,0.2669645059075006
37,684,Kaine Hayden,DEF,Aston Villa,0.2680975654151175
37,684,Kaine Hayden,DEF,Aston Villa,0.2680975654151175
37,685,Toti António Gomes,DEF,Wolves,0.2680975654151175
37,686,Dion Sanderson,DEF,Wolves,0.2680975654151175
37,687,Ryan Giles,MID,Wolves,0.2669645059075006
37,688,Thomas McGill,GKP,Brighton,0.26511312412464555
37,689,Francisco Jorge Tomás Oliveira,MID,Wolves,0.2669645059075006
37,69,Robert Sánchez,GKP,Brighton,0.26511312412464555
37,690,Robert Kenedy Nunes do Nascimento,DEF,Chelsea,0.2680975654151175
37,691,Robin Olsen,GKP,Aston Villa,0.26511312412464555
37,691,Robin Olsen,GKP,Aston Villa,0.26511312412464555
37,692,Omari Hutchinson,MID,Arsenal,0.2669645059075006
37,693,Salah-Eddine Oulad M'hand,MID,Arsenal,0.2669645059075006
37,694,Mika Biereth,FWD,Arsenal,0.26118881584826736
37,695,Ryan Alebiosu,DEF,Arsenal,0.2680975654151175
37,696,Luis Díaz,MID,Liverpool,0.2669645059075006
37,697,Bruno Guimarães Rodriguez Moura,MID,Newcastle,0.2669645059075006
37,698,Samuel Kalu,MID,Watford,0.2669645059075006
37,699,Christian Eriksen,MID,Brentford,0.2669645059075006
37,7,Granit Xhaka,MID,Arsenal,0.2669645059075006
37,70,Yves Bissouma,MID,Brighton,0.2669645059075006
37,700,Wout Weghorst,FWD,Burnley,0.26118881584826736
37,700,Wout Weghorst,FWD,Burnley,0.26118881584826736
37,701,Dejan Kulusevski,MID,Spurs,0.2669645059075006
37,702,Rodrigo Bentancur,MID,Spurs,0.2669645059075006
37,703,Benjamin Chrisene,MID,Aston Villa,0.2669645059075006
37,703,Benjamin Chrisene,MID,Aston Villa,0.2669645059075006
37,704,Liam Delap,FWD,Man City,0.26118881584826736
37,705,Zach Awe,DEF,Arsenal,0.2680975654151175
37,707,Lucas De Bolle,MID,Newcastle,0.2669645059075006
37,708,Sam Waller,GKP,Burnley,0.26511312412464555
37,708,Sam Waller,GKP,Burnley,0.26511312412464555
37,709,Tayo Adaramola,DEF,Crystal Palace,0.2680975654151175
37,709,Tayo Adaramola,DEF,Crystal Palace,0.2680975654151175
37,71,Tariq Lamptey,DEF,Brighton,0.2680975654151175
37,710,Daniel Chesters,MID,West Ham,0.2669645059075006
37,711,Zak Swanson,DEF,Arsenal,0.2680975654151175
37,712,Odeluga Offiah,DEF,Brighton,0.2680975654151175
37,713,Tommi O'Reilly,MID,Aston Villa,0.2669645059075006
37,713,Tommi O'Reilly,MID,Aston Villa,0.2669645059075006
37,714,Alfie Devine,MID,Spurs,0.2669645059075006
37,715,Abu Kamara,FWD,Norwich,0.26118881584826736
37,716,Tony Springett,MID,Norwich,0.2669645059075006
37,717,Jamie Bowden,MID,Spurs,0.2669645059075006
37,718,Isaac Price,MID,Everton,0.2669645059075006
37,718,Isaac Price,MID,Everton,0.2669645059075006
37,719,Mazeed Ogungbo,DEF,Arsenal,0.2680975654151175
37,72,Aaron Connolly,FWD,Brighton,0.26118881584826736
37,720,Marcelo Flores,MID,Arsenal,0.2669645059075006
37,721,Miguel Azeez,MID,Arsenal,0.2669645059075006
37,722,Julian Jeanvier,DEF,Brentford,0.2680975654151175
37,724,Marcel Lavinier,DEF,Spurs,0.2680975654151175
37,725,Shaqai Forde,FWD,Watford,0.26118881584826736
37,726,Dara Costelloe,MID,Burnley,0.2669645059075006
37,726,Dara Costelloe,MID,Burnley,0.2669645059075006
37,729,Matthew Craig,MID,Spurs,0.2669645059075006
37,73,Steven Alzate,MID,Brighton,0.2669645059075006
37,730,Alex Kirk,DEF,Arsenal,0.2680975654151175
37,731,Tyler Dibling,MID,Southampton,0.2669645059075006
37,732,Tiago Çukur,FWD,Watford,0.26118881584826736
37,733,Adrian Blake,MID,Watford,0.2669645059075006
37,734,Jack Grieves,FWD,Watford,0.26118881584826736
37,735,Joseph McGlynn,FWD,Burnley,0.26118881584826736
37,735,Joseph McGlynn,FWD,Burnley,0.26118881584826736
37,736,Anthony Mancini,MID,Burnley,0.2669645059075006
37,736,Anthony Mancini,MID,Burnley,0.2669645059075006
37,74,Alexis Mac Allister,MID,Brighton,0.2669645059075006
37,75,Jakub Moder,MID,Brighton,0.2669645059075006
37,76,Pontus Jansson,DEF,Brentford,0.2680975654151175
37,77,Christian Nørgaard,MID,Brentford,0.2669645059075006
37,78,Ivan Toney,FWD,Brentford,0.26118881584826736
37,79,Tariqe Fosu-Henry,MID,Brentford,0.2669645059075006
37,8,Pablo Marí,DEF,Arsenal,0.2680975654151175
37,80,David Raya Martin,GKP,Brentford,0.26511312412464555
37,81,Sergi Canós,MID,Brentford,0.2669645059075006
37,82,Pelenda Joshua Dasilva,MID,Brentford,0.2669645059075006
37,83,Rico Henry,DEF,Brentford,0.2680975654151175
37,84,Vitaly Janelt,MID,Brentford,0.2669645059075006
37,85,Saman Ghoddos,MID,Brentford,0.2669645059075006
37,86,Mathias Jensen,MID,Brentford,0.2669645059075006
37,87,Charlie Goode,DEF,Brentford,0.2680975654151175
37,88,Marcus Forss,FWD,Brentford,0.26118881584826736
37,89,Mads Roerslev Rasmussen,DEF,Brentford,0.2680975654151175
37,9,Héctor Bellerín,DEF,Arsenal,0.2680975654151175
37,90,Mads Bech Sørensen,DEF,Brentford,0.2680975654151175
37,91,Ethan Pinnock,DEF,Brentford,0.2680975654151175
37,92,Ellery Balcombe,GKP,Brentford,0.26511312412464555
37,93,Jan Zamburek,MID,Brentford,0.2669645059075006
37,94,Patrik Gunnarsson,GKP,Brentford,0.26511312412464555
37,95,Halil Dervişoğlu,FWD,Brentford,0.26118881584826736
37,96,Bryan Mbeumo,MID,Brentford,0.2669645059075006
37,97,Mads Bidstrup,MID,Brentford,0.2669645059075006
37,98,James Tarkowski,DEF,Burnley,0.2680975654151175
37,98,James Tarkowski,DEF,Burnley,0.2680975654151175
37,99,Phil Bardsley,DEF,Burnley,0.2680975654151175
37,99,Phil Bardsley,DEF,Burnley,0.2680975654151175
38,286,Eric Bailly,DEF,Man Utd,0.2680975654151175
38,49,Keinan Davis,FWD,Aston Villa,0.26118881584826736
38,394,Ayotomiwa Dele-Bashiru,MID,Watford,0.2669645059075006
38,341,James Ward-Prowse,MID,Southampton,0.2669645059075006
38,277,Bruno Miguel Borges Fernandes,MID,Man Utd,0.2669645059075006
38,223,Adrián San Miguel del Castillo,GK,Liverpool,0.1025318864798031
38,148,James McArthur,MID,Crystal Palace,0.2669645059075006
38,564,Moise Kean,FWD,Everton,0.26118881584826736
38,405,Kwadwo Baah,MID,Watford,0.2669645059075006
38,301,Paul Dummett,DEF,Newcastle,0.2680975654151175
38,157,Jairo Riedewald,MID,Crystal Palace,0.2669645059075006
38,74,Alexis Mac Allister,MID,Brighton,0.2669645059075006
38,66,Alireza Jahanbakhsh,MID,Brighton,0.2669645059075006
38,428,Willy Boly,DEF,Wolves,0.2680975654151175
38,510,José Diogo Dalot Teixeira,DEF,Man Utd,0.2680975654151175
38,155,Jeffrey Schlupp,MID,Crystal Palace,0.2669645059075006
38,698,Samuel Kalu,MID,Watford,0.2669645059075006
38,574,Robert Elliot,GK,Watford,0.1025318864798031
38,468,Joshua King,FWD,Watford,0.26118881584826736
38,180,Richarlison de Andrade,FWD,Everton,0.26118881584826736
38,554,Jamal Baptiste,DEF,West Ham,0.2680975654151175
38,650,Filip Marschall,GK,Aston Villa,0.1025318864798031
38,321,Sam Byram,DEF,Norwich,0.2680975654151175
38,377,Danny Rose,DEF,Watford,0.2680975654151175
38,722,Julian Jeanvier,DEF,Brentford,0.2680975654151175
38,257,Ederson Santana de Moraes,GK,Man City,0.1025318864798031
38,686,Dion Sanderson,DEF,Wolves,0.2680975654151175
38,184,Liam Cooper,DEF,Leeds,0.2680975654151175
38,46,Frédéric Guilbert,DEF,Aston Villa,0.2680975654151175
38,39,Matt Targett,DEF,Newcastle,0.2680975654151175
38,629,James McAtee,MID,Man City,0.2669645059075006
38,435,Adama Traoré,MID,Wolves,0.2669645059075006
38,123,Jorge Luiz Frello Filho,MID,Chelsea,0.2669645059075006
38,240,Diogo Jota,MID,Liverpool,0.2669645059075006
38,250,Ilkay Gündogan,MID,Man City,0.2669645059075006
38,275,Luke Shaw,DEF,Man Utd,0.2680975654151175
38,518,Armando Broja,FWD,Southampton,0.26118881584826736
38,653,Ed Turns,DEF,Brighton,0.2680975654151175
38,618,Nicolas Nkoulou,DEF,Watford,0.2680975654151175
38,388,Stipe Perica,FWD,Watford,0.26118881584826736
38,539,Emerson Palmieri dos Santos,DEF,Chelsea,0.2680975654151175
38,710,Daniel Chesters,MID,West Ham,0.2669645059075006
38,393,Isaac Success Ajayi,FWD,Watford,0.26118881584826736
38,659,Brandon Austin,GK,Spurs,0.1025318864798031
38,421,Declan Rice,MID,West Ham,0.2669645059075006
38,459,Juan Mata,MID,Man Utd,0.2669645059075006
38,192,Hélder Wander Sousa de Azevedo e Costa,MID,Leeds,0.2669645059075006
38,711,Zak Swanson,DEF,Arsenal,0.2680975654151175
38,708,Sam Waller,GK,Burnley,0.1025318864798031
38,542,Robert Street,FWD,Crystal Palace,0.26118881584826736
38,704,Liam Delap,FWD,Man City,0.26118881584826736
38,506,Harvey Elliott,MID,Liverpool,0.2669645059075006
38,717,Jamie Bowden,MID,Spurs,0.2669645059075006
38,37,Mahmoud Ahmed Ibrahim Hassan,MID,Aston Villa,0.2669645059075006
38,52,Ashley Young,DEF,Aston Villa,0.2680975654151175
38,214,Hamza Choudhury,MID,Leicester,0.2669645059075006
38,654,Marc Leonard,MID,Brighton,0.2669645059075006
38,324,Christoph Zimmermann,DEF,Norwich,0.2680975654151175
38,731,Tyler Dibling,MID,Southampton,0.2669645059075006
38,136,Tammy Abraham,FWD,Chelsea,0.26118881584826736
38,56,Shane Duffy,DEF,Brighton,0.2680975654151175
38,495,Juraj Kucka,MID,Watford,0.2669645059075006
38,172,André Filipe Tavares Gomes,MID,Everton,0.2669645059075006
38,142,Reece James,DEF,Chelsea,0.2680975654151175
38,547,Luke Cundle,MID,Wolves,0.2669645059075006
38,552,Adam Forshaw,MID,Leeds,0.2669645059075006
38,129,Kepa Arrizabalaga,GK,Chelsea,0.1025318864798031
38,36,Kortney Hause,DEF,Aston Villa,0.2680975654151175
38,680,Kgaogelo Chauke,MID,Southampton,0.2669645059075006
38,38,Tyrone Mings,DEF,Aston Villa,0.2680975654151175
38,13,Ainsley Maitland-Niles,MID,Arsenal,0.2669645059075006
38,276,Jesse Lingard,MID,Man Utd,0.2669645059075006
38,145,Billy Gilmour,MID,Norwich,0.2669645059075006
38,497,Jaden Philogene-Bidace,MID,Aston Villa,0.2669645059075006
38,453,Fernando Luiz Rosa,MID,Man City,0.2669645059075006
38,648,Jonathan Rowe,MID,Norwich,0.2669645059075006
38,31,Björn Engels,DEF,Aston Villa,0.2680975654151175
38,79,Tariqe Fosu-Henry,MID,Brentford,0.2669645059075006
38,15,Thomas Partey,MID,Arsenal,0.2669645059075006
38,532,Karl Hein,GK,Arsenal,0.1025318864798031
38,382,Francisco Femenía Far,DEF,Watford,0.2680975654151175
38,578,Maxwel Cornet,MID,Burnley,0.2669645059075006
38,430,Raúl Jiménez,FWD,Wolves,0.26118881584826736
38,660,Jarell Quansah,DEF,Liverpool,0.2680975654151175
38,309,Sean Longstaff,MID,Newcastle,0.2669645059075006
38,458,Boubakary Soumaré,MID,Leicester,0.2669645059075006
38,9,Héctor Bellerín,DEF,Arsenal,0.2680975654151175
38,450,Emmanuel Dennis,FWD,Watford,0.26118881584826736
38,18,Lucas Torreira,MID,Arsenal,0.2669645059075006
38,203,Nampalys Mendy,MID,Leicester,0.2669645059075006
38,298,Ryan Fraser,MID,Newcastle,0.2669645059075006
38,589,Alex Kral,MID,West Ham,0.2669645059075006
38,272,Paul Pogba,MID,Man Utd,0.2669645059075006
38,670,Josh Feeney,DEF,Aston Villa,0.2680975654151175
38,32,Bertrand Traoré,MID,Aston Villa,0.2669645059075006
38,64,Leandro Trossard,MID,Brighton,0.2669645059075006
38,77,Christian Nørgaard,MID,Brentford,0.2669645059075006
38,220,Wesley Fofana,DEF,Leicester,0.2680975654151175
38,566,Tommy Doyle,MID,Man City,0.2669645059075006
38,271,Nemanja Matic,MID,Man Utd,0.2669645059075006
38,417,Arthur Masuaku,DEF,West Ham,0.2680975654151175
38,167,Bernard Anício Caldeira Duarte,MID,Everton,0.2669645059075006
38,290,Brandon Williams,DEF,Norwich,0.2680975654151175
38,318,Kenny McLean,MID,Norwich,0.2669645059075006
38,400,Jeremy Ngakia,DEF,Watford,0.2680975654151175
38,585,Connor Roberts,DEF,Burnley,0.2680975654151175
38,230,Sadio Mané,MID,Liverpool,0.2669645059075006
38,626,Conor Bradley,DEF,Liverpool,0.2680975654151175
38,20,Edward Nketiah,FWD,Arsenal,0.26118881584826736
38,75,Jakub Moder,MID,Brighton,0.2669645059075006
38,248,Ben Davies,DEF,Liverpool,0.2680975654151175
38,527,Trevoh Chalobah,DEF,Chelsea,0.2680975654151175
38,515,Bali Mumba,DEF,Norwich,0.2680975654151175
38,462,Enock Mwepu,MID,Brighton,0.2669645059075006
38,332,Theo Walcott,MID,Southampton,0.2669645059075006
38,305,Fabian Schär,DEF,Newcastle,0.2680975654151175
38,186,Mateusz Klich,MID,Leeds,0.2669645059075006
38,345,Che Adams,FWD,Southampton,0.26118881584826736
38,412,Andriy Yarmolenko,MID,West Ham,0.2669645059075006
38,320,Onel Hernández,MID,Norwich,0.2669645059075006
38,135,Benjamin Chilwell,DEF,Chelsea,0.2680975654151175
38,434,Leander Dendoncker,MID,Wolves,0.2669645059075006
38,234,Andrew Robertson,DEF,Liverpool,0.2680975654151175
38,583,Hee-Chan Hwang,FWD,Wolves,0.26118881584826736
38,281,Marcus Rashford,MID,Man Utd,0.2669645059075006
38,470,Rayan Ait Nouri,DEF,Wolves,0.2680975654151175
38,706,Hannibal Mejbri,MID,Man Utd,0.2669645059075006
38,536,Michal Karbownik,DEF,Brighton,0.2680975654151175
38,293,Ciaran Clark,DEF,Newcastle,0.2680975654151175
38,55,Pascal Groß,MID,Brighton,0.2669645059075006
38,534,Bobby Thomas,DEF,Burnley,0.2680975654151175
38,35,John McGinn,MID,Aston Villa,0.2669645059075006
38,643,Jonathan Tomkinson,DEF,Norwich,0.2680975654151175
38,22,Bukayo Saka,MID,Arsenal,0.2669645059075006
38,236,Takumi Minamino,MID,Liverpool,0.2669645059075006
38,247,Rhys Williams,DEF,Liverpool,0.2680975654151175
38,156,Jack Butland,GK,Crystal Palace,0.1025318864798031
38,256,João Pedro Cavaco Cancelo,DEF,Man City,0.2680975654151175
38,41,Marvelous Nakamba,MID,Aston Villa,0.2669645059075006
38,5,Cédric Soares,DEF,Arsenal,0.2680975654151175
38,238,Joseph Gomez,DEF,Liverpool,0.2680975654151175
38,108,Johann Berg Gudmundsson,MID,Burnley,0.2669645059075006
38,361,Eric Dier,DEF,Spurs,0.2680975654151175
38,563,Charlie Cresswell,DEF,Leeds,0.2680975654151175
38,343,Jan Bednarek,DEF,Southampton,0.2680975654151175
38,73,Steven Alzate,MID,Brighton,0.2669645059075006
38,573,Eldin Jakupovic,GK,Leicester,0.1025318864798031
38,385,Nathaniel Chalobah,MID,Watford,0.2669645059075006
38,701,Dejan Kulusevski,MID,Spurs,0.2669645059075006
38,695,Ryan Alebiosu,DEF,Arsenal,0.2680975654151175
38,232,Fabio Henrique Tavares,MID,Liverpool,0.2669645059075006
38,570,Niels Nkounkou,DEF,Everton,0.2680975654151175
38,628,Maxwell Haygarth,MID,Brentford,0.2669645059075006
38,76,Pontus Jansson,DEF,Brentford,0.2680975654151175
38,426,João Filipe Iria Santos Moutinho,MID,Wolves,0.2669645059075006
38,621,James Storer,GK,Wolves,0.1025318864798031
38,481,Asmir Begović,GK,Everton,0.1025318864798031
38,259,Aymeric Laporte,DEF,Man City,0.2680975654151175
38,466,Nuno Varela Tavares,DEF,Arsenal,0.2680975654151175
38,245,Konstantinos Tsimikas,DEF,Liverpool,0.2680975654151175
38,304,Jacob Murphy,MID,Newcastle,0.2669645059075006
38,138,Mason Mount,MID,Chelsea,0.2669645059075006
38,524,Yoane Wissa,MID,Brentford,0.2669645059075006
38,692,Omari Hutchinson,MID,Arsenal,0.2669645059075006
38,579,Cristiano Ronaldo dos Santos Aveiro,FWD,Man Utd,0.26118881584826736
38,700,Wout Weghorst,FWD,Burnley,0.26118881584826736
38,282,Donny van de Beek,MID,Everton,0.2669645059075006
38,235,Divock Origi,FWD,Liverpool,0.26118881584826736
38,457,Dimitris Giannoulis,DEF,Norwich,0.2680975654151175
38,42,Anwar El Ghazi,MID,Everton,0.2669645059075006
38,342,Kyle Walker-Peters,DEF,Southampton,0.2680975654151175
38,517,Mohamed Elyounoussi,MID,Southampton,0.2669645059075006
38,716,Tony Springett,MID,Norwich,0.2669645059075006
38,384,Christian Kabasele,DEF,Watford,0.2680975654151175
38,383,Andre Gray,FWD,Watford,0.26118881584826736
38,243,Ibrahima Konaté,DEF,Liverpool,0.2680975654151175
38,159,Jean-Philippe Mateta,FWD,Crystal Palace,0.26118881584826736
38,638,Tim Iroegbunam,MID,Aston Villa,0.2669645059075006
38,520,Dane Scarlett,FWD,Spurs,0.26118881584826736
38,559,Aaron Ramsdale,GK,Arsenal,0.1025318864798031
38,219,Luke Thomas,DEF,Leicester,0.2680975654151175
38,630,Tyler Onyango,MID,Everton,0.2669645059075006
38,726,Dara Costelloe,MID,Burnley,0.2669645059075006
38,632,Phil Jones,DEF,Man Utd,0.2680975654151175
38,190,Diego Llorente,DEF,Leeds,0.2680975654151175
38,194,Robin Koch,DEF,Leeds,0.2680975654151175
38,724,Marcel Lavinier,DEF,Spurs,0.2680975654151175
38,478,Albert Sambi Lokonga,MID,Arsenal,0.2669645059075006
38,550,Sam Greenwood,FWD,Leeds,0.26118881584826736
38,161,Nathan Ferguson,DEF,Crystal Palace,0.2680975654151175
38,6,Alexandre Lacazette,FWD,Arsenal,0.26118881584826736
38,251,Kevin De Bruyne,MID,Man City,0.2669645059075006
38,233,Mohamed Salah,MID,Liverpool,0.2669645059075006
38,255,Raheem Sterling,MID,Man City,0.2669645059075006
38,683,Liam Gibbs,MID,Norwich,0.2669645059075006
38,154,Wilfried Zaha,MID,Crystal Palace,0.2669645059075006
38,651,Conrad Egan-Riley,DEF,Man City,0.2680975654151175
38,513,Freddie Woodman,GK,Newcastle,0.1025318864798031
38,69,Robert Sánchez,GK,Brighton,0.1025318864798031
38,665,Dynel Simeu,DEF,Southampton,0.2680975654151175
38,246,Neco Williams,DEF,Liverpool,0.2680975654151175
38,106,Ben Mee,DEF,Burnley,0.2680975654151175
38,198,Pascal Struijk,DEF,Leeds,0.2680975654151175
38,176,Tom Davies,MID,Everton,0.2669645059075006
38,611,Louie Moulden,GK,Wolves,0.1025318864798031
38,24,Konstantinos Mavropanos,DEF,Arsenal,0.2680975654151175
38,174,Alex Iwobi,MID,Everton,0.2669645059075006
38,143,Edouard Mendy,GK,Chelsea,0.1025318864798031
38,358,Serge Aurier,DEF,Spurs,0.2680975654151175
38,557,Ozan Tufan,MID,Watford,0.2669645059075006
38,477,Marc Guéhi,DEF,Crystal Palace,0.2680975654151175
38,111,Matej Vydra,FWD,Burnley,0.26118881584826736
38,139,Ethan Ampadu,DEF,Chelsea,0.2680975654151175
38,88,Marcus Forss,FWD,Brentford,0.26118881584826736
38,325,Todd Cantwell,MID,Norwich,0.2669645059075006
38,577,Joe Gelhardt,FWD,Leeds,0.26118881584826736
38,420,Jarrod Bowen,MID,West Ham,0.2669645059075006
38,530,Folarin Balogun,FWD,Arsenal,0.26118881584826736
38,253,Benjamin Mendy,DEF,Man City,0.2680975654151175
38,3,Willian Borges Da Silva,MID,Arsenal,0.2669645059075006
38,599,Joe White,MID,Newcastle,0.2669645059075006
38,461,Francisco Machado Mota de Castro Trincão,MID,Wolves,0.2669645059075006
38,416,Manuel Lanzini,MID,West Ham,0.2669645059075006
38,354,Moussa Sissoko,MID,Watford,0.2669645059075006
38,565,Owen Dodgson,DEF,Burnley,0.2680975654151175
38,152,Luka Milivojevic,MID,Crystal Palace,0.2669645059075006
38,658,Archie Gray,MID,Leeds,0.2669645059075006
38,132,Ruben Loftus-Cheek,MID,Chelsea,0.2669645059075006
38,498,Dominic Thompson,DEF,Brentford,0.2680975654151175
38,580,Ozan Kabak,DEF,Norwich,0.2680975654151175
38,576,Liam McCarron,MID,Leeds,0.2669645059075006
38,2,Rúnar Alex Rúnarsson,GK,Arsenal,0.1025318864798031
38,427,Rui Pedro dos Santos Patrício,GK,Wolves,0.1025318864798031
38,160,Eberechi Eze,MID,Crystal Palace,0.2669645059075006
38,604,Joshua Wilson-Esbrand,DEF,Man City,0.2680975654151175
38,402,Joseph Hungbo,MID,Watford,0.2669645059075006
38,703,Benjamin Chrisene,MID,Aston Villa,0.2669645059075006
38,102,Dale Stephens,MID,Burnley,0.2669645059075006
38,166,James Rodríguez,MID,Everton,0.2669645059075006
38,613,Charlie Whitaker,MID,Everton,0.2669645059075006
38,595,Jürgen Locadia,FWD,Brighton,0.26118881584826736
38,300,Dwight Gayle,FWD,Newcastle,0.26118881584826736
38,196,Raphael Dias Belloli,MID,Leeds,0.2669645059075006
38,681,Philippe Coutinho Correia,MID,Aston Villa,0.2669645059075006
38,424,Issa Diop,DEF,West Ham,0.2680975654151175
38,126,Michy Batshuayi,FWD,Chelsea,0.26118881584826736
38,436,Rúben Diogo da Silva Neves,MID,Wolves,0.2669645059075006
38,125,Mateo Kovacic,MID,Chelsea,0.2669645059075006
38,619,Matthew Cox,GK,Brentford,0.1025318864798031
38,144,Conor Gallagher,MID,Crystal Palace,0.2669645059075006
38,697,Bruno Guimarães Rodriguez Moura,MID,Newcastle,0.2669645059075006
38,633,James Morris,DEF,Watford,0.2680975654151175
38,278,Anthony Martial,FWD,Man Utd,0.26118881584826736
38,551,Crysencio Summerville,MID,Leeds,0.2669645059075006
38,83,Rico Henry,DEF,Brentford,0.2680975654151175
38,366,Harry Winks,MID,Spurs,0.2669645059075006
38,617,Harrison Ashby,DEF,West Ham,0.2680975654151175
38,57,Davy Pröpper,MID,Brighton,0.2669645059075006
38,521,Frederik Alves,DEF,West Ham,0.2680975654151175
38,187,Rodrigo Moreno,FWD,Leeds,0.26118881584826736
38,494,Cristian Romero,DEF,Spurs,0.2680975654151175
38,639,Vontae Daley-Campbell,DEF,Leicester,0.2680975654151175
38,296,Callum Wilson,FWD,Newcastle,0.26118881584826736
38,713,Tommi O'Reilly,MID,Aston Villa,0.2669645059075006
38,224,Joel Matip,DEF,Liverpool,0.2680975654151175
38,378,Dan Gosling,MID,Watford,0.2669645059075006
38,229,Virgil van Dijk,DEF,Liverpool,0.2680975654151175
38,401,Ben Wilmot,DEF,Watford,0.2680975654151175
38,419,Saïd Benrahma,MID,West Ham,0.2669645059075006
38,326,Max Aarons,DEF,Norwich,0.2680975654151175
38,655,Evan Ferguson,FWD,Brighton,0.26118881584826736
38,484,Demarai Gray,MID,Everton,0.2669645059075006
38,127,Antonio Rüdiger,DEF,Chelsea,0.2680975654151175
38,601,Stuart McKinstry,MID,Leeds,0.2669645059075006
38,392,Philip Zinckernagel,MID,Watford,0.2669645059075006
38,280,Dean Henderson,GK,Man Utd,0.1025318864798031
38,693,Salah-Eddine Oulad M'hand,MID,Arsenal,0.2669645059075006
38,299,Jamaal Lascelles,DEF,Newcastle,0.2680975654151175
38,407,Darren Randolph,GK,West Ham,0.1025318864798031
38,90,Mads Bech Sørensen,DEF,Brentford,0.2680975654151175
38,501,Malang Sarr,DEF,Chelsea,0.2680975654151175
38,641,Willy Caballero,GK,Southampton,0.1025318864798031
38,50,Douglas Luiz Soares de Paulo,MID,Aston Villa,0.2669645059075006
38,81,Sergi Canós,MID,Brentford,0.2669645059075006
38,328,Przemyslaw Placheta,MID,Norwich,0.2669645059075006
38,676,Hassane Kamara,DEF,Watford,0.2680975654151175
38,663,Kayky da Silva Chagas,FWD,Man City,0.26118881584826736
38,455,Patson Daka,FWD,Leicester,0.26118881584826736
38,339,Stuart Armstrong,MID,Southampton,0.2669645059075006
38,399,Ismaila Sarr,MID,Watford,0.2669645059075006
38,442,Owen Otasowie,MID,Wolves,0.2669645059075006
38,540,Reece Hannam,DEF,Crystal Palace,0.2680975654151175
38,295,Martin Dubravka,GK,Newcastle,0.1025318864798031
38,675,Vitalii Mykolenko,DEF,Everton,0.2680975654151175
38,493,Nathaniel Clyne,DEF,Crystal Palace,0.2680975654151175
38,603,Luke Mbete,DEF,Man City,0.2680975654151175
38,408,Lukasz Fabianski,GK,West Ham,0.1025318864798031
38,164,Gylfi Sigurdsson,MID,Everton,0.2669645059075006
38,175,Yerry Mina,DEF,Everton,0.2680975654151175
38,451,Nathan Collins,DEF,Burnley,0.2680975654151175
38,25,Mattéo Guendouzi,MID,Arsenal,0.2669645059075006
38,499,Shandon Baptiste,MID,Brentford,0.2669645059075006
38,218,James Justin,DEF,Leicester,0.2680975654151175
38,522,Conor Coventry,MID,West Ham,0.2669645059075006
38,319,Grant Hanley,DEF,Norwich,0.2680975654151175
38,30,Emiliano Martínez,GK,Aston Villa,0.1025318864798031
38,335,Oriol Romeu Vidal,MID,Southampton,0.2669645059075006
38,303,Emil Krafth,DEF,Newcastle,0.2680975654151175
38,736,Anthony Mancini,MID,Burnley,0.2669645059075006
38,137,Christian Pulisic,MID,Chelsea,0.2669645059075006
38,158,Jarosław Jach,DEF,Crystal Palace,0.2680975654151175
38,718,Isaac Price,MID,Everton,0.2669645059075006
38,381,Tom Cleverley,MID,Watford,0.2669645059075006
38,728,Álvaro Fernández,DEF,Man Utd,0.2680975654151175
38,217,Çaglar Söyüncü,DEF,Leicester,0.2680975654151175
38,252,John Stones,DEF,Man City,0.2680975654151175
38,596,Viljami Sinisalo,GK,Aston Villa,0.1025318864798031
38,441,Pedro Lomba Neto,MID,Wolves,0.2669645059075006
38,337,Danny Ings,FWD,Aston Villa,0.26118881584826736
38,588,Emerson Aparecido Leite de Souza Junior,DEF,Spurs,0.2680975654151175
38,696,Luis Díaz,MID,Liverpool,0.2669645059075006
38,263,Gabriel Fernando de Jesus,FWD,Man City,0.26118881584826736
38,285,Scott McTominay,MID,Man Utd,0.2669645059075006
38,8,Pablo Marí,DEF,Arsenal,0.2680975654151175
38,537,Taylor Richards,MID,Brighton,0.2669645059075006
38,571,Andy Lonergan,GK,Everton,0.1025318864798031
38,500,Florin Andone,FWD,Brighton,0.26118881584826736
38,177,Dominic Calvert-Lewin,FWD,Everton,0.26118881584826736
38,647,Kasey McAteer,MID,Leicester,0.2669645059075006
38,737,Charlie Savage,MID,Man Utd,0.2669645059075006
38,694,Mika Biereth,FWD,Arsenal,0.26118881584826736
38,582,Nikola Vlasic,MID,West Ham,0.2669645059075006
38,715,Abu Kamara,FWD,Norwich,0.26118881584826736
38,602,Ellis Simms,FWD,Everton,0.26118881584826736
38,590,Takehiro Tomiyasu,DEF,Arsenal,0.2680975654151175
38,191,Kalvin Phillips,MID,Leeds,0.2669645059075006
38,373,Oliver Skipp,MID,Spurs,0.2669645059075006
38,40,Ollie Watkins,FWD,Aston Villa,0.26118881584826736
38,91,Ethan Pinnock,DEF,Brentford,0.2680975654151175
38,575,Aaron Lennon,MID,Burnley,0.2669645059075006
38,84,Vitaly Janelt,MID,Brentford,0.2669645059075006
38,657,Kris Moore,DEF,Leeds,0.2680975654151175
38,367,Davinson Sánchez,DEF,Spurs,0.2680975654151175
38,678,Kieran Trippier,DEF,Newcastle,0.2680975654151175
38,514,Mark Gillespie,GK,Newcastle,0.1025318864798031
38,96,Bryan Mbeumo,MID,Brentford,0.2669645059075006
38,732,Tiago Çukur,FWD,Watford,0.26118881584826736
38,173,Abdoulaye Doucouré,MID,Everton,0.2669645059075006
38,314,Tim Krul,GK,Norwich,0.1025318864798031
38,719,Mazeed Ogungbo,DEF,Arsenal,0.2680975654151175
38,327,Jacob Sørensen,DEF,Norwich,0.2680975654151175
38,311,Jamal Lewis,DEF,Newcastle,0.2680975654151175
38,561,Remi Matthews,GK,Crystal Palace,0.1025318864798031
38,266,Rodrigo Hernandez,MID,Man City,0.2669645059075006
38,410,Winston Reid,DEF,West Ham,0.2680975654151175
38,283,Axel Tuanzebe,DEF,Man Utd,0.2680975654151175
38,587,Ademola Lookman,MID,Leicester,0.2669645059075006
38,131,Hakim Ziyech,MID,Chelsea,0.2669645059075006
38,606,Marcus Bettinelli,GK,Chelsea,0.1025318864798031
38,625,Kaide Gordon,MID,Liverpool,0.2669645059075006
38,634,Sonny Perkins,MID,West Ham,0.2669645059075006
38,189,Patrick Bamford,FWD,Leeds,0.26118881584826736
38,645,Ben Nelson,DEF,Leicester,0.2680975654151175
38,27,William Saliba,DEF,Arsenal,0.2680975654151175
38,591,Salomón Rondón,FWD,Everton,0.26118881584826736
38,202,Marc Albrighton,MID,Leicester,0.2669645059075006
38,689,Francisco Jorge Tomás Oliveira,MID,Wolves,0.2669645059075006
38,103,Kevin Long,DEF,Burnley,0.2680975654151175
38,205,Jamie Vardy,FWD,Leicester,0.26118881584826736
38,231,Alisson Ramses Becker,GK,Liverpool,0.1025318864798031
38,727,Shola Shoretire,MID,Man Utd,0.2669645059075006
38,43,Emiliano Buendía Stati,MID,Aston Villa,0.2669645059075006
38,308,Miguel Almirón,MID,Newcastle,0.2669645059075006
38,423,Pablo Fornals,MID,West Ham,0.2669645059075006
38,538,Moisés Caicedo,MID,Brighton,0.2669645059075006
38,688,Thomas McGill,GK,Brighton,0.1025318864798031
38,482,Andros Townsend,MID,Everton,0.2669645059075006
38,291,Jonjo Shelvey,MID,Newcastle,0.2669645059075006
38,360,Matt Doherty,DEF,Spurs,0.2680975654151175
38,504,Jean-Philippe Gbamin,MID,Everton,0.2669645059075006
38,609,Elliot Anderson,MID,Newcastle,0.2669645059075006
38,546,Yan Valery,DEF,Southampton,0.2680975654151175
38,729,Matthew Craig,MID,Spurs,0.2669645059075006
38,87,Charlie Goode,DEF,Brentford,0.2680975654151175
38,122,Marcos Alonso,DEF,Chelsea,0.2680975654151175
38,82,Pelenda Joshua Dasilva,MID,Brentford,0.2669645059075006
38,171,Allan Marques Loureiro,MID,Everton,0.2669645059075006
38,264,Oleksandr Zinchenko,DEF,Man City,0.2680975654151175
38,241,Nathaniel Phillips,DEF,Liverpool,0.2680975654151175
38,525,Adam Armstrong,FWD,Southampton,0.26118881584826736
38,516,Joshua Sargent,FWD,Norwich,0.26118881584826736
38,99,Phil Bardsley,DEF,Burnley,0.2680975654151175
38,649,Thomas Dickson-Peters,FWD,Norwich,0.26118881584826736
38,221,James Milner,MID,Liverpool,0.2669645059075006
38,646,Lewis Brunt,MID,Leicester,0.2669645059075006
38,28,Jed Steer,GK,Aston Villa,0.1025318864798031
38,690,Robert Kenedy Nunes do Nascimento,DEF,Chelsea,0.2680975654151175
38,406,Mark Noble,MID,West Ham,0.2669645059075006
38,668,Harvey White,MID,Spurs,0.2669645059075006
38,562,Cody Drameh,DEF,Leeds,0.2680975654151175
38,4,Pierre-Emerick Aubameyang,FWD,Arsenal,0.26118881584826736
38,475,José Malheiro de Sá,GK,Wolves,0.1025318864798031
38,333,Fraser Forster,GK,Southampton,0.1025318864798031
38,44,Matthew Cash,DEF,Aston Villa,0.2680975654151175
38,307,Allan Saint-Maximin,FWD,Newcastle,0.26118881584826736
38,544,Jarrad Branthwaite,DEF,Everton,0.2680975654151175
38,474,Joel Ward,DEF,Crystal Palace,0.2680975654151175
38,449,Milot Rashica,MID,Norwich,0.2669645059075006
38,418,Vladimir Coufal,DEF,West Ham,0.2680975654151175
38,163,Fabian Delph,MID,Everton,0.2669645059075006
38,682,Pierre Ekwah,DEF,West Ham,0.2680975654151175
38,425,Ben Johnson,DEF,West Ham,0.2680975654151175
38,21,Emile Smith Rowe,MID,Arsenal,0.2669645059075006
38,355,Toby Alderweireld,DEF,Spurs,0.2680975654151175
38,620,Tyler Morton,MID,Liverpool,0.2669645059075006
38,666,Jon McCracken,GK,Norwich,0.1025318864798031
38,310,Joelinton Cássio Apolinário de Lira,FWD,Newcastle,0.26118881584826736
38,294,Karl Darlow,GK,Newcastle,0.1025318864798031
38,505,Kiernan Dewsbury-Hall,MID,Leicester,0.2669645059075006
38,149,Christian Benteke,FWD,Crystal Palace,0.26118881584826736
38,254,Riyad Mahrez,MID,Man City,0.2669645059075006
38,363,Bamidele Alli,MID,Everton,0.2669645059075006
38,479,Frank Onyeka,MID,Brentford,0.2669645059075006
38,652,Armstrong Oko-Flex,MID,West Ham,0.2669645059075006
38,104,Jay Rodriguez,FWD,Burnley,0.26118881584826736
38,92,Ellery Balcombe,GK,Brentford,0.1025318864798031
38,316,Marco Stiepermann,MID,Norwich,0.2669645059075006
38,491,Tino Livramento,DEF,Southampton,0.2680975654151175
38,352,Joe Hart,GK,Spurs,0.1025318864798031
38,107,Ashley Westwood,MID,Burnley,0.2669645059075006
38,687,Ryan Giles,MID,Wolves,0.2669645059075006
38,568,Cameron Archer,FWD,Aston Villa,0.26118881584826736
38,113,Charlie Taylor,DEF,Burnley,0.2680975654151175
38,699,Christian Eriksen,MID,Brentford,0.2669645059075006
38,581,Mathias Normann,MID,Norwich,0.2669645059075006
38,97,Mads Bidstrup,MID,Brentford,0.2669645059075006
38,733,Adrian Blake,MID,Watford,0.2669645059075006
38,178,Mason Holgate,DEF,Everton,0.2680975654151175
38,338,Jack Stephens,DEF,Southampton,0.2680975654151175
38,567,Lyanco Evangelista Silveira Neves Vojnovic,DEF,Southampton,0.2680975654151175
38,503,Anthony Gordon,MID,Everton,0.2669645059075006
38,109,Chris Wood,FWD,Newcastle,0.26118881584826736
38,437,Nélson Cabral Semedo,DEF,Wolves,0.2680975654151175
38,543,Scott Banks,MID,Crystal Palace,0.2669645059075006
38,637,Harry Lewis,GK,Southampton,0.1025318864798031
38,431,Romain Saïss,DEF,Wolves,0.2680975654151175
38,456,Ben Gibson,DEF,Norwich,0.2680975654151175
38,642,Vincent Angelini,GK,Watford,0.1025318864798031
38,467,Oghenekaro Peter Etebo,MID,Watford,0.2669645059075006
38,622,Cenk Tosun,FWD,Everton,0.26118881584826736
38,489,Alphonse Areola,GK,West Ham,0.1025318864798031
38,153,Jordan Ayew,FWD,Crystal Palace,0.26118881584826736
38,432,Fernando Marçal,DEF,Wolves,0.2680975654151175
38,279,Alex Nicolao Telles,DEF,Man Utd,0.2680975654151175
38,260,Zack Steffen,GK,Man City,0.1025318864798031
38,362,Lucas Rodrigues Moura da Silva,MID,Spurs,0.2669645059075006
38,369,Steven Bergwijn,MID,Spurs,0.2669645059075006
38,228,Roberto Firmino,FWD,Liverpool,0.26118881584826736
38,616,Harry Tyrer,GK,Everton,0.1025318864798031
38,140,Callum Hudson-Odoi,MID,Chelsea,0.2669645059075006
38,34,Morgan Sanson,MID,Aston Villa,0.2669645059075006
38,674,Nathan Patterson,DEF,Everton,0.2680975654151175
38,273,Harry Maguire,DEF,Man Utd,0.2680975654151175
38,555,Raphaël Varane,DEF,Man Utd,0.2680975654151175
38,439,Max Kilman,DEF,Wolves,0.2680975654151175
38,315,Teemu Pukki,FWD,Norwich,0.26118881584826736
38,12,Mohamed Naser El Sayed Elneny,MID,Arsenal,0.2669645059075006
38,347,William Smallbone,MID,Southampton,0.2669645059075006
38,469,Adedapo Awokoya-Mebude,FWD,Watford,0.26118881584826736
38,213,Kelechi Iheanacho,FWD,Leicester,0.26118881584826736
38,395,Ashley Fletcher,FWD,Watford,0.26118881584826736
38,287,Daniel James,MID,Leeds,0.2669645059075006
38,533,Lewis Richardson,FWD,Burnley,0.26118881584826736
38,16,Kieran Tierney,DEF,Arsenal,0.2680975654151175
38,705,Zach Awe,DEF,Arsenal,0.2680975654151175
38,376,Ben Foster,GK,Watford,0.1025318864798031
38,61,Adam Webster,DEF,Brighton,0.2680975654151175
38,624,Lewis Bate,MID,Leeds,0.2669645059075006
38,572,Arthur Okonkwo,GK,Arsenal,0.1025318864798031
38,598,Tobi Omole,DEF,Spurs,0.2680975654151175
38,334,Alex McCarthy,GK,Southampton,0.1025318864798031
38,454,Matthew Pollock,DEF,Watford,0.2680975654151175
38,443,Ki-Jana Hoever,DEF,Wolves,0.2680975654151175
38,288,Aaron Wan-Bissaka,DEF,Man Utd,0.2680975654151175
38,62,Joël Veltman,DEF,Brighton,0.2680975654151175
38,635,Hugo Bueno,DEF,Wolves,0.2680975654151175
38,188,Stuart Dallas,MID,Leeds,0.2669645059075006
38,526,Carney Chukwuemeka,MID,Aston Villa,0.2669645059075006
38,179,Ben Godfrey,DEF,Everton,0.2680975654151175
38,471,Pierre Lees-Melou,MID,Norwich,0.2669645059075006
38,193,Tyler Roberts,MID,Leeds,0.2669645059075006
38,511,Andreas Pereira,MID,Man Utd,0.2669645059075006
38,584,Marc Cucurella,DEF,Brighton,0.2680975654151175
38,197,Jamie Shackleton,MID,Leeds,0.2669645059075006
38,709,Tayo Adaramola,DEF,Crystal Palace,0.2680975654151175
38,124,Ross Barkley,MID,Chelsea,0.2669645059075006
38,78,Ivan Toney,FWD,Brentford,0.26118881584826736
38,59,Lewis Dunk,DEF,Brighton,0.2680975654151175
38,54,Jason Steele,GK,Brighton,0.1025318864798031
38,507,Cole Palmer,MID,Man City,0.2669645059075006
38,212,James Maddison,MID,Leicester,0.2669645059075006
38,60,Solomon March,MID,Brighton,0.2669645059075006
38,586,Odsonne Edouard,FWD,Crystal Palace,0.26118881584826736
38,541,Jesurun Rak-Sakyi,MID,Crystal Palace,0.2669645059075006
38,249,Kyle Walker,DEF,Man City,0.2680975654151175
38,306,Isaac Hayden,MID,Newcastle,0.2669645059075006
38,372,Giovani Lo Celso,MID,Spurs,0.2669645059075006
38,146,Vicente Guaita,GK,Crystal Palace,0.1025318864798031
38,673,Jonas Lössl,GK,Brentford,0.1025318864798031
38,714,Alfie Devine,MID,Spurs,0.2669645059075006
38,610,Lamare Bogarde,DEF,Aston Villa,0.2680975654151175
38,398,Marc Navarro,DEF,Watford,0.2680975654151175
38,86,Mathias Jensen,MID,Brentford,0.2669645059075006
38,636,Amad Diallo,MID,Man Utd,0.2669645059075006
38,350,Moussa Djenepo,MID,Southampton,0.2669645059075006
38,371,Japhet Tanganga,DEF,Spurs,0.2680975654151175
38,120,Olivier Giroud,FWD,Chelsea,0.26118881584826736
38,71,Tariq Lamptey,DEF,Brighton,0.2680975654151175
38,391,Ken Sema,MID,Watford,0.2669645059075006
38,691,Robin Olsen,GK,Aston Villa,0.1025318864798031
38,269,Edinson Cavani,FWD,Man Utd,0.26118881584826736
38,463,Héctor Junior Firpo Adames,DEF,Leeds,0.2680975654151175
38,365,Pierre-Emile Højbjerg,MID,Spurs,0.2669645059075006
38,723,Alejandro Garnacho Ferreyra,MID,Man Utd,0.2669645059075006
38,403,Imrân Louza,MID,Watford,0.2669645059075006
38,237,Trent Alexander-Arnold,DEF,Liverpool,0.2680975654151175
38,207,Ricardo Domingos Barbosa Pereira,DEF,Leicester,0.2680975654151175
38,348,Michael Obafemi,FWD,Southampton,0.26118881584826736
38,98,James Tarkowski,DEF,Burnley,0.2680975654151175
38,150,Cheikhou Kouyaté,DEF,Crystal Palace,0.2680975654151175
38,735,Joseph McGlynn,FWD,Burnley,0.26118881584826736
38,239,Naby Keita,MID,Liverpool,0.2669645059075006
38,483,Kristoffer Ajer,DEF,Brentford,0.2680975654151175
38,313,Michael McGovern,GK,Norwich,0.1025318864798031
38,33,Jack Grealish,MID,Man City,0.2669645059075006
38,110,Matthew Lowton,DEF,Burnley,0.2680975654151175
38,594,Mathias Jorgensen,DEF,Brentford,0.2680975654151175
38,356,Erik Lamela,MID,Spurs,0.2669645059075006
38,262,Rúben Santos Gato Alves Dias,DEF,Man City,0.2680975654151175
38,226,Xherdan Shaqiri,MID,Liverpool,0.2669645059075006
38,105,Ashley Barnes,FWD,Burnley,0.26118881584826736
38,389,Daniel Bachmann,GK,Watford,0.1025318864798031
38,529,Romelu Lukaku,FWD,Chelsea,0.26118881584826736
38,29,Conor Hourihane,MID,Aston Villa,0.2669645059075006
38,387,William Troost-Ekong,DEF,Watford,0.2680975654151175
38,346,Nathan Tella,MID,Southampton,0.2669645059075006
38,664,Charlie Patino,MID,Arsenal,0.2669645059075006
38,519,Shane Long,FWD,Southampton,0.26118881584826736
38,261,Bernardo Mota Veiga de Carvalho e Silva,MID,Man City,0.2669645059075006
38,730,Alex Kirk,DEF,Arsenal,0.2680975654151175
38,329,Adam Idah,FWD,Norwich,0.26118881584826736
38,476,Kjell Scherpen,GK,Brighton,0.1025318864798031
38,429,Conor Coady,DEF,Wolves,0.2680975654151175
38,448,Angus Gunn,GK,Norwich,0.1025318864798031
38,48,Mbwana Ally Samatta,FWD,Aston Villa,0.26118881584826736
38,615,Cieran Slicker,GK,Man City,0.1025318864798031
38,53,Adam Lallana,MID,Brighton,0.2669645059075006
38,560,Haydon Roberts,DEF,Brighton,0.2680975654151175
38,685,Toti António Gomes,DEF,Wolves,0.2680975654151175
38,210,Youri Tielemans,MID,Leicester,0.2669645059075006
38,353,Hugo Lloris,GK,Spurs,0.1025318864798031
38,379,Craig Cathcart,DEF,Watford,0.2680975654151175
38,702,Rodrigo Bentancur,MID,Spurs,0.2669645059075006
38,623,Reece Welch,DEF,Everton,0.2680975654151175
38,85,Saman Ghoddos,MID,Brentford,0.2669645059075006
38,199,Illan Meslier,GK,Leeds,0.1025318864798031
38,183,Francisco Casilla Cortés,GK,Leeds,0.1025318864798031
38,597,Dilan Markanday,MID,Spurs,0.2669645059075006
38,23,Gabriel Magalhães,DEF,Arsenal,0.2680975654151175
38,375,Tanguy Ndombele,MID,Spurs,0.2669645059075006
38,396,Francisco Sierralta,DEF,Watford,0.2680975654151175
38,222,Jordan Henderson,MID,Liverpool,0.2669645059075006
38,605,Romeo Lavia,MID,Man City,0.2669645059075006
38,349,Ibrahima Diallo,MID,Southampton,0.2669645059075006
38,10,Calum Chambers,DEF,Aston Villa,0.2680975654151175
38,118,Dwight McNeil,MID,Burnley,0.2669645059075006
38,433,Jonathan Castro Otto,DEF,Wolves,0.2680975654151175
38,94,Patrik Gunnarsson,GK,Brentford,0.1025318864798031
38,312,Matthew Longstaff,MID,Newcastle,0.2669645059075006
38,592,Saúl Ñíguez,MID,Chelsea,0.2669645059075006
38,147,James Tomkins,DEF,Crystal Palace,0.2680975654151175
38,134,Timo Werner,FWD,Chelsea,0.26118881584826736
38,80,David Raya Martin,GK,Brentford,0.1025318864798031
38,112,Nick Pope,GK,Burnley,0.1025318864798031
38,45,Ezri Konsa Ngoyo,DEF,Aston Villa,0.2680975654151175
38,712,Odeluga Offiah,DEF,Brighton,0.2680975654151175
38,490,Kristoffer Klaesson,GK,Leeds,0.1025318864798031
38,26,Gabriel Teodoro Martinelli Silva,MID,Arsenal,0.2669645059075006
38,549,Christian Marques,DEF,Wolves,0.2680975654151175
38,359,Heung-Min Son,MID,Spurs,0.2669645059075006
38,631,Jack Jenkins,MID,Leeds,0.2669645059075006
38,725,Shaqai Forde,FWD,Watford,0.26118881584826736
38,607,Lewis Dobbin,FWD,Everton,0.26118881584826736
38,101,Jack Cork,MID,Burnley,0.2669645059075006
38,397,Domingos Quina,MID,Watford,0.2669645059075006
38,496,Aaron Ramsey,MID,Aston Villa,0.2669645059075006
38,523,Patrick Cutrone,FWD,Wolves,0.26118881584826736
38,51,Jacob Ramsey,MID,Aston Villa,0.2669645059075006
38,608,Leo Fuhr Hjelde,DEF,Leeds,0.2680975654151175
38,258,Nathan Aké,DEF,Man City,0.2680975654151175
38,502,Jonjoe Kenny,DEF,Everton,0.2680975654151175
38,206,Dennis Praet,MID,Leicester,0.2669645059075006
38,19,Joseph Willock,MID,Newcastle,0.2669645059075006
38,409,Angelo Ogbonna,DEF,West Ham,0.2680975654151175
38,182,Pablo Hernández Domínguez,MID,Leeds,0.2669645059075006
38,531,Reiss Nelson,MID,Arsenal,0.2669645059075006
38,14,Rob Holding,DEF,Arsenal,0.2680975654151175
38,357,Harry Kane,FWD,Spurs,0.26118881584826736
38,380,Troy Deeney,FWD,Watford,0.26118881584826736
38,707,Lucas De Bolle,MID,Newcastle,0.2669645059075006
38,165,Seamus Coleman,DEF,Everton,0.2680975654151175
38,215,Harvey Barnes,MID,Leicester,0.2669645059075006
38,370,Sergio Reguilón,DEF,Spurs,0.2680975654151175
38,209,Timothy Castagne,DEF,Leicester,0.2680975654151175
38,488,Joachim Andersen,DEF,Crystal Palace,0.2680975654151175
38,117,Bailey Peacock-Farrell,GK,Burnley,0.1025318864798031
38,509,Tom Heaton,GK,Man Utd,0.1025318864798031
38,486,Pierluigi Gollini,GK,Spurs,0.1025318864798031
38,115,Josh Brownhill,MID,Burnley,0.2669645059075006
38,404,João Pedro Junqueira de Jesus,FWD,Watford,0.26118881584826736
38,667,Thierry Small,DEF,Southampton,0.2680975654151175
38,195,Ian Carlo Poveda-Ocampo,MID,Leeds,0.2669645059075006
38,600,Nohan Kenneh,MID,Leeds,0.2669645059075006
38,274,Frederico Rodrigues de Paula Santos,MID,Man Utd,0.2669645059075006
38,720,Marcelo Flores,MID,Arsenal,0.2669645059075006
38,446,Yerson Mosquera Valdelamar,DEF,Wolves,0.2680975654151175
38,162,Tyrick Mitchell,DEF,Crystal Palace,0.2680975654151175
38,480,Wayne Hennessey,GK,Burnley,0.1025318864798031
38,133,Andreas Christensen,DEF,Chelsea,0.2680975654151175
38,267,Jack Harrison,MID,Leeds,0.2669645059075006
38,270,David de Gea,GK,Man Utd,0.1025318864798031
38,284,Victor Lindelöf,DEF,Man Utd,0.2680975654151175
38,612,Jeremy Sarmiento,MID,Brighton,0.2669645059075006
38,677,Samir Caetano de Souza Santos,DEF,Watford,0.2680975654151175
38,340,Jannik Vestergaard,DEF,Leicester,0.2680975654151175
38,671,Lewis Hall,MID,Chelsea,0.2669645059075006
38,211,Ayoze Pérez,MID,Leicester,0.2669645059075006
38,63,Neal Maupay,FWD,Brighton,0.26118881584826736
38,447,Danny Welbeck,FWD,Brighton,0.26118881584826736
38,422,Tomas Soucek,MID,West Ham,0.2669645059075006
38,72,Aaron Connolly,FWD,Brighton,0.26118881584826736
38,302,Javier Manquillo,DEF,Newcastle,0.2680975654151175
38,614,Paris Maghoma,MID,Brentford,0.2669645059075006
38,460,Romain Perraud,DEF,Southampton,0.2680975654151175
38,661,Bruno André Cavaco Jordão,MID,Wolves,0.2669645059075006
38,386,Will Hughes,MID,Crystal Palace,0.2669645059075006
38,364,Ben Davies,DEF,Spurs,0.2680975654151175
38,17,Nicolas Pépé,MID,Arsenal,0.2669645059075006
38,151,Martin Kelly,DEF,Crystal Palace,0.2680975654151175
38,444,Andreas Söndergaard,GK,Wolves,0.1025318864798031
38,114,Will Norris,GK,Burnley,0.1025318864798031
38,7,Granit Xhaka,MID,Arsenal,0.2669645059075006
38,679,Edo Kayembe,MID,Watford,0.2669645059075006
38,93,Jan Zamburek,MID,Brentford,0.2669645059075006
38,535,Andi Zeqiri,FWD,Brighton,0.26118881584826736
38,445,Fabio Silva,FWD,Wolves,0.26118881584826736
38,413,Michail Antonio,FWD,West Ham,0.26118881584826736
38,68,Bernardo Fernandes Da Silva Junior,DEF,Brighton,0.2680975654151175
38,70,Yves Bissouma,MID,Brighton,0.2669645059075006
38,185,Luke Ayling,DEF,Leeds,0.2680975654151175
38,89,Mads Roerslev Rasmussen,DEF,Brentford,0.2680975654151175
38,656,Marcelo de Araújo Pitaluga Filho,GK,Liverpool,0.1025318864798031
38,201,Jonny Evans,DEF,Leicester,0.2680975654151175
38,644,Ajibola Alese,DEF,West Ham,0.2680975654151175
38,512,Anthony Elanga,MID,Man Utd,0.2669645059075006
38,374,Joe Rodon,DEF,Spurs,0.2680975654151175
38,268,Ferran Torres,MID,Man City,0.2669645059075006
38,662,Myles Peart-Harris,MID,Brentford,0.2669645059075006
38,672,Harvey Vale,MID,Chelsea,0.2669645059075006
38,569,Finley Stevens,DEF,Brentford,0.2680975654151175
38,47,Wesley Moraes,FWD,Aston Villa,0.26118881584826736
38,170,Jordan Pickford,GK,Everton,0.1025318864798031
38,100,Erik Pieters,DEF,Burnley,0.2680975654151175
38,472,Juan Camilo Hernández Suárez,FWD,Watford,0.26118881584826736
38,1,Bernd Leno,GK,Arsenal,0.1025318864798031
38,141,Kai Havertz,MID,Chelsea,0.2669645059075006
38,344,Daniel N'Lundulu,FWD,Southampton,0.26118881584826736
38,558,Martin Ødegaard,MID,Arsenal,0.2669645059075006
38,492,Leon Bailey,MID,Aston Villa,0.2669645059075006
38,464,Michael Olise,MID,Crystal Palace,0.2669645059075006
38,440,Morgan Gibbs-White,MID,Wolves,0.2669645059075006
38,297,Jeff Hendrick,MID,Newcastle,0.2669645059075006
38,169,Michael Keane,DEF,Everton,0.2680975654151175
38,721,Miguel Azeez,MID,Arsenal,0.2669645059075006
38,289,Mason Greenwood,MID,Man Utd,0.2669645059075006
38,181,João Virgínia,GK,Everton,0.1025318864798031
38,390,Adam Masina,DEF,Watford,0.2680975654151175
38,368,Ryan Sessegnon,DEF,Spurs,0.2680975654151175
38,487,Bryan Gil Salvatierra,MID,Spurs,0.2669645059075006
38,208,Daniel Amartey,DEF,Leicester,0.2680975654151175
38,548,Chem Campbell,MID,Wolves,0.2669645059075006
38,119,César Azpilicueta,DEF,Chelsea,0.2680975654151175
38,242,Caoimhin Kelleher,GK,Liverpool,0.1025318864798031
38,58,Dan Burn,DEF,Newcastle,0.2680975654151175
38,331,Andrew Omobamidele,DEF,Norwich,0.2680975654151175
38,265,Phil Foden,MID,Man City,0.2669645059075006
38,225,Thiago Alcántara do Nascimento,MID,Liverpool,0.2669645059075006
38,323,Kieran Dowell,MID,Norwich,0.2669645059075006
38,473,Ryan Bertrand,DEF,Leicester,0.2680975654151175
38,168,Lucas Digne,DEF,Aston Villa,0.2680975654151175
38,640,Nathan Young-Coombes,FWD,Brentford,0.26118881584826736
38,553,Ben Woodburn,MID,Liverpool,0.2669645059075006
38,204,Danny Ward,GK,Leicester,0.1025318864798031
38,11,Sead Kolasinac,DEF,Arsenal,0.2680975654151175
38,556,Álvaro Fernández,GK,Brentford,0.1025318864798031
38,508,Samuel Edozie,MID,Man City,0.2669645059075006
38,227,Alex Oxlade-Chamberlain,MID,Liverpool,0.2669645059075006
38,116,Josh Benson,MID,Burnley,0.2669645059075006
38,414,Craig Dawson,DEF,West Ham,0.2680975654151175
38,200,Kasper Schmeichel,GK,Leicester,0.1025318864798031
38,67,Ben White,DEF,Arsenal,0.2680975654151175
38,684,Kaine Hayden,DEF,Aston Villa,0.2680975654151175
38,528,Christos Tzolis,MID,Norwich,0.2669645059075006
38,121,Thiago Emiliano da Silva,DEF,Chelsea,0.2680975654151175
38,438,Daniel Castelo Podence,MID,Wolves,0.2669645059075006
38,95,Halil Dervişoğlu,FWD,Brentford,0.26118881584826736
38,485,Jadon Sancho,MID,Man Utd,0.2669645059075006
38,669,Kamil Conteh,MID,Watford,0.2669645059075006
38,128,Kurt Zouma,DEF,West Ham,0.2680975654151175
38,317,Lukas Rupp,MID,Norwich,0.2669645059075006
38,411,Aaron Cresswell,DEF,West Ham,0.2680975654151175
38,322,Jordan Hugill,FWD,Norwich,0.26118881584826736
38,593,Scott Carson,GK,Man City,0.1025318864798031
38,545,Nathan Broadhead,FWD,Everton,0.26118881584826736
38,465,Federico Fernández,DEF,Newcastle,0.2680975654151175
38,244,Curtis Jones,MID,Liverpool,0.2669645059075006
38,627,Owen Beck,DEF,Liverpool,0.2680975654151175
38,452,John Ruddy,GK,Wolves,0.1025318864798031
38,734,Jack Grieves,FWD,Watford,0.26118881584826736
38,351,Mohammed Salisu,DEF,Southampton,0.2680975654151175
38,130,N'Golo Kanté,MID,Chelsea,0.2669645059075006
38,330,Josh Martin,MID,Norwich,0.2669645059075006
38,216,Wilfred Ndidi,MID,Leicester,0.2669645059075006
38,292,Matt Ritchie,DEF,Newcastle,0.2680975654151175
38,336,Nathan Redmond,MID,Southampton,0.2669645059075006
38,65,Mathew Ryan,GK,Brighton,0.1025318864798031
38,415,Ryan Fredericks,DEF,West Ham,0.2680975654151175
