GW,element,name,position,team,predicted_points
30,591,Max Thompson,FWD,Burnley,0.2437957941279555
30,458,Willy Boly,DEF,Wolves,0.27687734008397924
30,324,Ciaran Clark,DEF,Newcastle,0.27687734008397924
30,614,Luke Cundle,MID,Wolves,0.2794287559829144
30,322,Matt Ritchie,MID,Newcastle,0.2794287559829144
30,245,Adrián San Miguel del Castillo,GK,Liverpool,0.12330835051460962
30,594,Rhys Williams,DEF,Liverpool,0.27687734008397924
30,191,André-Frank Zambo Anguissa,MID,Fulham,0.2794287559829144
30,189,Jean Michaël Seri,MID,Fulham,0.2794287559829144
30,425,Dara O'Shea,DEF,West Brom,0.27687734008397924
30,315,Mason Greenwood,MID,Man Utd,0.2794287559829144
30,314,José Diogo Dalot Teixeira,DEF,Man Utd,0.27687734008397924
30,466,Rúben Diogo da Silva Neves,MID,Wolves,0.2794287559829144
30,224,Jamie Vardy,FWD,Leicester,0.2437957941279555
30,215,Oliver Casey,DEF,Leeds,0.27687734008397924
30,123,Reece James,DEF,Chelsea,0.27687734008397924
30,680,Nathan Broadhead,MID,Everton,0.2794287559829144
30,292,Chris Smalling,DEF,Man Utd,0.27687734008397924
30,99,Bailey Peacock-Farrell,GK,Burnley,0.12330835051460962
30,279,Nathan Aké,DEF,Man City,0.27687734008397924
30,530,Branislav Ivanovic,DEF,West Brom,0.27687734008397924
30,417,Sam Johnstone,GK,West Brom,0.12330835051460962
30,14,Sead Kolasinac,DEF,Arsenal,0.27687734008397924
30,503,Christian Walton,GK,Brighton,0.12330835051460962
30,620,Charlie Cresswell,DEF,Leeds,0.27687734008397924
30,3,David Luiz Moreira Marinho,DEF,Arsenal,0.27687734008397924
30,37,Jack Grealish,MID,Aston Villa,0.2794287559829144
30,270,Kyle Walker,DEF,Man City,0.27687734008397924
30,440,Felipe Anderson Pereira Gomes,MID,West Ham,0.2794287559829144
30,405,Tanguy Ndombele,MID,Spurs,0.2794287559829144
30,1,Mesut Özil,MID,Arsenal,0.2794287559829144
30,662,Thomas McGill,GK,Brighton,0.12330835051460962
30,150,Gylfi Sigurdsson,MID,Everton,0.2794287559829144
30,118,Tammy Abraham,FWD,Chelsea,0.2437957941279555
30,53,Glenn Murray,FWD,Brighton,0.2437957941279555
30,389,Serge Aurier,DEF,Spurs,0.27687734008397924
30,162,Yerry Mina,DEF,Everton,0.27687734008397924
30,111,Emerson Palmieri dos Santos,DEF,Chelsea,0.27687734008397924
30,341,Yoshinori Muto,FWD,Newcastle,0.2437957941279555
30,346,John Fleck,MID,Sheffield Utd,0.2794287559829144
30,117,Timo Werner,FWD,Chelsea,0.2437957941279555
30,307,Axel Tuanzebe,DEF,Man Utd,0.27687734008397924
30,103,Olivier Giroud,FWD,Chelsea,0.2437957941279555
30,105,Jorge Luiz Frello Filho,MID,Chelsea,0.2794287559829144
30,532,Elia Caprile,GK,Leeds,0.12330835051460962
30,336,Isaac Hayden,MID,Newcastle,0.2794287559829144
30,613,Joel Mumbongo,FWD,Burnley,0.2437957941279555
30,88,Ben Mee,DEF,Burnley,0.27687734008397924
30,582,Karlan Grant,FWD,West Brom,0.2437957941279555
30,684,Shane Flynn,MID,Leicester,0.2794287559829144
30,642,Willian José Da Silva,FWD,Wolves,0.2437957941279555
30,572,Tosin Adarabioyo,DEF,Fulham,0.27687734008397924
30,291,David de Gea,GK,Man Utd,0.12330835051460962
30,139,Patrick van Aanholt,DEF,Crystal Palace,0.27687734008397924
30,325,Karl Darlow,GK,Newcastle,0.12330835051460962
30,175,Tom Cairney,MID,Fulham,0.2794287559829144
30,421,Kyle Edwards,MID,West Brom,0.2794287559829144
30,306,Marcus Rashford,MID,Man Utd,0.2794287559829144
30,304,Andreas Pereira,MID,Man Utd,0.2794287559829144
30,478,Willian Borges Da Silva,MID,Arsenal,0.2794287559829144
30,163,Tom Davies,MID,Everton,0.2794287559829144
30,132,Christian Benteke,FWD,Crystal Palace,0.2437957941279555
30,390,Heung-Min Son,MID,Spurs,0.2794287559829144
30,299,Frederico Rodrigues de Paula Santos,MID,Man Utd,0.2794287559829144
30,402,Japhet Tanganga,DEF,Spurs,0.27687734008397924
30,28,Tom Heaton,GK,Aston Villa,0.12330835051460962
30,617,Andreas Söndergaard,GK,Wolves,0.12330835051460962
30,364,Oriol Romeu Vidal,MID,Southampton,0.2794287559829144
30,12,Emiliano Martínez,GK,Aston Villa,0.12330835051460962
30,482,Joe Hart,GK,Spurs,0.12330835051460962
30,124,Billy Gilmour,MID,Chelsea,0.2794287559829144
30,438,Ryan Fredericks,DEF,West Ham,0.27687734008397924
30,181,Bobby Decordova-Reid,FWD,Fulham,0.2437957941279555
30,243,Georginio Wijnaldum,MID,Liverpool,0.2794287559829144
30,294,Marcos Rojo,DEF,Man Utd,0.27687734008397924
30,558,Vladimir Coufal,DEF,West Ham,0.27687734008397924
30,376,Jan Bednarek,DEF,Southampton,0.27687734008397924
30,573,Robin Olsen,GK,Everton,0.12330835051460962
30,93,Matej Vydra,FWD,Burnley,0.2437957941279555
30,538,Zack Steffen,GK,Man City,0.12330835051460962
30,418,Conor Townsend,DEF,West Brom,0.27687734008397924
30,187,Ivan Ricardo Neves Abreu Cavaleiro,MID,Fulham,0.2794287559829144
30,432,Angelo Ogbonna,DEF,West Ham,0.27687734008397924
30,208,Kamil Miazek,GK,Leeds,0.12330835051460962
30,140,Jordan Ayew,FWD,Crystal Palace,0.2437957941279555
30,670,Frankie Maguire,MID,Sheffield Utd,0.2794287559829144
30,515,Vitor Ferreira,MID,Wolves,0.2794287559829144
30,512,Abdoulaye Doucouré,MID,Everton,0.2794287559829144
30,232,Benjamin Chilwell,DEF,Chelsea,0.27687734008397924
30,446,Grady Diangana,MID,West Brom,0.2794287559829144
30,353,John Egan,DEF,Sheffield Utd,0.27687734008397924
30,229,Ayoze Pérez,MID,Leicester,0.2794287559829144
30,293,Odion Ighalo,FWD,Man Utd,0.2437957941279555
30,356,Ben Osborn,MID,Sheffield Utd,0.2794287559829144
30,448,Declan Rice,MID,West Ham,0.2794287559829144
30,479,Mohammed Salisu,DEF,Southampton,0.27687734008397924
30,622,Luke Mbete,DEF,Man City,0.27687734008397924
30,217,Kasper Schmeichel,GK,Leicester,0.12330835051460962
30,588,Danny Welbeck,FWD,Brighton,0.2437957941279555
30,577,Nathaniel Clyne,DEF,Crystal Palace,0.27687734008397924
30,637,Frederik Alves,DEF,West Ham,0.27687734008397924
30,213,Illan Meslier,GK,Leeds,0.12330835051460962
30,287,Ferran Torres,MID,Man City,0.2794287559829144
30,494,Gabriel Magalhães,DEF,Arsenal,0.27687734008397924
30,222,Matty James,MID,Leicester,0.2794287559829144
30,262,Rhian Brewster,FWD,Sheffield Utd,0.2437957941279555
30,321,Jonjo Shelvey,MID,Newcastle,0.2794287559829144
30,686,Nathan Bishop,GK,Man Utd,0.12330835051460962
30,252,Alisson Ramses Becker,GK,Liverpool,0.12330835051460962
30,11,Héctor Bellerín,DEF,Arsenal,0.27687734008397924
30,465,Adama Traoré,MID,Wolves,0.2794287559829144
30,578,Stephen Henderson,GK,Crystal Palace,0.12330835051460962
30,621,Cheikh Diaby,FWD,West Brom,0.2437957941279555
30,601,Leighton Clarkson,MID,Liverpool,0.2794287559829144
30,205,Hélder Wander Sousa de Azevedo e Costa,MID,Leeds,0.2794287559829144
30,202,Patrick Bamford,FWD,Leeds,0.2437957941279555
30,254,Mohamed Salah,MID,Liverpool,0.2794287559829144
30,641,Jean-Philippe Mateta,FWD,Crystal Palace,0.2437957941279555
30,352,Jack Robinson,DEF,Sheffield Utd,0.27687734008397924
30,442,Arthur Masuaku,DEF,West Ham,0.27687734008397924
30,5,Cédric Soares,DEF,Arsenal,0.27687734008397924
30,23,Emile Smith Rowe,MID,Arsenal,0.2794287559829144
30,345,Chris Basham,DEF,Sheffield Utd,0.27687734008397924
30,533,Mateusz Bogusz,MID,Leeds,0.2794287559829144
30,338,Allan Saint-Maximin,MID,Newcastle,0.2794287559829144
30,328,Jamaal Lascelles,DEF,Newcastle,0.27687734008397924
30,460,Raúl Jiménez,FWD,Wolves,0.2437957941279555
30,298,Harry Maguire,DEF,Man Utd,0.27687734008397924
30,319,Teden Mengi,DEF,Man Utd,0.27687734008397924
30,174,Stefan Johansen,MID,Fulham,0.2794287559829144
30,361,Shane Long,FWD,Southampton,0.2437957941279555
30,233,Kelechi Iheanacho,FWD,Leicester,0.2437957941279555
30,433,Roberto Jimenez Gago,GK,West Ham,0.12330835051460962
30,185,Alfie Mawson,DEF,Fulham,0.27687734008397924
30,66,Adam Webster,DEF,Brighton,0.27687734008397924
30,313,Aaron Wan-Bissaka,DEF,Man Utd,0.27687734008397924
30,55,Dale Stephens,MID,Burnley,0.2794287559829144
30,193,Pablo Hernández Domínguez,MID,Leeds,0.2794287559829144
30,30,Henri Lansbury,MID,Aston Villa,0.2794287559829144
30,152,Seamus Coleman,DEF,Everton,0.27687734008397924
30,394,Bamidele Alli,MID,Spurs,0.2794287559829144
30,504,Fabio Silva,FWD,Wolves,0.2437957941279555
30,400,Steven Bergwijn,MID,Spurs,0.2794287559829144
30,269,Nicolás Otamendi,DEF,Man City,0.27687734008397924
30,587,Saïd Benrahma,MID,West Ham,0.2794287559829144
30,531,Thiago Alcántara do Nascimento,MID,Liverpool,0.2794287559829144
30,589,Nathaniel Phillips,DEF,Liverpool,0.27687734008397924
30,110,Kurt Zouma,DEF,Chelsea,0.27687734008397924
30,435,Aaron Cresswell,DEF,West Ham,0.27687734008397924
30,219,Jonny Evans,DEF,Leicester,0.27687734008397924
30,318,Brandon Williams,DEF,Man Utd,0.27687734008397924
30,130,James McArthur,MID,Crystal Palace,0.2794287559829144
30,643,Alexandre Jankewitz,MID,Southampton,0.2794287559829144
30,450,Pablo Fornals,MID,West Ham,0.2794287559829144
30,272,Kevin De Bruyne,MID,Man City,0.2794287559829144
30,22,Edward Nketiah,FWD,Arsenal,0.2437957941279555
30,657,Zak Brunt,MID,Sheffield Utd,0.2794287559829144
30,491,Robin Koch,DEF,Leeds,0.27687734008397924
30,69,Leandro Trossard,MID,Brighton,0.2794287559829144
30,560,Caoimhin Kelleher,GK,Liverpool,0.12330835051460962
30,61,Dan Burn,DEF,Brighton,0.27687734008397924
30,455,Rui Pedro dos Santos Patrício,GK,Wolves,0.12330835051460962
30,6,Alexandre Lacazette,FWD,Arsenal,0.2437957941279555
30,552,Cole Palmer,MID,Man City,0.2794287559829144
30,382,Moussa Djenepo,MID,Southampton,0.2794287559829144
30,383,Hugo Lloris,GK,Spurs,0.12330835051460962
30,83,Erik Pieters,DEF,Burnley,0.27687734008397924
30,384,Danny Rose,DEF,Spurs,0.27687734008397924
30,196,Barry Douglas,DEF,Leeds,0.27687734008397924
30,317,James Garner,MID,Man Utd,0.2794287559829144
30,340,Joelinton Cássio Apolinário de Lira,FWD,Newcastle,0.2437957941279555
30,579,Islam Slimani,FWD,Leicester,0.2437957941279555
30,41,Tyrone Mings,DEF,Aston Villa,0.27687734008397924
30,595,James Trafford,GK,Man City,0.12330835051460962
30,673,Shola Shoretire,MID,Man Utd,0.2794287559829144
30,122,Callum Hudson-Odoi,MID,Chelsea,0.2794287559829144
30,580,Michael Verrips,GK,Sheffield Utd,0.12330835051460962
30,447,Albian Ajeti,FWD,West Ham,0.2437957941279555
30,453,John Ruddy,GK,Wolves,0.12330835051460962
30,116,Andreas Christensen,DEF,Chelsea,0.27687734008397924
30,78,Aaron Connolly,FWD,Brighton,0.2437957941279555
30,65,Solomon March,MID,Brighton,0.2794287559829144
30,92,Matthew Lowton,DEF,Burnley,0.27687734008397924
30,199,Adam Forshaw,MID,Leeds,0.2794287559829144
30,665,Josh Maja,FWD,Fulham,0.2437957941279555
30,241,James Milner,MID,Liverpool,0.2794287559829144
30,666,Dane Scarlett,FWD,Spurs,0.2437957941279555
30,363,Alex McCarthy,GK,Southampton,0.12330835051460962
30,257,Harry Wilson,MID,Liverpool,0.2794287559829144
30,644,Tyler Onyango,MID,Everton,0.2794287559829144
30,607,Jake Cain,MID,Liverpool,0.2794287559829144
30,640,Amad Diallo,MID,Man Utd,0.2794287559829144
30,517,Kenny Tete,DEF,Fulham,0.27687734008397924
30,615,Lewis Richards,DEF,Wolves,0.27687734008397924
30,145,Nathan Ferguson,DEF,Crystal Palace,0.27687734008397924
30,33,Conor Hourihane,MID,Aston Villa,0.2794287559829144
30,151,Jonas Lössl,GK,Everton,0.12330835051460962
30,35,Ørjan Nyland,GK,Aston Villa,0.12330835051460962
30,134,Joel Ward,DEF,Crystal Palace,0.27687734008397924
30,497,Jacob Murphy,MID,Newcastle,0.2794287559829144
30,603,Kean Bryan,DEF,Sheffield Utd,0.27687734008397924
30,249,Roberto Firmino,FWD,Liverpool,0.2437957941279555
30,650,Alfie Devine,MID,Spurs,0.2794287559829144
30,608,Scott Carson,GK,Man City,0.12330835051460962
30,510,Jayden Bogle,DEF,Sheffield Utd,0.27687734008397924
30,398,Davinson Sánchez,DEF,Spurs,0.27687734008397924
30,227,Daniel Amartey,DEF,Leicester,0.27687734008397924
30,226,Ricardo Domingos Barbosa Pereira,DEF,Leicester,0.27687734008397924
30,564,Carlos Vinicius Alves Morais,FWD,Spurs,0.2437957941279555
30,388,Harry Kane,FWD,Spurs,0.2437957941279555
30,20,Joseph Willock,MID,Newcastle,0.2794287559829144
30,127,Mamadou Sakho,DEF,Crystal Palace,0.27687734008397924
30,630,Reda Khadra,MID,Brighton,0.2794287559829144
30,619,Niall Huggins,FWD,Leeds,0.2437957941279555
30,575,Facundo Pellistri,MID,Man Utd,0.2794287559829144
30,645,Martin Ødegaard,MID,Arsenal,0.2794287559829144
30,25,Matteo Guendouzi,MID,Arsenal,0.2794287559829144
30,416,Kenneth Zohore,FWD,West Brom,0.2437957941279555
30,326,Martin Dubravka,GK,Newcastle,0.12330835051460962
30,511,Max Lowe,DEF,Sheffield Utd,0.27687734008397924
30,449,Tomas Soucek,MID,West Ham,0.2794287559829144
30,471,Rúben Gonçalo Silva Nascimento Vinagre,DEF,Wolves,0.27687734008397924
30,282,Gabriel Fernando de Jesus,FWD,Man City,0.2437957941279555
30,516,Alphonse Areola,GK,Fulham,0.12330835051460962
30,112,Kepa Arrizabalaga,GK,Chelsea,0.12330835051460962
30,121,Fikayo Tomori,DEF,Chelsea,0.27687734008397924
30,15,Ainsley Maitland-Niles,DEF,West Brom,0.27687734008397924
30,147,Brandon Pierrick,MID,Crystal Palace,0.2794287559829144
30,652,Ozan Kabak,DEF,Liverpool,0.27687734008397924
30,395,Ben Davies,DEF,Spurs,0.27687734008397924
30,101,Willy Caballero,GK,Chelsea,0.12330835051460962
30,396,Pierre-Emile Højbjerg,MID,Spurs,0.2794287559829144
30,238,Çaglar Söyüncü,DEF,Leicester,0.27687734008397924
30,625,Harry Lewis,GK,Southampton,0.12330835051460962
30,285,Tommy Doyle,MID,Man City,0.2794287559829144
30,452,Ben Johnson,DEF,West Ham,0.27687734008397924
30,172,Kevin McDonald,MID,Fulham,0.2794287559829144
30,379,William Smallbone,MID,Southampton,0.2794287559829144
30,605,Faustino Anjorin,MID,Chelsea,0.2794287559829144
30,392,Lucas Rodrigues Moura da Silva,MID,Spurs,0.2794287559829144
30,682,Harry Tyrer,GK,Everton,0.12330835051460962
30,490,Thiago Thiago,DEF,Chelsea,0.27687734008397924
30,64,Florin Andone,FWD,Brighton,0.2437957941279555
30,141,Wilfried Zaha,MID,Crystal Palace,0.2794287559829144
30,454,João Filipe Iria Santos Moutinho,MID,Wolves,0.2794287559829144
30,518,Nampalys Mendy,MID,Leicester,0.2794287559829144
30,508,James Rodríguez,MID,Everton,0.2794287559829144
30,60,Aaron Mooy,MID,Brighton,0.2794287559829144
30,334,Fabian Schär,DEF,Newcastle,0.27687734008397924
30,629,Nigel Lonwijk,DEF,Wolves,0.27687734008397924
30,74,Ben White,DEF,Brighton,0.27687734008397924
30,165,Mason Holgate,DEF,Everton,0.27687734008397924
30,7,Shkodran Mustafi,DEF,Arsenal,0.27687734008397924
30,553,Meritan Shabani,MID,Wolves,0.2794287559829144
30,157,Jordan Pickford,GK,Everton,0.12330835051460962
30,506,Callum Wilson,FWD,Newcastle,0.2437957941279555
30,548,Edouard Mendy,GK,Chelsea,0.12330835051460962
30,91,Chris Wood,FWD,Burnley,0.2437957941279555
30,173,Maxime Le Marchand,DEF,Fulham,0.27687734008397924
30,82,Phil Bardsley,DEF,Burnley,0.27687734008397924
30,380,Jake Vokins,DEF,Southampton,0.27687734008397924
30,536,Anthony Driscoll-Glennon,DEF,Burnley,0.27687734008397924
30,667,Joe Gelhardt,FWD,Leeds,0.2437957941279555
30,251,Sadio Mané,MID,Liverpool,0.2794287559829144
30,104,Marcos Alonso,DEF,Chelsea,0.27687734008397924
30,481,Matheus Pereira,MID,West Brom,0.2794287559829144
30,156,Michael Keane,DEF,Everton,0.27687734008397924
30,592,Lewis Richardson,FWD,Burnley,0.2437957941279555
30,687,Thanawat Suengchitthawon,MID,Leicester,0.2794287559829144
30,557,Ademola Lookman,MID,Fulham,0.2794287559829144
30,661,Thakgalo Leshabela,MID,Leicester,0.2794287559829144
30,646,Kyron Gordon,DEF,Sheffield Utd,0.27687734008397924
30,574,Andi Zeqiri,FWD,Brighton,0.2437957941279555
30,295,Nemanja Matic,MID,Man Utd,0.2794287559829144
30,381,Michael Obafemi,FWD,Southampton,0.2437957941279555
30,609,Felix Nmecha,MID,Man City,0.2794287559829144
30,387,Erik Lamela,MID,Spurs,0.2794287559829144
30,85,Kevin Long,DEF,Burnley,0.27687734008397924
30,137,Andros Townsend,MID,Crystal Palace,0.2794287559829144
30,36,Bjorn Engels,DEF,Aston Villa,0.27687734008397924
30,678,Jakub Ojrzynski,GK,Liverpool,0.12330835051460962
30,115,Ruben Loftus-Cheek,MID,Fulham,0.2794287559829144
30,628,Jakub Moder,MID,Brighton,0.2794287559829144
30,158,André Filipe Tavares Gomes,MID,Everton,0.2794287559829144
30,34,José Ignacio Peleteiro Romallo,MID,Aston Villa,0.2794287559829144
30,616,Christian Marques,DEF,Wolves,0.27687734008397924
30,535,Josh Benson,MID,Burnley,0.2794287559829144
30,505,Fernando Marçal,DEF,Wolves,0.27687734008397924
30,268,Sergio Agüero,FWD,Man City,0.2437957941279555
30,94,Ben Gibson,DEF,Burnley,0.27687734008397924
30,192,Zeze Steven Sessegnon,DEF,Fulham,0.27687734008397924
30,46,Ezri Konsa Ngoyo,DEF,Aston Villa,0.27687734008397924
30,133,Cheikhou Kouyaté,MID,Crystal Palace,0.2794287559829144
30,668,Conor Coventry,MID,West Ham,0.2794287559829144
30,555,Filip Krovinovic,MID,West Brom,0.2794287559829144
30,253,Fabio Henrique Tavares,MID,Liverpool,0.2794287559829144
30,627,Percy Tau,MID,Brighton,0.2794287559829144
30,155,Lucas Digne,DEF,Everton,0.27687734008397924
30,474,Pedro Lomba Neto,MID,Wolves,0.2794287559829144
30,656,Iliman Ndiaye,MID,Sheffield Utd,0.2794287559829144
30,496,Matthew Cash,DEF,Aston Villa,0.27687734008397924
30,528,Jason Steele,GK,Brighton,0.12330835051460962
30,228,Youri Tielemans,MID,Leicester,0.2794287559829144
30,559,Niels Nkounkou,DEF,Everton,0.27687734008397924
30,277,João Pedro Cavaco Cancelo,DEF,Man City,0.27687734008397924
30,681,Ryan Astley,DEF,Everton,0.27687734008397924
30,486,Scott Dann,DEF,Crystal Palace,0.27687734008397924
30,288,Eric Garcia,DEF,Man City,0.27687734008397924
30,408,Hal Robson-Kanu,FWD,West Brom,0.2437957941279555
30,413,Romaine Sawyers,MID,West Brom,0.2794287559829144
30,178,Michael Hector,DEF,Fulham,0.27687734008397924
30,209,Ian Carlo Poveda-Ocampo,MID,Leeds,0.2794287559829144
30,149,Fabian Delph,MID,Everton,0.2794287559829144
30,32,Jed Steer,GK,Aston Villa,0.12330835051460962
30,420,Jonathan Leko,MID,West Brom,0.2794287559829144
30,561,Wesley Fofana,DEF,Leicester,0.27687734008397924
30,585,Terence Kongolo,DEF,Fulham,0.27687734008397924
30,168,Anthony Gordon,MID,Everton,0.2794287559829144
30,114,Hakim Ziyech,MID,Chelsea,0.2794287559829144
30,498,Timothy Castagne,DEF,Leicester,0.27687734008397924
30,305,Dean Henderson,GK,Man Utd,0.12330835051460962
30,660,Vontae Daley-Campbell,DEF,Leicester,0.27687734008397924
30,337,Rolando Aarons,MID,Newcastle,0.2794287559829144
30,488,Mark Gillespie,GK,Newcastle,0.12330835051460962
30,206,Tyler Roberts,MID,Leeds,0.2794287559829144
30,148,Theo Walcott,MID,Southampton,0.2794287559829144
30,177,Anthony Knockaert,MID,Fulham,0.2794287559829144
30,195,Liam Cooper,DEF,Leeds,0.27687734008397924
30,68,Neal Maupay,FWD,Brighton,0.2437957941279555
30,242,Konstantinos Tsimikas,DEF,Liverpool,0.27687734008397924
30,354,Jack O'Connell,DEF,Sheffield Utd,0.27687734008397924
30,633,Jensen Weir,MID,Brighton,0.2794287559829144
30,365,Nathan Redmond,MID,Southampton,0.2794287559829144
30,128,Vicente Guaita,GK,Crystal Palace,0.12330835051460962
30,176,Tim Ream,DEF,Fulham,0.27687734008397924
30,237,Filip Benkovic,DEF,Leicester,0.27687734008397924
30,463,Léo Bonatini,FWD,Wolves,0.2437957941279555
30,368,Stuart Armstrong,MID,Southampton,0.2794287559829144
30,79,Steven Alzate,MID,Brighton,0.2794287559829144
30,549,Diego Llorente,DEF,Leeds,0.27687734008397924
30,685,Gaetano Berardi,DEF,Leeds,0.27687734008397924
30,235,Harvey Barnes,MID,Leicester,0.2794287559829144
30,27,William Saliba,DEF,Arsenal,0.27687734008397924
30,539,Liam Delap,FWD,Man City,0.2437957941279555
30,445,Jarrod Bowen,MID,West Ham,0.2794287559829144
30,2,Sokratis Papastathopoulos,DEF,Arsenal,0.27687734008397924
30,263,Curtis Jones,MID,Liverpool,0.2794287559829144
30,469,Daniel Castelo Podence,MID,Wolves,0.2794287559829144
30,47,Frédéric Guilbert,DEF,Aston Villa,0.27687734008397924
30,467,Oskar Buur,DEF,Wolves,0.27687734008397924
30,246,Joel Matip,DEF,Liverpool,0.27687734008397924
30,374,Josh Sims,MID,Southampton,0.2794287559829144
30,428,Robert Snodgrass,MID,West Brom,0.2794287559829144
30,597,Robert Sánchez,GK,Brighton,0.12330835051460962
30,534,Ryan Inniss,DEF,Crystal Palace,0.27687734008397924
30,437,Michail Antonio,FWD,West Ham,0.2437957941279555
30,636,Caleb Watts,MID,Southampton,0.2794287559829144
30,248,Alex Oxlade-Chamberlain,MID,Liverpool,0.2794287559829144
30,316,Tahith Chong,MID,Man Utd,0.2794287559829144
30,674,Nathan Trott,GK,West Ham,0.12330835051460962
30,649,Hugo Bueno,DEF,Wolves,0.27687734008397924
30,342,Kelland Watts,DEF,Newcastle,0.27687734008397924
30,669,Jamal Baptiste,DEF,West Ham,0.27687734008397924
30,602,Elliot Anderson,MID,Newcastle,0.2794287559829144
30,261,Naby Keita,MID,Liverpool,0.2794287559829144
30,4,Pierre-Emerick Aubameyang,MID,Arsenal,0.2794287559829144
30,58,Shane Duffy,DEF,Brighton,0.27687734008397924
30,142,Jeffrey Schlupp,MID,Crystal Palace,0.2794287559829144
30,236,Wilfred Ndidi,MID,Leicester,0.2794287559829144
30,526,Mohamed Naser El Sayed Elneny,MID,Arsenal,0.2794287559829144
30,180,Neeskens Kebano,MID,Fulham,0.2794287559829144
30,635,Allan Tchaptchet,DEF,Southampton,0.27687734008397924
30,330,Christian Atsu,MID,Newcastle,0.2794287559829144
30,323,Federico Fernández,DEF,Newcastle,0.27687734008397924
30,120,Mason Mount,MID,Chelsea,0.2794287559829144
30,138,Luka Milivojevic,MID,Crystal Palace,0.2794287559829144
30,571,Joachim Andersen,DEF,Fulham,0.27687734008397924
30,301,Jesse Lingard,MID,West Ham,0.2794287559829144
30,290,Juan Mata,MID,Man Utd,0.2794287559829144
30,351,George Baldock,DEF,Sheffield Utd,0.27687734008397924
30,355,John Lundstram,MID,Sheffield Utd,0.2794287559829144
30,100,Dwight McNeil,MID,Burnley,0.2794287559829144
30,409,Jake Livermore,MID,West Brom,0.2794287559829144
30,274,Benjamin Mendy,DEF,Man City,0.27687734008397924
30,72,José Izquierdo,MID,Brighton,0.2794287559829144
30,153,Cenk Tosun,FWD,Everton,0.2437957941279555
30,286,Rodrigo Hernandez,MID,Man City,0.2794287559829144
30,184,Aleksandar Mitrović,FWD,Fulham,0.2437957941279555
30,154,Bernard Anício Caldeira Duarte,MID,Everton,0.2794287559829144
30,250,Virgil van Dijk,DEF,Liverpool,0.27687734008397924
30,182,Joe Bryan,DEF,Fulham,0.27687734008397924
30,303,Anthony Martial,FWD,Man Utd,0.2437957941279555
30,456,Ryan Bennett,DEF,Wolves,0.27687734008397924
30,179,Cyrus Christie,DEF,Fulham,0.27687734008397924
30,634,Will Ferry,MID,Southampton,0.2794287559829144
30,54,Adam Lallana,MID,Brighton,0.2794287559829144
30,90,Johann Berg Gudmundsson,MID,Burnley,0.2794287559829144
30,654,Okay Yokuslu,MID,West Brom,0.2794287559829144
30,547,Rúnar Alex Rúnarsson,GK,Arsenal,0.12330835051460962
30,87,Ashley Barnes,FWD,Burnley,0.2437957941279555
30,125,Gary Cahill,DEF,Crystal Palace,0.27687734008397924
30,171,Fabricio Agosto Ramírez,GK,Fulham,0.12330835051460962
30,551,Mace Goodridge,MID,Burnley,0.2794287559829144
30,264,Neco Williams,DEF,Liverpool,0.27687734008397924
30,333,Emil Krafth,DEF,Newcastle,0.27687734008397924
30,186,Marek Rodák,GK,Fulham,0.12330835051460962
30,95,Robbie Brady,MID,Burnley,0.2794287559829144
30,663,Michal Karbownik,DEF,Brighton,0.27687734008397924
30,461,Romain Saïss,DEF,Wolves,0.27687734008397924
30,17,Kieran Tierney,DEF,Arsenal,0.27687734008397924
30,329,Dwight Gayle,FWD,Newcastle,0.2437957941279555
30,214,Leif Davis,DEF,Leeds,0.27687734008397924
30,521,Cameron Carter-Vickers,DEF,Spurs,0.27687734008397924
30,197,Luke Ayling,DEF,Leeds,0.27687734008397924
30,543,Gareth Bale,MID,Spurs,0.2794287559829144
30,201,Ezgjan Alioski,DEF,Leeds,0.27687734008397924
30,267,Claudio Bravo,GK,Man City,0.12330835051460962
30,188,Josh Onomah,MID,Fulham,0.2794287559829144
30,300,Luke Shaw,DEF,Man Utd,0.27687734008397924
30,273,John Stones,DEF,Man City,0.27687734008397924
30,410,Kamil Grosicki,MID,West Brom,0.2794287559829144
30,50,Keinan Davis,FWD,Aston Villa,0.2437957941279555
30,500,Kai Havertz,MID,Chelsea,0.2794287559829144
30,349,Oliver Norwood,MID,Sheffield Utd,0.2794287559829144
30,569,Edinson Cavani,FWD,Man Utd,0.2437957941279555
30,624,Kgaogelo Chauke,MID,Southampton,0.2794287559829144
30,135,Martin Kelly,DEF,Crystal Palace,0.27687734008397924
30,519,Jimmy Dunne,DEF,Burnley,0.27687734008397924
30,81,James Tarkowski,DEF,Burnley,0.27687734008397924
30,194,Francisco Casilla Cortés,GK,Leeds,0.12330835051460962
30,109,Antonio Rüdiger,DEF,Chelsea,0.27687734008397924
30,386,Toby Alderweireld,DEF,Spurs,0.27687734008397924
30,348,Simon Moore,GK,Sheffield Utd,0.12330835051460962
30,439,Manuel Lanzini,MID,West Ham,0.2794287559829144
30,590,Daniel N'Lundulu,FWD,Southampton,0.2437957941279555
30,73,Matthew Clarke,DEF,Brighton,0.27687734008397924
30,554,Jacob Ramsey,MID,Aston Villa,0.2794287559829144
30,136,Connor Wickham,FWD,Crystal Palace,0.2437957941279555
30,332,Javier Manquillo,DEF,Newcastle,0.27687734008397924
30,596,Ellis Simms,FWD,Everton,0.2437957941279555
30,576,Craig Dawson,DEF,West Ham,0.27687734008397924
30,412,Kyle Bartley,DEF,West Brom,0.27687734008397924
30,523,Fraser Forster,GK,Southampton,0.12330835051460962
30,659,Claudio Gomes,MID,Man City,0.2794287559829144
30,320,Andy Carroll,FWD,Newcastle,0.2437957941279555
30,522,Sam Woods,DEF,Crystal Palace,0.27687734008397924
30,225,Dennis Praet,MID,Leicester,0.2794287559829144
30,476,Leonardo Campana,FWD,Wolves,0.2437957941279555
30,468,Diogo Jota,MID,Liverpool,0.2794287559829144
30,499,Cedric Kipre,DEF,West Brom,0.27687734008397924
30,212,Jordan Stevens,MID,Leeds,0.2794287559829144
30,347,Enda Stevens,DEF,Sheffield Utd,0.27687734008397924
30,86,Jay Rodriguez,FWD,Burnley,0.2437957941279555
30,626,Patrick Cutrone,FWD,Wolves,0.2437957941279555
30,143,Max Meyer,MID,Crystal Palace,0.2794287559829144
30,426,Rekeem Harper,MID,West Brom,0.2794287559829144
30,371,Angus Gunn,GK,Southampton,0.12330835051460962
30,258,Takumi Minamino,MID,Southampton,0.2794287559829144
30,581,Owen Otasowie,MID,Wolves,0.2794287559829144
30,599,Jack Jenkins,MID,Leeds,0.2794287559829144
30,198,Mateusz Klich,MID,Leeds,0.2794287559829144
30,280,Aymeric Laporte,DEF,Man City,0.27687734008397924
30,59,Davy Pröpper,MID,Brighton,0.2794287559829144
30,544,Conor Gallagher,MID,West Brom,0.2794287559829144
30,312,Timothy Fosu-Mensah,DEF,Man Utd,0.27687734008397924
30,370,James Ward-Prowse,MID,Southampton,0.2794287559829144
30,565,Ibrahima Diallo,MID,Southampton,0.2794287559829144
30,631,Teddy Jenks,MID,Brighton,0.2794287559829144
30,71,Alireza Jahanbakhsh,MID,Brighton,0.2794287559829144
30,562,Ola Aina,DEF,Fulham,0.27687734008397924
30,200,Stuart Dallas,DEF,Leeds,0.27687734008397924
30,331,Paul Dummett,DEF,Newcastle,0.27687734008397924
30,18,Nicolas Pépé,MID,Arsenal,0.2794287559829144
30,443,Fabián Balbuena,DEF,West Ham,0.27687734008397924
30,57,Pascal Groß,MID,Brighton,0.2794287559829144
30,397,Harry Winks,MID,Spurs,0.2794287559829144
30,632,Max Sanders,MID,Brighton,0.2794287559829144
30,586,Jack Butland,GK,Crystal Palace,0.12330835051460962
30,276,Raheem Sterling,MID,Man City,0.2794287559829144
30,275,Riyad Mahrez,MID,Man City,0.2794287559829144
30,520,Bobby Thomas,DEF,Burnley,0.27687734008397924
30,424,Oliver Burke,MID,Sheffield Utd,0.2794287559829144
30,414,Ahmed El-Sayed Hegazy,DEF,West Brom,0.27687734008397924
30,97,Charlie Taylor,DEF,Burnley,0.27687734008397924
30,42,Matt Targett,DEF,Aston Villa,0.27687734008397924
30,583,Will Norris,GK,Burnley,0.12330835051460962
30,98,Josh Brownhill,MID,Burnley,0.2794287559829144
30,19,Lucas Torreira,MID,Arsenal,0.2794287559829144
30,335,DeAndre Yedlin,DEF,Newcastle,0.27687734008397924
30,540,Bertrand Traoré,MID,Aston Villa,0.2794287559829144
30,24,Bukayo Saka,MID,Arsenal,0.2794287559829144
30,343,Billy Sharp,FWD,Sheffield Utd,0.2437957941279555
30,96,Nick Pope,GK,Burnley,0.12330835051460962
30,434,Jack Wilshere,MID,West Ham,0.2794287559829144
30,464,Leander Dendoncker,MID,Wolves,0.2794287559829144
30,75,Bernardo Fernandes da Silva Junior,DEF,Brighton,0.27687734008397924
30,485,Jeff Hendrick,MID,Newcastle,0.2794287559829144
30,327,Florian Lejeune,DEF,Newcastle,0.27687734008397924
30,49,Mbwana Samatta,FWD,Aston Villa,0.2437957941279555
30,239,James Justin,DEF,Leicester,0.27687734008397924
30,309,Scott McTominay,MID,Man Utd,0.2794287559829144
30,211,Pascal Struijk,DEF,Leeds,0.27687734008397924
30,492,Rodrigo Moreno,FWD,Leeds,0.2437957941279555
30,256,Divock Origi,FWD,Liverpool,0.2437957941279555
30,675,Reece Hannam,DEF,Crystal Palace,0.27687734008397924
30,373,Harrison Reed,MID,Fulham,0.2794287559829144
30,51,Indiana Vassilev,FWD,Aston Villa,0.2437957941279555
30,473,Morgan Gibbs-White,MID,Wolves,0.2794287559829144
30,62,Lewis Dunk,DEF,Brighton,0.27687734008397924
30,611,Taylor Perry,MID,Wolves,0.2794287559829144
30,369,Jannik Vestergaard,DEF,Southampton,0.27687734008397924
30,493,Mario Lemina,MID,Fulham,0.2794287559829144
30,527,Matt Macey,GK,Arsenal,0.12330835051460962
30,52,Douglas Luiz Soares de Paulo,MID,Aston Villa,0.2794287559829144
30,106,Ross Barkley,MID,Aston Villa,0.2794287559829144
30,84,Jack Cork,MID,Burnley,0.2794287559829144
30,502,Allan Marques Loureiro,MID,Everton,0.2794287559829144
30,489,Eberechi Eze,MID,Crystal Palace,0.2794287559829144
30,76,Yves Bissouma,MID,Brighton,0.2794287559829144
30,403,Giovani Lo Celso,MID,Spurs,0.2794287559829144
30,9,Granit Xhaka,MID,Arsenal,0.2794287559829144
30,480,Sean Longstaff,MID,Newcastle,0.2794287559829144
30,415,Charlie Austin,FWD,West Brom,0.2437957941279555
30,296,Paul Pogba,MID,Man Utd,0.2794287559829144
30,658,Richard Nartey,DEF,Burnley,0.27687734008397924
30,265,Harvey Elliott,MID,Liverpool,0.2794287559829144
30,419,Oluwasemilogo Adesewo Ibidapo Ajayi,DEF,West Brom,0.27687734008397924
30,107,Mateo Kovacic,MID,Chelsea,0.2794287559829144
30,161,Jean-Philippe Gbamin,MID,Everton,0.2794287559829144
30,648,Mbaye Diagne,FWD,West Brom,0.2437957941279555
30,259,Trent Alexander-Arnold,DEF,Liverpool,0.27687734008397924
30,283,Oleksandr Zinchenko,DEF,Man City,0.27687734008397924
30,255,Andrew Robertson,DEF,Liverpool,0.27687734008397924
30,537,Adrián Bernabé,MID,Man City,0.2794287559829144
30,677,Liam Hughes,GK,Liverpool,0.12330835051460962
30,102,César Azpilicueta,DEF,Chelsea,0.27687734008397924
30,144,Jairo Riedewald,MID,Crystal Palace,0.2794287559829144
30,566,Ben Godfrey,DEF,Everton,0.27687734008397924
30,427,Mark Noble,MID,West Ham,0.2794287559829144
30,462,Jonathan Castro Otto,DEF,Wolves,0.27687734008397924
30,218,Christian Fuchs,DEF,Leicester,0.27687734008397924
30,444,Jordan Hugill,FWD,West Ham,0.2437957941279555
30,169,Moise Kean,FWD,Everton,0.2437957941279555
30,545,Ki-Jana Hoever,DEF,Wolves,0.27687734008397924
30,240,Luke Thomas,DEF,Leicester,0.27687734008397924
30,210,Jamie Shackleton,MID,Leeds,0.2794287559829144
30,378,Yan Valery,DEF,Southampton,0.27687734008397924
30,563,Rayan Ait Nouri,DEF,Wolves,0.27687734008397924
30,311,Daniel James,MID,Man Utd,0.2794287559829144
30,48,Wesley Moraes,FWD,Aston Villa,0.2437957941279555
30,26,Gabriel Teodoro Martinelli Silva,MID,Arsenal,0.2794287559829144
30,216,Wes Morgan,DEF,Leicester,0.27687734008397924
30,639,Andy Lonergan,GK,West Brom,0.12330835051460962
30,260,Joseph Gomez,DEF,Liverpool,0.27687734008397924
30,362,Ryan Bertrand,DEF,Southampton,0.27687734008397924
30,655,Ryan Finnigan,MID,Southampton,0.2794287559829144
30,679,Kyle John,DEF,Everton,0.27687734008397924
30,514,Ollie Watkins,FWD,Aston Villa,0.2437957941279555
30,45,Anwar El Ghazi,MID,Aston Villa,0.2794287559829144
30,271,Ilkay Gündogan,MID,Man City,0.2794287559829144
30,10,Pablo Marí,DEF,Arsenal,0.27687734008397924
30,391,Eric Dier,DEF,Spurs,0.27687734008397924
30,647,Morgan Sanson,MID,Aston Villa,0.2794287559829144
30,422,Darnell Furlong,DEF,West Brom,0.27687734008397924
30,89,Ashley Westwood,MID,Burnley,0.2794287559829144
30,164,Dominic Calvert-Lewin,FWD,Everton,0.2437957941279555
30,230,Demarai Gray,MID,Leicester,0.2794287559829144
30,653,Ben Davies,DEF,Liverpool,0.27687734008397924
30,43,James Bree,DEF,Aston Villa,0.27687734008397924
30,108,Michy Batshuayi,FWD,Crystal Palace,0.2437957941279555
30,266,Fernando Luiz Rosa,DEF,Man City,0.27687734008397924
30,56,David Button,GK,West Brom,0.12330835051460962
30,126,Wayne Hennessey,GK,Crystal Palace,0.12330835051460962
30,600,Lee Peltier,DEF,West Brom,0.27687734008397924
30,359,Lys Mousset,FWD,Sheffield Utd,0.2437957941279555
30,160,Jonjoe Kenny,DEF,Everton,0.27687734008397924
30,495,Donny van de Beek,MID,Man Utd,0.2794287559829144
30,39,Kortney Hause,DEF,Aston Villa,0.27687734008397924
30,247,Xherdan Shaqiri,MID,Liverpool,0.2794287559829144
30,550,Jayson Molumby,MID,Brighton,0.2794287559829144
30,119,Christian Pulisic,MID,Chelsea,0.2794287559829144
30,651,Joshua King,FWD,Everton,0.2437957941279555
30,38,John McGinn,MID,Aston Villa,0.2794287559829144
30,542,Sergio Reguilón,DEF,Spurs,0.27687734008397924
30,234,Hamza Choudhury,MID,Leicester,0.2794287559829144
30,475,Bruno André Cavaco Jordao,MID,Wolves,0.2794287559829144
30,509,Ethan Ampadu,DEF,Sheffield Utd,0.27687734008397924
30,399,Ryan Sessegnon,DEF,Spurs,0.27687734008397924
30,8,Bernd Leno,GK,Arsenal,0.12330835051460962
30,339,Miguel Almirón,MID,Newcastle,0.2794287559829144
30,167,João Virgínia,GK,Everton,0.12330835051460962
30,457,Matt Doherty,DEF,Spurs,0.27687734008397924
30,407,Kieran Gibbs,DEF,West Brom,0.27687734008397924
30,593,Karlo Ziger,GK,Chelsea,0.12330835051460962
30,513,Jamal Lewis,DEF,Newcastle,0.27687734008397924
30,289,Sergio Romero,GK,Man Utd,0.12330835051460962
30,501,Daniel Ceballos Fernández,MID,Arsenal,0.2794287559829144
30,567,Thomas Partey,MID,Arsenal,0.2794287559829144
30,375,Kyle Walker-Peters,DEF,Southampton,0.27687734008397924
30,70,Mathew Ryan,GK,Arsenal,0.12330835051460962
30,67,Joël Veltman,DEF,Brighton,0.27687734008397924
30,430,Darren Randolph,GK,West Ham,0.12330835051460962
30,278,Ederson Santana de Moraes,GK,Man City,0.12330835051460962
30,129,James Tomkins,DEF,Crystal Palace,0.27687734008397924
30,584,Joe Rodon,DEF,Spurs,0.27687734008397924
30,44,Marvelous Nakamba,MID,Aston Villa,0.2794287559829144
30,436,Andriy Yarmolenko,MID,West Ham,0.2794287559829144
30,170,Jarrad Branthwaite,DEF,Everton,0.27687734008397924
30,385,Moussa Sissoko,MID,Spurs,0.2794287559829144
30,451,Issa Diop,DEF,West Ham,0.27687734008397924
30,80,Alexis Mac Allister,MID,Brighton,0.2794287559829144
30,344,David McGoldrick,FWD,Sheffield Utd,0.2437957941279555
30,401,Gedson Carvalho Fernandes,MID,Spurs,0.2794287559829144
30,284,Phil Foden,MID,Man City,0.2794287559829144
30,13,Calum Chambers,DEF,Arsenal,0.27687734008397924
30,556,Rúben Santos Gato Alves Dias,DEF,Man City,0.27687734008397924
30,159,Alex Iwobi,MID,Everton,0.2794287559829144
30,231,James Maddison,MID,Leicester,0.2794287559829144
30,221,Marc Albrighton,MID,Leicester,0.2794287559829144
30,525,Denis Odoi,DEF,Fulham,0.27687734008397924
30,63,Martín Montoya,DEF,Brighton,0.27687734008397924
30,568,Alex Nicolao Telles,DEF,Man Utd,0.27687734008397924
30,598,Kayne Ramsay,DEF,Southampton,0.27687734008397924
30,638,Ademipo Odubeko,FWD,West Ham,0.2437957941279555
30,431,Lukasz Fabianski,GK,West Ham,0.12330835051460962
30,406,Juan Foyth,DEF,Spurs,0.27687734008397924
30,350,Wes Foderingham,GK,Sheffield Utd,0.12330835051460962
30,223,Danny Ward,GK,Leicester,0.12330835051460962
30,367,Jack Stephens,DEF,Southampton,0.27687734008397924
30,372,Sofiane Boufal,MID,Southampton,0.2794287559829144
30,623,Taylor Harwood-Bellis,DEF,Man City,0.27687734008397924
30,618,Antwoine Hackford,FWD,Sheffield Utd,0.2437957941279555
30,664,Moisés Caicedo,MID,Brighton,0.2794287559829144
30,166,Richarlison de Andrade,FWD,Everton,0.2437957941279555
30,484,Antonee Robinson,DEF,Fulham,0.27687734008397924
30,546,Nélson Cabral Semedo,DEF,Wolves,0.27687734008397924
30,541,Cengiz Ünder,MID,Leicester,0.2794287559829144
30,459,Conor Coady,DEF,Wolves,0.27687734008397924
30,411,Matt Phillips,MID,West Brom,0.2794287559829144
30,487,Matthew Longstaff,MID,Newcastle,0.2794287559829144
30,357,Oliver McBurnie,FWD,Sheffield Utd,0.2437957941279555
30,113,N'Golo Kanté,MID,Chelsea,0.2794287559829144
30,360,Sander Berge,MID,Sheffield Utd,0.2794287559829144
30,393,Paulo Gazzaniga,GK,Spurs,0.12330835051460962
30,683,Jaden Philogene-Bidace,MID,Aston Villa,0.2794287559829144
30,366,Danny Ings,FWD,Southampton,0.2437957941279555
30,16,Rob Holding,DEF,Arsenal,0.27687734008397924
30,310,Eric Bailly,DEF,Man Utd,0.27687734008397924
30,244,Jordan Henderson,MID,Liverpool,0.2794287559829144
30,610,Theo Corbeanu,MID,Wolves,0.2794287559829144
30,302,Bruno Miguel Borges Fernandes,MID,Man Utd,0.2794287559829144
30,441,Sébastien Haller,FWD,West Ham,0.2437957941279555
30,604,Lee Grant,GK,Man Utd,0.12330835051460962
30,183,Marcus Bettinelli,GK,Fulham,0.12330835051460962
30,612,Anthony Mancini,MID,Burnley,0.2794287559829144
30,672,Carney Chukwuemeka,MID,Aston Villa,0.2794287559829144
30,377,Che Adams,FWD,Southampton,0.2437957941279555
30,308,Victor Lindelöf,DEF,Man Utd,0.27687734008397924
30,297,Phil Jones,DEF,Man Utd,0.27687734008397924
30,146,Tyrick Mitchell,DEF,Crystal Palace,0.27687734008397924
30,203,Jack Harrison,MID,Leeds,0.2794287559829144
30,358,Callum Robinson,FWD,West Brom,0.2437957941279555
30,77,Tariq Lamptey,DEF,Brighton,0.27687734008397924
30,477,Luke Freeman,MID,Sheffield Utd,0.2794287559829144
30,423,Sam Field,MID,West Brom,0.2794287559829144
30,472,Matija Sarkic,GK,Wolves,0.12330835051460962
30,671,Kaine Hayden,MID,Aston Villa,0.2794287559829144
30,529,Phil Jagielka,DEF,Sheffield Utd,0.27687734008397924
30,429,David Martin,GK,West Ham,0.12330835051460962
30,29,Ahmed El Mohamady,DEF,Aston Villa,0.27687734008397924
30,40,Mahmoud Ahmed Ibrahim Hassan,MID,Aston Villa,0.2794287559829144
30,190,Aboubakar Kamara,MID,Fulham,0.2794287559829144
30,131,James McCarthy,MID,Crystal Palace,0.2794287559829144
30,21,Reiss Nelson,MID,Arsenal,0.2794287559829144
30,404,Oliver Skipp,MID,Spurs,0.2794287559829144
30,31,Neil Taylor,DEF,Aston Villa,0.27687734008397924
30,606,Daniel Langley,GK,Newcastle,0.12330835051460962
30,281,Bernardo Mota Veiga de Carvalho e Silva,MID,Man City,0.2794287559829144
30,507,Ryan Fraser,MID,Newcastle,0.2794287559829144
30,524,Nathan Tella,MID,Southampton,0.2794287559829144
30,470,Max Kilman,DEF,Wolves,0.27687734008397924
30,207,Jay-Roy Grot,MID,Leeds,0.2794287559829144
30,483,Aaron Ramsdale,GK,Sheffield Utd,0.12330835051460962
30,220,Adrien Silva,MID,Leicester,0.2794287559829144
30,676,Sidnei Tavares,MID,Leicester,0.2794287559829144
30,204,Kalvin Phillips,MID,Leeds,0.2794287559829144
30,570,Raphael Dias Belloli,MID,Leeds,0.2794287559829144
31,591,Max Thompson,FWD,Burnley,0.2437957941279555
31,458,Willy Boly,DEF,Wolves,0.27687734008397924
31,324,Ciaran Clark,DEF,Newcastle,0.27687734008397924
31,614,Luke Cundle,MID,Wolves,0.2794287559829143
31,322,Matt Ritchie,MID,Newcastle,0.2794287559829143
31,245,Adrián San Miguel del Castillo,GK,Liverpool,0.12330835051460956
31,594,Rhys Williams,DEF,Liverpool,0.27687734008397924
31,191,André-Frank Zambo Anguissa,MID,Fulham,0.2794287559829143
31,189,Jean Michaël Seri,MID,Fulham,0.2794287559829143
31,425,Dara O'Shea,DEF,West Brom,0.27687734008397924
31,315,Mason Greenwood,MID,Man Utd,0.2794287559829143
31,314,José Diogo Dalot Teixeira,DEF,Man Utd,0.27687734008397924
31,466,Rúben Diogo da Silva Neves,MID,Wolves,0.2794287559829143
31,224,Jamie Vardy,FWD,Leicester,0.2437957941279555
31,215,Oliver Casey,DEF,Leeds,0.27687734008397924
31,123,Reece James,DEF,Chelsea,0.27687734008397924
31,680,Nathan Broadhead,MID,Everton,0.2794287559829143
31,292,Chris Smalling,DEF,Man Utd,0.27687734008397924
31,99,Bailey Peacock-Farrell,GK,Burnley,0.12330835051460956
31,279,Nathan Aké,DEF,Man City,0.27687734008397924
31,530,Branislav Ivanovic,DEF,West Brom,0.27687734008397924
31,417,Sam Johnstone,GK,West Brom,0.12330835051460956
31,14,Sead Kolasinac,DEF,Arsenal,0.27687734008397924
31,503,Christian Walton,GK,Brighton,0.12330835051460956
31,620,Charlie Cresswell,DEF,Leeds,0.27687734008397924
31,3,David Luiz Moreira Marinho,DEF,Arsenal,0.27687734008397924
31,37,Jack Grealish,MID,Aston Villa,0.2794287559829143
31,270,Kyle Walker,DEF,Man City,0.27687734008397924
31,440,Felipe Anderson Pereira Gomes,MID,West Ham,0.2794287559829143
31,405,Tanguy Ndombele,MID,Spurs,0.2794287559829143
31,1,Mesut Özil,MID,Arsenal,0.2794287559829143
31,662,Thomas McGill,GK,Brighton,0.12330835051460956
31,150,Gylfi Sigurdsson,MID,Everton,0.2794287559829143
31,118,Tammy Abraham,FWD,Chelsea,0.2437957941279555
31,53,Glenn Murray,FWD,Brighton,0.2437957941279555
31,389,Serge Aurier,DEF,Spurs,0.27687734008397924
31,162,Yerry Mina,DEF,Everton,0.27687734008397924
31,111,Emerson Palmieri dos Santos,DEF,Chelsea,0.27687734008397924
31,341,Yoshinori Muto,FWD,Newcastle,0.2437957941279555
31,346,John Fleck,MID,Sheffield Utd,0.2794287559829143
31,117,Timo Werner,FWD,Chelsea,0.2437957941279555
31,307,Axel Tuanzebe,DEF,Man Utd,0.27687734008397924
31,103,Olivier Giroud,FWD,Chelsea,0.2437957941279555
31,105,Jorge Luiz Frello Filho,MID,Chelsea,0.2794287559829143
31,532,Elia Caprile,GK,Leeds,0.12330835051460956
31,336,Isaac Hayden,MID,Newcastle,0.2794287559829143
31,613,Joel Mumbongo,FWD,Burnley,0.2437957941279555
31,88,Ben Mee,DEF,Burnley,0.27687734008397924
31,582,Karlan Grant,FWD,West Brom,0.2437957941279555
31,684,Shane Flynn,MID,Leicester,0.2794287559829143
31,642,Willian José Da Silva,FWD,Wolves,0.2437957941279555
31,572,Tosin Adarabioyo,DEF,Fulham,0.27687734008397924
31,291,David de Gea,GK,Man Utd,0.12330835051460956
31,139,Patrick van Aanholt,DEF,Crystal Palace,0.27687734008397924
31,325,Karl Darlow,GK,Newcastle,0.12330835051460956
31,175,Tom Cairney,MID,Fulham,0.2794287559829143
31,421,Kyle Edwards,MID,West Brom,0.2794287559829143
31,306,Marcus Rashford,MID,Man Utd,0.2794287559829143
31,304,Andreas Pereira,MID,Man Utd,0.2794287559829143
31,478,Willian Borges Da Silva,MID,Arsenal,0.2794287559829143
31,163,Tom Davies,MID,Everton,0.2794287559829143
31,132,Christian Benteke,FWD,Crystal Palace,0.2437957941279555
31,390,Heung-Min Son,MID,Spurs,0.2794287559829143
31,299,Frederico Rodrigues de Paula Santos,MID,Man Utd,0.2794287559829143
31,402,Japhet Tanganga,DEF,Spurs,0.27687734008397924
31,28,Tom Heaton,GK,Aston Villa,0.12330835051460956
31,617,Andreas Söndergaard,GK,Wolves,0.12330835051460956
31,364,Oriol Romeu Vidal,MID,Southampton,0.2794287559829143
31,12,Emiliano Martínez,GK,Aston Villa,0.12330835051460956
31,482,Joe Hart,GK,Spurs,0.12330835051460956
31,124,Billy Gilmour,MID,Chelsea,0.2794287559829143
31,438,Ryan Fredericks,DEF,West Ham,0.27687734008397924
31,181,Bobby Decordova-Reid,FWD,Fulham,0.2437957941279555
31,243,Georginio Wijnaldum,MID,Liverpool,0.2794287559829143
31,294,Marcos Rojo,DEF,Man Utd,0.27687734008397924
31,558,Vladimir Coufal,DEF,West Ham,0.27687734008397924
31,376,Jan Bednarek,DEF,Southampton,0.27687734008397924
31,573,Robin Olsen,GK,Everton,0.12330835051460956
31,93,Matej Vydra,FWD,Burnley,0.2437957941279555
31,538,Zack Steffen,GK,Man City,0.12330835051460956
31,418,Conor Townsend,DEF,West Brom,0.27687734008397924
31,187,Ivan Ricardo Neves Abreu Cavaleiro,MID,Fulham,0.2794287559829143
31,432,Angelo Ogbonna,DEF,West Ham,0.27687734008397924
31,208,Kamil Miazek,GK,Leeds,0.12330835051460956
31,140,Jordan Ayew,FWD,Crystal Palace,0.2437957941279555
31,670,Frankie Maguire,MID,Sheffield Utd,0.2794287559829143
31,515,Vitor Ferreira,MID,Wolves,0.2794287559829143
31,512,Abdoulaye Doucouré,MID,Everton,0.2794287559829143
31,232,Benjamin Chilwell,DEF,Chelsea,0.27687734008397924
31,446,Grady Diangana,MID,West Brom,0.2794287559829143
31,353,John Egan,DEF,Sheffield Utd,0.27687734008397924
31,229,Ayoze Pérez,MID,Leicester,0.2794287559829143
31,293,Odion Ighalo,FWD,Man Utd,0.2437957941279555
31,356,Ben Osborn,MID,Sheffield Utd,0.2794287559829143
31,448,Declan Rice,MID,West Ham,0.2794287559829143
31,479,Mohammed Salisu,DEF,Southampton,0.27687734008397924
31,622,Luke Mbete,DEF,Man City,0.27687734008397924
31,217,Kasper Schmeichel,GK,Leicester,0.12330835051460956
31,588,Danny Welbeck,FWD,Brighton,0.2437957941279555
31,577,Nathaniel Clyne,DEF,Crystal Palace,0.27687734008397924
31,637,Frederik Alves,DEF,West Ham,0.27687734008397924
31,213,Illan Meslier,GK,Leeds,0.12330835051460956
31,287,Ferran Torres,MID,Man City,0.2794287559829143
31,494,Gabriel Magalhães,DEF,Arsenal,0.27687734008397924
31,222,Matty James,MID,Leicester,0.2794287559829143
31,262,Rhian Brewster,FWD,Sheffield Utd,0.2437957941279555
31,321,Jonjo Shelvey,MID,Newcastle,0.2794287559829143
31,686,Nathan Bishop,GK,Man Utd,0.12330835051460956
31,252,Alisson Ramses Becker,GK,Liverpool,0.12330835051460956
31,11,Héctor Bellerín,DEF,Arsenal,0.27687734008397924
31,465,Adama Traoré,MID,Wolves,0.2794287559829143
31,578,Stephen Henderson,GK,Crystal Palace,0.12330835051460956
31,621,Cheikh Diaby,FWD,West Brom,0.2437957941279555
31,601,Leighton Clarkson,MID,Liverpool,0.2794287559829143
31,205,Hélder Wander Sousa de Azevedo e Costa,MID,Leeds,0.2794287559829143
31,202,Patrick Bamford,FWD,Leeds,0.2437957941279555
31,254,Mohamed Salah,MID,Liverpool,0.2794287559829143
31,641,Jean-Philippe Mateta,FWD,Crystal Palace,0.2437957941279555
31,352,Jack Robinson,DEF,Sheffield Utd,0.27687734008397924
31,442,Arthur Masuaku,DEF,West Ham,0.27687734008397924
31,5,Cédric Soares,DEF,Arsenal,0.27687734008397924
31,23,Emile Smith Rowe,MID,Arsenal,0.2794287559829143
31,345,Chris Basham,DEF,Sheffield Utd,0.27687734008397924
31,533,Mateusz Bogusz,MID,Leeds,0.2794287559829143
31,338,Allan Saint-Maximin,MID,Newcastle,0.2794287559829143
31,328,Jamaal Lascelles,DEF,Newcastle,0.27687734008397924
31,460,Raúl Jiménez,FWD,Wolves,0.2437957941279555
31,298,Harry Maguire,DEF,Man Utd,0.27687734008397924
31,319,Teden Mengi,DEF,Man Utd,0.27687734008397924
31,174,Stefan Johansen,MID,Fulham,0.2794287559829143
31,361,Shane Long,FWD,Southampton,0.2437957941279555
31,233,Kelechi Iheanacho,FWD,Leicester,0.2437957941279555
31,433,Roberto Jimenez Gago,GK,West Ham,0.12330835051460956
31,185,Alfie Mawson,DEF,Fulham,0.27687734008397924
31,66,Adam Webster,DEF,Brighton,0.27687734008397924
31,313,Aaron Wan-Bissaka,DEF,Man Utd,0.27687734008397924
31,55,Dale Stephens,MID,Burnley,0.2794287559829143
31,193,Pablo Hernández Domínguez,MID,Leeds,0.2794287559829143
31,30,Henri Lansbury,MID,Aston Villa,0.2794287559829143
31,152,Seamus Coleman,DEF,Everton,0.27687734008397924
31,394,Bamidele Alli,MID,Spurs,0.2794287559829143
31,504,Fabio Silva,FWD,Wolves,0.2437957941279555
31,400,Steven Bergwijn,MID,Spurs,0.2794287559829143
31,269,Nicolás Otamendi,DEF,Man City,0.27687734008397924
31,587,Saïd Benrahma,MID,West Ham,0.2794287559829143
31,531,Thiago Alcántara do Nascimento,MID,Liverpool,0.2794287559829143
31,589,Nathaniel Phillips,DEF,Liverpool,0.27687734008397924
31,110,Kurt Zouma,DEF,Chelsea,0.27687734008397924
31,435,Aaron Cresswell,DEF,West Ham,0.27687734008397924
31,219,Jonny Evans,DEF,Leicester,0.27687734008397924
31,318,Brandon Williams,DEF,Man Utd,0.27687734008397924
31,130,James McArthur,MID,Crystal Palace,0.2794287559829143
31,643,Alexandre Jankewitz,MID,Southampton,0.2794287559829143
31,450,Pablo Fornals,MID,West Ham,0.2794287559829143
31,272,Kevin De Bruyne,MID,Man City,0.2794287559829143
31,22,Edward Nketiah,FWD,Arsenal,0.2437957941279555
31,657,Zak Brunt,MID,Sheffield Utd,0.2794287559829143
31,491,Robin Koch,DEF,Leeds,0.27687734008397924
31,69,Leandro Trossard,MID,Brighton,0.2794287559829143
31,560,Caoimhin Kelleher,GK,Liverpool,0.12330835051460956
31,61,Dan Burn,DEF,Brighton,0.27687734008397924
31,455,Rui Pedro dos Santos Patrício,GK,Wolves,0.12330835051460956
31,6,Alexandre Lacazette,FWD,Arsenal,0.2437957941279555
31,552,Cole Palmer,MID,Man City,0.2794287559829143
31,382,Moussa Djenepo,MID,Southampton,0.2794287559829143
31,383,Hugo Lloris,GK,Spurs,0.12330835051460956
31,83,Erik Pieters,DEF,Burnley,0.27687734008397924
31,384,Danny Rose,DEF,Spurs,0.27687734008397924
31,196,Barry Douglas,DEF,Leeds,0.27687734008397924
31,317,James Garner,MID,Man Utd,0.2794287559829143
31,340,Joelinton Cássio Apolinário de Lira,FWD,Newcastle,0.2437957941279555
31,579,Islam Slimani,FWD,Leicester,0.2437957941279555
31,41,Tyrone Mings,DEF,Aston Villa,0.27687734008397924
31,595,James Trafford,GK,Man City,0.12330835051460956
31,673,Shola Shoretire,MID,Man Utd,0.2794287559829143
31,122,Callum Hudson-Odoi,MID,Chelsea,0.2794287559829143
31,580,Michael Verrips,GK,Sheffield Utd,0.12330835051460956
31,447,Albian Ajeti,FWD,West Ham,0.2437957941279555
31,453,John Ruddy,GK,Wolves,0.12330835051460956
31,116,Andreas Christensen,DEF,Chelsea,0.27687734008397924
31,78,Aaron Connolly,FWD,Brighton,0.2437957941279555
31,65,Solomon March,MID,Brighton,0.2794287559829143
31,92,Matthew Lowton,DEF,Burnley,0.27687734008397924
31,199,Adam Forshaw,MID,Leeds,0.2794287559829143
31,665,Josh Maja,FWD,Fulham,0.2437957941279555
31,241,James Milner,MID,Liverpool,0.2794287559829143
31,666,Dane Scarlett,FWD,Spurs,0.2437957941279555
31,363,Alex McCarthy,GK,Southampton,0.12330835051460956
31,257,Harry Wilson,MID,Liverpool,0.2794287559829143
31,644,Tyler Onyango,MID,Everton,0.2794287559829143
31,607,Jake Cain,MID,Liverpool,0.2794287559829143
31,640,Amad Diallo,MID,Man Utd,0.2794287559829143
31,517,Kenny Tete,DEF,Fulham,0.27687734008397924
31,615,Lewis Richards,DEF,Wolves,0.27687734008397924
31,145,Nathan Ferguson,DEF,Crystal Palace,0.27687734008397924
31,33,Conor Hourihane,MID,Aston Villa,0.2794287559829143
31,151,Jonas Lössl,GK,Everton,0.12330835051460956
31,35,Ørjan Nyland,GK,Aston Villa,0.12330835051460956
31,134,Joel Ward,DEF,Crystal Palace,0.27687734008397924
31,497,Jacob Murphy,MID,Newcastle,0.2794287559829143
31,603,Kean Bryan,DEF,Sheffield Utd,0.27687734008397924
31,249,Roberto Firmino,FWD,Liverpool,0.2437957941279555
31,650,Alfie Devine,MID,Spurs,0.2794287559829143
31,608,Scott Carson,GK,Man City,0.12330835051460956
31,510,Jayden Bogle,DEF,Sheffield Utd,0.27687734008397924
31,398,Davinson Sánchez,DEF,Spurs,0.27687734008397924
31,227,Daniel Amartey,DEF,Leicester,0.27687734008397924
31,226,Ricardo Domingos Barbosa Pereira,DEF,Leicester,0.27687734008397924
31,564,Carlos Vinicius Alves Morais,FWD,Spurs,0.2437957941279555
31,388,Harry Kane,FWD,Spurs,0.2437957941279555
31,20,Joseph Willock,MID,Newcastle,0.2794287559829143
31,127,Mamadou Sakho,DEF,Crystal Palace,0.27687734008397924
31,630,Reda Khadra,MID,Brighton,0.2794287559829143
31,619,Niall Huggins,FWD,Leeds,0.2437957941279555
31,575,Facundo Pellistri,MID,Man Utd,0.2794287559829143
31,645,Martin Ødegaard,MID,Arsenal,0.2794287559829143
31,25,Matteo Guendouzi,MID,Arsenal,0.2794287559829143
31,416,Kenneth Zohore,FWD,West Brom,0.2437957941279555
31,326,Martin Dubravka,GK,Newcastle,0.12330835051460956
31,511,Max Lowe,DEF,Sheffield Utd,0.27687734008397924
31,449,Tomas Soucek,MID,West Ham,0.2794287559829143
31,471,Rúben Gonçalo Silva Nascimento Vinagre,DEF,Wolves,0.27687734008397924
31,282,Gabriel Fernando de Jesus,FWD,Man City,0.2437957941279555
31,516,Alphonse Areola,GK,Fulham,0.12330835051460956
31,112,Kepa Arrizabalaga,GK,Chelsea,0.12330835051460956
31,121,Fikayo Tomori,DEF,Chelsea,0.27687734008397924
31,15,Ainsley Maitland-Niles,DEF,West Brom,0.27687734008397924
31,147,Brandon Pierrick,MID,Crystal Palace,0.2794287559829143
31,652,Ozan Kabak,DEF,Liverpool,0.27687734008397924
31,395,Ben Davies,DEF,Spurs,0.27687734008397924
31,101,Willy Caballero,GK,Chelsea,0.12330835051460956
31,396,Pierre-Emile Højbjerg,MID,Spurs,0.2794287559829143
31,238,Çaglar Söyüncü,DEF,Leicester,0.27687734008397924
31,625,Harry Lewis,GK,Southampton,0.12330835051460956
31,285,Tommy Doyle,MID,Man City,0.2794287559829143
31,452,Ben Johnson,DEF,West Ham,0.27687734008397924
31,172,Kevin McDonald,MID,Fulham,0.2794287559829143
31,379,William Smallbone,MID,Southampton,0.2794287559829143
31,605,Faustino Anjorin,MID,Chelsea,0.2794287559829143
31,392,Lucas Rodrigues Moura da Silva,MID,Spurs,0.2794287559829143
31,682,Harry Tyrer,GK,Everton,0.12330835051460956
31,490,Thiago Thiago,DEF,Chelsea,0.27687734008397924
31,64,Florin Andone,FWD,Brighton,0.2437957941279555
31,141,Wilfried Zaha,MID,Crystal Palace,0.2794287559829143
31,454,João Filipe Iria Santos Moutinho,MID,Wolves,0.2794287559829143
31,518,Nampalys Mendy,MID,Leicester,0.2794287559829143
31,508,James Rodríguez,MID,Everton,0.2794287559829143
31,60,Aaron Mooy,MID,Brighton,0.2794287559829143
31,334,Fabian Schär,DEF,Newcastle,0.27687734008397924
31,629,Nigel Lonwijk,DEF,Wolves,0.27687734008397924
31,74,Ben White,DEF,Brighton,0.27687734008397924
31,165,Mason Holgate,DEF,Everton,0.27687734008397924
31,7,Shkodran Mustafi,DEF,Arsenal,0.27687734008397924
31,553,Meritan Shabani,MID,Wolves,0.2794287559829143
31,691,Isaac Price,MID,Everton,0.2794287559829143
31,157,Jordan Pickford,GK,Everton,0.12330835051460956
31,688,Jesurun Rak-Sakyi,MID,Crystal Palace,0.2794287559829143
31,506,Callum Wilson,FWD,Newcastle,0.2437957941279555
31,548,Edouard Mendy,GK,Chelsea,0.12330835051460956
31,91,Chris Wood,FWD,Burnley,0.2437957941279555
31,173,Maxime Le Marchand,DEF,Fulham,0.27687734008397924
31,82,Phil Bardsley,DEF,Burnley,0.27687734008397924
31,380,Jake Vokins,DEF,Southampton,0.27687734008397924
31,536,Anthony Driscoll-Glennon,DEF,Burnley,0.27687734008397924
31,667,Joe Gelhardt,FWD,Leeds,0.2437957941279555
31,251,Sadio Mané,MID,Liverpool,0.2794287559829143
31,104,Marcos Alonso,DEF,Chelsea,0.27687734008397924
31,481,Matheus Pereira,MID,West Brom,0.2794287559829143
31,156,Michael Keane,DEF,Everton,0.27687734008397924
31,592,Lewis Richardson,FWD,Burnley,0.2437957941279555
31,687,Thanawat Suengchitthawon,MID,Leicester,0.2794287559829143
31,557,Ademola Lookman,MID,Fulham,0.2794287559829143
31,661,Thakgalo Leshabela,MID,Leicester,0.2794287559829143
31,646,Kyron Gordon,DEF,Sheffield Utd,0.27687734008397924
31,574,Andi Zeqiri,FWD,Brighton,0.2437957941279555
31,295,Nemanja Matic,MID,Man Utd,0.2794287559829143
31,381,Michael Obafemi,FWD,Southampton,0.2437957941279555
31,609,Felix Nmecha,MID,Man City,0.2794287559829143
31,690,Reece Welch,DEF,Everton,0.27687734008397924
31,387,Erik Lamela,MID,Spurs,0.2794287559829143
31,85,Kevin Long,DEF,Burnley,0.27687734008397924
31,137,Andros Townsend,MID,Crystal Palace,0.2794287559829143
31,36,Bjorn Engels,DEF,Aston Villa,0.27687734008397924
31,678,Jakub Ojrzynski,GK,Liverpool,0.12330835051460956
31,115,Ruben Loftus-Cheek,MID,Fulham,0.2794287559829143
31,628,Jakub Moder,MID,Brighton,0.2794287559829143
31,158,André Filipe Tavares Gomes,MID,Everton,0.2794287559829143
31,34,José Ignacio Peleteiro Romallo,MID,Aston Villa,0.2794287559829143
31,616,Christian Marques,DEF,Wolves,0.27687734008397924
31,535,Josh Benson,MID,Burnley,0.2794287559829143
31,505,Fernando Marçal,DEF,Wolves,0.27687734008397924
31,268,Sergio Agüero,FWD,Man City,0.2437957941279555
31,94,Ben Gibson,DEF,Burnley,0.27687734008397924
31,192,Zeze Steven Sessegnon,DEF,Fulham,0.27687734008397924
31,46,Ezri Konsa Ngoyo,DEF,Aston Villa,0.27687734008397924
31,133,Cheikhou Kouyaté,MID,Crystal Palace,0.2794287559829143
31,668,Conor Coventry,MID,West Ham,0.2794287559829143
31,555,Filip Krovinovic,MID,West Brom,0.2794287559829143
31,253,Fabio Henrique Tavares,MID,Liverpool,0.2794287559829143
31,627,Percy Tau,MID,Brighton,0.2794287559829143
31,155,Lucas Digne,DEF,Everton,0.27687734008397924
31,474,Pedro Lomba Neto,MID,Wolves,0.2794287559829143
31,656,Iliman Ndiaye,MID,Sheffield Utd,0.2794287559829143
31,496,Matthew Cash,DEF,Aston Villa,0.27687734008397924
31,528,Jason Steele,GK,Brighton,0.12330835051460956
31,228,Youri Tielemans,MID,Leicester,0.2794287559829143
31,559,Niels Nkounkou,DEF,Everton,0.27687734008397924
31,277,João Pedro Cavaco Cancelo,DEF,Man City,0.27687734008397924
31,681,Ryan Astley,DEF,Everton,0.27687734008397924
31,486,Scott Dann,DEF,Crystal Palace,0.27687734008397924
31,288,Eric Garcia,DEF,Man City,0.27687734008397924
31,408,Hal Robson-Kanu,FWD,West Brom,0.2437957941279555
31,413,Romaine Sawyers,MID,West Brom,0.2794287559829143
31,178,Michael Hector,DEF,Fulham,0.27687734008397924
31,209,Ian Carlo Poveda-Ocampo,MID,Leeds,0.2794287559829143
31,149,Fabian Delph,MID,Everton,0.2794287559829143
31,32,Jed Steer,GK,Aston Villa,0.12330835051460956
31,420,Jonathan Leko,MID,West Brom,0.2794287559829143
31,561,Wesley Fofana,DEF,Leicester,0.27687734008397924
31,585,Terence Kongolo,DEF,Fulham,0.27687734008397924
31,168,Anthony Gordon,MID,Everton,0.2794287559829143
31,114,Hakim Ziyech,MID,Chelsea,0.2794287559829143
31,498,Timothy Castagne,DEF,Leicester,0.27687734008397924
31,305,Dean Henderson,GK,Man Utd,0.12330835051460956
31,660,Vontae Daley-Campbell,DEF,Leicester,0.27687734008397924
31,337,Rolando Aarons,MID,Newcastle,0.2794287559829143
31,488,Mark Gillespie,GK,Newcastle,0.12330835051460956
31,206,Tyler Roberts,MID,Leeds,0.2794287559829143
31,148,Theo Walcott,MID,Southampton,0.2794287559829143
31,177,Anthony Knockaert,MID,Fulham,0.2794287559829143
31,195,Liam Cooper,DEF,Leeds,0.27687734008397924
31,68,Neal Maupay,FWD,Brighton,0.2437957941279555
31,242,Konstantinos Tsimikas,DEF,Liverpool,0.27687734008397924
31,354,Jack O'Connell,DEF,Sheffield Utd,0.27687734008397924
31,633,Jensen Weir,MID,Brighton,0.2794287559829143
31,365,Nathan Redmond,MID,Southampton,0.2794287559829143
31,128,Vicente Guaita,GK,Crystal Palace,0.12330835051460956
31,176,Tim Ream,DEF,Fulham,0.27687734008397924
31,237,Filip Benkovic,DEF,Leicester,0.27687734008397924
31,463,Léo Bonatini,FWD,Wolves,0.2437957941279555
31,368,Stuart Armstrong,MID,Southampton,0.2794287559829143
31,79,Steven Alzate,MID,Brighton,0.2794287559829143
31,549,Diego Llorente,DEF,Leeds,0.27687734008397924
31,685,Gaetano Berardi,DEF,Leeds,0.27687734008397924
31,235,Harvey Barnes,MID,Leicester,0.2794287559829143
31,27,William Saliba,DEF,Arsenal,0.27687734008397924
31,539,Liam Delap,FWD,Man City,0.2437957941279555
31,445,Jarrod Bowen,MID,West Ham,0.2794287559829143
31,2,Sokratis Papastathopoulos,DEF,Arsenal,0.27687734008397924
31,263,Curtis Jones,MID,Liverpool,0.2794287559829143
31,469,Daniel Castelo Podence,MID,Wolves,0.2794287559829143
31,47,Frédéric Guilbert,DEF,Aston Villa,0.27687734008397924
31,467,Oskar Buur,DEF,Wolves,0.27687734008397924
31,246,Joel Matip,DEF,Liverpool,0.27687734008397924
31,374,Josh Sims,MID,Southampton,0.2794287559829143
31,428,Robert Snodgrass,MID,West Brom,0.2794287559829143
31,597,Robert Sánchez,GK,Brighton,0.12330835051460956
31,534,Ryan Inniss,DEF,Crystal Palace,0.27687734008397924
31,437,Michail Antonio,FWD,West Ham,0.2437957941279555
31,636,Caleb Watts,MID,Southampton,0.2794287559829143
31,248,Alex Oxlade-Chamberlain,MID,Liverpool,0.2794287559829143
31,316,Tahith Chong,MID,Man Utd,0.2794287559829143
31,674,Nathan Trott,GK,West Ham,0.12330835051460956
31,649,Hugo Bueno,DEF,Wolves,0.27687734008397924
31,342,Kelland Watts,DEF,Newcastle,0.27687734008397924
31,669,Jamal Baptiste,DEF,West Ham,0.27687734008397924
31,602,Elliot Anderson,MID,Newcastle,0.2794287559829143
31,261,Naby Keita,MID,Liverpool,0.2794287559829143
31,4,Pierre-Emerick Aubameyang,MID,Arsenal,0.2794287559829143
31,58,Shane Duffy,DEF,Brighton,0.27687734008397924
31,142,Jeffrey Schlupp,MID,Crystal Palace,0.2794287559829143
31,236,Wilfred Ndidi,MID,Leicester,0.2794287559829143
31,526,Mohamed Naser El Sayed Elneny,MID,Arsenal,0.2794287559829143
31,180,Neeskens Kebano,MID,Fulham,0.2794287559829143
31,635,Allan Tchaptchet,DEF,Southampton,0.27687734008397924
31,330,Christian Atsu,MID,Newcastle,0.2794287559829143
31,323,Federico Fernández,DEF,Newcastle,0.27687734008397924
31,120,Mason Mount,MID,Chelsea,0.2794287559829143
31,138,Luka Milivojevic,MID,Crystal Palace,0.2794287559829143
31,571,Joachim Andersen,DEF,Fulham,0.27687734008397924
31,301,Jesse Lingard,MID,West Ham,0.2794287559829143
31,290,Juan Mata,MID,Man Utd,0.2794287559829143
31,351,George Baldock,DEF,Sheffield Utd,0.27687734008397924
31,355,John Lundstram,MID,Sheffield Utd,0.2794287559829143
31,100,Dwight McNeil,MID,Burnley,0.2794287559829143
31,409,Jake Livermore,MID,West Brom,0.2794287559829143
31,274,Benjamin Mendy,DEF,Man City,0.27687734008397924
31,72,José Izquierdo,MID,Brighton,0.2794287559829143
31,153,Cenk Tosun,FWD,Everton,0.2437957941279555
31,286,Rodrigo Hernandez,MID,Man City,0.2794287559829143
31,184,Aleksandar Mitrović,FWD,Fulham,0.2437957941279555
31,154,Bernard Anício Caldeira Duarte,MID,Everton,0.2794287559829143
31,250,Virgil van Dijk,DEF,Liverpool,0.27687734008397924
31,182,Joe Bryan,DEF,Fulham,0.27687734008397924
31,303,Anthony Martial,FWD,Man Utd,0.2437957941279555
31,456,Ryan Bennett,DEF,Wolves,0.27687734008397924
31,179,Cyrus Christie,DEF,Fulham,0.27687734008397924
31,634,Will Ferry,MID,Southampton,0.2794287559829143
31,54,Adam Lallana,MID,Brighton,0.2794287559829143
31,90,Johann Berg Gudmundsson,MID,Burnley,0.2794287559829143
31,654,Okay Yokuslu,MID,West Brom,0.2794287559829143
31,547,Rúnar Alex Rúnarsson,GK,Arsenal,0.12330835051460956
31,87,Ashley Barnes,FWD,Burnley,0.2437957941279555
31,125,Gary Cahill,DEF,Crystal Palace,0.27687734008397924
31,171,Fabricio Agosto Ramírez,GK,Fulham,0.12330835051460956
31,551,Mace Goodridge,MID,Burnley,0.2794287559829143
31,264,Neco Williams,DEF,Liverpool,0.27687734008397924
31,333,Emil Krafth,DEF,Newcastle,0.27687734008397924
31,186,Marek Rodák,GK,Fulham,0.12330835051460956
31,95,Robbie Brady,MID,Burnley,0.2794287559829143
31,663,Michal Karbownik,DEF,Brighton,0.27687734008397924
31,461,Romain Saïss,DEF,Wolves,0.27687734008397924
31,17,Kieran Tierney,DEF,Arsenal,0.27687734008397924
31,329,Dwight Gayle,FWD,Newcastle,0.2437957941279555
31,214,Leif Davis,DEF,Leeds,0.27687734008397924
31,521,Cameron Carter-Vickers,DEF,Spurs,0.27687734008397924
31,197,Luke Ayling,DEF,Leeds,0.27687734008397924
31,543,Gareth Bale,MID,Spurs,0.2794287559829143
31,201,Ezgjan Alioski,DEF,Leeds,0.27687734008397924
31,267,Claudio Bravo,GK,Man City,0.12330835051460956
31,188,Josh Onomah,MID,Fulham,0.2794287559829143
31,300,Luke Shaw,DEF,Man Utd,0.27687734008397924
31,273,John Stones,DEF,Man City,0.27687734008397924
31,410,Kamil Grosicki,MID,West Brom,0.2794287559829143
31,50,Keinan Davis,FWD,Aston Villa,0.2437957941279555
31,500,Kai Havertz,MID,Chelsea,0.2794287559829143
31,349,Oliver Norwood,MID,Sheffield Utd,0.2794287559829143
31,569,Edinson Cavani,FWD,Man Utd,0.2437957941279555
31,624,Kgaogelo Chauke,MID,Southampton,0.2794287559829143
31,135,Martin Kelly,DEF,Crystal Palace,0.27687734008397924
31,519,Jimmy Dunne,DEF,Burnley,0.27687734008397924
31,81,James Tarkowski,DEF,Burnley,0.27687734008397924
31,194,Francisco Casilla Cortés,GK,Leeds,0.12330835051460956
31,109,Antonio Rüdiger,DEF,Chelsea,0.27687734008397924
31,386,Toby Alderweireld,DEF,Spurs,0.27687734008397924
31,348,Simon Moore,GK,Sheffield Utd,0.12330835051460956
31,439,Manuel Lanzini,MID,West Ham,0.2794287559829143
31,590,Daniel N'Lundulu,FWD,Southampton,0.2437957941279555
31,73,Matthew Clarke,DEF,Brighton,0.27687734008397924
31,554,Jacob Ramsey,MID,Aston Villa,0.2794287559829143
31,136,Connor Wickham,FWD,Crystal Palace,0.2437957941279555
31,332,Javier Manquillo,DEF,Newcastle,0.27687734008397924
31,596,Ellis Simms,FWD,Everton,0.2437957941279555
31,576,Craig Dawson,DEF,West Ham,0.27687734008397924
31,412,Kyle Bartley,DEF,West Brom,0.27687734008397924
31,523,Fraser Forster,GK,Southampton,0.12330835051460956
31,659,Claudio Gomes,MID,Man City,0.2794287559829143
31,320,Andy Carroll,FWD,Newcastle,0.2437957941279555
31,522,Sam Woods,DEF,Crystal Palace,0.27687734008397924
31,225,Dennis Praet,MID,Leicester,0.2794287559829143
31,476,Leonardo Campana,FWD,Wolves,0.2437957941279555
31,468,Diogo Jota,MID,Liverpool,0.2794287559829143
31,499,Cedric Kipre,DEF,West Brom,0.27687734008397924
31,212,Jordan Stevens,MID,Leeds,0.2794287559829143
31,347,Enda Stevens,DEF,Sheffield Utd,0.27687734008397924
31,86,Jay Rodriguez,FWD,Burnley,0.2437957941279555
31,626,Patrick Cutrone,FWD,Wolves,0.2437957941279555
31,143,Max Meyer,MID,Crystal Palace,0.2794287559829143
31,426,Rekeem Harper,MID,West Brom,0.2794287559829143
31,371,Angus Gunn,GK,Southampton,0.12330835051460956
31,258,Takumi Minamino,MID,Southampton,0.2794287559829143
31,581,Owen Otasowie,MID,Wolves,0.2794287559829143
31,599,Jack Jenkins,MID,Leeds,0.2794287559829143
31,198,Mateusz Klich,MID,Leeds,0.2794287559829143
31,280,Aymeric Laporte,DEF,Man City,0.27687734008397924
31,59,Davy Pröpper,MID,Brighton,0.2794287559829143
31,544,Conor Gallagher,MID,West Brom,0.2794287559829143
31,312,Timothy Fosu-Mensah,DEF,Man Utd,0.27687734008397924
31,370,James Ward-Prowse,MID,Southampton,0.2794287559829143
31,565,Ibrahima Diallo,MID,Southampton,0.2794287559829143
31,631,Teddy Jenks,MID,Brighton,0.2794287559829143
31,71,Alireza Jahanbakhsh,MID,Brighton,0.2794287559829143
31,562,Ola Aina,DEF,Fulham,0.27687734008397924
31,200,Stuart Dallas,DEF,Leeds,0.27687734008397924
31,331,Paul Dummett,DEF,Newcastle,0.27687734008397924
31,18,Nicolas Pépé,MID,Arsenal,0.2794287559829143
31,443,Fabián Balbuena,DEF,West Ham,0.27687734008397924
31,57,Pascal Groß,MID,Brighton,0.2794287559829143
31,397,Harry Winks,MID,Spurs,0.2794287559829143
31,632,Max Sanders,MID,Brighton,0.2794287559829143
31,586,Jack Butland,GK,Crystal Palace,0.12330835051460956
31,276,Raheem Sterling,MID,Man City,0.2794287559829143
31,275,Riyad Mahrez,MID,Man City,0.2794287559829143
31,520,Bobby Thomas,DEF,Burnley,0.27687734008397924
31,424,Oliver Burke,MID,Sheffield Utd,0.2794287559829143
31,414,Ahmed El-Sayed Hegazy,DEF,West Brom,0.27687734008397924
31,97,Charlie Taylor,DEF,Burnley,0.27687734008397924
31,42,Matt Targett,DEF,Aston Villa,0.27687734008397924
31,583,Will Norris,GK,Burnley,0.12330835051460956
31,98,Josh Brownhill,MID,Burnley,0.2794287559829143
31,19,Lucas Torreira,MID,Arsenal,0.2794287559829143
31,335,DeAndre Yedlin,DEF,Newcastle,0.27687734008397924
31,540,Bertrand Traoré,MID,Aston Villa,0.2794287559829143
31,24,Bukayo Saka,MID,Arsenal,0.2794287559829143
31,343,Billy Sharp,FWD,Sheffield Utd,0.2437957941279555
31,96,Nick Pope,GK,Burnley,0.12330835051460956
31,434,Jack Wilshere,MID,West Ham,0.2794287559829143
31,464,Leander Dendoncker,MID,Wolves,0.2794287559829143
31,75,Bernardo Fernandes da Silva Junior,DEF,Brighton,0.27687734008397924
31,485,Jeff Hendrick,MID,Newcastle,0.2794287559829143
31,327,Florian Lejeune,DEF,Newcastle,0.27687734008397924
31,49,Mbwana Samatta,FWD,Aston Villa,0.2437957941279555
31,239,James Justin,DEF,Leicester,0.27687734008397924
31,309,Scott McTominay,MID,Man Utd,0.2794287559829143
31,211,Pascal Struijk,DEF,Leeds,0.27687734008397924
31,492,Rodrigo Moreno,FWD,Leeds,0.2437957941279555
31,256,Divock Origi,FWD,Liverpool,0.2437957941279555
31,675,Reece Hannam,DEF,Crystal Palace,0.27687734008397924
31,373,Harrison Reed,MID,Fulham,0.2794287559829143
31,51,Indiana Vassilev,FWD,Aston Villa,0.2437957941279555
31,473,Morgan Gibbs-White,MID,Wolves,0.2794287559829143
31,62,Lewis Dunk,DEF,Brighton,0.27687734008397924
31,611,Taylor Perry,MID,Wolves,0.2794287559829143
31,369,Jannik Vestergaard,DEF,Southampton,0.27687734008397924
31,493,Mario Lemina,MID,Fulham,0.2794287559829143
31,527,Matt Macey,GK,Arsenal,0.12330835051460956
31,52,Douglas Luiz Soares de Paulo,MID,Aston Villa,0.2794287559829143
31,106,Ross Barkley,MID,Aston Villa,0.2794287559829143
31,84,Jack Cork,MID,Burnley,0.2794287559829143
31,502,Allan Marques Loureiro,MID,Everton,0.2794287559829143
31,489,Eberechi Eze,MID,Crystal Palace,0.2794287559829143
31,76,Yves Bissouma,MID,Brighton,0.2794287559829143
31,403,Giovani Lo Celso,MID,Spurs,0.2794287559829143
31,9,Granit Xhaka,MID,Arsenal,0.2794287559829143
31,480,Sean Longstaff,MID,Newcastle,0.2794287559829143
31,415,Charlie Austin,FWD,West Brom,0.2437957941279555
31,296,Paul Pogba,MID,Man Utd,0.2794287559829143
31,658,Richard Nartey,DEF,Burnley,0.27687734008397924
31,265,Harvey Elliott,MID,Liverpool,0.2794287559829143
31,419,Oluwasemilogo Adesewo Ibidapo Ajayi,DEF,West Brom,0.27687734008397924
31,107,Mateo Kovacic,MID,Chelsea,0.2794287559829143
31,161,Jean-Philippe Gbamin,MID,Everton,0.2794287559829143
31,648,Mbaye Diagne,FWD,West Brom,0.2437957941279555
31,259,Trent Alexander-Arnold,DEF,Liverpool,0.27687734008397924
31,283,Oleksandr Zinchenko,DEF,Man City,0.27687734008397924
31,255,Andrew Robertson,DEF,Liverpool,0.27687734008397924
31,537,Adrián Bernabé,MID,Man City,0.2794287559829143
31,677,Liam Hughes,GK,Liverpool,0.12330835051460956
31,102,César Azpilicueta,DEF,Chelsea,0.27687734008397924
31,144,Jairo Riedewald,MID,Crystal Palace,0.2794287559829143
31,566,Ben Godfrey,DEF,Everton,0.27687734008397924
31,427,Mark Noble,MID,West Ham,0.2794287559829143
31,462,Jonathan Castro Otto,DEF,Wolves,0.27687734008397924
31,218,Christian Fuchs,DEF,Leicester,0.27687734008397924
31,444,Jordan Hugill,FWD,West Ham,0.2437957941279555
31,169,Moise Kean,FWD,Everton,0.2437957941279555
31,545,Ki-Jana Hoever,DEF,Wolves,0.27687734008397924
31,240,Luke Thomas,DEF,Leicester,0.27687734008397924
31,210,Jamie Shackleton,MID,Leeds,0.2794287559829143
31,378,Yan Valery,DEF,Southampton,0.27687734008397924
31,563,Rayan Ait Nouri,DEF,Wolves,0.27687734008397924
31,311,Daniel James,MID,Man Utd,0.2794287559829143
31,48,Wesley Moraes,FWD,Aston Villa,0.2437957941279555
31,26,Gabriel Teodoro Martinelli Silva,MID,Arsenal,0.2794287559829143
31,216,Wes Morgan,DEF,Leicester,0.27687734008397924
31,639,Andy Lonergan,GK,West Brom,0.12330835051460956
31,260,Joseph Gomez,DEF,Liverpool,0.27687734008397924
31,362,Ryan Bertrand,DEF,Southampton,0.27687734008397924
31,655,Ryan Finnigan,MID,Southampton,0.2794287559829143
31,679,Kyle John,DEF,Everton,0.27687734008397924
31,514,Ollie Watkins,FWD,Aston Villa,0.2437957941279555
31,45,Anwar El Ghazi,MID,Aston Villa,0.2794287559829143
31,271,Ilkay Gündogan,MID,Man City,0.2794287559829143
31,10,Pablo Marí,DEF,Arsenal,0.27687734008397924
31,391,Eric Dier,DEF,Spurs,0.27687734008397924
31,647,Morgan Sanson,MID,Aston Villa,0.2794287559829143
31,422,Darnell Furlong,DEF,West Brom,0.27687734008397924
31,689,Miguel Azeez,MID,Arsenal,0.2794287559829143
31,89,Ashley Westwood,MID,Burnley,0.2794287559829143
31,164,Dominic Calvert-Lewin,FWD,Everton,0.2437957941279555
31,230,Demarai Gray,MID,Leicester,0.2794287559829143
31,653,Ben Davies,DEF,Liverpool,0.27687734008397924
31,43,James Bree,DEF,Aston Villa,0.27687734008397924
31,108,Michy Batshuayi,FWD,Crystal Palace,0.2437957941279555
31,266,Fernando Luiz Rosa,DEF,Man City,0.27687734008397924
31,56,David Button,GK,West Brom,0.12330835051460956
31,126,Wayne Hennessey,GK,Crystal Palace,0.12330835051460956
31,600,Lee Peltier,DEF,West Brom,0.27687734008397924
31,359,Lys Mousset,FWD,Sheffield Utd,0.2437957941279555
31,160,Jonjoe Kenny,DEF,Everton,0.27687734008397924
31,495,Donny van de Beek,MID,Man Utd,0.2794287559829143
31,39,Kortney Hause,DEF,Aston Villa,0.27687734008397924
31,247,Xherdan Shaqiri,MID,Liverpool,0.2794287559829143
31,550,Jayson Molumby,MID,Brighton,0.2794287559829143
31,119,Christian Pulisic,MID,Chelsea,0.2794287559829143
31,651,Joshua King,FWD,Everton,0.2437957941279555
31,38,John McGinn,MID,Aston Villa,0.2794287559829143
31,542,Sergio Reguilón,DEF,Spurs,0.27687734008397924
31,234,Hamza Choudhury,MID,Leicester,0.2794287559829143
31,475,Bruno André Cavaco Jordao,MID,Wolves,0.2794287559829143
31,509,Ethan Ampadu,DEF,Sheffield Utd,0.27687734008397924
31,399,Ryan Sessegnon,DEF,Spurs,0.27687734008397924
31,8,Bernd Leno,GK,Arsenal,0.12330835051460956
31,339,Miguel Almirón,MID,Newcastle,0.2794287559829143
31,167,João Virgínia,GK,Everton,0.12330835051460956
31,457,Matt Doherty,DEF,Spurs,0.27687734008397924
31,407,Kieran Gibbs,DEF,West Brom,0.27687734008397924
31,593,Karlo Ziger,GK,Chelsea,0.12330835051460956
31,513,Jamal Lewis,DEF,Newcastle,0.27687734008397924
31,289,Sergio Romero,GK,Man Utd,0.12330835051460956
31,501,Daniel Ceballos Fernández,MID,Arsenal,0.2794287559829143
31,567,Thomas Partey,MID,Arsenal,0.2794287559829143
31,375,Kyle Walker-Peters,DEF,Southampton,0.27687734008397924
31,70,Mathew Ryan,GK,Arsenal,0.12330835051460956
31,67,Joël Veltman,DEF,Brighton,0.27687734008397924
31,430,Darren Randolph,GK,West Ham,0.12330835051460956
31,278,Ederson Santana de Moraes,GK,Man City,0.12330835051460956
31,129,James Tomkins,DEF,Crystal Palace,0.27687734008397924
31,584,Joe Rodon,DEF,Spurs,0.27687734008397924
31,44,Marvelous Nakamba,MID,Aston Villa,0.2794287559829143
31,436,Andriy Yarmolenko,MID,West Ham,0.2794287559829143
31,170,Jarrad Branthwaite,DEF,Everton,0.27687734008397924
31,385,Moussa Sissoko,MID,Spurs,0.2794287559829143
31,451,Issa Diop,DEF,West Ham,0.27687734008397924
31,80,Alexis Mac Allister,MID,Brighton,0.2794287559829143
31,344,David McGoldrick,FWD,Sheffield Utd,0.2437957941279555
31,401,Gedson Carvalho Fernandes,MID,Spurs,0.2794287559829143
31,284,Phil Foden,MID,Man City,0.2794287559829143
31,13,Calum Chambers,DEF,Arsenal,0.27687734008397924
31,556,Rúben Santos Gato Alves Dias,DEF,Man City,0.27687734008397924
31,159,Alex Iwobi,MID,Everton,0.2794287559829143
31,231,James Maddison,MID,Leicester,0.2794287559829143
31,221,Marc Albrighton,MID,Leicester,0.2794287559829143
31,525,Denis Odoi,DEF,Fulham,0.27687734008397924
31,63,Martín Montoya,DEF,Brighton,0.27687734008397924
31,568,Alex Nicolao Telles,DEF,Man Utd,0.27687734008397924
31,598,Kayne Ramsay,DEF,Southampton,0.27687734008397924
31,638,Ademipo Odubeko,FWD,West Ham,0.2437957941279555
31,431,Lukasz Fabianski,GK,West Ham,0.12330835051460956
31,406,Juan Foyth,DEF,Spurs,0.27687734008397924
31,350,Wes Foderingham,GK,Sheffield Utd,0.12330835051460956
31,223,Danny Ward,GK,Leicester,0.12330835051460956
31,367,Jack Stephens,DEF,Southampton,0.27687734008397924
31,372,Sofiane Boufal,MID,Southampton,0.2794287559829143
31,623,Taylor Harwood-Bellis,DEF,Man City,0.27687734008397924
31,618,Antwoine Hackford,FWD,Sheffield Utd,0.2437957941279555
31,664,Moisés Caicedo,MID,Brighton,0.2794287559829143
31,166,Richarlison de Andrade,FWD,Everton,0.2437957941279555
31,484,Antonee Robinson,DEF,Fulham,0.27687734008397924
31,546,Nélson Cabral Semedo,DEF,Wolves,0.27687734008397924
31,541,Cengiz Ünder,MID,Leicester,0.2794287559829143
31,459,Conor Coady,DEF,Wolves,0.27687734008397924
31,411,Matt Phillips,MID,West Brom,0.2794287559829143
31,487,Matthew Longstaff,MID,Newcastle,0.2794287559829143
31,357,Oliver McBurnie,FWD,Sheffield Utd,0.2437957941279555
31,113,N'Golo Kanté,MID,Chelsea,0.2794287559829143
31,360,Sander Berge,MID,Sheffield Utd,0.2794287559829143
31,393,Paulo Gazzaniga,GK,Spurs,0.12330835051460956
31,683,Jaden Philogene-Bidace,MID,Aston Villa,0.2794287559829143
31,366,Danny Ings,FWD,Southampton,0.2437957941279555
31,16,Rob Holding,DEF,Arsenal,0.27687734008397924
31,310,Eric Bailly,DEF,Man Utd,0.27687734008397924
31,244,Jordan Henderson,MID,Liverpool,0.2794287559829143
31,610,Theo Corbeanu,MID,Wolves,0.2794287559829143
31,302,Bruno Miguel Borges Fernandes,MID,Man Utd,0.2794287559829143
31,441,Sébastien Haller,FWD,West Ham,0.2437957941279555
31,604,Lee Grant,GK,Man Utd,0.12330835051460956
31,183,Marcus Bettinelli,GK,Fulham,0.12330835051460956
31,612,Anthony Mancini,MID,Burnley,0.2794287559829143
31,672,Carney Chukwuemeka,MID,Aston Villa,0.2794287559829143
31,377,Che Adams,FWD,Southampton,0.2437957941279555
31,308,Victor Lindelöf,DEF,Man Utd,0.27687734008397924
31,297,Phil Jones,DEF,Man Utd,0.27687734008397924
31,146,Tyrick Mitchell,DEF,Crystal Palace,0.27687734008397924
31,203,Jack Harrison,MID,Leeds,0.2794287559829143
31,358,Callum Robinson,FWD,West Brom,0.2437957941279555
31,77,Tariq Lamptey,DEF,Brighton,0.27687734008397924
31,477,Luke Freeman,MID,Sheffield Utd,0.2794287559829143
31,423,Sam Field,MID,West Brom,0.2794287559829143
31,472,Matija Sarkic,GK,Wolves,0.12330835051460956
31,671,Kaine Hayden,MID,Aston Villa,0.2794287559829143
31,529,Phil Jagielka,DEF,Sheffield Utd,0.27687734008397924
31,429,David Martin,GK,West Ham,0.12330835051460956
31,29,Ahmed El Mohamady,DEF,Aston Villa,0.27687734008397924
31,40,Mahmoud Ahmed Ibrahim Hassan,MID,Aston Villa,0.2794287559829143
31,190,Aboubakar Kamara,MID,Fulham,0.2794287559829143
31,131,James McCarthy,MID,Crystal Palace,0.2794287559829143
31,21,Reiss Nelson,MID,Arsenal,0.2794287559829143
31,404,Oliver Skipp,MID,Spurs,0.2794287559829143
31,31,Neil Taylor,DEF,Aston Villa,0.27687734008397924
31,606,Daniel Langley,GK,Newcastle,0.12330835051460956
31,281,Bernardo Mota Veiga de Carvalho e Silva,MID,Man City,0.2794287559829143
31,507,Ryan Fraser,MID,Newcastle,0.2794287559829143
31,524,Nathan Tella,MID,Southampton,0.2794287559829143
31,470,Max Kilman,DEF,Wolves,0.27687734008397924
31,207,Jay-Roy Grot,MID,Leeds,0.2794287559829143
31,483,Aaron Ramsdale,GK,Sheffield Utd,0.12330835051460956
31,220,Adrien Silva,MID,Leicester,0.2794287559829143
31,676,Sidnei Tavares,MID,Leicester,0.2794287559829143
31,204,Kalvin Phillips,MID,Leeds,0.2794287559829143
31,570,Raphael Dias Belloli,MID,Leeds,0.2794287559829143
32,591,Max Thompson,FWD,Burnley,0.2437957941279555
32,458,Willy Boly,DEF,Wolves,0.2768773400839792
32,324,Ciaran Clark,DEF,Newcastle,0.2768773400839792
32,614,Luke Cundle,MID,Wolves,0.2794287559829144
32,322,Matt Ritchie,MID,Newcastle,0.2794287559829144
32,245,Adrián San Miguel del Castillo,GK,Liverpool,0.12330835051460959
32,594,Rhys Williams,DEF,Liverpool,0.2768773400839792
32,191,André-Frank Zambo Anguissa,MID,Fulham,0.2794287559829144
32,189,Jean Michaël Seri,MID,Fulham,0.2794287559829144
32,425,Dara O'Shea,DEF,West Brom,0.2768773400839792
32,315,Mason Greenwood,MID,Man Utd,0.2794287559829144
32,314,José Diogo Dalot Teixeira,DEF,Man Utd,0.2768773400839792
32,466,Rúben Diogo da Silva Neves,MID,Wolves,0.2794287559829144
32,224,Jamie Vardy,FWD,Leicester,0.2437957941279555
32,215,Oliver Casey,DEF,Leeds,0.2768773400839792
32,123,Reece James,DEF,Chelsea,0.2768773400839792
32,680,Nathan Broadhead,MID,Everton,0.2794287559829144
32,292,Chris Smalling,DEF,Man Utd,0.2768773400839792
32,99,Bailey Peacock-Farrell,GK,Burnley,0.12330835051460959
32,279,Nathan Aké,DEF,Man City,0.2768773400839792
32,530,Branislav Ivanovic,DEF,West Brom,0.2768773400839792
32,417,Sam Johnstone,GK,West Brom,0.12330835051460959
32,14,Sead Kolasinac,DEF,Arsenal,0.2768773400839792
32,503,Christian Walton,GK,Brighton,0.12330835051460959
32,620,Charlie Cresswell,DEF,Leeds,0.2768773400839792
32,3,David Luiz Moreira Marinho,DEF,Arsenal,0.2768773400839792
32,37,Jack Grealish,MID,Aston Villa,0.2794287559829144
32,270,Kyle Walker,DEF,Man City,0.2768773400839792
32,440,Felipe Anderson Pereira Gomes,MID,West Ham,0.2794287559829144
32,405,Tanguy Ndombele,MID,Spurs,0.2794287559829144
32,405,Tanguy Ndombele,MID,Spurs,0.2794287559829144
32,1,Mesut Özil,MID,Arsenal,0.2794287559829144
32,662,Thomas McGill,GK,Brighton,0.12330835051460959
32,150,Gylfi Sigurdsson,MID,Everton,0.2794287559829144
32,118,Tammy Abraham,FWD,Chelsea,0.2437957941279555
32,53,Glenn Murray,FWD,Brighton,0.2437957941279555
32,389,Serge Aurier,DEF,Spurs,0.2768773400839792
32,389,Serge Aurier,DEF,Spurs,0.2768773400839792
32,162,Yerry Mina,DEF,Everton,0.2768773400839792
32,111,Emerson Palmieri dos Santos,DEF,Chelsea,0.2768773400839792
32,341,Yoshinori Muto,FWD,Newcastle,0.2437957941279555
32,346,John Fleck,MID,Sheffield Utd,0.2794287559829144
32,117,Timo Werner,FWD,Chelsea,0.2437957941279555
32,307,Axel Tuanzebe,DEF,Man Utd,0.2768773400839792
32,103,Olivier Giroud,FWD,Chelsea,0.2437957941279555
32,105,Jorge Luiz Frello Filho,MID,Chelsea,0.2794287559829144
32,532,Elia Caprile,GK,Leeds,0.12330835051460959
32,336,Isaac Hayden,MID,Newcastle,0.2794287559829144
32,613,Joel Mumbongo,FWD,Burnley,0.2437957941279555
32,88,Ben Mee,DEF,Burnley,0.2768773400839792
32,582,Karlan Grant,FWD,West Brom,0.2437957941279555
32,684,Shane Flynn,MID,Leicester,0.2794287559829144
32,642,Willian José Da Silva,FWD,Wolves,0.2437957941279555
32,572,Tosin Adarabioyo,DEF,Fulham,0.2768773400839792
32,291,David de Gea,GK,Man Utd,0.12330835051460959
32,325,Karl Darlow,GK,Newcastle,0.12330835051460959
32,175,Tom Cairney,MID,Fulham,0.2794287559829144
32,421,Kyle Edwards,MID,West Brom,0.2794287559829144
32,306,Marcus Rashford,MID,Man Utd,0.2794287559829144
32,304,Andreas Pereira,MID,Man Utd,0.2794287559829144
32,478,Willian Borges Da Silva,MID,Arsenal,0.2794287559829144
32,163,Tom Davies,MID,Everton,0.2794287559829144
32,390,Heung-Min Son,MID,Spurs,0.2794287559829144
32,390,Heung-Min Son,MID,Spurs,0.2794287559829144
32,299,Frederico Rodrigues de Paula Santos,MID,Man Utd,0.2794287559829144
32,402,Japhet Tanganga,DEF,Spurs,0.2768773400839792
32,402,Japhet Tanganga,DEF,Spurs,0.2768773400839792
32,28,Tom Heaton,GK,Aston Villa,0.12330835051460959
32,617,Andreas Söndergaard,GK,Wolves,0.12330835051460959
32,364,Oriol Romeu Vidal,MID,Southampton,0.2794287559829144
32,12,Emiliano Martínez,GK,Aston Villa,0.12330835051460959
32,482,Joe Hart,GK,Spurs,0.12330835051460959
32,482,Joe Hart,GK,Spurs,0.12330835051460959
32,124,Billy Gilmour,MID,Chelsea,0.2794287559829144
32,438,Ryan Fredericks,DEF,West Ham,0.2768773400839792
32,181,Bobby Decordova-Reid,FWD,Fulham,0.2437957941279555
32,243,Georginio Wijnaldum,MID,Liverpool,0.2794287559829144
32,294,Marcos Rojo,DEF,Man Utd,0.2768773400839792
32,558,Vladimir Coufal,DEF,West Ham,0.2768773400839792
32,376,Jan Bednarek,DEF,Southampton,0.2768773400839792
32,573,Robin Olsen,GK,Everton,0.12330835051460959
32,93,Matej Vydra,FWD,Burnley,0.2437957941279555
32,538,Zack Steffen,GK,Man City,0.12330835051460959
32,418,Conor Townsend,DEF,West Brom,0.2768773400839792
32,187,Ivan Ricardo Neves Abreu Cavaleiro,MID,Fulham,0.2794287559829144
32,432,Angelo Ogbonna,DEF,West Ham,0.2768773400839792
32,208,Kamil Miazek,GK,Leeds,0.12330835051460959
32,670,Frankie Maguire,MID,Sheffield Utd,0.2794287559829144
32,515,Vitor Ferreira,MID,Wolves,0.2794287559829144
32,512,Abdoulaye Doucouré,MID,Everton,0.2794287559829144
32,232,Benjamin Chilwell,DEF,Chelsea,0.2768773400839792
32,446,Grady Diangana,MID,West Brom,0.2794287559829144
32,353,John Egan,DEF,Sheffield Utd,0.2768773400839792
32,229,Ayoze Pérez,MID,Leicester,0.2794287559829144
32,293,Odion Ighalo,FWD,Man Utd,0.2437957941279555
32,356,Ben Osborn,MID,Sheffield Utd,0.2794287559829144
32,448,Declan Rice,MID,West Ham,0.2794287559829144
32,479,Mohammed Salisu,DEF,Southampton,0.2768773400839792
32,622,Luke Mbete,DEF,Man City,0.2768773400839792
32,217,Kasper Schmeichel,GK,Leicester,0.12330835051460959
32,588,Danny Welbeck,FWD,Brighton,0.2437957941279555
32,637,Frederik Alves,DEF,West Ham,0.2768773400839792
32,213,Illan Meslier,GK,Leeds,0.12330835051460959
32,287,Ferran Torres,MID,Man City,0.2794287559829144
32,494,Gabriel Magalhães,DEF,Arsenal,0.2768773400839792
32,222,Matty James,MID,Leicester,0.2794287559829144
32,262,Rhian Brewster,FWD,Sheffield Utd,0.2437957941279555
32,321,Jonjo Shelvey,MID,Newcastle,0.2794287559829144
32,686,Nathan Bishop,GK,Man Utd,0.12330835051460959
32,252,Alisson Ramses Becker,GK,Liverpool,0.12330835051460959
32,11,Héctor Bellerín,DEF,Arsenal,0.2768773400839792
32,465,Adama Traoré,MID,Wolves,0.2794287559829144
32,621,Cheikh Diaby,FWD,West Brom,0.2437957941279555
32,601,Leighton Clarkson,MID,Liverpool,0.2794287559829144
32,205,Hélder Wander Sousa de Azevedo e Costa,MID,Leeds,0.2794287559829144
32,202,Patrick Bamford,FWD,Leeds,0.2437957941279555
32,254,Mohamed Salah,MID,Liverpool,0.2794287559829144
32,352,Jack Robinson,DEF,Sheffield Utd,0.2768773400839792
32,442,Arthur Masuaku,DEF,West Ham,0.2768773400839792
32,5,Cédric Soares,DEF,Arsenal,0.2768773400839792
32,23,Emile Smith Rowe,MID,Arsenal,0.2794287559829144
32,345,Chris Basham,DEF,Sheffield Utd,0.2768773400839792
32,533,Mateusz Bogusz,MID,Leeds,0.2794287559829144
32,338,Allan Saint-Maximin,MID,Newcastle,0.2794287559829144
32,328,Jamaal Lascelles,DEF,Newcastle,0.2768773400839792
32,460,Raúl Jiménez,FWD,Wolves,0.2437957941279555
32,298,Harry Maguire,DEF,Man Utd,0.2768773400839792
32,319,Teden Mengi,DEF,Man Utd,0.2768773400839792
32,174,Stefan Johansen,MID,Fulham,0.2794287559829144
32,361,Shane Long,FWD,Southampton,0.2437957941279555
32,233,Kelechi Iheanacho,FWD,Leicester,0.2437957941279555
32,433,Roberto Jimenez Gago,GK,West Ham,0.12330835051460959
32,185,Alfie Mawson,DEF,Fulham,0.2768773400839792
32,66,Adam Webster,DEF,Brighton,0.2768773400839792
32,313,Aaron Wan-Bissaka,DEF,Man Utd,0.2768773400839792
32,55,Dale Stephens,MID,Burnley,0.2794287559829144
32,193,Pablo Hernández Domínguez,MID,Leeds,0.2794287559829144
32,30,Henri Lansbury,MID,Aston Villa,0.2794287559829144
32,152,Seamus Coleman,DEF,Everton,0.2768773400839792
32,394,Bamidele Alli,MID,Spurs,0.2794287559829144
32,394,Bamidele Alli,MID,Spurs,0.2794287559829144
32,504,Fabio Silva,FWD,Wolves,0.2437957941279555
32,400,Steven Bergwijn,MID,Spurs,0.2794287559829144
32,400,Steven Bergwijn,MID,Spurs,0.2794287559829144
32,269,Nicolás Otamendi,DEF,Man City,0.2768773400839792
32,587,Saïd Benrahma,MID,West Ham,0.2794287559829144
32,531,Thiago Alcántara do Nascimento,MID,Liverpool,0.2794287559829144
32,589,Nathaniel Phillips,DEF,Liverpool,0.2768773400839792
32,110,Kurt Zouma,DEF,Chelsea,0.2768773400839792
32,435,Aaron Cresswell,DEF,West Ham,0.2768773400839792
32,219,Jonny Evans,DEF,Leicester,0.2768773400839792
32,318,Brandon Williams,DEF,Man Utd,0.2768773400839792
32,643,Alexandre Jankewitz,MID,Southampton,0.2794287559829144
32,450,Pablo Fornals,MID,West Ham,0.2794287559829144
32,272,Kevin De Bruyne,MID,Man City,0.2794287559829144
32,22,Edward Nketiah,FWD,Arsenal,0.2437957941279555
32,657,Zak Brunt,MID,Sheffield Utd,0.2794287559829144
32,491,Robin Koch,DEF,Leeds,0.2768773400839792
32,69,Leandro Trossard,MID,Brighton,0.2794287559829144
32,560,Caoimhin Kelleher,GK,Liverpool,0.12330835051460959
32,61,Dan Burn,DEF,Brighton,0.2768773400839792
32,455,Rui Pedro dos Santos Patrício,GK,Wolves,0.12330835051460959
32,6,Alexandre Lacazette,FWD,Arsenal,0.2437957941279555
32,552,Cole Palmer,MID,Man City,0.2794287559829144
32,382,Moussa Djenepo,MID,Southampton,0.2794287559829144
32,383,Hugo Lloris,GK,Spurs,0.12330835051460959
32,383,Hugo Lloris,GK,Spurs,0.12330835051460959
32,83,Erik Pieters,DEF,Burnley,0.2768773400839792
32,384,Danny Rose,DEF,Spurs,0.2768773400839792
32,384,Danny Rose,DEF,Spurs,0.2768773400839792
32,196,Barry Douglas,DEF,Leeds,0.2768773400839792
32,317,James Garner,MID,Man Utd,0.2794287559829144
32,340,Joelinton Cássio Apolinário de Lira,FWD,Newcastle,0.2437957941279555
32,579,Islam Slimani,FWD,Leicester,0.2437957941279555
32,41,Tyrone Mings,DEF,Aston Villa,0.2768773400839792
32,595,James Trafford,GK,Man City,0.12330835051460959
32,673,Shola Shoretire,MID,Man Utd,0.2794287559829144
32,122,Callum Hudson-Odoi,MID,Chelsea,0.2794287559829144
32,580,Michael Verrips,GK,Sheffield Utd,0.12330835051460959
32,447,Albian Ajeti,FWD,West Ham,0.2437957941279555
32,453,John Ruddy,GK,Wolves,0.12330835051460959
32,116,Andreas Christensen,DEF,Chelsea,0.2768773400839792
32,78,Aaron Connolly,FWD,Brighton,0.2437957941279555
32,65,Solomon March,MID,Brighton,0.2794287559829144
32,92,Matthew Lowton,DEF,Burnley,0.2768773400839792
32,199,Adam Forshaw,MID,Leeds,0.2794287559829144
32,665,Josh Maja,FWD,Fulham,0.2437957941279555
32,241,James Milner,MID,Liverpool,0.2794287559829144
32,666,Dane Scarlett,FWD,Spurs,0.2437957941279555
32,666,Dane Scarlett,FWD,Spurs,0.2437957941279555
32,363,Alex McCarthy,GK,Southampton,0.12330835051460959
32,257,Harry Wilson,MID,Liverpool,0.2794287559829144
32,644,Tyler Onyango,MID,Everton,0.2794287559829144
32,607,Jake Cain,MID,Liverpool,0.2794287559829144
32,640,Amad Diallo,MID,Man Utd,0.2794287559829144
32,517,Kenny Tete,DEF,Fulham,0.2768773400839792
32,615,Lewis Richards,DEF,Wolves,0.2768773400839792
32,33,Conor Hourihane,MID,Aston Villa,0.2794287559829144
32,151,Jonas Lössl,GK,Everton,0.12330835051460959
32,35,Ørjan Nyland,GK,Aston Villa,0.12330835051460959
32,497,Jacob Murphy,MID,Newcastle,0.2794287559829144
32,603,Kean Bryan,DEF,Sheffield Utd,0.2768773400839792
32,249,Roberto Firmino,FWD,Liverpool,0.2437957941279555
32,650,Alfie Devine,MID,Spurs,0.2794287559829144
32,650,Alfie Devine,MID,Spurs,0.2794287559829144
32,608,Scott Carson,GK,Man City,0.12330835051460959
32,510,Jayden Bogle,DEF,Sheffield Utd,0.2768773400839792
32,398,Davinson Sánchez,DEF,Spurs,0.2768773400839792
32,398,Davinson Sánchez,DEF,Spurs,0.2768773400839792
32,227,Daniel Amartey,DEF,Leicester,0.2768773400839792
32,226,Ricardo Domingos Barbosa Pereira,DEF,Leicester,0.2768773400839792
32,564,Carlos Vinicius Alves Morais,FWD,Spurs,0.2437957941279555
32,564,Carlos Vinicius Alves Morais,FWD,Spurs,0.2437957941279555
32,388,Harry Kane,FWD,Spurs,0.2437957941279555
32,388,Harry Kane,FWD,Spurs,0.2437957941279555
32,20,Joseph Willock,MID,Newcastle,0.2794287559829144
32,630,Reda Khadra,MID,Brighton,0.2794287559829144
32,619,Niall Huggins,FWD,Leeds,0.2437957941279555
32,575,Facundo Pellistri,MID,Man Utd,0.2794287559829144
32,645,Martin Ødegaard,MID,Arsenal,0.2794287559829144
32,25,Matteo Guendouzi,MID,Arsenal,0.2794287559829144
32,416,Kenneth Zohore,FWD,West Brom,0.2437957941279555
32,326,Martin Dubravka,GK,Newcastle,0.12330835051460959
32,511,Max Lowe,DEF,Sheffield Utd,0.2768773400839792
32,449,Tomas Soucek,MID,West Ham,0.2794287559829144
32,471,Rúben Gonçalo Silva Nascimento Vinagre,DEF,Wolves,0.2768773400839792
32,282,Gabriel Fernando de Jesus,FWD,Man City,0.2437957941279555
32,516,Alphonse Areola,GK,Fulham,0.12330835051460959
32,112,Kepa Arrizabalaga,GK,Chelsea,0.12330835051460959
32,121,Fikayo Tomori,DEF,Chelsea,0.2768773400839792
32,15,Ainsley Maitland-Niles,DEF,West Brom,0.2768773400839792
32,652,Ozan Kabak,DEF,Liverpool,0.2768773400839792
32,395,Ben Davies,DEF,Spurs,0.2768773400839792
32,395,Ben Davies,DEF,Spurs,0.2768773400839792
32,101,Willy Caballero,GK,Chelsea,0.12330835051460959
32,396,Pierre-Emile Højbjerg,MID,Spurs,0.2794287559829144
32,396,Pierre-Emile Højbjerg,MID,Spurs,0.2794287559829144
32,238,Çaglar Söyüncü,DEF,Leicester,0.2768773400839792
32,625,Harry Lewis,GK,Southampton,0.12330835051460959
32,285,Tommy Doyle,MID,Man City,0.2794287559829144
32,452,Ben Johnson,DEF,West Ham,0.2768773400839792
32,172,Kevin McDonald,MID,Fulham,0.2794287559829144
32,379,William Smallbone,MID,Southampton,0.2794287559829144
32,605,Faustino Anjorin,MID,Chelsea,0.2794287559829144
32,392,Lucas Rodrigues Moura da Silva,MID,Spurs,0.2794287559829144
32,392,Lucas Rodrigues Moura da Silva,MID,Spurs,0.2794287559829144
32,682,Harry Tyrer,GK,Everton,0.12330835051460959
32,490,Thiago Thiago,DEF,Chelsea,0.2768773400839792
32,64,Florin Andone,FWD,Brighton,0.2437957941279555
32,454,João Filipe Iria Santos Moutinho,MID,Wolves,0.2794287559829144
32,518,Nampalys Mendy,MID,Leicester,0.2794287559829144
32,508,James Rodríguez,MID,Everton,0.2794287559829144
32,60,Aaron Mooy,MID,Brighton,0.2794287559829144
32,334,Fabian Schär,DEF,Newcastle,0.2768773400839792
32,629,Nigel Lonwijk,DEF,Wolves,0.2768773400839792
32,74,Ben White,DEF,Brighton,0.2768773400839792
32,165,Mason Holgate,DEF,Everton,0.2768773400839792
32,7,Shkodran Mustafi,DEF,Arsenal,0.2768773400839792
32,553,Meritan Shabani,MID,Wolves,0.2794287559829144
32,691,Isaac Price,MID,Everton,0.2794287559829144
32,157,Jordan Pickford,GK,Everton,0.12330835051460959
32,506,Callum Wilson,FWD,Newcastle,0.2437957941279555
32,548,Edouard Mendy,GK,Chelsea,0.12330835051460959
32,91,Chris Wood,FWD,Burnley,0.2437957941279555
32,173,Maxime Le Marchand,DEF,Fulham,0.2768773400839792
32,82,Phil Bardsley,DEF,Burnley,0.2768773400839792
32,380,Jake Vokins,DEF,Southampton,0.2768773400839792
32,536,Anthony Driscoll-Glennon,DEF,Burnley,0.2768773400839792
32,667,Joe Gelhardt,FWD,Leeds,0.2437957941279555
32,251,Sadio Mané,MID,Liverpool,0.2794287559829144
32,104,Marcos Alonso,DEF,Chelsea,0.2768773400839792
32,481,Matheus Pereira,MID,West Brom,0.2794287559829144
32,156,Michael Keane,DEF,Everton,0.2768773400839792
32,592,Lewis Richardson,FWD,Burnley,0.2437957941279555
32,687,Thanawat Suengchitthawon,MID,Leicester,0.2794287559829144
32,557,Ademola Lookman,MID,Fulham,0.2794287559829144
32,661,Thakgalo Leshabela,MID,Leicester,0.2794287559829144
32,646,Kyron Gordon,DEF,Sheffield Utd,0.2768773400839792
32,574,Andi Zeqiri,FWD,Brighton,0.2437957941279555
32,295,Nemanja Matic,MID,Man Utd,0.2794287559829144
32,381,Michael Obafemi,FWD,Southampton,0.2437957941279555
32,609,Felix Nmecha,MID,Man City,0.2794287559829144
32,690,Reece Welch,DEF,Everton,0.2768773400839792
32,387,Erik Lamela,MID,Spurs,0.2794287559829144
32,387,Erik Lamela,MID,Spurs,0.2794287559829144
32,85,Kevin Long,DEF,Burnley,0.2768773400839792
32,36,Bjorn Engels,DEF,Aston Villa,0.2768773400839792
32,678,Jakub Ojrzynski,GK,Liverpool,0.12330835051460959
32,115,Ruben Loftus-Cheek,MID,Fulham,0.2794287559829144
32,628,Jakub Moder,MID,Brighton,0.2794287559829144
32,158,André Filipe Tavares Gomes,MID,Everton,0.2794287559829144
32,34,José Ignacio Peleteiro Romallo,MID,Aston Villa,0.2794287559829144
32,616,Christian Marques,DEF,Wolves,0.2768773400839792
32,535,Josh Benson,MID,Burnley,0.2794287559829144
32,505,Fernando Marçal,DEF,Wolves,0.2768773400839792
32,268,Sergio Agüero,FWD,Man City,0.2437957941279555
32,94,Ben Gibson,DEF,Burnley,0.2768773400839792
32,192,Zeze Steven Sessegnon,DEF,Fulham,0.2768773400839792
32,46,Ezri Konsa Ngoyo,DEF,Aston Villa,0.2768773400839792
32,668,Conor Coventry,MID,West Ham,0.2794287559829144
32,555,Filip Krovinovic,MID,West Brom,0.2794287559829144
32,253,Fabio Henrique Tavares,MID,Liverpool,0.2794287559829144
32,627,Percy Tau,MID,Brighton,0.2794287559829144
32,155,Lucas Digne,DEF,Everton,0.2768773400839792
32,474,Pedro Lomba Neto,MID,Wolves,0.2794287559829144
32,656,Iliman Ndiaye,MID,Sheffield Utd,0.2794287559829144
32,496,Matthew Cash,DEF,Aston Villa,0.2768773400839792
32,528,Jason Steele,GK,Brighton,0.12330835051460959
32,228,Youri Tielemans,MID,Leicester,0.2794287559829144
32,559,Niels Nkounkou,DEF,Everton,0.2768773400839792
32,277,João Pedro Cavaco Cancelo,DEF,Man City,0.2768773400839792
32,681,Ryan Astley,DEF,Everton,0.2768773400839792
32,288,Eric Garcia,DEF,Man City,0.2768773400839792
32,408,Hal Robson-Kanu,FWD,West Brom,0.2437957941279555
32,413,Romaine Sawyers,MID,West Brom,0.2794287559829144
32,178,Michael Hector,DEF,Fulham,0.2768773400839792
32,209,Ian Carlo Poveda-Ocampo,MID,Leeds,0.2794287559829144
32,149,Fabian Delph,MID,Everton,0.2794287559829144
32,32,Jed Steer,GK,Aston Villa,0.12330835051460959
32,420,Jonathan Leko,MID,West Brom,0.2794287559829144
32,561,Wesley Fofana,DEF,Leicester,0.2768773400839792
32,585,Terence Kongolo,DEF,Fulham,0.2768773400839792
32,168,Anthony Gordon,MID,Everton,0.2794287559829144
32,114,Hakim Ziyech,MID,Chelsea,0.2794287559829144
32,498,Timothy Castagne,DEF,Leicester,0.2768773400839792
32,305,Dean Henderson,GK,Man Utd,0.12330835051460959
32,660,Vontae Daley-Campbell,DEF,Leicester,0.2768773400839792
32,337,Rolando Aarons,MID,Newcastle,0.2794287559829144
32,488,Mark Gillespie,GK,Newcastle,0.12330835051460959
32,206,Tyler Roberts,MID,Leeds,0.2794287559829144
32,148,Theo Walcott,MID,Southampton,0.2794287559829144
32,177,Anthony Knockaert,MID,Fulham,0.2794287559829144
32,195,Liam Cooper,DEF,Leeds,0.2768773400839792
32,68,Neal Maupay,FWD,Brighton,0.2437957941279555
32,242,Konstantinos Tsimikas,DEF,Liverpool,0.2768773400839792
32,354,Jack O'Connell,DEF,Sheffield Utd,0.2768773400839792
32,633,Jensen Weir,MID,Brighton,0.2794287559829144
32,365,Nathan Redmond,MID,Southampton,0.2794287559829144
32,176,Tim Ream,DEF,Fulham,0.2768773400839792
32,237,Filip Benkovic,DEF,Leicester,0.2768773400839792
32,463,Léo Bonatini,FWD,Wolves,0.2437957941279555
32,368,Stuart Armstrong,MID,Southampton,0.2794287559829144
32,79,Steven Alzate,MID,Brighton,0.2794287559829144
32,549,Diego Llorente,DEF,Leeds,0.2768773400839792
32,685,Gaetano Berardi,DEF,Leeds,0.2768773400839792
32,235,Harvey Barnes,MID,Leicester,0.2794287559829144
32,27,William Saliba,DEF,Arsenal,0.2768773400839792
32,539,Liam Delap,FWD,Man City,0.2437957941279555
32,445,Jarrod Bowen,MID,West Ham,0.2794287559829144
32,2,Sokratis Papastathopoulos,DEF,Arsenal,0.2768773400839792
32,263,Curtis Jones,MID,Liverpool,0.2794287559829144
32,469,Daniel Castelo Podence,MID,Wolves,0.2794287559829144
32,47,Frédéric Guilbert,DEF,Aston Villa,0.2768773400839792
32,467,Oskar Buur,DEF,Wolves,0.2768773400839792
32,246,Joel Matip,DEF,Liverpool,0.2768773400839792
32,374,Josh Sims,MID,Southampton,0.2794287559829144
32,428,Robert Snodgrass,MID,West Brom,0.2794287559829144
32,597,Robert Sánchez,GK,Brighton,0.12330835051460959
32,437,Michail Antonio,FWD,West Ham,0.2437957941279555
32,636,Caleb Watts,MID,Southampton,0.2794287559829144
32,248,Alex Oxlade-Chamberlain,MID,Liverpool,0.2794287559829144
32,316,Tahith Chong,MID,Man Utd,0.2794287559829144
32,674,Nathan Trott,GK,West Ham,0.12330835051460959
32,649,Hugo Bueno,DEF,Wolves,0.2768773400839792
32,342,Kelland Watts,DEF,Newcastle,0.2768773400839792
32,669,Jamal Baptiste,DEF,West Ham,0.2768773400839792
32,602,Elliot Anderson,MID,Newcastle,0.2794287559829144
32,261,Naby Keita,MID,Liverpool,0.2794287559829144
32,4,Pierre-Emerick Aubameyang,MID,Arsenal,0.2794287559829144
32,58,Shane Duffy,DEF,Brighton,0.2768773400839792
32,236,Wilfred Ndidi,MID,Leicester,0.2794287559829144
32,526,Mohamed Naser El Sayed Elneny,MID,Arsenal,0.2794287559829144
32,180,Neeskens Kebano,MID,Fulham,0.2794287559829144
32,635,Allan Tchaptchet,DEF,Southampton,0.2768773400839792
32,330,Christian Atsu,MID,Newcastle,0.2794287559829144
32,323,Federico Fernández,DEF,Newcastle,0.2768773400839792
32,120,Mason Mount,MID,Chelsea,0.2794287559829144
32,571,Joachim Andersen,DEF,Fulham,0.2768773400839792
32,301,Jesse Lingard,MID,West Ham,0.2794287559829144
32,290,Juan Mata,MID,Man Utd,0.2794287559829144
32,351,George Baldock,DEF,Sheffield Utd,0.2768773400839792
32,355,John Lundstram,MID,Sheffield Utd,0.2794287559829144
32,100,Dwight McNeil,MID,Burnley,0.2794287559829144
32,409,Jake Livermore,MID,West Brom,0.2794287559829144
32,274,Benjamin Mendy,DEF,Man City,0.2768773400839792
32,72,José Izquierdo,MID,Brighton,0.2794287559829144
32,153,Cenk Tosun,FWD,Everton,0.2437957941279555
32,286,Rodrigo Hernandez,MID,Man City,0.2794287559829144
32,184,Aleksandar Mitrović,FWD,Fulham,0.2437957941279555
32,154,Bernard Anício Caldeira Duarte,MID,Everton,0.2794287559829144
32,250,Virgil van Dijk,DEF,Liverpool,0.2768773400839792
32,182,Joe Bryan,DEF,Fulham,0.2768773400839792
32,303,Anthony Martial,FWD,Man Utd,0.2437957941279555
32,456,Ryan Bennett,DEF,Wolves,0.2768773400839792
32,179,Cyrus Christie,DEF,Fulham,0.2768773400839792
32,634,Will Ferry,MID,Southampton,0.2794287559829144
32,54,Adam Lallana,MID,Brighton,0.2794287559829144
32,90,Johann Berg Gudmundsson,MID,Burnley,0.2794287559829144
32,654,Okay Yokuslu,MID,West Brom,0.2794287559829144
32,547,Rúnar Alex Rúnarsson,GK,Arsenal,0.12330835051460959
32,87,Ashley Barnes,FWD,Burnley,0.2437957941279555
32,171,Fabricio Agosto Ramírez,GK,Fulham,0.12330835051460959
32,551,Mace Goodridge,MID,Burnley,0.2794287559829144
32,264,Neco Williams,DEF,Liverpool,0.2768773400839792
32,333,Emil Krafth,DEF,Newcastle,0.2768773400839792
32,186,Marek Rodák,GK,Fulham,0.12330835051460959
32,95,Robbie Brady,MID,Burnley,0.2794287559829144
32,663,Michal Karbownik,DEF,Brighton,0.2768773400839792
32,461,Romain Saïss,DEF,Wolves,0.2768773400839792
32,17,Kieran Tierney,DEF,Arsenal,0.2768773400839792
32,329,Dwight Gayle,FWD,Newcastle,0.2437957941279555
32,214,Leif Davis,DEF,Leeds,0.2768773400839792
32,521,Cameron Carter-Vickers,DEF,Spurs,0.2768773400839792
32,521,Cameron Carter-Vickers,DEF,Spurs,0.2768773400839792
32,197,Luke Ayling,DEF,Leeds,0.2768773400839792
32,543,Gareth Bale,MID,Spurs,0.2794287559829144
32,543,Gareth Bale,MID,Spurs,0.2794287559829144
32,201,Ezgjan Alioski,DEF,Leeds,0.2768773400839792
32,267,Claudio Bravo,GK,Man City,0.12330835051460959
32,188,Josh Onomah,MID,Fulham,0.2794287559829144
32,300,Luke Shaw,DEF,Man Utd,0.2768773400839792
32,273,John Stones,DEF,Man City,0.2768773400839792
32,410,Kamil Grosicki,MID,West Brom,0.2794287559829144
32,50,Keinan Davis,FWD,Aston Villa,0.2437957941279555
32,500,Kai Havertz,MID,Chelsea,0.2794287559829144
32,349,Oliver Norwood,MID,Sheffield Utd,0.2794287559829144
32,569,Edinson Cavani,FWD,Man Utd,0.2437957941279555
32,624,Kgaogelo Chauke,MID,Southampton,0.2794287559829144
32,519,Jimmy Dunne,DEF,Burnley,0.2768773400839792
32,81,James Tarkowski,DEF,Burnley,0.2768773400839792
32,194,Francisco Casilla Cortés,GK,Leeds,0.12330835051460959
32,109,Antonio Rüdiger,DEF,Chelsea,0.2768773400839792
32,386,Toby Alderweireld,DEF,Spurs,0.2768773400839792
32,386,Toby Alderweireld,DEF,Spurs,0.2768773400839792
32,348,Simon Moore,GK,Sheffield Utd,0.12330835051460959
32,439,Manuel Lanzini,MID,West Ham,0.2794287559829144
32,590,Daniel N'Lundulu,FWD,Southampton,0.2437957941279555
32,73,Matthew Clarke,DEF,Brighton,0.2768773400839792
32,554,Jacob Ramsey,MID,Aston Villa,0.2794287559829144
32,332,Javier Manquillo,DEF,Newcastle,0.2768773400839792
32,596,Ellis Simms,FWD,Everton,0.2437957941279555
32,576,Craig Dawson,DEF,West Ham,0.2768773400839792
32,412,Kyle Bartley,DEF,West Brom,0.2768773400839792
32,523,Fraser Forster,GK,Southampton,0.12330835051460959
32,659,Claudio Gomes,MID,Man City,0.2794287559829144
32,320,Andy Carroll,FWD,Newcastle,0.2437957941279555
32,225,Dennis Praet,MID,Leicester,0.2794287559829144
32,476,Leonardo Campana,FWD,Wolves,0.2437957941279555
32,468,Diogo Jota,MID,Liverpool,0.2794287559829144
32,499,Cedric Kipre,DEF,West Brom,0.2768773400839792
32,212,Jordan Stevens,MID,Leeds,0.2794287559829144
32,347,Enda Stevens,DEF,Sheffield Utd,0.2768773400839792
32,86,Jay Rodriguez,FWD,Burnley,0.2437957941279555
32,626,Patrick Cutrone,FWD,Wolves,0.2437957941279555
32,426,Rekeem Harper,MID,West Brom,0.2794287559829144
32,371,Angus Gunn,GK,Southampton,0.12330835051460959
32,258,Takumi Minamino,MID,Southampton,0.2794287559829144
32,581,Owen Otasowie,MID,Wolves,0.2794287559829144
32,599,Jack Jenkins,MID,Leeds,0.2794287559829144
32,198,Mateusz Klich,MID,Leeds,0.2794287559829144
32,280,Aymeric Laporte,DEF,Man City,0.2768773400839792
32,59,Davy Pröpper,MID,Brighton,0.2794287559829144
32,544,Conor Gallagher,MID,West Brom,0.2794287559829144
32,312,Timothy Fosu-Mensah,DEF,Man Utd,0.2768773400839792
32,370,James Ward-Prowse,MID,Southampton,0.2794287559829144
32,565,Ibrahima Diallo,MID,Southampton,0.2794287559829144
32,631,Teddy Jenks,MID,Brighton,0.2794287559829144
32,71,Alireza Jahanbakhsh,MID,Brighton,0.2794287559829144
32,562,Ola Aina,DEF,Fulham,0.2768773400839792
32,200,Stuart Dallas,DEF,Leeds,0.2768773400839792
32,331,Paul Dummett,DEF,Newcastle,0.2768773400839792
32,18,Nicolas Pépé,MID,Arsenal,0.2794287559829144
32,443,Fabián Balbuena,DEF,West Ham,0.2768773400839792
32,57,Pascal Groß,MID,Brighton,0.2794287559829144
32,397,Harry Winks,MID,Spurs,0.2794287559829144
32,397,Harry Winks,MID,Spurs,0.2794287559829144
32,632,Max Sanders,MID,Brighton,0.2794287559829144
32,276,Raheem Sterling,MID,Man City,0.2794287559829144
32,275,Riyad Mahrez,MID,Man City,0.2794287559829144
32,520,Bobby Thomas,DEF,Burnley,0.2768773400839792
32,424,Oliver Burke,MID,Sheffield Utd,0.2794287559829144
32,414,Ahmed El-Sayed Hegazy,DEF,West Brom,0.2768773400839792
32,97,Charlie Taylor,DEF,Burnley,0.2768773400839792
32,42,Matt Targett,DEF,Aston Villa,0.2768773400839792
32,583,Will Norris,GK,Burnley,0.12330835051460959
32,98,Josh Brownhill,MID,Burnley,0.2794287559829144
32,19,Lucas Torreira,MID,Arsenal,0.2794287559829144
32,335,DeAndre Yedlin,DEF,Newcastle,0.2768773400839792
32,540,Bertrand Traoré,MID,Aston Villa,0.2794287559829144
32,24,Bukayo Saka,MID,Arsenal,0.2794287559829144
32,343,Billy Sharp,FWD,Sheffield Utd,0.2437957941279555
32,96,Nick Pope,GK,Burnley,0.12330835051460959
32,434,Jack Wilshere,MID,West Ham,0.2794287559829144
32,464,Leander Dendoncker,MID,Wolves,0.2794287559829144
32,75,Bernardo Fernandes da Silva Junior,DEF,Brighton,0.2768773400839792
32,485,Jeff Hendrick,MID,Newcastle,0.2794287559829144
32,327,Florian Lejeune,DEF,Newcastle,0.2768773400839792
32,49,Mbwana Samatta,FWD,Aston Villa,0.2437957941279555
32,239,James Justin,DEF,Leicester,0.2768773400839792
32,309,Scott McTominay,MID,Man Utd,0.2794287559829144
32,211,Pascal Struijk,DEF,Leeds,0.2768773400839792
32,492,Rodrigo Moreno,FWD,Leeds,0.2437957941279555
32,256,Divock Origi,FWD,Liverpool,0.2437957941279555
32,373,Harrison Reed,MID,Fulham,0.2794287559829144
32,51,Indiana Vassilev,FWD,Aston Villa,0.2437957941279555
32,473,Morgan Gibbs-White,MID,Wolves,0.2794287559829144
32,62,Lewis Dunk,DEF,Brighton,0.2768773400839792
32,611,Taylor Perry,MID,Wolves,0.2794287559829144
32,369,Jannik Vestergaard,DEF,Southampton,0.2768773400839792
32,493,Mario Lemina,MID,Fulham,0.2794287559829144
32,527,Matt Macey,GK,Arsenal,0.12330835051460959
32,52,Douglas Luiz Soares de Paulo,MID,Aston Villa,0.2794287559829144
32,106,Ross Barkley,MID,Aston Villa,0.2794287559829144
32,84,Jack Cork,MID,Burnley,0.2794287559829144
32,502,Allan Marques Loureiro,MID,Everton,0.2794287559829144
32,76,Yves Bissouma,MID,Brighton,0.2794287559829144
32,403,Giovani Lo Celso,MID,Spurs,0.2794287559829144
32,403,Giovani Lo Celso,MID,Spurs,0.2794287559829144
32,9,Granit Xhaka,MID,Arsenal,0.2794287559829144
32,480,Sean Longstaff,MID,Newcastle,0.2794287559829144
32,415,Charlie Austin,FWD,West Brom,0.2437957941279555
32,296,Paul Pogba,MID,Man Utd,0.2794287559829144
32,658,Richard Nartey,DEF,Burnley,0.2768773400839792
32,265,Harvey Elliott,MID,Liverpool,0.2794287559829144
32,419,Oluwasemilogo Adesewo Ibidapo Ajayi,DEF,West Brom,0.2768773400839792
32,107,Mateo Kovacic,MID,Chelsea,0.2794287559829144
32,161,Jean-Philippe Gbamin,MID,Everton,0.2794287559829144
32,648,Mbaye Diagne,FWD,West Brom,0.2437957941279555
32,259,Trent Alexander-Arnold,DEF,Liverpool,0.2768773400839792
32,283,Oleksandr Zinchenko,DEF,Man City,0.2768773400839792
32,255,Andrew Robertson,DEF,Liverpool,0.2768773400839792
32,537,Adrián Bernabé,MID,Man City,0.2794287559829144
32,677,Liam Hughes,GK,Liverpool,0.12330835051460959
32,102,César Azpilicueta,DEF,Chelsea,0.2768773400839792
32,566,Ben Godfrey,DEF,Everton,0.2768773400839792
32,427,Mark Noble,MID,West Ham,0.2794287559829144
32,462,Jonathan Castro Otto,DEF,Wolves,0.2768773400839792
32,218,Christian Fuchs,DEF,Leicester,0.2768773400839792
32,444,Jordan Hugill,FWD,West Ham,0.2437957941279555
32,169,Moise Kean,FWD,Everton,0.2437957941279555
32,545,Ki-Jana Hoever,DEF,Wolves,0.2768773400839792
32,240,Luke Thomas,DEF,Leicester,0.2768773400839792
32,210,Jamie Shackleton,MID,Leeds,0.2794287559829144
32,378,Yan Valery,DEF,Southampton,0.2768773400839792
32,563,Rayan Ait Nouri,DEF,Wolves,0.2768773400839792
32,311,Daniel James,MID,Man Utd,0.2794287559829144
32,48,Wesley Moraes,FWD,Aston Villa,0.2437957941279555
32,26,Gabriel Teodoro Martinelli Silva,MID,Arsenal,0.2794287559829144
32,216,Wes Morgan,DEF,Leicester,0.2768773400839792
32,639,Andy Lonergan,GK,West Brom,0.12330835051460959
32,260,Joseph Gomez,DEF,Liverpool,0.2768773400839792
32,362,Ryan Bertrand,DEF,Southampton,0.2768773400839792
32,655,Ryan Finnigan,MID,Southampton,0.2794287559829144
32,679,Kyle John,DEF,Everton,0.2768773400839792
32,514,Ollie Watkins,FWD,Aston Villa,0.2437957941279555
32,45,Anwar El Ghazi,MID,Aston Villa,0.2794287559829144
32,271,Ilkay Gündogan,MID,Man City,0.2794287559829144
32,10,Pablo Marí,DEF,Arsenal,0.2768773400839792
32,391,Eric Dier,DEF,Spurs,0.2768773400839792
32,391,Eric Dier,DEF,Spurs,0.2768773400839792
32,647,Morgan Sanson,MID,Aston Villa,0.2794287559829144
32,422,Darnell Furlong,DEF,West Brom,0.2768773400839792
32,689,Miguel Azeez,MID,Arsenal,0.2794287559829144
32,89,Ashley Westwood,MID,Burnley,0.2794287559829144
32,164,Dominic Calvert-Lewin,FWD,Everton,0.2437957941279555
32,230,Demarai Gray,MID,Leicester,0.2794287559829144
32,653,Ben Davies,DEF,Liverpool,0.2768773400839792
32,43,James Bree,DEF,Aston Villa,0.2768773400839792
32,266,Fernando Luiz Rosa,DEF,Man City,0.2768773400839792
32,56,David Button,GK,West Brom,0.12330835051460959
32,600,Lee Peltier,DEF,West Brom,0.2768773400839792
32,359,Lys Mousset,FWD,Sheffield Utd,0.2437957941279555
32,160,Jonjoe Kenny,DEF,Everton,0.2768773400839792
32,495,Donny van de Beek,MID,Man Utd,0.2794287559829144
32,39,Kortney Hause,DEF,Aston Villa,0.2768773400839792
32,247,Xherdan Shaqiri,MID,Liverpool,0.2794287559829144
32,550,Jayson Molumby,MID,Brighton,0.2794287559829144
32,119,Christian Pulisic,MID,Chelsea,0.2794287559829144
32,651,Joshua King,FWD,Everton,0.2437957941279555
32,38,John McGinn,MID,Aston Villa,0.2794287559829144
32,542,Sergio Reguilón,DEF,Spurs,0.2768773400839792
32,542,Sergio Reguilón,DEF,Spurs,0.2768773400839792
32,234,Hamza Choudhury,MID,Leicester,0.2794287559829144
32,475,Bruno André Cavaco Jordao,MID,Wolves,0.2794287559829144
32,509,Ethan Ampadu,DEF,Sheffield Utd,0.2768773400839792
32,399,Ryan Sessegnon,DEF,Spurs,0.2768773400839792
32,399,Ryan Sessegnon,DEF,Spurs,0.2768773400839792
32,8,Bernd Leno,GK,Arsenal,0.12330835051460959
32,339,Miguel Almirón,MID,Newcastle,0.2794287559829144
32,167,João Virgínia,GK,Everton,0.12330835051460959
32,457,Matt Doherty,DEF,Spurs,0.2768773400839792
32,457,Matt Doherty,DEF,Spurs,0.2768773400839792
32,407,Kieran Gibbs,DEF,West Brom,0.2768773400839792
32,593,Karlo Ziger,GK,Chelsea,0.12330835051460959
32,513,Jamal Lewis,DEF,Newcastle,0.2768773400839792
32,289,Sergio Romero,GK,Man Utd,0.12330835051460959
32,501,Daniel Ceballos Fernández,MID,Arsenal,0.2794287559829144
32,567,Thomas Partey,MID,Arsenal,0.2794287559829144
32,375,Kyle Walker-Peters,DEF,Southampton,0.2768773400839792
32,70,Mathew Ryan,GK,Arsenal,0.12330835051460959
32,67,Joël Veltman,DEF,Brighton,0.2768773400839792
32,430,Darren Randolph,GK,West Ham,0.12330835051460959
32,278,Ederson Santana de Moraes,GK,Man City,0.12330835051460959
32,584,Joe Rodon,DEF,Spurs,0.2768773400839792
32,584,Joe Rodon,DEF,Spurs,0.2768773400839792
32,44,Marvelous Nakamba,MID,Aston Villa,0.2794287559829144
32,436,Andriy Yarmolenko,MID,West Ham,0.2794287559829144
32,170,Jarrad Branthwaite,DEF,Everton,0.2768773400839792
32,385,Moussa Sissoko,MID,Spurs,0.2794287559829144
32,385,Moussa Sissoko,MID,Spurs,0.2794287559829144
32,451,Issa Diop,DEF,West Ham,0.2768773400839792
32,80,Alexis Mac Allister,MID,Brighton,0.2794287559829144
32,344,David McGoldrick,FWD,Sheffield Utd,0.2437957941279555
32,401,Gedson Carvalho Fernandes,MID,Spurs,0.2794287559829144
32,401,Gedson Carvalho Fernandes,MID,Spurs,0.2794287559829144
32,284,Phil Foden,MID,Man City,0.2794287559829144
32,13,Calum Chambers,DEF,Arsenal,0.2768773400839792
32,556,Rúben Santos Gato Alves Dias,DEF,Man City,0.2768773400839792
32,159,Alex Iwobi,MID,Everton,0.2794287559829144
32,231,James Maddison,MID,Leicester,0.2794287559829144
32,221,Marc Albrighton,MID,Leicester,0.2794287559829144
32,525,Denis Odoi,DEF,Fulham,0.2768773400839792
32,63,Martín Montoya,DEF,Brighton,0.2768773400839792
32,568,Alex Nicolao Telles,DEF,Man Utd,0.2768773400839792
32,598,Kayne Ramsay,DEF,Southampton,0.2768773400839792
32,638,Ademipo Odubeko,FWD,West Ham,0.2437957941279555
32,431,Lukasz Fabianski,GK,West Ham,0.12330835051460959
32,406,Juan Foyth,DEF,Spurs,0.2768773400839792
32,406,Juan Foyth,DEF,Spurs,0.2768773400839792
32,350,Wes Foderingham,GK,Sheffield Utd,0.12330835051460959
32,223,Danny Ward,GK,Leicester,0.12330835051460959
32,367,Jack Stephens,DEF,Southampton,0.2768773400839792
32,372,Sofiane Boufal,MID,Southampton,0.2794287559829144
32,623,Taylor Harwood-Bellis,DEF,Man City,0.2768773400839792
32,618,Antwoine Hackford,FWD,Sheffield Utd,0.2437957941279555
32,664,Moisés Caicedo,MID,Brighton,0.2794287559829144
32,166,Richarlison de Andrade,FWD,Everton,0.2437957941279555
32,484,Antonee Robinson,DEF,Fulham,0.2768773400839792
32,546,Nélson Cabral Semedo,DEF,Wolves,0.2768773400839792
32,541,Cengiz Ünder,MID,Leicester,0.2794287559829144
32,459,Conor Coady,DEF,Wolves,0.2768773400839792
32,411,Matt Phillips,MID,West Brom,0.2794287559829144
32,487,Matthew Longstaff,MID,Newcastle,0.2794287559829144
32,357,Oliver McBurnie,FWD,Sheffield Utd,0.2437957941279555
32,113,N'Golo Kanté,MID,Chelsea,0.2794287559829144
32,360,Sander Berge,MID,Sheffield Utd,0.2794287559829144
32,393,Paulo Gazzaniga,GK,Spurs,0.12330835051460959
32,393,Paulo Gazzaniga,GK,Spurs,0.12330835051460959
32,683,Jaden Philogene-Bidace,MID,Aston Villa,0.2794287559829144
32,366,Danny Ings,FWD,Southampton,0.2437957941279555
32,16,Rob Holding,DEF,Arsenal,0.2768773400839792
32,310,Eric Bailly,DEF,Man Utd,0.2768773400839792
32,244,Jordan Henderson,MID,Liverpool,0.2794287559829144
32,610,Theo Corbeanu,MID,Wolves,0.2794287559829144
32,302,Bruno Miguel Borges Fernandes,MID,Man Utd,0.2794287559829144
32,441,Sébastien Haller,FWD,West Ham,0.2437957941279555
32,604,Lee Grant,GK,Man Utd,0.12330835051460959
32,183,Marcus Bettinelli,GK,Fulham,0.12330835051460959
32,612,Anthony Mancini,MID,Burnley,0.2794287559829144
32,672,Carney Chukwuemeka,MID,Aston Villa,0.2794287559829144
32,377,Che Adams,FWD,Southampton,0.2437957941279555
32,308,Victor Lindelöf,DEF,Man Utd,0.2768773400839792
32,297,Phil Jones,DEF,Man Utd,0.2768773400839792
32,203,Jack Harrison,MID,Leeds,0.2794287559829144
32,358,Callum Robinson,FWD,West Brom,0.2437957941279555
32,77,Tariq Lamptey,DEF,Brighton,0.2768773400839792
32,477,Luke Freeman,MID,Sheffield Utd,0.2794287559829144
32,423,Sam Field,MID,West Brom,0.2794287559829144
32,472,Matija Sarkic,GK,Wolves,0.12330835051460959
32,671,Kaine Hayden,MID,Aston Villa,0.2794287559829144
32,529,Phil Jagielka,DEF,Sheffield Utd,0.2768773400839792
32,429,David Martin,GK,West Ham,0.12330835051460959
32,29,Ahmed El Mohamady,DEF,Aston Villa,0.2768773400839792
32,40,Mahmoud Ahmed Ibrahim Hassan,MID,Aston Villa,0.2794287559829144
32,190,Aboubakar Kamara,MID,Fulham,0.2794287559829144
32,21,Reiss Nelson,MID,Arsenal,0.2794287559829144
32,404,Oliver Skipp,MID,Spurs,0.2794287559829144
32,404,Oliver Skipp,MID,Spurs,0.2794287559829144
32,31,Neil Taylor,DEF,Aston Villa,0.2768773400839792
32,606,Daniel Langley,GK,Newcastle,0.12330835051460959
32,281,Bernardo Mota Veiga de Carvalho e Silva,MID,Man City,0.2794287559829144
32,507,Ryan Fraser,MID,Newcastle,0.2794287559829144
32,524,Nathan Tella,MID,Southampton,0.2794287559829144
32,470,Max Kilman,DEF,Wolves,0.2768773400839792
32,207,Jay-Roy Grot,MID,Leeds,0.2794287559829144
32,483,Aaron Ramsdale,GK,Sheffield Utd,0.12330835051460959
32,220,Adrien Silva,MID,Leicester,0.2794287559829144
32,676,Sidnei Tavares,MID,Leicester,0.2794287559829144
32,204,Kalvin Phillips,MID,Leeds,0.2794287559829144
32,570,Raphael Dias Belloli,MID,Leeds,0.2794287559829144
33,591,Max Thompson,FWD,Burnley,0.24379579412795555
33,458,Willy Boly,DEF,Wolves,0.2768773400839792
33,324,Ciaran Clark,DEF,Newcastle,0.2768773400839792
33,614,Luke Cundle,MID,Wolves,0.2794287559829144
33,322,Matt Ritchie,MID,Newcastle,0.2794287559829144
33,245,Adrián San Miguel del Castillo,GK,Liverpool,0.12330835051460962
33,594,Rhys Williams,DEF,Liverpool,0.2768773400839792
33,425,Dara O'Shea,DEF,West Brom,0.2768773400839792
33,315,Mason Greenwood,MID,Man Utd,0.2794287559829144
33,314,José Diogo Dalot Teixeira,DEF,Man Utd,0.2768773400839792
33,466,Rúben Diogo da Silva Neves,MID,Wolves,0.2794287559829144
33,224,Jamie Vardy,FWD,Leicester,0.24379579412795555
33,215,Oliver Casey,DEF,Leeds,0.2768773400839792
33,123,Reece James,DEF,Chelsea,0.2768773400839792
33,680,Nathan Broadhead,MID,Everton,0.2794287559829144
33,292,Chris Smalling,DEF,Man Utd,0.2768773400839792
33,99,Bailey Peacock-Farrell,GK,Burnley,0.12330835051460962
33,530,Branislav Ivanovic,DEF,West Brom,0.2768773400839792
33,417,Sam Johnstone,GK,West Brom,0.12330835051460962
33,14,Sead Kolasinac,DEF,Arsenal,0.2768773400839792
33,503,Christian Walton,GK,Brighton,0.12330835051460962
33,620,Charlie Cresswell,DEF,Leeds,0.2768773400839792
33,3,David Luiz Moreira Marinho,DEF,Arsenal,0.2768773400839792
33,37,Jack Grealish,MID,Aston Villa,0.2794287559829144
33,440,Felipe Anderson Pereira Gomes,MID,West Ham,0.2794287559829144
33,1,Mesut Özil,MID,Arsenal,0.2794287559829144
33,662,Thomas McGill,GK,Brighton,0.12330835051460962
33,150,Gylfi Sigurdsson,MID,Everton,0.2794287559829144
33,118,Tammy Abraham,FWD,Chelsea,0.24379579412795555
33,53,Glenn Murray,FWD,Brighton,0.24379579412795555
33,162,Yerry Mina,DEF,Everton,0.2768773400839792
33,111,Emerson Palmieri dos Santos,DEF,Chelsea,0.2768773400839792
33,341,Yoshinori Muto,FWD,Newcastle,0.24379579412795555
33,346,John Fleck,MID,Sheffield Utd,0.2794287559829144
33,117,Timo Werner,FWD,Chelsea,0.24379579412795555
33,307,Axel Tuanzebe,DEF,Man Utd,0.2768773400839792
33,103,Olivier Giroud,FWD,Chelsea,0.24379579412795555
33,105,Jorge Luiz Frello Filho,MID,Chelsea,0.2794287559829144
33,532,Elia Caprile,GK,Leeds,0.12330835051460962
33,336,Isaac Hayden,MID,Newcastle,0.2794287559829144
33,613,Joel Mumbongo,FWD,Burnley,0.24379579412795555
33,88,Ben Mee,DEF,Burnley,0.2768773400839792
33,582,Karlan Grant,FWD,West Brom,0.24379579412795555
33,684,Shane Flynn,MID,Leicester,0.2794287559829144
33,642,Willian José Da Silva,FWD,Wolves,0.24379579412795555
33,291,David de Gea,GK,Man Utd,0.12330835051460962
33,139,Patrick van Aanholt,DEF,Crystal Palace,0.2768773400839792
33,325,Karl Darlow,GK,Newcastle,0.12330835051460962
33,421,Kyle Edwards,MID,West Brom,0.2794287559829144
33,306,Marcus Rashford,MID,Man Utd,0.2794287559829144
33,304,Andreas Pereira,MID,Man Utd,0.2794287559829144
33,478,Willian Borges Da Silva,MID,Arsenal,0.2794287559829144
33,163,Tom Davies,MID,Everton,0.2794287559829144
33,132,Christian Benteke,FWD,Crystal Palace,0.24379579412795555
33,299,Frederico Rodrigues de Paula Santos,MID,Man Utd,0.2794287559829144
33,28,Tom Heaton,GK,Aston Villa,0.12330835051460962
33,617,Andreas Söndergaard,GK,Wolves,0.12330835051460962
33,12,Emiliano Martínez,GK,Aston Villa,0.12330835051460962
33,124,Billy Gilmour,MID,Chelsea,0.2794287559829144
33,438,Ryan Fredericks,DEF,West Ham,0.2768773400839792
33,243,Georginio Wijnaldum,MID,Liverpool,0.2794287559829144
33,294,Marcos Rojo,DEF,Man Utd,0.2768773400839792
33,558,Vladimir Coufal,DEF,West Ham,0.2768773400839792
33,573,Robin Olsen,GK,Everton,0.12330835051460962
33,93,Matej Vydra,FWD,Burnley,0.24379579412795555
33,418,Conor Townsend,DEF,West Brom,0.2768773400839792
33,432,Angelo Ogbonna,DEF,West Ham,0.2768773400839792
33,208,Kamil Miazek,GK,Leeds,0.12330835051460962
33,140,Jordan Ayew,FWD,Crystal Palace,0.24379579412795555
33,670,Frankie Maguire,MID,Sheffield Utd,0.2794287559829144
33,515,Vitor Ferreira,MID,Wolves,0.2794287559829144
33,512,Abdoulaye Doucouré,MID,Everton,0.2794287559829144
33,232,Benjamin Chilwell,DEF,Chelsea,0.2768773400839792
33,446,Grady Diangana,MID,West Brom,0.2794287559829144
33,353,John Egan,DEF,Sheffield Utd,0.2768773400839792
33,229,Ayoze Pérez,MID,Leicester,0.2794287559829144
33,293,Odion Ighalo,FWD,Man Utd,0.24379579412795555
33,356,Ben Osborn,MID,Sheffield Utd,0.2794287559829144
33,448,Declan Rice,MID,West Ham,0.2794287559829144
33,217,Kasper Schmeichel,GK,Leicester,0.12330835051460962
33,588,Danny Welbeck,FWD,Brighton,0.24379579412795555
33,577,Nathaniel Clyne,DEF,Crystal Palace,0.2768773400839792
33,637,Frederik Alves,DEF,West Ham,0.2768773400839792
33,213,Illan Meslier,GK,Leeds,0.12330835051460962
33,494,Gabriel Magalhães,DEF,Arsenal,0.2768773400839792
33,222,Matty James,MID,Leicester,0.2794287559829144
33,262,Rhian Brewster,FWD,Sheffield Utd,0.24379579412795555
33,321,Jonjo Shelvey,MID,Newcastle,0.2794287559829144
33,686,Nathan Bishop,GK,Man Utd,0.12330835051460962
33,252,Alisson Ramses Becker,GK,Liverpool,0.12330835051460962
33,11,Héctor Bellerín,DEF,Arsenal,0.2768773400839792
33,465,Adama Traoré,MID,Wolves,0.2794287559829144
33,578,Stephen Henderson,GK,Crystal Palace,0.12330835051460962
33,621,Cheikh Diaby,FWD,West Brom,0.24379579412795555
33,601,Leighton Clarkson,MID,Liverpool,0.2794287559829144
33,205,Hélder Wander Sousa de Azevedo e Costa,MID,Leeds,0.2794287559829144
33,202,Patrick Bamford,FWD,Leeds,0.24379579412795555
33,254,Mohamed Salah,MID,Liverpool,0.2794287559829144
33,641,Jean-Philippe Mateta,FWD,Crystal Palace,0.24379579412795555
33,352,Jack Robinson,DEF,Sheffield Utd,0.2768773400839792
33,442,Arthur Masuaku,DEF,West Ham,0.2768773400839792
33,5,Cédric Soares,DEF,Arsenal,0.2768773400839792
33,23,Emile Smith Rowe,MID,Arsenal,0.2794287559829144
33,345,Chris Basham,DEF,Sheffield Utd,0.2768773400839792
33,533,Mateusz Bogusz,MID,Leeds,0.2794287559829144
33,338,Allan Saint-Maximin,MID,Newcastle,0.2794287559829144
33,328,Jamaal Lascelles,DEF,Newcastle,0.2768773400839792
33,460,Raúl Jiménez,FWD,Wolves,0.24379579412795555
33,298,Harry Maguire,DEF,Man Utd,0.2768773400839792
33,319,Teden Mengi,DEF,Man Utd,0.2768773400839792
33,233,Kelechi Iheanacho,FWD,Leicester,0.24379579412795555
33,433,Roberto Jimenez Gago,GK,West Ham,0.12330835051460962
33,66,Adam Webster,DEF,Brighton,0.2768773400839792
33,313,Aaron Wan-Bissaka,DEF,Man Utd,0.2768773400839792
33,55,Dale Stephens,MID,Burnley,0.2794287559829144
33,193,Pablo Hernández Domínguez,MID,Leeds,0.2794287559829144
33,30,Henri Lansbury,MID,Aston Villa,0.2794287559829144
33,152,Seamus Coleman,DEF,Everton,0.2768773400839792
33,504,Fabio Silva,FWD,Wolves,0.24379579412795555
33,587,Saïd Benrahma,MID,West Ham,0.2794287559829144
33,531,Thiago Alcántara do Nascimento,MID,Liverpool,0.2794287559829144
33,589,Nathaniel Phillips,DEF,Liverpool,0.2768773400839792
33,110,Kurt Zouma,DEF,Chelsea,0.2768773400839792
33,435,Aaron Cresswell,DEF,West Ham,0.2768773400839792
33,219,Jonny Evans,DEF,Leicester,0.2768773400839792
33,318,Brandon Williams,DEF,Man Utd,0.2768773400839792
33,130,James McArthur,MID,Crystal Palace,0.2794287559829144
33,450,Pablo Fornals,MID,West Ham,0.2794287559829144
33,22,Edward Nketiah,FWD,Arsenal,0.24379579412795555
33,657,Zak Brunt,MID,Sheffield Utd,0.2794287559829144
33,491,Robin Koch,DEF,Leeds,0.2768773400839792
33,69,Leandro Trossard,MID,Brighton,0.2794287559829144
33,560,Caoimhin Kelleher,GK,Liverpool,0.12330835051460962
33,61,Dan Burn,DEF,Brighton,0.2768773400839792
33,455,Rui Pedro dos Santos Patrício,GK,Wolves,0.12330835051460962
33,6,Alexandre Lacazette,FWD,Arsenal,0.24379579412795555
33,83,Erik Pieters,DEF,Burnley,0.2768773400839792
33,196,Barry Douglas,DEF,Leeds,0.2768773400839792
33,317,James Garner,MID,Man Utd,0.2794287559829144
33,340,Joelinton Cássio Apolinário de Lira,FWD,Newcastle,0.24379579412795555
33,579,Islam Slimani,FWD,Leicester,0.24379579412795555
33,41,Tyrone Mings,DEF,Aston Villa,0.2768773400839792
33,673,Shola Shoretire,MID,Man Utd,0.2794287559829144
33,122,Callum Hudson-Odoi,MID,Chelsea,0.2794287559829144
33,580,Michael Verrips,GK,Sheffield Utd,0.12330835051460962
33,447,Albian Ajeti,FWD,West Ham,0.24379579412795555
33,453,John Ruddy,GK,Wolves,0.12330835051460962
33,116,Andreas Christensen,DEF,Chelsea,0.2768773400839792
33,78,Aaron Connolly,FWD,Brighton,0.24379579412795555
33,65,Solomon March,MID,Brighton,0.2794287559829144
33,92,Matthew Lowton,DEF,Burnley,0.2768773400839792
33,199,Adam Forshaw,MID,Leeds,0.2794287559829144
33,241,James Milner,MID,Liverpool,0.2794287559829144
33,257,Harry Wilson,MID,Liverpool,0.2794287559829144
33,644,Tyler Onyango,MID,Everton,0.2794287559829144
33,607,Jake Cain,MID,Liverpool,0.2794287559829144
33,640,Amad Diallo,MID,Man Utd,0.2794287559829144
33,615,Lewis Richards,DEF,Wolves,0.2768773400839792
33,145,Nathan Ferguson,DEF,Crystal Palace,0.2768773400839792
33,33,Conor Hourihane,MID,Aston Villa,0.2794287559829144
33,151,Jonas Lössl,GK,Everton,0.12330835051460962
33,35,Ørjan Nyland,GK,Aston Villa,0.12330835051460962
33,134,Joel Ward,DEF,Crystal Palace,0.2768773400839792
33,497,Jacob Murphy,MID,Newcastle,0.2794287559829144
33,603,Kean Bryan,DEF,Sheffield Utd,0.2768773400839792
33,249,Roberto Firmino,FWD,Liverpool,0.24379579412795555
33,510,Jayden Bogle,DEF,Sheffield Utd,0.2768773400839792
33,227,Daniel Amartey,DEF,Leicester,0.2768773400839792
33,226,Ricardo Domingos Barbosa Pereira,DEF,Leicester,0.2768773400839792
33,20,Joseph Willock,MID,Newcastle,0.2794287559829144
33,127,Mamadou Sakho,DEF,Crystal Palace,0.2768773400839792
33,630,Reda Khadra,MID,Brighton,0.2794287559829144
33,619,Niall Huggins,FWD,Leeds,0.24379579412795555
33,575,Facundo Pellistri,MID,Man Utd,0.2794287559829144
33,645,Martin Ødegaard,MID,Arsenal,0.2794287559829144
33,25,Matteo Guendouzi,MID,Arsenal,0.2794287559829144
33,416,Kenneth Zohore,FWD,West Brom,0.24379579412795555
33,326,Martin Dubravka,GK,Newcastle,0.12330835051460962
33,511,Max Lowe,DEF,Sheffield Utd,0.2768773400839792
33,449,Tomas Soucek,MID,West Ham,0.2794287559829144
33,471,Rúben Gonçalo Silva Nascimento Vinagre,DEF,Wolves,0.2768773400839792
33,112,Kepa Arrizabalaga,GK,Chelsea,0.12330835051460962
33,121,Fikayo Tomori,DEF,Chelsea,0.2768773400839792
33,15,Ainsley Maitland-Niles,DEF,West Brom,0.2768773400839792
33,147,Brandon Pierrick,MID,Crystal Palace,0.2794287559829144
33,652,Ozan Kabak,DEF,Liverpool,0.2768773400839792
33,101,Willy Caballero,GK,Chelsea,0.12330835051460962
33,238,Çaglar Söyüncü,DEF,Leicester,0.2768773400839792
33,452,Ben Johnson,DEF,West Ham,0.2768773400839792
33,605,Faustino Anjorin,MID,Chelsea,0.2794287559829144
33,682,Harry Tyrer,GK,Everton,0.12330835051460962
33,490,Thiago Thiago,DEF,Chelsea,0.2768773400839792
33,64,Florin Andone,FWD,Brighton,0.24379579412795555
33,141,Wilfried Zaha,MID,Crystal Palace,0.2794287559829144
33,454,João Filipe Iria Santos Moutinho,MID,Wolves,0.2794287559829144
33,518,Nampalys Mendy,MID,Leicester,0.2794287559829144
33,508,James Rodríguez,MID,Everton,0.2794287559829144
33,60,Aaron Mooy,MID,Brighton,0.2794287559829144
33,334,Fabian Schär,DEF,Newcastle,0.2768773400839792
33,629,Nigel Lonwijk,DEF,Wolves,0.2768773400839792
33,74,Ben White,DEF,Brighton,0.2768773400839792
33,165,Mason Holgate,DEF,Everton,0.2768773400839792
33,7,Shkodran Mustafi,DEF,Arsenal,0.2768773400839792
33,553,Meritan Shabani,MID,Wolves,0.2794287559829144
33,691,Isaac Price,MID,Everton,0.2794287559829144
33,157,Jordan Pickford,GK,Everton,0.12330835051460962
33,688,Jesurun Rak-Sakyi,MID,Crystal Palace,0.2794287559829144
33,506,Callum Wilson,FWD,Newcastle,0.24379579412795555
33,548,Edouard Mendy,GK,Chelsea,0.12330835051460962
33,91,Chris Wood,FWD,Burnley,0.24379579412795555
33,82,Phil Bardsley,DEF,Burnley,0.2768773400839792
33,536,Anthony Driscoll-Glennon,DEF,Burnley,0.2768773400839792
33,667,Joe Gelhardt,FWD,Leeds,0.24379579412795555
33,251,Sadio Mané,MID,Liverpool,0.2794287559829144
33,104,Marcos Alonso,DEF,Chelsea,0.2768773400839792
33,481,Matheus Pereira,MID,West Brom,0.2794287559829144
33,156,Michael Keane,DEF,Everton,0.2768773400839792
33,592,Lewis Richardson,FWD,Burnley,0.24379579412795555
33,687,Thanawat Suengchitthawon,MID,Leicester,0.2794287559829144
33,661,Thakgalo Leshabela,MID,Leicester,0.2794287559829144
33,646,Kyron Gordon,DEF,Sheffield Utd,0.2768773400839792
33,574,Andi Zeqiri,FWD,Brighton,0.24379579412795555
33,295,Nemanja Matic,MID,Man Utd,0.2794287559829144
33,690,Reece Welch,DEF,Everton,0.2768773400839792
33,85,Kevin Long,DEF,Burnley,0.2768773400839792
33,137,Andros Townsend,MID,Crystal Palace,0.2794287559829144
33,36,Bjorn Engels,DEF,Aston Villa,0.2768773400839792
33,678,Jakub Ojrzynski,GK,Liverpool,0.12330835051460962
33,628,Jakub Moder,MID,Brighton,0.2794287559829144
33,158,André Filipe Tavares Gomes,MID,Everton,0.2794287559829144
33,34,José Ignacio Peleteiro Romallo,MID,Aston Villa,0.2794287559829144
33,616,Christian Marques,DEF,Wolves,0.2768773400839792
33,535,Josh Benson,MID,Burnley,0.2794287559829144
33,505,Fernando Marçal,DEF,Wolves,0.2768773400839792
33,94,Ben Gibson,DEF,Burnley,0.2768773400839792
33,46,Ezri Konsa Ngoyo,DEF,Aston Villa,0.2768773400839792
33,133,Cheikhou Kouyaté,MID,Crystal Palace,0.2794287559829144
33,668,Conor Coventry,MID,West Ham,0.2794287559829144
33,555,Filip Krovinovic,MID,West Brom,0.2794287559829144
33,253,Fabio Henrique Tavares,MID,Liverpool,0.2794287559829144
33,627,Percy Tau,MID,Brighton,0.2794287559829144
33,155,Lucas Digne,DEF,Everton,0.2768773400839792
33,474,Pedro Lomba Neto,MID,Wolves,0.2794287559829144
33,656,Iliman Ndiaye,MID,Sheffield Utd,0.2794287559829144
33,496,Matthew Cash,DEF,Aston Villa,0.2768773400839792
33,528,Jason Steele,GK,Brighton,0.12330835051460962
33,228,Youri Tielemans,MID,Leicester,0.2794287559829144
33,559,Niels Nkounkou,DEF,Everton,0.2768773400839792
33,681,Ryan Astley,DEF,Everton,0.2768773400839792
33,486,Scott Dann,DEF,Crystal Palace,0.2768773400839792
33,408,Hal Robson-Kanu,FWD,West Brom,0.24379579412795555
33,413,Romaine Sawyers,MID,West Brom,0.2794287559829144
33,209,Ian Carlo Poveda-Ocampo,MID,Leeds,0.2794287559829144
33,149,Fabian Delph,MID,Everton,0.2794287559829144
33,32,Jed Steer,GK,Aston Villa,0.12330835051460962
33,420,Jonathan Leko,MID,West Brom,0.2794287559829144
33,561,Wesley Fofana,DEF,Leicester,0.2768773400839792
33,168,Anthony Gordon,MID,Everton,0.2794287559829144
33,114,Hakim Ziyech,MID,Chelsea,0.2794287559829144
33,498,Timothy Castagne,DEF,Leicester,0.2768773400839792
33,305,Dean Henderson,GK,Man Utd,0.12330835051460962
33,660,Vontae Daley-Campbell,DEF,Leicester,0.2768773400839792
33,337,Rolando Aarons,MID,Newcastle,0.2794287559829144
33,488,Mark Gillespie,GK,Newcastle,0.12330835051460962
33,206,Tyler Roberts,MID,Leeds,0.2794287559829144
33,195,Liam Cooper,DEF,Leeds,0.2768773400839792
33,68,Neal Maupay,FWD,Brighton,0.24379579412795555
33,242,Konstantinos Tsimikas,DEF,Liverpool,0.2768773400839792
33,354,Jack O'Connell,DEF,Sheffield Utd,0.2768773400839792
33,633,Jensen Weir,MID,Brighton,0.2794287559829144
33,128,Vicente Guaita,GK,Crystal Palace,0.12330835051460962
33,237,Filip Benkovic,DEF,Leicester,0.2768773400839792
33,463,Léo Bonatini,FWD,Wolves,0.24379579412795555
33,79,Steven Alzate,MID,Brighton,0.2794287559829144
33,549,Diego Llorente,DEF,Leeds,0.2768773400839792
33,685,Gaetano Berardi,DEF,Leeds,0.2768773400839792
33,235,Harvey Barnes,MID,Leicester,0.2794287559829144
33,27,William Saliba,DEF,Arsenal,0.2768773400839792
33,445,Jarrod Bowen,MID,West Ham,0.2794287559829144
33,2,Sokratis Papastathopoulos,DEF,Arsenal,0.2768773400839792
33,263,Curtis Jones,MID,Liverpool,0.2794287559829144
33,469,Daniel Castelo Podence,MID,Wolves,0.2794287559829144
33,47,Frédéric Guilbert,DEF,Aston Villa,0.2768773400839792
33,467,Oskar Buur,DEF,Wolves,0.2768773400839792
33,246,Joel Matip,DEF,Liverpool,0.2768773400839792
33,428,Robert Snodgrass,MID,West Brom,0.2794287559829144
33,597,Robert Sánchez,GK,Brighton,0.12330835051460962
33,534,Ryan Inniss,DEF,Crystal Palace,0.2768773400839792
33,437,Michail Antonio,FWD,West Ham,0.24379579412795555
33,248,Alex Oxlade-Chamberlain,MID,Liverpool,0.2794287559829144
33,316,Tahith Chong,MID,Man Utd,0.2794287559829144
33,674,Nathan Trott,GK,West Ham,0.12330835051460962
33,649,Hugo Bueno,DEF,Wolves,0.2768773400839792
33,342,Kelland Watts,DEF,Newcastle,0.2768773400839792
33,669,Jamal Baptiste,DEF,West Ham,0.2768773400839792
33,602,Elliot Anderson,MID,Newcastle,0.2794287559829144
33,261,Naby Keita,MID,Liverpool,0.2794287559829144
33,4,Pierre-Emerick Aubameyang,MID,Arsenal,0.2794287559829144
33,58,Shane Duffy,DEF,Brighton,0.2768773400839792
33,142,Jeffrey Schlupp,MID,Crystal Palace,0.2794287559829144
33,236,Wilfred Ndidi,MID,Leicester,0.2794287559829144
33,526,Mohamed Naser El Sayed Elneny,MID,Arsenal,0.2794287559829144
33,330,Christian Atsu,MID,Newcastle,0.2794287559829144
33,323,Federico Fernández,DEF,Newcastle,0.2768773400839792
33,120,Mason Mount,MID,Chelsea,0.2794287559829144
33,138,Luka Milivojevic,MID,Crystal Palace,0.2794287559829144
33,301,Jesse Lingard,MID,West Ham,0.2794287559829144
33,290,Juan Mata,MID,Man Utd,0.2794287559829144
33,351,George Baldock,DEF,Sheffield Utd,0.2768773400839792
33,355,John Lundstram,MID,Sheffield Utd,0.2794287559829144
33,100,Dwight McNeil,MID,Burnley,0.2794287559829144
33,409,Jake Livermore,MID,West Brom,0.2794287559829144
33,72,José Izquierdo,MID,Brighton,0.2794287559829144
33,153,Cenk Tosun,FWD,Everton,0.24379579412795555
33,154,Bernard Anício Caldeira Duarte,MID,Everton,0.2794287559829144
33,250,Virgil van Dijk,DEF,Liverpool,0.2768773400839792
33,303,Anthony Martial,FWD,Man Utd,0.24379579412795555
33,456,Ryan Bennett,DEF,Wolves,0.2768773400839792
33,54,Adam Lallana,MID,Brighton,0.2794287559829144
33,90,Johann Berg Gudmundsson,MID,Burnley,0.2794287559829144
33,654,Okay Yokuslu,MID,West Brom,0.2794287559829144
33,547,Rúnar Alex Rúnarsson,GK,Arsenal,0.12330835051460962
33,87,Ashley Barnes,FWD,Burnley,0.24379579412795555
33,125,Gary Cahill,DEF,Crystal Palace,0.2768773400839792
33,551,Mace Goodridge,MID,Burnley,0.2794287559829144
33,264,Neco Williams,DEF,Liverpool,0.2768773400839792
33,333,Emil Krafth,DEF,Newcastle,0.2768773400839792
33,95,Robbie Brady,MID,Burnley,0.2794287559829144
33,663,Michal Karbownik,DEF,Brighton,0.2768773400839792
33,461,Romain Saïss,DEF,Wolves,0.2768773400839792
33,17,Kieran Tierney,DEF,Arsenal,0.2768773400839792
33,329,Dwight Gayle,FWD,Newcastle,0.24379579412795555
33,214,Leif Davis,DEF,Leeds,0.2768773400839792
33,197,Luke Ayling,DEF,Leeds,0.2768773400839792
33,201,Ezgjan Alioski,DEF,Leeds,0.2768773400839792
33,300,Luke Shaw,DEF,Man Utd,0.2768773400839792
33,410,Kamil Grosicki,MID,West Brom,0.2794287559829144
33,50,Keinan Davis,FWD,Aston Villa,0.24379579412795555
33,500,Kai Havertz,MID,Chelsea,0.2794287559829144
33,349,Oliver Norwood,MID,Sheffield Utd,0.2794287559829144
33,569,Edinson Cavani,FWD,Man Utd,0.24379579412795555
33,135,Martin Kelly,DEF,Crystal Palace,0.2768773400839792
33,519,Jimmy Dunne,DEF,Burnley,0.2768773400839792
33,693,Crysencio Summerville,MID,Leeds,0.2794287559829144
33,81,James Tarkowski,DEF,Burnley,0.2768773400839792
33,194,Francisco Casilla Cortés,GK,Leeds,0.12330835051460962
33,109,Antonio Rüdiger,DEF,Chelsea,0.2768773400839792
33,348,Simon Moore,GK,Sheffield Utd,0.12330835051460962
33,439,Manuel Lanzini,MID,West Ham,0.2794287559829144
33,73,Matthew Clarke,DEF,Brighton,0.2768773400839792
33,554,Jacob Ramsey,MID,Aston Villa,0.2794287559829144
33,136,Connor Wickham,FWD,Crystal Palace,0.24379579412795555
33,332,Javier Manquillo,DEF,Newcastle,0.2768773400839792
33,596,Ellis Simms,FWD,Everton,0.24379579412795555
33,576,Craig Dawson,DEF,West Ham,0.2768773400839792
33,412,Kyle Bartley,DEF,West Brom,0.2768773400839792
33,320,Andy Carroll,FWD,Newcastle,0.24379579412795555
33,522,Sam Woods,DEF,Crystal Palace,0.2768773400839792
33,225,Dennis Praet,MID,Leicester,0.2794287559829144
33,476,Leonardo Campana,FWD,Wolves,0.24379579412795555
33,468,Diogo Jota,MID,Liverpool,0.2794287559829144
33,499,Cedric Kipre,DEF,West Brom,0.2768773400839792
33,212,Jordan Stevens,MID,Leeds,0.2794287559829144
33,347,Enda Stevens,DEF,Sheffield Utd,0.2768773400839792
33,86,Jay Rodriguez,FWD,Burnley,0.24379579412795555
33,626,Patrick Cutrone,FWD,Wolves,0.24379579412795555
33,143,Max Meyer,MID,Crystal Palace,0.2794287559829144
33,426,Rekeem Harper,MID,West Brom,0.2794287559829144
33,581,Owen Otasowie,MID,Wolves,0.2794287559829144
33,599,Jack Jenkins,MID,Leeds,0.2794287559829144
33,198,Mateusz Klich,MID,Leeds,0.2794287559829144
33,59,Davy Pröpper,MID,Brighton,0.2794287559829144
33,544,Conor Gallagher,MID,West Brom,0.2794287559829144
33,312,Timothy Fosu-Mensah,DEF,Man Utd,0.2768773400839792
33,631,Teddy Jenks,MID,Brighton,0.2794287559829144
33,71,Alireza Jahanbakhsh,MID,Brighton,0.2794287559829144
33,200,Stuart Dallas,DEF,Leeds,0.2768773400839792
33,331,Paul Dummett,DEF,Newcastle,0.2768773400839792
33,18,Nicolas Pépé,MID,Arsenal,0.2794287559829144
33,443,Fabián Balbuena,DEF,West Ham,0.2768773400839792
33,57,Pascal Groß,MID,Brighton,0.2794287559829144
33,632,Max Sanders,MID,Brighton,0.2794287559829144
33,586,Jack Butland,GK,Crystal Palace,0.12330835051460962
33,520,Bobby Thomas,DEF,Burnley,0.2768773400839792
33,424,Oliver Burke,MID,Sheffield Utd,0.2794287559829144
33,414,Ahmed El-Sayed Hegazy,DEF,West Brom,0.2768773400839792
33,97,Charlie Taylor,DEF,Burnley,0.2768773400839792
33,42,Matt Targett,DEF,Aston Villa,0.2768773400839792
33,583,Will Norris,GK,Burnley,0.12330835051460962
33,98,Josh Brownhill,MID,Burnley,0.2794287559829144
33,19,Lucas Torreira,MID,Arsenal,0.2794287559829144
33,335,DeAndre Yedlin,DEF,Newcastle,0.2768773400839792
33,540,Bertrand Traoré,MID,Aston Villa,0.2794287559829144
33,24,Bukayo Saka,MID,Arsenal,0.2794287559829144
33,343,Billy Sharp,FWD,Sheffield Utd,0.24379579412795555
33,96,Nick Pope,GK,Burnley,0.12330835051460962
33,434,Jack Wilshere,MID,West Ham,0.2794287559829144
33,464,Leander Dendoncker,MID,Wolves,0.2794287559829144
33,75,Bernardo Fernandes da Silva Junior,DEF,Brighton,0.2768773400839792
33,485,Jeff Hendrick,MID,Newcastle,0.2794287559829144
33,327,Florian Lejeune,DEF,Newcastle,0.2768773400839792
33,49,Mbwana Samatta,FWD,Aston Villa,0.24379579412795555
33,239,James Justin,DEF,Leicester,0.2768773400839792
33,309,Scott McTominay,MID,Man Utd,0.2794287559829144
33,692,Sam Greenwood,FWD,Leeds,0.24379579412795555
33,211,Pascal Struijk,DEF,Leeds,0.2768773400839792
33,492,Rodrigo Moreno,FWD,Leeds,0.24379579412795555
33,256,Divock Origi,FWD,Liverpool,0.24379579412795555
33,675,Reece Hannam,DEF,Crystal Palace,0.2768773400839792
33,51,Indiana Vassilev,FWD,Aston Villa,0.24379579412795555
33,473,Morgan Gibbs-White,MID,Wolves,0.2794287559829144
33,62,Lewis Dunk,DEF,Brighton,0.2768773400839792
33,611,Taylor Perry,MID,Wolves,0.2794287559829144
33,527,Matt Macey,GK,Arsenal,0.12330835051460962
33,52,Douglas Luiz Soares de Paulo,MID,Aston Villa,0.2794287559829144
33,106,Ross Barkley,MID,Aston Villa,0.2794287559829144
33,84,Jack Cork,MID,Burnley,0.2794287559829144
33,502,Allan Marques Loureiro,MID,Everton,0.2794287559829144
33,489,Eberechi Eze,MID,Crystal Palace,0.2794287559829144
33,76,Yves Bissouma,MID,Brighton,0.2794287559829144
33,9,Granit Xhaka,MID,Arsenal,0.2794287559829144
33,480,Sean Longstaff,MID,Newcastle,0.2794287559829144
33,415,Charlie Austin,FWD,West Brom,0.24379579412795555
33,296,Paul Pogba,MID,Man Utd,0.2794287559829144
33,658,Richard Nartey,DEF,Burnley,0.2768773400839792
33,265,Harvey Elliott,MID,Liverpool,0.2794287559829144
33,419,Oluwasemilogo Adesewo Ibidapo Ajayi,DEF,West Brom,0.2768773400839792
33,107,Mateo Kovacic,MID,Chelsea,0.2794287559829144
33,161,Jean-Philippe Gbamin,MID,Everton,0.2794287559829144
33,648,Mbaye Diagne,FWD,West Brom,0.24379579412795555
33,259,Trent Alexander-Arnold,DEF,Liverpool,0.2768773400839792
33,255,Andrew Robertson,DEF,Liverpool,0.2768773400839792
33,677,Liam Hughes,GK,Liverpool,0.12330835051460962
33,102,César Azpilicueta,DEF,Chelsea,0.2768773400839792
33,144,Jairo Riedewald,MID,Crystal Palace,0.2794287559829144
33,566,Ben Godfrey,DEF,Everton,0.2768773400839792
33,427,Mark Noble,MID,West Ham,0.2794287559829144
33,462,Jonathan Castro Otto,DEF,Wolves,0.2768773400839792
33,218,Christian Fuchs,DEF,Leicester,0.2768773400839792
33,444,Jordan Hugill,FWD,West Ham,0.24379579412795555
33,169,Moise Kean,FWD,Everton,0.24379579412795555
33,545,Ki-Jana Hoever,DEF,Wolves,0.2768773400839792
33,240,Luke Thomas,DEF,Leicester,0.2768773400839792
33,210,Jamie Shackleton,MID,Leeds,0.2794287559829144
33,563,Rayan Ait Nouri,DEF,Wolves,0.2768773400839792
33,311,Daniel James,MID,Man Utd,0.2794287559829144
33,48,Wesley Moraes,FWD,Aston Villa,0.24379579412795555
33,26,Gabriel Teodoro Martinelli Silva,MID,Arsenal,0.2794287559829144
33,216,Wes Morgan,DEF,Leicester,0.2768773400839792
33,639,Andy Lonergan,GK,West Brom,0.12330835051460962
33,260,Joseph Gomez,DEF,Liverpool,0.2768773400839792
33,679,Kyle John,DEF,Everton,0.2768773400839792
33,514,Ollie Watkins,FWD,Aston Villa,0.24379579412795555
33,45,Anwar El Ghazi,MID,Aston Villa,0.2794287559829144
33,10,Pablo Marí,DEF,Arsenal,0.2768773400839792
33,647,Morgan Sanson,MID,Aston Villa,0.2794287559829144
33,422,Darnell Furlong,DEF,West Brom,0.2768773400839792
33,689,Miguel Azeez,MID,Arsenal,0.2794287559829144
33,89,Ashley Westwood,MID,Burnley,0.2794287559829144
33,164,Dominic Calvert-Lewin,FWD,Everton,0.24379579412795555
33,230,Demarai Gray,MID,Leicester,0.2794287559829144
33,653,Ben Davies,DEF,Liverpool,0.2768773400839792
33,43,James Bree,DEF,Aston Villa,0.2768773400839792
33,108,Michy Batshuayi,FWD,Crystal Palace,0.24379579412795555
33,56,David Button,GK,West Brom,0.12330835051460962
33,126,Wayne Hennessey,GK,Crystal Palace,0.12330835051460962
33,600,Lee Peltier,DEF,West Brom,0.2768773400839792
33,359,Lys Mousset,FWD,Sheffield Utd,0.24379579412795555
33,160,Jonjoe Kenny,DEF,Everton,0.2768773400839792
33,495,Donny van de Beek,MID,Man Utd,0.2794287559829144
33,39,Kortney Hause,DEF,Aston Villa,0.2768773400839792
33,247,Xherdan Shaqiri,MID,Liverpool,0.2794287559829144
33,550,Jayson Molumby,MID,Brighton,0.2794287559829144
33,119,Christian Pulisic,MID,Chelsea,0.2794287559829144
33,651,Joshua King,FWD,Everton,0.24379579412795555
33,38,John McGinn,MID,Aston Villa,0.2794287559829144
33,234,Hamza Choudhury,MID,Leicester,0.2794287559829144
33,475,Bruno André Cavaco Jordao,MID,Wolves,0.2794287559829144
33,509,Ethan Ampadu,DEF,Sheffield Utd,0.2768773400839792
33,8,Bernd Leno,GK,Arsenal,0.12330835051460962
33,339,Miguel Almirón,MID,Newcastle,0.2794287559829144
33,167,João Virgínia,GK,Everton,0.12330835051460962
33,407,Kieran Gibbs,DEF,West Brom,0.2768773400839792
33,593,Karlo Ziger,GK,Chelsea,0.12330835051460962
33,513,Jamal Lewis,DEF,Newcastle,0.2768773400839792
33,289,Sergio Romero,GK,Man Utd,0.12330835051460962
33,501,Daniel Ceballos Fernández,MID,Arsenal,0.2794287559829144
33,567,Thomas Partey,MID,Arsenal,0.2794287559829144
33,70,Mathew Ryan,GK,Arsenal,0.12330835051460962
33,67,Joël Veltman,DEF,Brighton,0.2768773400839792
33,430,Darren Randolph,GK,West Ham,0.12330835051460962
33,129,James Tomkins,DEF,Crystal Palace,0.2768773400839792
33,44,Marvelous Nakamba,MID,Aston Villa,0.2794287559829144
33,436,Andriy Yarmolenko,MID,West Ham,0.2794287559829144
33,170,Jarrad Branthwaite,DEF,Everton,0.2768773400839792
33,451,Issa Diop,DEF,West Ham,0.2768773400839792
33,80,Alexis Mac Allister,MID,Brighton,0.2794287559829144
33,344,David McGoldrick,FWD,Sheffield Utd,0.24379579412795555
33,13,Calum Chambers,DEF,Arsenal,0.2768773400839792
33,159,Alex Iwobi,MID,Everton,0.2794287559829144
33,231,James Maddison,MID,Leicester,0.2794287559829144
33,221,Marc Albrighton,MID,Leicester,0.2794287559829144
33,63,Martín Montoya,DEF,Brighton,0.2768773400839792
33,568,Alex Nicolao Telles,DEF,Man Utd,0.2768773400839792
33,638,Ademipo Odubeko,FWD,West Ham,0.24379579412795555
33,431,Lukasz Fabianski,GK,West Ham,0.12330835051460962
33,350,Wes Foderingham,GK,Sheffield Utd,0.12330835051460962
33,223,Danny Ward,GK,Leicester,0.12330835051460962
33,618,Antwoine Hackford,FWD,Sheffield Utd,0.24379579412795555
33,664,Moisés Caicedo,MID,Brighton,0.2794287559829144
33,166,Richarlison de Andrade,FWD,Everton,0.24379579412795555
33,546,Nélson Cabral Semedo,DEF,Wolves,0.2768773400839792
33,541,Cengiz Ünder,MID,Leicester,0.2794287559829144
33,459,Conor Coady,DEF,Wolves,0.2768773400839792
33,411,Matt Phillips,MID,West Brom,0.2794287559829144
33,487,Matthew Longstaff,MID,Newcastle,0.2794287559829144
33,357,Oliver McBurnie,FWD,Sheffield Utd,0.24379579412795555
33,113,N'Golo Kanté,MID,Chelsea,0.2794287559829144
33,360,Sander Berge,MID,Sheffield Utd,0.2794287559829144
33,683,Jaden Philogene-Bidace,MID,Aston Villa,0.2794287559829144
33,16,Rob Holding,DEF,Arsenal,0.2768773400839792
33,310,Eric Bailly,DEF,Man Utd,0.2768773400839792
33,244,Jordan Henderson,MID,Liverpool,0.2794287559829144
33,610,Theo Corbeanu,MID,Wolves,0.2794287559829144
33,302,Bruno Miguel Borges Fernandes,MID,Man Utd,0.2794287559829144
33,441,Sébastien Haller,FWD,West Ham,0.24379579412795555
33,604,Lee Grant,GK,Man Utd,0.12330835051460962
33,612,Anthony Mancini,MID,Burnley,0.2794287559829144
33,672,Carney Chukwuemeka,MID,Aston Villa,0.2794287559829144
33,308,Victor Lindelöf,DEF,Man Utd,0.2768773400839792
33,297,Phil Jones,DEF,Man Utd,0.2768773400839792
33,146,Tyrick Mitchell,DEF,Crystal Palace,0.2768773400839792
33,203,Jack Harrison,MID,Leeds,0.2794287559829144
33,358,Callum Robinson,FWD,West Brom,0.24379579412795555
33,77,Tariq Lamptey,DEF,Brighton,0.2768773400839792
33,477,Luke Freeman,MID,Sheffield Utd,0.2794287559829144
33,423,Sam Field,MID,West Brom,0.2794287559829144
33,472,Matija Sarkic,GK,Wolves,0.12330835051460962
33,671,Kaine Hayden,MID,Aston Villa,0.2794287559829144
33,529,Phil Jagielka,DEF,Sheffield Utd,0.2768773400839792
33,429,David Martin,GK,West Ham,0.12330835051460962
33,29,Ahmed El Mohamady,DEF,Aston Villa,0.2768773400839792
33,40,Mahmoud Ahmed Ibrahim Hassan,MID,Aston Villa,0.2794287559829144
33,131,James McCarthy,MID,Crystal Palace,0.2794287559829144
33,21,Reiss Nelson,MID,Arsenal,0.2794287559829144
33,31,Neil Taylor,DEF,Aston Villa,0.2768773400839792
33,606,Daniel Langley,GK,Newcastle,0.12330835051460962
33,507,Ryan Fraser,MID,Newcastle,0.2794287559829144
33,470,Max Kilman,DEF,Wolves,0.2768773400839792
33,207,Jay-Roy Grot,MID,Leeds,0.2794287559829144
33,483,Aaron Ramsdale,GK,Sheffield Utd,0.12330835051460962
33,220,Adrien Silva,MID,Leicester,0.2794287559829144
33,676,Sidnei Tavares,MID,Leicester,0.2794287559829144
33,204,Kalvin Phillips,MID,Leeds,0.2794287559829144
33,570,Raphael Dias Belloli,MID,Leeds,0.2794287559829144
34,591,Max Thompson,FWD,Burnley,0.2437957941279556
34,458,Willy Boly,DEF,Wolves,0.2768773400839792
34,324,Ciaran Clark,DEF,Newcastle,0.2768773400839792
34,614,Luke Cundle,MID,Wolves,0.27942875598291433
34,322,Matt Ritchie,MID,Newcastle,0.27942875598291433
34,191,André-Frank Zambo Anguissa,MID,Fulham,0.27942875598291433
34,189,Jean Michaël Seri,MID,Fulham,0.27942875598291433
34,425,Dara O'Shea,DEF,West Brom,0.2768773400839792
34,466,Rúben Diogo da Silva Neves,MID,Wolves,0.27942875598291433
34,224,Jamie Vardy,FWD,Leicester,0.2437957941279556
34,215,Oliver Casey,DEF,Leeds,0.2768773400839792
34,123,Reece James,DEF,Chelsea,0.2768773400839792
34,680,Nathan Broadhead,MID,Everton,0.27942875598291433
34,99,Bailey Peacock-Farrell,GK,Burnley,0.12330835051460963
34,279,Nathan Aké,DEF,Man City,0.2768773400839792
34,530,Branislav Ivanovic,DEF,West Brom,0.2768773400839792
34,417,Sam Johnstone,GK,West Brom,0.12330835051460963
34,14,Sead Kolasinac,DEF,Arsenal,0.2768773400839792
34,503,Christian Walton,GK,Brighton,0.12330835051460963
34,620,Charlie Cresswell,DEF,Leeds,0.2768773400839792
34,3,David Luiz Moreira Marinho,DEF,Arsenal,0.2768773400839792
34,37,Jack Grealish,MID,Aston Villa,0.27942875598291433
34,270,Kyle Walker,DEF,Man City,0.2768773400839792
34,440,Felipe Anderson Pereira Gomes,MID,West Ham,0.27942875598291433
34,405,Tanguy Ndombele,MID,Spurs,0.27942875598291433
34,1,Mesut Özil,MID,Arsenal,0.27942875598291433
34,662,Thomas McGill,GK,Brighton,0.12330835051460963
34,150,Gylfi Sigurdsson,MID,Everton,0.27942875598291433
34,118,Tammy Abraham,FWD,Chelsea,0.2437957941279556
34,53,Glenn Murray,FWD,Brighton,0.2437957941279556
34,389,Serge Aurier,DEF,Spurs,0.2768773400839792
34,162,Yerry Mina,DEF,Everton,0.2768773400839792
34,111,Emerson Palmieri dos Santos,DEF,Chelsea,0.2768773400839792
34,341,Yoshinori Muto,FWD,Newcastle,0.2437957941279556
34,346,John Fleck,MID,Sheffield Utd,0.27942875598291433
34,117,Timo Werner,FWD,Chelsea,0.2437957941279556
34,103,Olivier Giroud,FWD,Chelsea,0.2437957941279556
34,105,Jorge Luiz Frello Filho,MID,Chelsea,0.27942875598291433
34,532,Elia Caprile,GK,Leeds,0.12330835051460963
34,336,Isaac Hayden,MID,Newcastle,0.27942875598291433
34,613,Joel Mumbongo,FWD,Burnley,0.2437957941279556
34,88,Ben Mee,DEF,Burnley,0.2768773400839792
34,582,Karlan Grant,FWD,West Brom,0.2437957941279556
34,684,Shane Flynn,MID,Leicester,0.27942875598291433
34,642,Willian José Da Silva,FWD,Wolves,0.2437957941279556
34,572,Tosin Adarabioyo,DEF,Fulham,0.2768773400839792
34,139,Patrick van Aanholt,DEF,Crystal Palace,0.2768773400839792
34,325,Karl Darlow,GK,Newcastle,0.12330835051460963
34,175,Tom Cairney,MID,Fulham,0.27942875598291433
34,421,Kyle Edwards,MID,West Brom,0.27942875598291433
34,478,Willian Borges Da Silva,MID,Arsenal,0.27942875598291433
34,163,Tom Davies,MID,Everton,0.27942875598291433
34,132,Christian Benteke,FWD,Crystal Palace,0.2437957941279556
34,390,Heung-Min Son,MID,Spurs,0.27942875598291433
34,402,Japhet Tanganga,DEF,Spurs,0.2768773400839792
34,28,Tom Heaton,GK,Aston Villa,0.12330835051460963
34,617,Andreas Söndergaard,GK,Wolves,0.12330835051460963
34,364,Oriol Romeu Vidal,MID,Southampton,0.27942875598291433
34,12,Emiliano Martínez,GK,Aston Villa,0.12330835051460963
34,482,Joe Hart,GK,Spurs,0.12330835051460963
34,124,Billy Gilmour,MID,Chelsea,0.27942875598291433
34,438,Ryan Fredericks,DEF,West Ham,0.2768773400839792
34,181,Bobby Decordova-Reid,FWD,Fulham,0.2437957941279556
34,558,Vladimir Coufal,DEF,West Ham,0.2768773400839792
34,376,Jan Bednarek,DEF,Southampton,0.2768773400839792
34,573,Robin Olsen,GK,Everton,0.12330835051460963
34,93,Matej Vydra,FWD,Burnley,0.2437957941279556
34,538,Zack Steffen,GK,Man City,0.12330835051460963
34,418,Conor Townsend,DEF,West Brom,0.2768773400839792
34,187,Ivan Ricardo Neves Abreu Cavaleiro,MID,Fulham,0.27942875598291433
34,432,Angelo Ogbonna,DEF,West Ham,0.2768773400839792
34,208,Kamil Miazek,GK,Leeds,0.12330835051460963
34,140,Jordan Ayew,FWD,Crystal Palace,0.2437957941279556
34,670,Frankie Maguire,MID,Sheffield Utd,0.27942875598291433
34,515,Vitor Ferreira,MID,Wolves,0.27942875598291433
34,512,Abdoulaye Doucouré,MID,Everton,0.27942875598291433
34,232,Benjamin Chilwell,DEF,Chelsea,0.2768773400839792
34,446,Grady Diangana,MID,West Brom,0.27942875598291433
34,353,John Egan,DEF,Sheffield Utd,0.2768773400839792
34,229,Ayoze Pérez,MID,Leicester,0.27942875598291433
34,356,Ben Osborn,MID,Sheffield Utd,0.27942875598291433
34,448,Declan Rice,MID,West Ham,0.27942875598291433
34,479,Mohammed Salisu,DEF,Southampton,0.2768773400839792
34,622,Luke Mbete,DEF,Man City,0.2768773400839792
34,217,Kasper Schmeichel,GK,Leicester,0.12330835051460963
34,588,Danny Welbeck,FWD,Brighton,0.2437957941279556
34,577,Nathaniel Clyne,DEF,Crystal Palace,0.2768773400839792
34,637,Frederik Alves,DEF,West Ham,0.2768773400839792
34,213,Illan Meslier,GK,Leeds,0.12330835051460963
34,287,Ferran Torres,MID,Man City,0.27942875598291433
34,494,Gabriel Magalhães,DEF,Arsenal,0.2768773400839792
34,222,Matty James,MID,Leicester,0.27942875598291433
34,262,Rhian Brewster,FWD,Sheffield Utd,0.2437957941279556
34,321,Jonjo Shelvey,MID,Newcastle,0.27942875598291433
34,11,Héctor Bellerín,DEF,Arsenal,0.2768773400839792
34,465,Adama Traoré,MID,Wolves,0.27942875598291433
34,578,Stephen Henderson,GK,Crystal Palace,0.12330835051460963
34,621,Cheikh Diaby,FWD,West Brom,0.2437957941279556
34,205,Hélder Wander Sousa de Azevedo e Costa,MID,Leeds,0.27942875598291433
34,202,Patrick Bamford,FWD,Leeds,0.2437957941279556
34,641,Jean-Philippe Mateta,FWD,Crystal Palace,0.2437957941279556
34,352,Jack Robinson,DEF,Sheffield Utd,0.2768773400839792
34,442,Arthur Masuaku,DEF,West Ham,0.2768773400839792
34,5,Cédric Soares,DEF,Arsenal,0.2768773400839792
34,23,Emile Smith Rowe,MID,Arsenal,0.27942875598291433
34,345,Chris Basham,DEF,Sheffield Utd,0.2768773400839792
34,533,Mateusz Bogusz,MID,Leeds,0.27942875598291433
34,338,Allan Saint-Maximin,MID,Newcastle,0.27942875598291433
34,328,Jamaal Lascelles,DEF,Newcastle,0.2768773400839792
34,460,Raúl Jiménez,FWD,Wolves,0.2437957941279556
34,174,Stefan Johansen,MID,Fulham,0.27942875598291433
34,361,Shane Long,FWD,Southampton,0.2437957941279556
34,233,Kelechi Iheanacho,FWD,Leicester,0.2437957941279556
34,433,Roberto Jimenez Gago,GK,West Ham,0.12330835051460963
34,185,Alfie Mawson,DEF,Fulham,0.2768773400839792
34,66,Adam Webster,DEF,Brighton,0.2768773400839792
34,55,Dale Stephens,MID,Burnley,0.27942875598291433
34,193,Pablo Hernández Domínguez,MID,Leeds,0.27942875598291433
34,30,Henri Lansbury,MID,Aston Villa,0.27942875598291433
34,152,Seamus Coleman,DEF,Everton,0.2768773400839792
34,394,Bamidele Alli,MID,Spurs,0.27942875598291433
34,504,Fabio Silva,FWD,Wolves,0.2437957941279556
34,400,Steven Bergwijn,MID,Spurs,0.27942875598291433
34,269,Nicolás Otamendi,DEF,Man City,0.2768773400839792
34,587,Saïd Benrahma,MID,West Ham,0.27942875598291433
34,110,Kurt Zouma,DEF,Chelsea,0.2768773400839792
34,435,Aaron Cresswell,DEF,West Ham,0.2768773400839792
34,219,Jonny Evans,DEF,Leicester,0.2768773400839792
34,130,James McArthur,MID,Crystal Palace,0.27942875598291433
34,643,Alexandre Jankewitz,MID,Southampton,0.27942875598291433
34,450,Pablo Fornals,MID,West Ham,0.27942875598291433
34,272,Kevin De Bruyne,MID,Man City,0.27942875598291433
34,22,Edward Nketiah,FWD,Arsenal,0.2437957941279556
34,657,Zak Brunt,MID,Sheffield Utd,0.27942875598291433
34,491,Robin Koch,DEF,Leeds,0.2768773400839792
34,69,Leandro Trossard,MID,Brighton,0.27942875598291433
34,61,Dan Burn,DEF,Brighton,0.2768773400839792
34,455,Rui Pedro dos Santos Patrício,GK,Wolves,0.12330835051460963
34,6,Alexandre Lacazette,FWD,Arsenal,0.2437957941279556
34,552,Cole Palmer,MID,Man City,0.27942875598291433
34,382,Moussa Djenepo,MID,Southampton,0.27942875598291433
34,383,Hugo Lloris,GK,Spurs,0.12330835051460963
34,83,Erik Pieters,DEF,Burnley,0.2768773400839792
34,384,Danny Rose,DEF,Spurs,0.2768773400839792
34,196,Barry Douglas,DEF,Leeds,0.2768773400839792
34,340,Joelinton Cássio Apolinário de Lira,FWD,Newcastle,0.2437957941279556
34,579,Islam Slimani,FWD,Leicester,0.2437957941279556
34,41,Tyrone Mings,DEF,Aston Villa,0.2768773400839792
34,595,James Trafford,GK,Man City,0.12330835051460963
34,122,Callum Hudson-Odoi,MID,Chelsea,0.27942875598291433
34,580,Michael Verrips,GK,Sheffield Utd,0.12330835051460963
34,447,Albian Ajeti,FWD,West Ham,0.2437957941279556
34,453,John Ruddy,GK,Wolves,0.12330835051460963
34,116,Andreas Christensen,DEF,Chelsea,0.2768773400839792
34,78,Aaron Connolly,FWD,Brighton,0.2437957941279556
34,65,Solomon March,MID,Brighton,0.27942875598291433
34,92,Matthew Lowton,DEF,Burnley,0.2768773400839792
34,199,Adam Forshaw,MID,Leeds,0.27942875598291433
34,665,Josh Maja,FWD,Fulham,0.2437957941279556
34,666,Dane Scarlett,FWD,Spurs,0.2437957941279556
34,363,Alex McCarthy,GK,Southampton,0.12330835051460963
34,644,Tyler Onyango,MID,Everton,0.27942875598291433
34,517,Kenny Tete,DEF,Fulham,0.2768773400839792
34,615,Lewis Richards,DEF,Wolves,0.2768773400839792
34,145,Nathan Ferguson,DEF,Crystal Palace,0.2768773400839792
34,33,Conor Hourihane,MID,Aston Villa,0.27942875598291433
34,151,Jonas Lössl,GK,Everton,0.12330835051460963
34,35,Ørjan Nyland,GK,Aston Villa,0.12330835051460963
34,134,Joel Ward,DEF,Crystal Palace,0.2768773400839792
34,497,Jacob Murphy,MID,Newcastle,0.27942875598291433
34,603,Kean Bryan,DEF,Sheffield Utd,0.2768773400839792
34,650,Alfie Devine,MID,Spurs,0.27942875598291433
34,608,Scott Carson,GK,Man City,0.12330835051460963
34,510,Jayden Bogle,DEF,Sheffield Utd,0.2768773400839792
34,398,Davinson Sánchez,DEF,Spurs,0.2768773400839792
34,227,Daniel Amartey,DEF,Leicester,0.2768773400839792
34,226,Ricardo Domingos Barbosa Pereira,DEF,Leicester,0.2768773400839792
34,564,Carlos Vinicius Alves Morais,FWD,Spurs,0.2437957941279556
34,388,Harry Kane,FWD,Spurs,0.2437957941279556
34,20,Joseph Willock,MID,Newcastle,0.27942875598291433
34,127,Mamadou Sakho,DEF,Crystal Palace,0.2768773400839792
34,630,Reda Khadra,MID,Brighton,0.27942875598291433
34,619,Niall Huggins,FWD,Leeds,0.2437957941279556
34,645,Martin Ødegaard,MID,Arsenal,0.27942875598291433
34,25,Matteo Guendouzi,MID,Arsenal,0.27942875598291433
34,416,Kenneth Zohore,FWD,West Brom,0.2437957941279556
34,326,Martin Dubravka,GK,Newcastle,0.12330835051460963
34,511,Max Lowe,DEF,Sheffield Utd,0.2768773400839792
34,449,Tomas Soucek,MID,West Ham,0.27942875598291433
34,471,Rúben Gonçalo Silva Nascimento Vinagre,DEF,Wolves,0.2768773400839792
34,282,Gabriel Fernando de Jesus,FWD,Man City,0.2437957941279556
34,516,Alphonse Areola,GK,Fulham,0.12330835051460963
34,112,Kepa Arrizabalaga,GK,Chelsea,0.12330835051460963
34,121,Fikayo Tomori,DEF,Chelsea,0.2768773400839792
34,15,Ainsley Maitland-Niles,DEF,West Brom,0.2768773400839792
34,147,Brandon Pierrick,MID,Crystal Palace,0.27942875598291433
34,395,Ben Davies,DEF,Spurs,0.2768773400839792
34,101,Willy Caballero,GK,Chelsea,0.12330835051460963
34,694,Cody Drameh,DEF,Leeds,0.2768773400839792
34,396,Pierre-Emile Højbjerg,MID,Spurs,0.27942875598291433
34,238,Çaglar Söyüncü,DEF,Leicester,0.2768773400839792
34,625,Harry Lewis,GK,Southampton,0.12330835051460963
34,285,Tommy Doyle,MID,Man City,0.27942875598291433
34,452,Ben Johnson,DEF,West Ham,0.2768773400839792
34,172,Kevin McDonald,MID,Fulham,0.27942875598291433
34,379,William Smallbone,MID,Southampton,0.27942875598291433
34,605,Faustino Anjorin,MID,Chelsea,0.27942875598291433
34,392,Lucas Rodrigues Moura da Silva,MID,Spurs,0.27942875598291433
34,682,Harry Tyrer,GK,Everton,0.12330835051460963
34,490,Thiago Thiago,DEF,Chelsea,0.2768773400839792
34,64,Florin Andone,FWD,Brighton,0.2437957941279556
34,141,Wilfried Zaha,MID,Crystal Palace,0.27942875598291433
34,454,João Filipe Iria Santos Moutinho,MID,Wolves,0.27942875598291433
34,518,Nampalys Mendy,MID,Leicester,0.27942875598291433
34,508,James Rodríguez,MID,Everton,0.27942875598291433
34,60,Aaron Mooy,MID,Brighton,0.27942875598291433
34,334,Fabian Schär,DEF,Newcastle,0.2768773400839792
34,629,Nigel Lonwijk,DEF,Wolves,0.2768773400839792
34,74,Ben White,DEF,Brighton,0.2768773400839792
34,165,Mason Holgate,DEF,Everton,0.2768773400839792
34,7,Shkodran Mustafi,DEF,Arsenal,0.2768773400839792
34,553,Meritan Shabani,MID,Wolves,0.27942875598291433
34,691,Isaac Price,MID,Everton,0.27942875598291433
34,157,Jordan Pickford,GK,Everton,0.12330835051460963
34,688,Jesurun Rak-Sakyi,MID,Crystal Palace,0.27942875598291433
34,506,Callum Wilson,FWD,Newcastle,0.2437957941279556
34,548,Edouard Mendy,GK,Chelsea,0.12330835051460963
34,91,Chris Wood,FWD,Burnley,0.2437957941279556
34,173,Maxime Le Marchand,DEF,Fulham,0.2768773400839792
34,82,Phil Bardsley,DEF,Burnley,0.2768773400839792
34,380,Jake Vokins,DEF,Southampton,0.2768773400839792
34,536,Anthony Driscoll-Glennon,DEF,Burnley,0.2768773400839792
34,667,Joe Gelhardt,FWD,Leeds,0.2437957941279556
34,104,Marcos Alonso,DEF,Chelsea,0.2768773400839792
34,481,Matheus Pereira,MID,West Brom,0.27942875598291433
34,156,Michael Keane,DEF,Everton,0.2768773400839792
34,592,Lewis Richardson,FWD,Burnley,0.2437957941279556
34,687,Thanawat Suengchitthawon,MID,Leicester,0.27942875598291433
34,557,Ademola Lookman,MID,Fulham,0.27942875598291433
34,661,Thakgalo Leshabela,MID,Leicester,0.27942875598291433
34,646,Kyron Gordon,DEF,Sheffield Utd,0.2768773400839792
34,574,Andi Zeqiri,FWD,Brighton,0.2437957941279556
34,381,Michael Obafemi,FWD,Southampton,0.2437957941279556
34,609,Felix Nmecha,MID,Man City,0.27942875598291433
34,690,Reece Welch,DEF,Everton,0.2768773400839792
34,387,Erik Lamela,MID,Spurs,0.27942875598291433
34,85,Kevin Long,DEF,Burnley,0.2768773400839792
34,137,Andros Townsend,MID,Crystal Palace,0.27942875598291433
34,36,Bjorn Engels,DEF,Aston Villa,0.2768773400839792
34,115,Ruben Loftus-Cheek,MID,Fulham,0.27942875598291433
34,628,Jakub Moder,MID,Brighton,0.27942875598291433
34,158,André Filipe Tavares Gomes,MID,Everton,0.27942875598291433
34,34,José Ignacio Peleteiro Romallo,MID,Aston Villa,0.27942875598291433
34,616,Christian Marques,DEF,Wolves,0.2768773400839792
34,535,Josh Benson,MID,Burnley,0.27942875598291433
34,505,Fernando Marçal,DEF,Wolves,0.2768773400839792
34,268,Sergio Agüero,FWD,Man City,0.2437957941279556
34,94,Ben Gibson,DEF,Burnley,0.2768773400839792
34,192,Zeze Steven Sessegnon,DEF,Fulham,0.2768773400839792
34,46,Ezri Konsa Ngoyo,DEF,Aston Villa,0.2768773400839792
34,133,Cheikhou Kouyaté,MID,Crystal Palace,0.27942875598291433
34,668,Conor Coventry,MID,West Ham,0.27942875598291433
34,555,Filip Krovinovic,MID,West Brom,0.27942875598291433
34,627,Percy Tau,MID,Brighton,0.27942875598291433
34,155,Lucas Digne,DEF,Everton,0.2768773400839792
34,474,Pedro Lomba Neto,MID,Wolves,0.27942875598291433
34,656,Iliman Ndiaye,MID,Sheffield Utd,0.27942875598291433
34,496,Matthew Cash,DEF,Aston Villa,0.2768773400839792
34,528,Jason Steele,GK,Brighton,0.12330835051460963
34,228,Youri Tielemans,MID,Leicester,0.27942875598291433
34,559,Niels Nkounkou,DEF,Everton,0.2768773400839792
34,277,João Pedro Cavaco Cancelo,DEF,Man City,0.2768773400839792
34,681,Ryan Astley,DEF,Everton,0.2768773400839792
34,486,Scott Dann,DEF,Crystal Palace,0.2768773400839792
34,288,Eric Garcia,DEF,Man City,0.2768773400839792
34,408,Hal Robson-Kanu,FWD,West Brom,0.2437957941279556
34,413,Romaine Sawyers,MID,West Brom,0.27942875598291433
34,178,Michael Hector,DEF,Fulham,0.2768773400839792
34,209,Ian Carlo Poveda-Ocampo,MID,Leeds,0.27942875598291433
34,149,Fabian Delph,MID,Everton,0.27942875598291433
34,32,Jed Steer,GK,Aston Villa,0.12330835051460963
34,420,Jonathan Leko,MID,West Brom,0.27942875598291433
34,561,Wesley Fofana,DEF,Leicester,0.2768773400839792
34,585,Terence Kongolo,DEF,Fulham,0.2768773400839792
34,168,Anthony Gordon,MID,Everton,0.27942875598291433
34,114,Hakim Ziyech,MID,Chelsea,0.27942875598291433
34,498,Timothy Castagne,DEF,Leicester,0.2768773400839792
34,660,Vontae Daley-Campbell,DEF,Leicester,0.2768773400839792
34,337,Rolando Aarons,MID,Newcastle,0.27942875598291433
34,488,Mark Gillespie,GK,Newcastle,0.12330835051460963
34,206,Tyler Roberts,MID,Leeds,0.27942875598291433
34,148,Theo Walcott,MID,Southampton,0.27942875598291433
34,177,Anthony Knockaert,MID,Fulham,0.27942875598291433
34,195,Liam Cooper,DEF,Leeds,0.2768773400839792
34,68,Neal Maupay,FWD,Brighton,0.2437957941279556
34,354,Jack O'Connell,DEF,Sheffield Utd,0.2768773400839792
34,633,Jensen Weir,MID,Brighton,0.27942875598291433
34,365,Nathan Redmond,MID,Southampton,0.27942875598291433
34,128,Vicente Guaita,GK,Crystal Palace,0.12330835051460963
34,176,Tim Ream,DEF,Fulham,0.2768773400839792
34,237,Filip Benkovic,DEF,Leicester,0.2768773400839792
34,463,Léo Bonatini,FWD,Wolves,0.2437957941279556
34,368,Stuart Armstrong,MID,Southampton,0.27942875598291433
34,79,Steven Alzate,MID,Brighton,0.27942875598291433
34,549,Diego Llorente,DEF,Leeds,0.2768773400839792
34,685,Gaetano Berardi,DEF,Leeds,0.2768773400839792
34,235,Harvey Barnes,MID,Leicester,0.27942875598291433
34,27,William Saliba,DEF,Arsenal,0.2768773400839792
34,539,Liam Delap,FWD,Man City,0.2437957941279556
34,445,Jarrod Bowen,MID,West Ham,0.27942875598291433
34,2,Sokratis Papastathopoulos,DEF,Arsenal,0.2768773400839792
34,469,Daniel Castelo Podence,MID,Wolves,0.27942875598291433
34,47,Frédéric Guilbert,DEF,Aston Villa,0.2768773400839792
34,467,Oskar Buur,DEF,Wolves,0.2768773400839792
34,374,Josh Sims,MID,Southampton,0.27942875598291433
34,428,Robert Snodgrass,MID,West Brom,0.27942875598291433
34,597,Robert Sánchez,GK,Brighton,0.12330835051460963
34,534,Ryan Inniss,DEF,Crystal Palace,0.2768773400839792
34,437,Michail Antonio,FWD,West Ham,0.2437957941279556
34,636,Caleb Watts,MID,Southampton,0.27942875598291433
34,674,Nathan Trott,GK,West Ham,0.12330835051460963
34,649,Hugo Bueno,DEF,Wolves,0.2768773400839792
34,342,Kelland Watts,DEF,Newcastle,0.2768773400839792
34,669,Jamal Baptiste,DEF,West Ham,0.2768773400839792
34,602,Elliot Anderson,MID,Newcastle,0.27942875598291433
34,4,Pierre-Emerick Aubameyang,MID,Arsenal,0.27942875598291433
34,58,Shane Duffy,DEF,Brighton,0.2768773400839792
34,142,Jeffrey Schlupp,MID,Crystal Palace,0.27942875598291433
34,236,Wilfred Ndidi,MID,Leicester,0.27942875598291433
34,526,Mohamed Naser El Sayed Elneny,MID,Arsenal,0.27942875598291433
34,180,Neeskens Kebano,MID,Fulham,0.27942875598291433
34,635,Allan Tchaptchet,DEF,Southampton,0.2768773400839792
34,330,Christian Atsu,MID,Newcastle,0.27942875598291433
34,323,Federico Fernández,DEF,Newcastle,0.2768773400839792
34,120,Mason Mount,MID,Chelsea,0.27942875598291433
34,138,Luka Milivojevic,MID,Crystal Palace,0.27942875598291433
34,571,Joachim Andersen,DEF,Fulham,0.2768773400839792
34,301,Jesse Lingard,MID,West Ham,0.27942875598291433
34,351,George Baldock,DEF,Sheffield Utd,0.2768773400839792
34,355,John Lundstram,MID,Sheffield Utd,0.27942875598291433
34,100,Dwight McNeil,MID,Burnley,0.27942875598291433
34,409,Jake Livermore,MID,West Brom,0.27942875598291433
34,274,Benjamin Mendy,DEF,Man City,0.2768773400839792
34,72,José Izquierdo,MID,Brighton,0.27942875598291433
34,153,Cenk Tosun,FWD,Everton,0.2437957941279556
34,286,Rodrigo Hernandez,MID,Man City,0.27942875598291433
34,184,Aleksandar Mitrović,FWD,Fulham,0.2437957941279556
34,154,Bernard Anício Caldeira Duarte,MID,Everton,0.27942875598291433
34,182,Joe Bryan,DEF,Fulham,0.2768773400839792
34,456,Ryan Bennett,DEF,Wolves,0.2768773400839792
34,179,Cyrus Christie,DEF,Fulham,0.2768773400839792
34,634,Will Ferry,MID,Southampton,0.27942875598291433
34,54,Adam Lallana,MID,Brighton,0.27942875598291433
34,90,Johann Berg Gudmundsson,MID,Burnley,0.27942875598291433
34,654,Okay Yokuslu,MID,West Brom,0.27942875598291433
34,547,Rúnar Alex Rúnarsson,GK,Arsenal,0.12330835051460963
34,87,Ashley Barnes,FWD,Burnley,0.2437957941279556
34,125,Gary Cahill,DEF,Crystal Palace,0.2768773400839792
34,171,Fabricio Agosto Ramírez,GK,Fulham,0.12330835051460963
34,551,Mace Goodridge,MID,Burnley,0.27942875598291433
34,333,Emil Krafth,DEF,Newcastle,0.2768773400839792
34,186,Marek Rodák,GK,Fulham,0.12330835051460963
34,95,Robbie Brady,MID,Burnley,0.27942875598291433
34,663,Michal Karbownik,DEF,Brighton,0.2768773400839792
34,461,Romain Saïss,DEF,Wolves,0.2768773400839792
34,17,Kieran Tierney,DEF,Arsenal,0.2768773400839792
34,329,Dwight Gayle,FWD,Newcastle,0.2437957941279556
34,214,Leif Davis,DEF,Leeds,0.2768773400839792
34,521,Cameron Carter-Vickers,DEF,Spurs,0.2768773400839792
34,197,Luke Ayling,DEF,Leeds,0.2768773400839792
34,543,Gareth Bale,MID,Spurs,0.27942875598291433
34,201,Ezgjan Alioski,DEF,Leeds,0.2768773400839792
34,267,Claudio Bravo,GK,Man City,0.12330835051460963
34,188,Josh Onomah,MID,Fulham,0.27942875598291433
34,273,John Stones,DEF,Man City,0.2768773400839792
34,410,Kamil Grosicki,MID,West Brom,0.27942875598291433
34,50,Keinan Davis,FWD,Aston Villa,0.2437957941279556
34,500,Kai Havertz,MID,Chelsea,0.27942875598291433
34,349,Oliver Norwood,MID,Sheffield Utd,0.27942875598291433
34,624,Kgaogelo Chauke,MID,Southampton,0.27942875598291433
34,135,Martin Kelly,DEF,Crystal Palace,0.2768773400839792
34,519,Jimmy Dunne,DEF,Burnley,0.2768773400839792
34,693,Crysencio Summerville,MID,Leeds,0.27942875598291433
34,81,James Tarkowski,DEF,Burnley,0.2768773400839792
34,194,Francisco Casilla Cortés,GK,Leeds,0.12330835051460963
34,109,Antonio Rüdiger,DEF,Chelsea,0.2768773400839792
34,386,Toby Alderweireld,DEF,Spurs,0.2768773400839792
34,348,Simon Moore,GK,Sheffield Utd,0.12330835051460963
34,439,Manuel Lanzini,MID,West Ham,0.27942875598291433
34,590,Daniel N'Lundulu,FWD,Southampton,0.2437957941279556
34,73,Matthew Clarke,DEF,Brighton,0.2768773400839792
34,554,Jacob Ramsey,MID,Aston Villa,0.27942875598291433
34,136,Connor Wickham,FWD,Crystal Palace,0.2437957941279556
34,332,Javier Manquillo,DEF,Newcastle,0.2768773400839792
34,596,Ellis Simms,FWD,Everton,0.2437957941279556
34,576,Craig Dawson,DEF,West Ham,0.2768773400839792
34,412,Kyle Bartley,DEF,West Brom,0.2768773400839792
34,523,Fraser Forster,GK,Southampton,0.12330835051460963
34,659,Claudio Gomes,MID,Man City,0.27942875598291433
34,320,Andy Carroll,FWD,Newcastle,0.2437957941279556
34,522,Sam Woods,DEF,Crystal Palace,0.2768773400839792
34,225,Dennis Praet,MID,Leicester,0.27942875598291433
34,476,Leonardo Campana,FWD,Wolves,0.2437957941279556
34,499,Cedric Kipre,DEF,West Brom,0.2768773400839792
34,212,Jordan Stevens,MID,Leeds,0.27942875598291433
34,347,Enda Stevens,DEF,Sheffield Utd,0.2768773400839792
34,86,Jay Rodriguez,FWD,Burnley,0.2437957941279556
34,626,Patrick Cutrone,FWD,Wolves,0.2437957941279556
34,143,Max Meyer,MID,Crystal Palace,0.27942875598291433
34,426,Rekeem Harper,MID,West Brom,0.27942875598291433
34,371,Angus Gunn,GK,Southampton,0.12330835051460963
34,258,Takumi Minamino,MID,Southampton,0.27942875598291433
34,581,Owen Otasowie,MID,Wolves,0.27942875598291433
34,599,Jack Jenkins,MID,Leeds,0.27942875598291433
34,198,Mateusz Klich,MID,Leeds,0.27942875598291433
34,280,Aymeric Laporte,DEF,Man City,0.2768773400839792
34,59,Davy Pröpper,MID,Brighton,0.27942875598291433
34,544,Conor Gallagher,MID,West Brom,0.27942875598291433
34,370,James Ward-Prowse,MID,Southampton,0.27942875598291433
34,565,Ibrahima Diallo,MID,Southampton,0.27942875598291433
34,631,Teddy Jenks,MID,Brighton,0.27942875598291433
34,71,Alireza Jahanbakhsh,MID,Brighton,0.27942875598291433
34,562,Ola Aina,DEF,Fulham,0.2768773400839792
34,200,Stuart Dallas,DEF,Leeds,0.2768773400839792
34,331,Paul Dummett,DEF,Newcastle,0.2768773400839792
34,18,Nicolas Pépé,MID,Arsenal,0.27942875598291433
34,443,Fabián Balbuena,DEF,West Ham,0.2768773400839792
34,57,Pascal Groß,MID,Brighton,0.27942875598291433
34,397,Harry Winks,MID,Spurs,0.27942875598291433
34,632,Max Sanders,MID,Brighton,0.27942875598291433
34,586,Jack Butland,GK,Crystal Palace,0.12330835051460963
34,276,Raheem Sterling,MID,Man City,0.27942875598291433
34,275,Riyad Mahrez,MID,Man City,0.27942875598291433
34,520,Bobby Thomas,DEF,Burnley,0.2768773400839792
34,424,Oliver Burke,MID,Sheffield Utd,0.27942875598291433
34,414,Ahmed El-Sayed Hegazy,DEF,West Brom,0.2768773400839792
34,97,Charlie Taylor,DEF,Burnley,0.2768773400839792
34,42,Matt Targett,DEF,Aston Villa,0.2768773400839792
34,583,Will Norris,GK,Burnley,0.12330835051460963
34,98,Josh Brownhill,MID,Burnley,0.27942875598291433
34,19,Lucas Torreira,MID,Arsenal,0.27942875598291433
34,335,DeAndre Yedlin,DEF,Newcastle,0.2768773400839792
34,540,Bertrand Traoré,MID,Aston Villa,0.27942875598291433
34,24,Bukayo Saka,MID,Arsenal,0.27942875598291433
34,343,Billy Sharp,FWD,Sheffield Utd,0.2437957941279556
34,96,Nick Pope,GK,Burnley,0.12330835051460963
34,434,Jack Wilshere,MID,West Ham,0.27942875598291433
34,464,Leander Dendoncker,MID,Wolves,0.27942875598291433
34,75,Bernardo Fernandes da Silva Junior,DEF,Brighton,0.2768773400839792
34,485,Jeff Hendrick,MID,Newcastle,0.27942875598291433
34,327,Florian Lejeune,DEF,Newcastle,0.2768773400839792
34,49,Mbwana Samatta,FWD,Aston Villa,0.2437957941279556
34,239,James Justin,DEF,Leicester,0.2768773400839792
34,692,Sam Greenwood,FWD,Leeds,0.2437957941279556
34,211,Pascal Struijk,DEF,Leeds,0.2768773400839792
34,492,Rodrigo Moreno,FWD,Leeds,0.2437957941279556
34,675,Reece Hannam,DEF,Crystal Palace,0.2768773400839792
34,373,Harrison Reed,MID,Fulham,0.27942875598291433
34,51,Indiana Vassilev,FWD,Aston Villa,0.2437957941279556
34,473,Morgan Gibbs-White,MID,Wolves,0.27942875598291433
34,62,Lewis Dunk,DEF,Brighton,0.2768773400839792
34,611,Taylor Perry,MID,Wolves,0.27942875598291433
34,369,Jannik Vestergaard,DEF,Southampton,0.2768773400839792
34,493,Mario Lemina,MID,Fulham,0.27942875598291433
34,527,Matt Macey,GK,Arsenal,0.12330835051460963
34,52,Douglas Luiz Soares de Paulo,MID,Aston Villa,0.27942875598291433
34,106,Ross Barkley,MID,Aston Villa,0.27942875598291433
34,84,Jack Cork,MID,Burnley,0.27942875598291433
34,502,Allan Marques Loureiro,MID,Everton,0.27942875598291433
34,489,Eberechi Eze,MID,Crystal Palace,0.27942875598291433
34,76,Yves Bissouma,MID,Brighton,0.27942875598291433
34,403,Giovani Lo Celso,MID,Spurs,0.27942875598291433
34,9,Granit Xhaka,MID,Arsenal,0.27942875598291433
34,480,Sean Longstaff,MID,Newcastle,0.27942875598291433
34,415,Charlie Austin,FWD,West Brom,0.2437957941279556
34,658,Richard Nartey,DEF,Burnley,0.2768773400839792
34,419,Oluwasemilogo Adesewo Ibidapo Ajayi,DEF,West Brom,0.2768773400839792
34,107,Mateo Kovacic,MID,Chelsea,0.27942875598291433
34,161,Jean-Philippe Gbamin,MID,Everton,0.27942875598291433
34,648,Mbaye Diagne,FWD,West Brom,0.2437957941279556
34,695,Fabio Carvalho,MID,Fulham,0.27942875598291433
34,283,Oleksandr Zinchenko,DEF,Man City,0.2768773400839792
34,537,Adrián Bernabé,MID,Man City,0.27942875598291433
34,102,César Azpilicueta,DEF,Chelsea,0.2768773400839792
34,144,Jairo Riedewald,MID,Crystal Palace,0.27942875598291433
34,566,Ben Godfrey,DEF,Everton,0.2768773400839792
34,427,Mark Noble,MID,West Ham,0.27942875598291433
34,462,Jonathan Castro Otto,DEF,Wolves,0.2768773400839792
34,218,Christian Fuchs,DEF,Leicester,0.2768773400839792
34,444,Jordan Hugill,FWD,West Ham,0.2437957941279556
34,169,Moise Kean,FWD,Everton,0.2437957941279556
34,545,Ki-Jana Hoever,DEF,Wolves,0.2768773400839792
34,240,Luke Thomas,DEF,Leicester,0.2768773400839792
34,210,Jamie Shackleton,MID,Leeds,0.27942875598291433
34,378,Yan Valery,DEF,Southampton,0.2768773400839792
34,563,Rayan Ait Nouri,DEF,Wolves,0.2768773400839792
34,48,Wesley Moraes,FWD,Aston Villa,0.2437957941279556
34,26,Gabriel Teodoro Martinelli Silva,MID,Arsenal,0.27942875598291433
34,216,Wes Morgan,DEF,Leicester,0.2768773400839792
34,639,Andy Lonergan,GK,West Brom,0.12330835051460963
34,362,Ryan Bertrand,DEF,Southampton,0.2768773400839792
34,655,Ryan Finnigan,MID,Southampton,0.27942875598291433
34,679,Kyle John,DEF,Everton,0.2768773400839792
34,514,Ollie Watkins,FWD,Aston Villa,0.2437957941279556
34,45,Anwar El Ghazi,MID,Aston Villa,0.27942875598291433
34,271,Ilkay Gündogan,MID,Man City,0.27942875598291433
34,10,Pablo Marí,DEF,Arsenal,0.2768773400839792
34,391,Eric Dier,DEF,Spurs,0.2768773400839792
34,647,Morgan Sanson,MID,Aston Villa,0.27942875598291433
34,422,Darnell Furlong,DEF,West Brom,0.2768773400839792
34,689,Miguel Azeez,MID,Arsenal,0.27942875598291433
34,89,Ashley Westwood,MID,Burnley,0.27942875598291433
34,164,Dominic Calvert-Lewin,FWD,Everton,0.2437957941279556
34,230,Demarai Gray,MID,Leicester,0.27942875598291433
34,43,James Bree,DEF,Aston Villa,0.2768773400839792
34,108,Michy Batshuayi,FWD,Crystal Palace,0.2437957941279556
34,266,Fernando Luiz Rosa,DEF,Man City,0.2768773400839792
34,56,David Button,GK,West Brom,0.12330835051460963
34,126,Wayne Hennessey,GK,Crystal Palace,0.12330835051460963
34,600,Lee Peltier,DEF,West Brom,0.2768773400839792
34,359,Lys Mousset,FWD,Sheffield Utd,0.2437957941279556
34,160,Jonjoe Kenny,DEF,Everton,0.2768773400839792
34,39,Kortney Hause,DEF,Aston Villa,0.2768773400839792
34,550,Jayson Molumby,MID,Brighton,0.27942875598291433
34,119,Christian Pulisic,MID,Chelsea,0.27942875598291433
34,651,Joshua King,FWD,Everton,0.2437957941279556
34,38,John McGinn,MID,Aston Villa,0.27942875598291433
34,542,Sergio Reguilón,DEF,Spurs,0.2768773400839792
34,234,Hamza Choudhury,MID,Leicester,0.27942875598291433
34,475,Bruno André Cavaco Jordao,MID,Wolves,0.27942875598291433
34,509,Ethan Ampadu,DEF,Sheffield Utd,0.2768773400839792
34,399,Ryan Sessegnon,DEF,Spurs,0.2768773400839792
34,8,Bernd Leno,GK,Arsenal,0.12330835051460963
34,339,Miguel Almirón,MID,Newcastle,0.27942875598291433
34,167,João Virgínia,GK,Everton,0.12330835051460963
34,457,Matt Doherty,DEF,Spurs,0.2768773400839792
34,407,Kieran Gibbs,DEF,West Brom,0.2768773400839792
34,593,Karlo Ziger,GK,Chelsea,0.12330835051460963
34,513,Jamal Lewis,DEF,Newcastle,0.2768773400839792
34,501,Daniel Ceballos Fernández,MID,Arsenal,0.27942875598291433
34,567,Thomas Partey,MID,Arsenal,0.27942875598291433
34,375,Kyle Walker-Peters,DEF,Southampton,0.2768773400839792
34,70,Mathew Ryan,GK,Arsenal,0.12330835051460963
34,67,Joël Veltman,DEF,Brighton,0.2768773400839792
34,430,Darren Randolph,GK,West Ham,0.12330835051460963
34,278,Ederson Santana de Moraes,GK,Man City,0.12330835051460963
34,129,James Tomkins,DEF,Crystal Palace,0.2768773400839792
34,584,Joe Rodon,DEF,Spurs,0.2768773400839792
34,44,Marvelous Nakamba,MID,Aston Villa,0.27942875598291433
34,436,Andriy Yarmolenko,MID,West Ham,0.27942875598291433
34,170,Jarrad Branthwaite,DEF,Everton,0.2768773400839792
34,385,Moussa Sissoko,MID,Spurs,0.27942875598291433
34,451,Issa Diop,DEF,West Ham,0.2768773400839792
34,80,Alexis Mac Allister,MID,Brighton,0.27942875598291433
34,344,David McGoldrick,FWD,Sheffield Utd,0.2437957941279556
34,401,Gedson Carvalho Fernandes,MID,Spurs,0.27942875598291433
34,284,Phil Foden,MID,Man City,0.27942875598291433
34,13,Calum Chambers,DEF,Arsenal,0.2768773400839792
34,556,Rúben Santos Gato Alves Dias,DEF,Man City,0.2768773400839792
34,159,Alex Iwobi,MID,Everton,0.27942875598291433
34,231,James Maddison,MID,Leicester,0.27942875598291433
34,221,Marc Albrighton,MID,Leicester,0.27942875598291433
34,525,Denis Odoi,DEF,Fulham,0.2768773400839792
34,63,Martín Montoya,DEF,Brighton,0.2768773400839792
34,598,Kayne Ramsay,DEF,Southampton,0.2768773400839792
34,638,Ademipo Odubeko,FWD,West Ham,0.2437957941279556
34,431,Lukasz Fabianski,GK,West Ham,0.12330835051460963
34,406,Juan Foyth,DEF,Spurs,0.2768773400839792
34,350,Wes Foderingham,GK,Sheffield Utd,0.12330835051460963
34,223,Danny Ward,GK,Leicester,0.12330835051460963
34,367,Jack Stephens,DEF,Southampton,0.2768773400839792
34,372,Sofiane Boufal,MID,Southampton,0.27942875598291433
34,623,Taylor Harwood-Bellis,DEF,Man City,0.2768773400839792
34,618,Antwoine Hackford,FWD,Sheffield Utd,0.2437957941279556
34,664,Moisés Caicedo,MID,Brighton,0.27942875598291433
34,166,Richarlison de Andrade,FWD,Everton,0.2437957941279556
34,484,Antonee Robinson,DEF,Fulham,0.2768773400839792
34,546,Nélson Cabral Semedo,DEF,Wolves,0.2768773400839792
34,541,Cengiz Ünder,MID,Leicester,0.27942875598291433
34,459,Conor Coady,DEF,Wolves,0.2768773400839792
34,411,Matt Phillips,MID,West Brom,0.27942875598291433
34,487,Matthew Longstaff,MID,Newcastle,0.27942875598291433
34,357,Oliver McBurnie,FWD,Sheffield Utd,0.2437957941279556
34,113,N'Golo Kanté,MID,Chelsea,0.27942875598291433
34,360,Sander Berge,MID,Sheffield Utd,0.27942875598291433
34,393,Paulo Gazzaniga,GK,Spurs,0.12330835051460963
34,683,Jaden Philogene-Bidace,MID,Aston Villa,0.27942875598291433
34,366,Danny Ings,FWD,Southampton,0.2437957941279556
34,16,Rob Holding,DEF,Arsenal,0.2768773400839792
34,610,Theo Corbeanu,MID,Wolves,0.27942875598291433
34,441,Sébastien Haller,FWD,West Ham,0.2437957941279556
34,183,Marcus Bettinelli,GK,Fulham,0.12330835051460963
34,612,Anthony Mancini,MID,Burnley,0.27942875598291433
34,672,Carney Chukwuemeka,MID,Aston Villa,0.27942875598291433
34,377,Che Adams,FWD,Southampton,0.2437957941279556
34,146,Tyrick Mitchell,DEF,Crystal Palace,0.2768773400839792
34,203,Jack Harrison,MID,Leeds,0.27942875598291433
34,358,Callum Robinson,FWD,West Brom,0.2437957941279556
34,77,Tariq Lamptey,DEF,Brighton,0.2768773400839792
34,477,Luke Freeman,MID,Sheffield Utd,0.27942875598291433
34,423,Sam Field,MID,West Brom,0.27942875598291433
34,472,Matija Sarkic,GK,Wolves,0.12330835051460963
34,671,Kaine Hayden,MID,Aston Villa,0.27942875598291433
34,529,Phil Jagielka,DEF,Sheffield Utd,0.2768773400839792
34,429,David Martin,GK,West Ham,0.12330835051460963
34,29,Ahmed El Mohamady,DEF,Aston Villa,0.2768773400839792
34,40,Mahmoud Ahmed Ibrahim Hassan,MID,Aston Villa,0.27942875598291433
34,190,Aboubakar Kamara,MID,Fulham,0.27942875598291433
34,131,James McCarthy,MID,Crystal Palace,0.27942875598291433
34,21,Reiss Nelson,MID,Arsenal,0.27942875598291433
34,404,Oliver Skipp,MID,Spurs,0.27942875598291433
34,31,Neil Taylor,DEF,Aston Villa,0.2768773400839792
34,606,Daniel Langley,GK,Newcastle,0.12330835051460963
34,281,Bernardo Mota Veiga de Carvalho e Silva,MID,Man City,0.27942875598291433
34,507,Ryan Fraser,MID,Newcastle,0.27942875598291433
34,524,Nathan Tella,MID,Southampton,0.27942875598291433
34,470,Max Kilman,DEF,Wolves,0.2768773400839792
34,207,Jay-Roy Grot,MID,Leeds,0.27942875598291433
34,483,Aaron Ramsdale,GK,Sheffield Utd,0.12330835051460963
34,220,Adrien Silva,MID,Leicester,0.27942875598291433
34,676,Sidnei Tavares,MID,Leicester,0.27942875598291433
34,204,Kalvin Phillips,MID,Leeds,0.27942875598291433
34,570,Raphael Dias Belloli,MID,Leeds,0.27942875598291433
35,591,Max Thompson,FWD,Burnley,0.24379579412795555
35,458,Willy Boly,DEF,Wolves,0.27687734008397924
35,324,Ciaran Clark,DEF,Newcastle,0.27687734008397924
35,614,Luke Cundle,MID,Wolves,0.2794287559829144
35,322,Matt Ritchie,MID,Newcastle,0.2794287559829144
35,245,Adrián San Miguel del Castillo,GK,Liverpool,0.12330835051460962
35,245,Adrián San Miguel del Castillo,GK,Liverpool,0.12330835051460962
35,594,Rhys Williams,DEF,Liverpool,0.27687734008397924
35,594,Rhys Williams,DEF,Liverpool,0.27687734008397924
35,191,André-Frank Zambo Anguissa,MID,Fulham,0.2794287559829144
35,189,Jean Michaël Seri,MID,Fulham,0.2794287559829144
35,425,Dara O'Shea,DEF,West Brom,0.27687734008397924
35,315,Mason Greenwood,MID,Man Utd,0.2794287559829144
35,315,Mason Greenwood,MID,Man Utd,0.2794287559829144
35,315,Mason Greenwood,MID,Man Utd,0.2794287559829144
35,314,José Diogo Dalot Teixeira,DEF,Man Utd,0.27687734008397924
35,314,José Diogo Dalot Teixeira,DEF,Man Utd,0.27687734008397924
35,314,José Diogo Dalot Teixeira,DEF,Man Utd,0.27687734008397924
35,466,Rúben Diogo da Silva Neves,MID,Wolves,0.2794287559829144
35,224,Jamie Vardy,FWD,Leicester,0.24379579412795555
35,224,Jamie Vardy,FWD,Leicester,0.24379579412795555
35,215,Oliver Casey,DEF,Leeds,0.27687734008397924
35,123,Reece James,DEF,Chelsea,0.27687734008397924
35,123,Reece James,DEF,Chelsea,0.27687734008397924
35,680,Nathan Broadhead,MID,Everton,0.2794287559829144
35,680,Nathan Broadhead,MID,Everton,0.2794287559829144
35,292,Chris Smalling,DEF,Man Utd,0.27687734008397924
35,292,Chris Smalling,DEF,Man Utd,0.27687734008397924
35,292,Chris Smalling,DEF,Man Utd,0.27687734008397924
35,99,Bailey Peacock-Farrell,GK,Burnley,0.12330835051460962
35,279,Nathan Aké,DEF,Man City,0.27687734008397924
35,530,Branislav Ivanovic,DEF,West Brom,0.27687734008397924
35,417,Sam Johnstone,GK,West Brom,0.12330835051460962
35,14,Sead Kolasinac,DEF,Arsenal,0.27687734008397924
35,14,Sead Kolasinac,DEF,Arsenal,0.27687734008397924
35,503,Christian Walton,GK,Brighton,0.12330835051460962
35,620,Charlie Cresswell,DEF,Leeds,0.27687734008397924
35,3,David Luiz Moreira Marinho,DEF,Arsenal,0.27687734008397924
35,3,David Luiz Moreira Marinho,DEF,Arsenal,0.27687734008397924
35,37,Jack Grealish,MID,Aston Villa,0.2794287559829144
35,37,Jack Grealish,MID,Aston Villa,0.2794287559829144
35,270,Kyle Walker,DEF,Man City,0.27687734008397924
35,440,Felipe Anderson Pereira Gomes,MID,West Ham,0.2794287559829144
35,405,Tanguy Ndombele,MID,Spurs,0.2794287559829144
35,1,Mesut Özil,MID,Arsenal,0.2794287559829144
35,1,Mesut Özil,MID,Arsenal,0.2794287559829144
35,662,Thomas McGill,GK,Brighton,0.12330835051460962
35,150,Gylfi Sigurdsson,MID,Everton,0.2794287559829144
35,150,Gylfi Sigurdsson,MID,Everton,0.2794287559829144
35,118,Tammy Abraham,FWD,Chelsea,0.24379579412795555
35,118,Tammy Abraham,FWD,Chelsea,0.24379579412795555
35,53,Glenn Murray,FWD,Brighton,0.24379579412795555
35,389,Serge Aurier,DEF,Spurs,0.27687734008397924
35,162,Yerry Mina,DEF,Everton,0.27687734008397924
35,162,Yerry Mina,DEF,Everton,0.27687734008397924
35,111,Emerson Palmieri dos Santos,DEF,Chelsea,0.27687734008397924
35,111,Emerson Palmieri dos Santos,DEF,Chelsea,0.27687734008397924
35,341,Yoshinori Muto,FWD,Newcastle,0.24379579412795555
35,346,John Fleck,MID,Sheffield Utd,0.2794287559829144
35,117,Timo Werner,FWD,Chelsea,0.24379579412795555
35,117,Timo Werner,FWD,Chelsea,0.24379579412795555
35,307,Axel Tuanzebe,DEF,Man Utd,0.27687734008397924
35,307,Axel Tuanzebe,DEF,Man Utd,0.27687734008397924
35,307,Axel Tuanzebe,DEF,Man Utd,0.27687734008397924
35,103,Olivier Giroud,FWD,Chelsea,0.24379579412795555
35,103,Olivier Giroud,FWD,Chelsea,0.24379579412795555
35,105,Jorge Luiz Frello Filho,MID,Chelsea,0.2794287559829144
35,105,Jorge Luiz Frello Filho,MID,Chelsea,0.2794287559829144
35,532,Elia Caprile,GK,Leeds,0.12330835051460962
35,336,Isaac Hayden,MID,Newcastle,0.2794287559829144
35,613,Joel Mumbongo,FWD,Burnley,0.24379579412795555
35,88,Ben Mee,DEF,Burnley,0.27687734008397924
35,582,Karlan Grant,FWD,West Brom,0.24379579412795555
35,684,Shane Flynn,MID,Leicester,0.2794287559829144
35,684,Shane Flynn,MID,Leicester,0.2794287559829144
35,642,Willian José Da Silva,FWD,Wolves,0.24379579412795555
35,572,Tosin Adarabioyo,DEF,Fulham,0.27687734008397924
35,291,David de Gea,GK,Man Utd,0.12330835051460962
35,291,David de Gea,GK,Man Utd,0.12330835051460962
35,291,David de Gea,GK,Man Utd,0.12330835051460962
35,139,Patrick van Aanholt,DEF,Crystal Palace,0.27687734008397924
35,139,Patrick van Aanholt,DEF,Crystal Palace,0.27687734008397924
35,325,Karl Darlow,GK,Newcastle,0.12330835051460962
35,175,Tom Cairney,MID,Fulham,0.2794287559829144
35,421,Kyle Edwards,MID,West Brom,0.2794287559829144
35,306,Marcus Rashford,MID,Man Utd,0.2794287559829144
35,306,Marcus Rashford,MID,Man Utd,0.2794287559829144
35,306,Marcus Rashford,MID,Man Utd,0.2794287559829144
35,304,Andreas Pereira,MID,Man Utd,0.2794287559829144
35,304,Andreas Pereira,MID,Man Utd,0.2794287559829144
35,304,Andreas Pereira,MID,Man Utd,0.2794287559829144
35,478,Willian Borges Da Silva,MID,Arsenal,0.2794287559829144
35,478,Willian Borges Da Silva,MID,Arsenal,0.2794287559829144
35,163,Tom Davies,MID,Everton,0.2794287559829144
35,163,Tom Davies,MID,Everton,0.2794287559829144
35,132,Christian Benteke,FWD,Crystal Palace,0.24379579412795555
35,132,Christian Benteke,FWD,Crystal Palace,0.24379579412795555
35,390,Heung-Min Son,MID,Spurs,0.2794287559829144
35,299,Frederico Rodrigues de Paula Santos,MID,Man Utd,0.2794287559829144
35,299,Frederico Rodrigues de Paula Santos,MID,Man Utd,0.2794287559829144
35,299,Frederico Rodrigues de Paula Santos,MID,Man Utd,0.2794287559829144
35,402,Japhet Tanganga,DEF,Spurs,0.27687734008397924
35,28,Tom Heaton,GK,Aston Villa,0.12330835051460962
35,28,Tom Heaton,GK,Aston Villa,0.12330835051460962
35,617,Andreas Söndergaard,GK,Wolves,0.12330835051460962
35,696,Ben Woodburn,MID,Liverpool,0.2794287559829144
35,696,Ben Woodburn,MID,Liverpool,0.2794287559829144
35,364,Oriol Romeu Vidal,MID,Southampton,0.2794287559829144
35,364,Oriol Romeu Vidal,MID,Southampton,0.2794287559829144
35,12,Emiliano Martínez,GK,Aston Villa,0.12330835051460962
35,12,Emiliano Martínez,GK,Aston Villa,0.12330835051460962
35,482,Joe Hart,GK,Spurs,0.12330835051460962
35,124,Billy Gilmour,MID,Chelsea,0.2794287559829144
35,124,Billy Gilmour,MID,Chelsea,0.2794287559829144
35,438,Ryan Fredericks,DEF,West Ham,0.27687734008397924
35,181,Bobby Decordova-Reid,FWD,Fulham,0.24379579412795555
35,243,Georginio Wijnaldum,MID,Liverpool,0.2794287559829144
35,243,Georginio Wijnaldum,MID,Liverpool,0.2794287559829144
35,294,Marcos Rojo,DEF,Man Utd,0.27687734008397924
35,294,Marcos Rojo,DEF,Man Utd,0.27687734008397924
35,294,Marcos Rojo,DEF,Man Utd,0.27687734008397924
35,558,Vladimir Coufal,DEF,West Ham,0.27687734008397924
35,376,Jan Bednarek,DEF,Southampton,0.27687734008397924
35,376,Jan Bednarek,DEF,Southampton,0.27687734008397924
35,573,Robin Olsen,GK,Everton,0.12330835051460962
35,573,Robin Olsen,GK,Everton,0.12330835051460962
35,93,Matej Vydra,FWD,Burnley,0.24379579412795555
35,538,Zack Steffen,GK,Man City,0.12330835051460962
35,418,Conor Townsend,DEF,West Brom,0.27687734008397924
35,187,Ivan Ricardo Neves Abreu Cavaleiro,MID,Fulham,0.2794287559829144
35,432,Angelo Ogbonna,DEF,West Ham,0.27687734008397924
35,208,Kamil Miazek,GK,Leeds,0.12330835051460962
35,140,Jordan Ayew,FWD,Crystal Palace,0.24379579412795555
35,140,Jordan Ayew,FWD,Crystal Palace,0.24379579412795555
35,670,Frankie Maguire,MID,Sheffield Utd,0.2794287559829144
35,515,Vitor Ferreira,MID,Wolves,0.2794287559829144
35,512,Abdoulaye Doucouré,MID,Everton,0.2794287559829144
35,512,Abdoulaye Doucouré,MID,Everton,0.2794287559829144
35,232,Benjamin Chilwell,DEF,Chelsea,0.27687734008397924
35,232,Benjamin Chilwell,DEF,Chelsea,0.27687734008397924
35,446,Grady Diangana,MID,West Brom,0.2794287559829144
35,353,John Egan,DEF,Sheffield Utd,0.27687734008397924
35,229,Ayoze Pérez,MID,Leicester,0.2794287559829144
35,229,Ayoze Pérez,MID,Leicester,0.2794287559829144
35,293,Odion Ighalo,FWD,Man Utd,0.24379579412795555
35,293,Odion Ighalo,FWD,Man Utd,0.24379579412795555
35,293,Odion Ighalo,FWD,Man Utd,0.24379579412795555
35,356,Ben Osborn,MID,Sheffield Utd,0.2794287559829144
35,448,Declan Rice,MID,West Ham,0.2794287559829144
35,479,Mohammed Salisu,DEF,Southampton,0.27687734008397924
35,479,Mohammed Salisu,DEF,Southampton,0.27687734008397924
35,622,Luke Mbete,DEF,Man City,0.27687734008397924
35,217,Kasper Schmeichel,GK,Leicester,0.12330835051460962
35,217,Kasper Schmeichel,GK,Leicester,0.12330835051460962
35,588,Danny Welbeck,FWD,Brighton,0.24379579412795555
35,577,Nathaniel Clyne,DEF,Crystal Palace,0.27687734008397924
35,577,Nathaniel Clyne,DEF,Crystal Palace,0.27687734008397924
35,637,Frederik Alves,DEF,West Ham,0.27687734008397924
35,213,Illan Meslier,GK,Leeds,0.12330835051460962
35,287,Ferran Torres,MID,Man City,0.2794287559829144
35,494,Gabriel Magalhães,DEF,Arsenal,0.27687734008397924
35,494,Gabriel Magalhães,DEF,Arsenal,0.27687734008397924
35,222,Matty James,MID,Leicester,0.2794287559829144
35,222,Matty James,MID,Leicester,0.2794287559829144
35,262,Rhian Brewster,FWD,Sheffield Utd,0.24379579412795555
35,321,Jonjo Shelvey,MID,Newcastle,0.2794287559829144
35,686,Nathan Bishop,GK,Man Utd,0.12330835051460962
35,686,Nathan Bishop,GK,Man Utd,0.12330835051460962
35,686,Nathan Bishop,GK,Man Utd,0.12330835051460962
35,252,Alisson Ramses Becker,GK,Liverpool,0.12330835051460962
35,252,Alisson Ramses Becker,GK,Liverpool,0.12330835051460962
35,11,Héctor Bellerín,DEF,Arsenal,0.27687734008397924
35,11,Héctor Bellerín,DEF,Arsenal,0.27687734008397924
35,465,Adama Traoré,MID,Wolves,0.2794287559829144
35,698,Valentino Livramento,DEF,Chelsea,0.27687734008397924
35,698,Valentino Livramento,DEF,Chelsea,0.27687734008397924
35,578,Stephen Henderson,GK,Crystal Palace,0.12330835051460962
35,578,Stephen Henderson,GK,Crystal Palace,0.12330835051460962
35,621,Cheikh Diaby,FWD,West Brom,0.24379579412795555
35,601,Leighton Clarkson,MID,Liverpool,0.2794287559829144
35,601,Leighton Clarkson,MID,Liverpool,0.2794287559829144
35,205,Hélder Wander Sousa de Azevedo e Costa,MID,Leeds,0.2794287559829144
35,202,Patrick Bamford,FWD,Leeds,0.24379579412795555
35,254,Mohamed Salah,MID,Liverpool,0.2794287559829144
35,254,Mohamed Salah,MID,Liverpool,0.2794287559829144
35,641,Jean-Philippe Mateta,FWD,Crystal Palace,0.24379579412795555
35,641,Jean-Philippe Mateta,FWD,Crystal Palace,0.24379579412795555
35,352,Jack Robinson,DEF,Sheffield Utd,0.27687734008397924
35,442,Arthur Masuaku,DEF,West Ham,0.27687734008397924
35,5,Cédric Soares,DEF,Arsenal,0.27687734008397924
35,5,Cédric Soares,DEF,Arsenal,0.27687734008397924
35,23,Emile Smith Rowe,MID,Arsenal,0.2794287559829144
35,23,Emile Smith Rowe,MID,Arsenal,0.2794287559829144
35,345,Chris Basham,DEF,Sheffield Utd,0.27687734008397924
35,533,Mateusz Bogusz,MID,Leeds,0.2794287559829144
35,338,Allan Saint-Maximin,MID,Newcastle,0.2794287559829144
35,328,Jamaal Lascelles,DEF,Newcastle,0.27687734008397924
35,460,Raúl Jiménez,FWD,Wolves,0.24379579412795555
35,298,Harry Maguire,DEF,Man Utd,0.27687734008397924
35,298,Harry Maguire,DEF,Man Utd,0.27687734008397924
35,298,Harry Maguire,DEF,Man Utd,0.27687734008397924
35,319,Teden Mengi,DEF,Man Utd,0.27687734008397924
35,319,Teden Mengi,DEF,Man Utd,0.27687734008397924
35,319,Teden Mengi,DEF,Man Utd,0.27687734008397924
35,174,Stefan Johansen,MID,Fulham,0.2794287559829144
35,361,Shane Long,FWD,Southampton,0.24379579412795555
35,361,Shane Long,FWD,Southampton,0.24379579412795555
35,233,Kelechi Iheanacho,FWD,Leicester,0.24379579412795555
35,233,Kelechi Iheanacho,FWD,Leicester,0.24379579412795555
35,433,Roberto Jimenez Gago,GK,West Ham,0.12330835051460962
35,185,Alfie Mawson,DEF,Fulham,0.27687734008397924
35,66,Adam Webster,DEF,Brighton,0.27687734008397924
35,313,Aaron Wan-Bissaka,DEF,Man Utd,0.27687734008397924
35,313,Aaron Wan-Bissaka,DEF,Man Utd,0.27687734008397924
35,313,Aaron Wan-Bissaka,DEF,Man Utd,0.27687734008397924
35,55,Dale Stephens,MID,Burnley,0.2794287559829144
35,193,Pablo Hernández Domínguez,MID,Leeds,0.2794287559829144
35,30,Henri Lansbury,MID,Aston Villa,0.2794287559829144
35,30,Henri Lansbury,MID,Aston Villa,0.2794287559829144
35,152,Seamus Coleman,DEF,Everton,0.27687734008397924
35,152,Seamus Coleman,DEF,Everton,0.27687734008397924
35,394,Bamidele Alli,MID,Spurs,0.2794287559829144
35,504,Fabio Silva,FWD,Wolves,0.24379579412795555
35,400,Steven Bergwijn,MID,Spurs,0.2794287559829144
35,269,Nicolás Otamendi,DEF,Man City,0.27687734008397924
35,587,Saïd Benrahma,MID,West Ham,0.2794287559829144
35,531,Thiago Alcántara do Nascimento,MID,Liverpool,0.2794287559829144
35,531,Thiago Alcántara do Nascimento,MID,Liverpool,0.2794287559829144
35,589,Nathaniel Phillips,DEF,Liverpool,0.27687734008397924
35,589,Nathaniel Phillips,DEF,Liverpool,0.27687734008397924
35,110,Kurt Zouma,DEF,Chelsea,0.27687734008397924
35,110,Kurt Zouma,DEF,Chelsea,0.27687734008397924
35,435,Aaron Cresswell,DEF,West Ham,0.27687734008397924
35,219,Jonny Evans,DEF,Leicester,0.27687734008397924
35,219,Jonny Evans,DEF,Leicester,0.27687734008397924
35,318,Brandon Williams,DEF,Man Utd,0.27687734008397924
35,318,Brandon Williams,DEF,Man Utd,0.27687734008397924
35,318,Brandon Williams,DEF,Man Utd,0.27687734008397924
35,130,James McArthur,MID,Crystal Palace,0.2794287559829144
35,130,James McArthur,MID,Crystal Palace,0.2794287559829144
35,643,Alexandre Jankewitz,MID,Southampton,0.2794287559829144
35,643,Alexandre Jankewitz,MID,Southampton,0.2794287559829144
35,450,Pablo Fornals,MID,West Ham,0.2794287559829144
35,272,Kevin De Bruyne,MID,Man City,0.2794287559829144
35,22,Edward Nketiah,FWD,Arsenal,0.24379579412795555
35,22,Edward Nketiah,FWD,Arsenal,0.24379579412795555
35,657,Zak Brunt,MID,Sheffield Utd,0.2794287559829144
35,491,Robin Koch,DEF,Leeds,0.27687734008397924
35,69,Leandro Trossard,MID,Brighton,0.2794287559829144
35,560,Caoimhin Kelleher,GK,Liverpool,0.12330835051460962
35,560,Caoimhin Kelleher,GK,Liverpool,0.12330835051460962
35,61,Dan Burn,DEF,Brighton,0.27687734008397924
35,455,Rui Pedro dos Santos Patrício,GK,Wolves,0.12330835051460962
35,6,Alexandre Lacazette,FWD,Arsenal,0.24379579412795555
35,6,Alexandre Lacazette,FWD,Arsenal,0.24379579412795555
35,552,Cole Palmer,MID,Man City,0.2794287559829144
35,382,Moussa Djenepo,MID,Southampton,0.2794287559829144
35,382,Moussa Djenepo,MID,Southampton,0.2794287559829144
35,383,Hugo Lloris,GK,Spurs,0.12330835051460962
35,83,Erik Pieters,DEF,Burnley,0.27687734008397924
35,384,Danny Rose,DEF,Spurs,0.27687734008397924
35,196,Barry Douglas,DEF,Leeds,0.27687734008397924
35,317,James Garner,MID,Man Utd,0.2794287559829144
35,317,James Garner,MID,Man Utd,0.2794287559829144
35,317,James Garner,MID,Man Utd,0.2794287559829144
35,340,Joelinton Cássio Apolinário de Lira,FWD,Newcastle,0.24379579412795555
35,579,Islam Slimani,FWD,Leicester,0.24379579412795555
35,579,Islam Slimani,FWD,Leicester,0.24379579412795555
35,41,Tyrone Mings,DEF,Aston Villa,0.27687734008397924
35,41,Tyrone Mings,DEF,Aston Villa,0.27687734008397924
35,595,James Trafford,GK,Man City,0.12330835051460962
35,673,Shola Shoretire,MID,Man Utd,0.2794287559829144
35,673,Shola Shoretire,MID,Man Utd,0.2794287559829144
35,673,Shola Shoretire,MID,Man Utd,0.2794287559829144
35,122,Callum Hudson-Odoi,MID,Chelsea,0.2794287559829144
35,122,Callum Hudson-Odoi,MID,Chelsea,0.2794287559829144
35,580,Michael Verrips,GK,Sheffield Utd,0.12330835051460962
35,447,Albian Ajeti,FWD,West Ham,0.24379579412795555
35,453,John Ruddy,GK,Wolves,0.12330835051460962
35,116,Andreas Christensen,DEF,Chelsea,0.27687734008397924
35,116,Andreas Christensen,DEF,Chelsea,0.27687734008397924
35,78,Aaron Connolly,FWD,Brighton,0.24379579412795555
35,65,Solomon March,MID,Brighton,0.2794287559829144
35,92,Matthew Lowton,DEF,Burnley,0.27687734008397924
35,199,Adam Forshaw,MID,Leeds,0.2794287559829144
35,665,Josh Maja,FWD,Fulham,0.24379579412795555
35,241,James Milner,MID,Liverpool,0.2794287559829144
35,241,James Milner,MID,Liverpool,0.2794287559829144
35,666,Dane Scarlett,FWD,Spurs,0.24379579412795555
35,363,Alex McCarthy,GK,Southampton,0.12330835051460962
35,363,Alex McCarthy,GK,Southampton,0.12330835051460962
35,257,Harry Wilson,MID,Liverpool,0.2794287559829144
35,257,Harry Wilson,MID,Liverpool,0.2794287559829144
35,644,Tyler Onyango,MID,Everton,0.2794287559829144
35,644,Tyler Onyango,MID,Everton,0.2794287559829144
35,607,Jake Cain,MID,Liverpool,0.2794287559829144
35,607,Jake Cain,MID,Liverpool,0.2794287559829144
35,640,Amad Diallo,MID,Man Utd,0.2794287559829144
35,640,Amad Diallo,MID,Man Utd,0.2794287559829144
35,640,Amad Diallo,MID,Man Utd,0.2794287559829144
35,517,Kenny Tete,DEF,Fulham,0.27687734008397924
35,615,Lewis Richards,DEF,Wolves,0.27687734008397924
35,145,Nathan Ferguson,DEF,Crystal Palace,0.27687734008397924
35,145,Nathan Ferguson,DEF,Crystal Palace,0.27687734008397924
35,33,Conor Hourihane,MID,Aston Villa,0.2794287559829144
35,33,Conor Hourihane,MID,Aston Villa,0.2794287559829144
35,151,Jonas Lössl,GK,Everton,0.12330835051460962
35,151,Jonas Lössl,GK,Everton,0.12330835051460962
35,35,Ørjan Nyland,GK,Aston Villa,0.12330835051460962
35,35,Ørjan Nyland,GK,Aston Villa,0.12330835051460962
35,134,Joel Ward,DEF,Crystal Palace,0.27687734008397924
35,134,Joel Ward,DEF,Crystal Palace,0.27687734008397924
35,497,Jacob Murphy,MID,Newcastle,0.2794287559829144
35,603,Kean Bryan,DEF,Sheffield Utd,0.27687734008397924
35,249,Roberto Firmino,FWD,Liverpool,0.24379579412795555
35,249,Roberto Firmino,FWD,Liverpool,0.24379579412795555
35,650,Alfie Devine,MID,Spurs,0.2794287559829144
35,608,Scott Carson,GK,Man City,0.12330835051460962
35,510,Jayden Bogle,DEF,Sheffield Utd,0.27687734008397924
35,398,Davinson Sánchez,DEF,Spurs,0.27687734008397924
35,227,Daniel Amartey,DEF,Leicester,0.27687734008397924
35,227,Daniel Amartey,DEF,Leicester,0.27687734008397924
35,226,Ricardo Domingos Barbosa Pereira,DEF,Leicester,0.27687734008397924
35,226,Ricardo Domingos Barbosa Pereira,DEF,Leicester,0.27687734008397924
35,564,Carlos Vinicius Alves Morais,FWD,Spurs,0.24379579412795555
35,388,Harry Kane,FWD,Spurs,0.24379579412795555
35,20,Joseph Willock,MID,Newcastle,0.2794287559829144
35,127,Mamadou Sakho,DEF,Crystal Palace,0.27687734008397924
35,127,Mamadou Sakho,DEF,Crystal Palace,0.27687734008397924
35,630,Reda Khadra,MID,Brighton,0.2794287559829144
35,619,Niall Huggins,FWD,Leeds,0.24379579412795555
35,575,Facundo Pellistri,MID,Man Utd,0.2794287559829144
35,575,Facundo Pellistri,MID,Man Utd,0.2794287559829144
35,575,Facundo Pellistri,MID,Man Utd,0.2794287559829144
35,645,Martin Ødegaard,MID,Arsenal,0.2794287559829144
35,645,Martin Ødegaard,MID,Arsenal,0.2794287559829144
35,25,Matteo Guendouzi,MID,Arsenal,0.2794287559829144
35,25,Matteo Guendouzi,MID,Arsenal,0.2794287559829144
35,416,Kenneth Zohore,FWD,West Brom,0.24379579412795555
35,326,Martin Dubravka,GK,Newcastle,0.12330835051460962
35,700,Caleb Taylor,DEF,West Brom,0.27687734008397924
35,511,Max Lowe,DEF,Sheffield Utd,0.27687734008397924
35,449,Tomas Soucek,MID,West Ham,0.2794287559829144
35,471,Rúben Gonçalo Silva Nascimento Vinagre,DEF,Wolves,0.27687734008397924
35,697,Billy Koumetio,DEF,Liverpool,0.27687734008397924
35,697,Billy Koumetio,DEF,Liverpool,0.27687734008397924
35,282,Gabriel Fernando de Jesus,FWD,Man City,0.24379579412795555
35,516,Alphonse Areola,GK,Fulham,0.12330835051460962
35,112,Kepa Arrizabalaga,GK,Chelsea,0.12330835051460962
35,112,Kepa Arrizabalaga,GK,Chelsea,0.12330835051460962
35,121,Fikayo Tomori,DEF,Chelsea,0.27687734008397924
35,121,Fikayo Tomori,DEF,Chelsea,0.27687734008397924
35,15,Ainsley Maitland-Niles,DEF,West Brom,0.27687734008397924
35,147,Brandon Pierrick,MID,Crystal Palace,0.2794287559829144
35,147,Brandon Pierrick,MID,Crystal Palace,0.2794287559829144
35,652,Ozan Kabak,DEF,Liverpool,0.27687734008397924
35,652,Ozan Kabak,DEF,Liverpool,0.27687734008397924
35,395,Ben Davies,DEF,Spurs,0.27687734008397924
35,101,Willy Caballero,GK,Chelsea,0.12330835051460962
35,101,Willy Caballero,GK,Chelsea,0.12330835051460962
35,694,Cody Drameh,DEF,Leeds,0.27687734008397924
35,396,Pierre-Emile Højbjerg,MID,Spurs,0.2794287559829144
35,238,Çaglar Söyüncü,DEF,Leicester,0.27687734008397924
35,238,Çaglar Söyüncü,DEF,Leicester,0.27687734008397924
35,625,Harry Lewis,GK,Southampton,0.12330835051460962
35,625,Harry Lewis,GK,Southampton,0.12330835051460962
35,285,Tommy Doyle,MID,Man City,0.2794287559829144
35,452,Ben Johnson,DEF,West Ham,0.27687734008397924
35,172,Kevin McDonald,MID,Fulham,0.2794287559829144
35,379,William Smallbone,MID,Southampton,0.2794287559829144
35,379,William Smallbone,MID,Southampton,0.2794287559829144
35,605,Faustino Anjorin,MID,Chelsea,0.2794287559829144
35,605,Faustino Anjorin,MID,Chelsea,0.2794287559829144
35,392,Lucas Rodrigues Moura da Silva,MID,Spurs,0.2794287559829144
35,682,Harry Tyrer,GK,Everton,0.12330835051460962
35,682,Harry Tyrer,GK,Everton,0.12330835051460962
35,490,Thiago Thiago,DEF,Chelsea,0.27687734008397924
35,490,Thiago Thiago,DEF,Chelsea,0.27687734008397924
35,64,Florin Andone,FWD,Brighton,0.24379579412795555
35,141,Wilfried Zaha,MID,Crystal Palace,0.2794287559829144
35,141,Wilfried Zaha,MID,Crystal Palace,0.2794287559829144
35,454,João Filipe Iria Santos Moutinho,MID,Wolves,0.2794287559829144
35,518,Nampalys Mendy,MID,Leicester,0.2794287559829144
35,518,Nampalys Mendy,MID,Leicester,0.2794287559829144
35,508,James Rodríguez,MID,Everton,0.2794287559829144
35,508,James Rodríguez,MID,Everton,0.2794287559829144
35,60,Aaron Mooy,MID,Brighton,0.2794287559829144
35,334,Fabian Schär,DEF,Newcastle,0.27687734008397924
35,629,Nigel Lonwijk,DEF,Wolves,0.27687734008397924
35,74,Ben White,DEF,Brighton,0.27687734008397924
35,165,Mason Holgate,DEF,Everton,0.27687734008397924
35,165,Mason Holgate,DEF,Everton,0.27687734008397924
35,7,Shkodran Mustafi,DEF,Arsenal,0.27687734008397924
35,7,Shkodran Mustafi,DEF,Arsenal,0.27687734008397924
35,553,Meritan Shabani,MID,Wolves,0.2794287559829144
35,691,Isaac Price,MID,Everton,0.2794287559829144
35,691,Isaac Price,MID,Everton,0.2794287559829144
35,157,Jordan Pickford,GK,Everton,0.12330835051460962
35,157,Jordan Pickford,GK,Everton,0.12330835051460962
35,688,Jesurun Rak-Sakyi,MID,Crystal Palace,0.2794287559829144
35,688,Jesurun Rak-Sakyi,MID,Crystal Palace,0.2794287559829144
35,506,Callum Wilson,FWD,Newcastle,0.24379579412795555
35,548,Edouard Mendy,GK,Chelsea,0.12330835051460962
35,548,Edouard Mendy,GK,Chelsea,0.12330835051460962
35,91,Chris Wood,FWD,Burnley,0.24379579412795555
35,173,Maxime Le Marchand,DEF,Fulham,0.27687734008397924
35,82,Phil Bardsley,DEF,Burnley,0.27687734008397924
35,380,Jake Vokins,DEF,Southampton,0.27687734008397924
35,380,Jake Vokins,DEF,Southampton,0.27687734008397924
35,536,Anthony Driscoll-Glennon,DEF,Burnley,0.27687734008397924
35,667,Joe Gelhardt,FWD,Leeds,0.24379579412795555
35,251,Sadio Mané,MID,Liverpool,0.2794287559829144
35,251,Sadio Mané,MID,Liverpool,0.2794287559829144
35,104,Marcos Alonso,DEF,Chelsea,0.27687734008397924
35,104,Marcos Alonso,DEF,Chelsea,0.27687734008397924
35,481,Matheus Pereira,MID,West Brom,0.2794287559829144
35,156,Michael Keane,DEF,Everton,0.27687734008397924
35,156,Michael Keane,DEF,Everton,0.27687734008397924
35,592,Lewis Richardson,FWD,Burnley,0.24379579412795555
35,687,Thanawat Suengchitthawon,MID,Leicester,0.2794287559829144
35,687,Thanawat Suengchitthawon,MID,Leicester,0.2794287559829144
35,557,Ademola Lookman,MID,Fulham,0.2794287559829144
35,661,Thakgalo Leshabela,MID,Leicester,0.2794287559829144
35,661,Thakgalo Leshabela,MID,Leicester,0.2794287559829144
35,646,Kyron Gordon,DEF,Sheffield Utd,0.27687734008397924
35,574,Andi Zeqiri,FWD,Brighton,0.24379579412795555
35,295,Nemanja Matic,MID,Man Utd,0.2794287559829144
35,295,Nemanja Matic,MID,Man Utd,0.2794287559829144
35,295,Nemanja Matic,MID,Man Utd,0.2794287559829144
35,381,Michael Obafemi,FWD,Southampton,0.24379579412795555
35,381,Michael Obafemi,FWD,Southampton,0.24379579412795555
35,609,Felix Nmecha,MID,Man City,0.2794287559829144
35,690,Reece Welch,DEF,Everton,0.27687734008397924
35,690,Reece Welch,DEF,Everton,0.27687734008397924
35,387,Erik Lamela,MID,Spurs,0.2794287559829144
35,85,Kevin Long,DEF,Burnley,0.27687734008397924
35,137,Andros Townsend,MID,Crystal Palace,0.2794287559829144
35,137,Andros Townsend,MID,Crystal Palace,0.2794287559829144
35,36,Bjorn Engels,DEF,Aston Villa,0.27687734008397924
35,36,Bjorn Engels,DEF,Aston Villa,0.27687734008397924
35,678,Jakub Ojrzynski,GK,Liverpool,0.12330835051460962
35,678,Jakub Ojrzynski,GK,Liverpool,0.12330835051460962
35,115,Ruben Loftus-Cheek,MID,Fulham,0.2794287559829144
35,628,Jakub Moder,MID,Brighton,0.2794287559829144
35,158,André Filipe Tavares Gomes,MID,Everton,0.2794287559829144
35,158,André Filipe Tavares Gomes,MID,Everton,0.2794287559829144
35,34,José Ignacio Peleteiro Romallo,MID,Aston Villa,0.2794287559829144
35,34,José Ignacio Peleteiro Romallo,MID,Aston Villa,0.2794287559829144
35,616,Christian Marques,DEF,Wolves,0.27687734008397924
35,535,Josh Benson,MID,Burnley,0.2794287559829144
35,505,Fernando Marçal,DEF,Wolves,0.27687734008397924
35,268,Sergio Agüero,FWD,Man City,0.24379579412795555
35,94,Ben Gibson,DEF,Burnley,0.27687734008397924
35,192,Zeze Steven Sessegnon,DEF,Fulham,0.27687734008397924
35,46,Ezri Konsa Ngoyo,DEF,Aston Villa,0.27687734008397924
35,46,Ezri Konsa Ngoyo,DEF,Aston Villa,0.27687734008397924
35,133,Cheikhou Kouyaté,MID,Crystal Palace,0.2794287559829144
35,133,Cheikhou Kouyaté,MID,Crystal Palace,0.2794287559829144
35,668,Conor Coventry,MID,West Ham,0.2794287559829144
35,555,Filip Krovinovic,MID,West Brom,0.2794287559829144
35,253,Fabio Henrique Tavares,MID,Liverpool,0.2794287559829144
35,253,Fabio Henrique Tavares,MID,Liverpool,0.2794287559829144
35,627,Percy Tau,MID,Brighton,0.2794287559829144
35,155,Lucas Digne,DEF,Everton,0.27687734008397924
35,155,Lucas Digne,DEF,Everton,0.27687734008397924
35,474,Pedro Lomba Neto,MID,Wolves,0.2794287559829144
35,656,Iliman Ndiaye,MID,Sheffield Utd,0.2794287559829144
35,496,Matthew Cash,DEF,Aston Villa,0.27687734008397924
35,496,Matthew Cash,DEF,Aston Villa,0.27687734008397924
35,528,Jason Steele,GK,Brighton,0.12330835051460962
35,228,Youri Tielemans,MID,Leicester,0.2794287559829144
35,228,Youri Tielemans,MID,Leicester,0.2794287559829144
35,559,Niels Nkounkou,DEF,Everton,0.27687734008397924
35,559,Niels Nkounkou,DEF,Everton,0.27687734008397924
35,277,João Pedro Cavaco Cancelo,DEF,Man City,0.27687734008397924
35,681,Ryan Astley,DEF,Everton,0.27687734008397924
35,681,Ryan Astley,DEF,Everton,0.27687734008397924
35,486,Scott Dann,DEF,Crystal Palace,0.27687734008397924
35,486,Scott Dann,DEF,Crystal Palace,0.27687734008397924
35,288,Eric Garcia,DEF,Man City,0.27687734008397924
35,408,Hal Robson-Kanu,FWD,West Brom,0.24379579412795555
35,413,Romaine Sawyers,MID,West Brom,0.2794287559829144
35,178,Michael Hector,DEF,Fulham,0.27687734008397924
35,209,Ian Carlo Poveda-Ocampo,MID,Leeds,0.2794287559829144
35,149,Fabian Delph,MID,Everton,0.2794287559829144
35,149,Fabian Delph,MID,Everton,0.2794287559829144
35,32,Jed Steer,GK,Aston Villa,0.12330835051460962
35,32,Jed Steer,GK,Aston Villa,0.12330835051460962
35,420,Jonathan Leko,MID,West Brom,0.2794287559829144
35,561,Wesley Fofana,DEF,Leicester,0.27687734008397924
35,561,Wesley Fofana,DEF,Leicester,0.27687734008397924
35,585,Terence Kongolo,DEF,Fulham,0.27687734008397924
35,168,Anthony Gordon,MID,Everton,0.2794287559829144
35,168,Anthony Gordon,MID,Everton,0.2794287559829144
35,114,Hakim Ziyech,MID,Chelsea,0.2794287559829144
35,114,Hakim Ziyech,MID,Chelsea,0.2794287559829144
35,498,Timothy Castagne,DEF,Leicester,0.27687734008397924
35,498,Timothy Castagne,DEF,Leicester,0.27687734008397924
35,305,Dean Henderson,GK,Man Utd,0.12330835051460962
35,305,Dean Henderson,GK,Man Utd,0.12330835051460962
35,305,Dean Henderson,GK,Man Utd,0.12330835051460962
35,660,Vontae Daley-Campbell,DEF,Leicester,0.27687734008397924
35,660,Vontae Daley-Campbell,DEF,Leicester,0.27687734008397924
35,337,Rolando Aarons,MID,Newcastle,0.2794287559829144
35,488,Mark Gillespie,GK,Newcastle,0.12330835051460962
35,206,Tyler Roberts,MID,Leeds,0.2794287559829144
35,148,Theo Walcott,MID,Southampton,0.2794287559829144
35,148,Theo Walcott,MID,Southampton,0.2794287559829144
35,177,Anthony Knockaert,MID,Fulham,0.2794287559829144
35,195,Liam Cooper,DEF,Leeds,0.27687734008397924
35,68,Neal Maupay,FWD,Brighton,0.24379579412795555
35,242,Konstantinos Tsimikas,DEF,Liverpool,0.27687734008397924
35,242,Konstantinos Tsimikas,DEF,Liverpool,0.27687734008397924
35,354,Jack O'Connell,DEF,Sheffield Utd,0.27687734008397924
35,633,Jensen Weir,MID,Brighton,0.2794287559829144
35,703,Tawanda Maswanhise,MID,Leicester,0.2794287559829144
35,703,Tawanda Maswanhise,MID,Leicester,0.2794287559829144
35,365,Nathan Redmond,MID,Southampton,0.2794287559829144
35,365,Nathan Redmond,MID,Southampton,0.2794287559829144
35,128,Vicente Guaita,GK,Crystal Palace,0.12330835051460962
35,128,Vicente Guaita,GK,Crystal Palace,0.12330835051460962
35,176,Tim Ream,DEF,Fulham,0.27687734008397924
35,237,Filip Benkovic,DEF,Leicester,0.27687734008397924
35,237,Filip Benkovic,DEF,Leicester,0.27687734008397924
35,463,Léo Bonatini,FWD,Wolves,0.24379579412795555
35,368,Stuart Armstrong,MID,Southampton,0.2794287559829144
35,368,Stuart Armstrong,MID,Southampton,0.2794287559829144
35,79,Steven Alzate,MID,Brighton,0.2794287559829144
35,549,Diego Llorente,DEF,Leeds,0.27687734008397924
35,685,Gaetano Berardi,DEF,Leeds,0.27687734008397924
35,235,Harvey Barnes,MID,Leicester,0.2794287559829144
35,235,Harvey Barnes,MID,Leicester,0.2794287559829144
35,27,William Saliba,DEF,Arsenal,0.27687734008397924
35,27,William Saliba,DEF,Arsenal,0.27687734008397924
35,539,Liam Delap,FWD,Man City,0.24379579412795555
35,445,Jarrod Bowen,MID,West Ham,0.2794287559829144
35,2,Sokratis Papastathopoulos,DEF,Arsenal,0.27687734008397924
35,2,Sokratis Papastathopoulos,DEF,Arsenal,0.27687734008397924
35,263,Curtis Jones,MID,Liverpool,0.2794287559829144
35,263,Curtis Jones,MID,Liverpool,0.2794287559829144
35,469,Daniel Castelo Podence,MID,Wolves,0.2794287559829144
35,47,Frédéric Guilbert,DEF,Aston Villa,0.27687734008397924
35,47,Frédéric Guilbert,DEF,Aston Villa,0.27687734008397924
35,467,Oskar Buur,DEF,Wolves,0.27687734008397924
35,246,Joel Matip,DEF,Liverpool,0.27687734008397924
35,246,Joel Matip,DEF,Liverpool,0.27687734008397924
35,374,Josh Sims,MID,Southampton,0.2794287559829144
35,374,Josh Sims,MID,Southampton,0.2794287559829144
35,428,Robert Snodgrass,MID,West Brom,0.2794287559829144
35,597,Robert Sánchez,GK,Brighton,0.12330835051460962
35,534,Ryan Inniss,DEF,Crystal Palace,0.27687734008397924
35,534,Ryan Inniss,DEF,Crystal Palace,0.27687734008397924
35,437,Michail Antonio,FWD,West Ham,0.24379579412795555
35,636,Caleb Watts,MID,Southampton,0.2794287559829144
35,636,Caleb Watts,MID,Southampton,0.2794287559829144
35,248,Alex Oxlade-Chamberlain,MID,Liverpool,0.2794287559829144
35,248,Alex Oxlade-Chamberlain,MID,Liverpool,0.2794287559829144
35,316,Tahith Chong,MID,Man Utd,0.2794287559829144
35,316,Tahith Chong,MID,Man Utd,0.2794287559829144
35,316,Tahith Chong,MID,Man Utd,0.2794287559829144
35,674,Nathan Trott,GK,West Ham,0.12330835051460962
35,649,Hugo Bueno,DEF,Wolves,0.27687734008397924
35,342,Kelland Watts,DEF,Newcastle,0.27687734008397924
35,669,Jamal Baptiste,DEF,West Ham,0.27687734008397924
35,602,Elliot Anderson,MID,Newcastle,0.2794287559829144
35,261,Naby Keita,MID,Liverpool,0.2794287559829144
35,261,Naby Keita,MID,Liverpool,0.2794287559829144
35,4,Pierre-Emerick Aubameyang,MID,Arsenal,0.2794287559829144
35,4,Pierre-Emerick Aubameyang,MID,Arsenal,0.2794287559829144
35,58,Shane Duffy,DEF,Brighton,0.27687734008397924
35,142,Jeffrey Schlupp,MID,Crystal Palace,0.2794287559829144
35,142,Jeffrey Schlupp,MID,Crystal Palace,0.2794287559829144
35,236,Wilfred Ndidi,MID,Leicester,0.2794287559829144
35,236,Wilfred Ndidi,MID,Leicester,0.2794287559829144
35,526,Mohamed Naser El Sayed Elneny,MID,Arsenal,0.2794287559829144
35,526,Mohamed Naser El Sayed Elneny,MID,Arsenal,0.2794287559829144
35,180,Neeskens Kebano,MID,Fulham,0.2794287559829144
35,635,Allan Tchaptchet,DEF,Southampton,0.27687734008397924
35,635,Allan Tchaptchet,DEF,Southampton,0.27687734008397924
35,701,Taylor Gardner-Hickman,MID,West Brom,0.2794287559829144
35,330,Christian Atsu,MID,Newcastle,0.2794287559829144
35,323,Federico Fernández,DEF,Newcastle,0.27687734008397924
35,120,Mason Mount,MID,Chelsea,0.2794287559829144
35,120,Mason Mount,MID,Chelsea,0.2794287559829144
35,138,Luka Milivojevic,MID,Crystal Palace,0.2794287559829144
35,138,Luka Milivojevic,MID,Crystal Palace,0.2794287559829144
35,571,Joachim Andersen,DEF,Fulham,0.27687734008397924
35,301,Jesse Lingard,MID,West Ham,0.2794287559829144
35,290,Juan Mata,MID,Man Utd,0.2794287559829144
35,290,Juan Mata,MID,Man Utd,0.2794287559829144
35,290,Juan Mata,MID,Man Utd,0.2794287559829144
35,351,George Baldock,DEF,Sheffield Utd,0.27687734008397924
35,355,John Lundstram,MID,Sheffield Utd,0.2794287559829144
35,100,Dwight McNeil,MID,Burnley,0.2794287559829144
35,409,Jake Livermore,MID,West Brom,0.2794287559829144
35,274,Benjamin Mendy,DEF,Man City,0.27687734008397924
35,72,José Izquierdo,MID,Brighton,0.2794287559829144
35,153,Cenk Tosun,FWD,Everton,0.24379579412795555
35,153,Cenk Tosun,FWD,Everton,0.24379579412795555
35,286,Rodrigo Hernandez,MID,Man City,0.2794287559829144
35,184,Aleksandar Mitrović,FWD,Fulham,0.24379579412795555
35,154,Bernard Anício Caldeira Duarte,MID,Everton,0.2794287559829144
35,154,Bernard Anício Caldeira Duarte,MID,Everton,0.2794287559829144
35,250,Virgil van Dijk,DEF,Liverpool,0.27687734008397924
35,250,Virgil van Dijk,DEF,Liverpool,0.27687734008397924
35,182,Joe Bryan,DEF,Fulham,0.27687734008397924
35,303,Anthony Martial,FWD,Man Utd,0.24379579412795555
35,303,Anthony Martial,FWD,Man Utd,0.24379579412795555
35,303,Anthony Martial,FWD,Man Utd,0.24379579412795555
35,456,Ryan Bennett,DEF,Wolves,0.27687734008397924
35,179,Cyrus Christie,DEF,Fulham,0.27687734008397924
35,634,Will Ferry,MID,Southampton,0.2794287559829144
35,634,Will Ferry,MID,Southampton,0.2794287559829144
35,54,Adam Lallana,MID,Brighton,0.2794287559829144
35,90,Johann Berg Gudmundsson,MID,Burnley,0.2794287559829144
35,654,Okay Yokuslu,MID,West Brom,0.2794287559829144
35,547,Rúnar Alex Rúnarsson,GK,Arsenal,0.12330835051460962
35,547,Rúnar Alex Rúnarsson,GK,Arsenal,0.12330835051460962
35,87,Ashley Barnes,FWD,Burnley,0.24379579412795555
35,125,Gary Cahill,DEF,Crystal Palace,0.27687734008397924
35,125,Gary Cahill,DEF,Crystal Palace,0.27687734008397924
35,171,Fabricio Agosto Ramírez,GK,Fulham,0.12330835051460962
35,551,Mace Goodridge,MID,Burnley,0.2794287559829144
35,264,Neco Williams,DEF,Liverpool,0.27687734008397924
35,264,Neco Williams,DEF,Liverpool,0.27687734008397924
35,333,Emil Krafth,DEF,Newcastle,0.27687734008397924
35,186,Marek Rodák,GK,Fulham,0.12330835051460962
35,95,Robbie Brady,MID,Burnley,0.2794287559829144
35,663,Michal Karbownik,DEF,Brighton,0.27687734008397924
35,461,Romain Saïss,DEF,Wolves,0.27687734008397924
35,17,Kieran Tierney,DEF,Arsenal,0.27687734008397924
35,17,Kieran Tierney,DEF,Arsenal,0.27687734008397924
35,329,Dwight Gayle,FWD,Newcastle,0.24379579412795555
35,214,Leif Davis,DEF,Leeds,0.27687734008397924
35,521,Cameron Carter-Vickers,DEF,Spurs,0.27687734008397924
35,197,Luke Ayling,DEF,Leeds,0.27687734008397924
35,543,Gareth Bale,MID,Spurs,0.2794287559829144
35,201,Ezgjan Alioski,DEF,Leeds,0.27687734008397924
35,267,Claudio Bravo,GK,Man City,0.12330835051460962
35,188,Josh Onomah,MID,Fulham,0.2794287559829144
35,300,Luke Shaw,DEF,Man Utd,0.27687734008397924
35,300,Luke Shaw,DEF,Man Utd,0.27687734008397924
35,300,Luke Shaw,DEF,Man Utd,0.27687734008397924
35,273,John Stones,DEF,Man City,0.27687734008397924
35,410,Kamil Grosicki,MID,West Brom,0.2794287559829144
35,50,Keinan Davis,FWD,Aston Villa,0.24379579412795555
35,50,Keinan Davis,FWD,Aston Villa,0.24379579412795555
35,500,Kai Havertz,MID,Chelsea,0.2794287559829144
35,500,Kai Havertz,MID,Chelsea,0.2794287559829144
35,349,Oliver Norwood,MID,Sheffield Utd,0.2794287559829144
35,569,Edinson Cavani,FWD,Man Utd,0.24379579412795555
35,569,Edinson Cavani,FWD,Man Utd,0.24379579412795555
35,569,Edinson Cavani,FWD,Man Utd,0.24379579412795555
35,624,Kgaogelo Chauke,MID,Southampton,0.2794287559829144
35,624,Kgaogelo Chauke,MID,Southampton,0.2794287559829144
35,135,Martin Kelly,DEF,Crystal Palace,0.27687734008397924
35,135,Martin Kelly,DEF,Crystal Palace,0.27687734008397924
35,519,Jimmy Dunne,DEF,Burnley,0.27687734008397924
35,693,Crysencio Summerville,MID,Leeds,0.2794287559829144
35,81,James Tarkowski,DEF,Burnley,0.27687734008397924
35,194,Francisco Casilla Cortés,GK,Leeds,0.12330835051460962
35,109,Antonio Rüdiger,DEF,Chelsea,0.27687734008397924
35,109,Antonio Rüdiger,DEF,Chelsea,0.27687734008397924
35,386,Toby Alderweireld,DEF,Spurs,0.27687734008397924
35,348,Simon Moore,GK,Sheffield Utd,0.12330835051460962
35,702,Anthony Elanga,MID,Man Utd,0.2794287559829144
35,702,Anthony Elanga,MID,Man Utd,0.2794287559829144
35,702,Anthony Elanga,MID,Man Utd,0.2794287559829144
35,439,Manuel Lanzini,MID,West Ham,0.2794287559829144
35,590,Daniel N'Lundulu,FWD,Southampton,0.24379579412795555
35,590,Daniel N'Lundulu,FWD,Southampton,0.24379579412795555
35,73,Matthew Clarke,DEF,Brighton,0.27687734008397924
35,554,Jacob Ramsey,MID,Aston Villa,0.2794287559829144
35,554,Jacob Ramsey,MID,Aston Villa,0.2794287559829144
35,136,Connor Wickham,FWD,Crystal Palace,0.24379579412795555
35,136,Connor Wickham,FWD,Crystal Palace,0.24379579412795555
35,332,Javier Manquillo,DEF,Newcastle,0.27687734008397924
35,596,Ellis Simms,FWD,Everton,0.24379579412795555
35,596,Ellis Simms,FWD,Everton,0.24379579412795555
35,576,Craig Dawson,DEF,West Ham,0.27687734008397924
35,412,Kyle Bartley,DEF,West Brom,0.27687734008397924
35,523,Fraser Forster,GK,Southampton,0.12330835051460962
35,523,Fraser Forster,GK,Southampton,0.12330835051460962
35,659,Claudio Gomes,MID,Man City,0.2794287559829144
35,320,Andy Carroll,FWD,Newcastle,0.24379579412795555
35,522,Sam Woods,DEF,Crystal Palace,0.27687734008397924
35,522,Sam Woods,DEF,Crystal Palace,0.27687734008397924
35,225,Dennis Praet,MID,Leicester,0.2794287559829144
35,225,Dennis Praet,MID,Leicester,0.2794287559829144
35,476,Leonardo Campana,FWD,Wolves,0.24379579412795555
35,468,Diogo Jota,MID,Liverpool,0.2794287559829144
35,468,Diogo Jota,MID,Liverpool,0.2794287559829144
35,499,Cedric Kipre,DEF,West Brom,0.27687734008397924
35,212,Jordan Stevens,MID,Leeds,0.2794287559829144
35,347,Enda Stevens,DEF,Sheffield Utd,0.27687734008397924
35,86,Jay Rodriguez,FWD,Burnley,0.24379579412795555
35,626,Patrick Cutrone,FWD,Wolves,0.24379579412795555
35,143,Max Meyer,MID,Crystal Palace,0.2794287559829144
35,143,Max Meyer,MID,Crystal Palace,0.2794287559829144
35,426,Rekeem Harper,MID,West Brom,0.2794287559829144
35,371,Angus Gunn,GK,Southampton,0.12330835051460962
35,371,Angus Gunn,GK,Southampton,0.12330835051460962
35,258,Takumi Minamino,MID,Southampton,0.2794287559829144
35,258,Takumi Minamino,MID,Southampton,0.2794287559829144
35,581,Owen Otasowie,MID,Wolves,0.2794287559829144
35,599,Jack Jenkins,MID,Leeds,0.2794287559829144
35,198,Mateusz Klich,MID,Leeds,0.2794287559829144
35,280,Aymeric Laporte,DEF,Man City,0.27687734008397924
35,59,Davy Pröpper,MID,Brighton,0.2794287559829144
35,544,Conor Gallagher,MID,West Brom,0.2794287559829144
35,312,Timothy Fosu-Mensah,DEF,Man Utd,0.27687734008397924
35,312,Timothy Fosu-Mensah,DEF,Man Utd,0.27687734008397924
35,312,Timothy Fosu-Mensah,DEF,Man Utd,0.27687734008397924
35,370,James Ward-Prowse,MID,Southampton,0.2794287559829144
35,370,James Ward-Prowse,MID,Southampton,0.2794287559829144
35,565,Ibrahima Diallo,MID,Southampton,0.2794287559829144
35,565,Ibrahima Diallo,MID,Southampton,0.2794287559829144
35,631,Teddy Jenks,MID,Brighton,0.2794287559829144
35,71,Alireza Jahanbakhsh,MID,Brighton,0.2794287559829144
35,562,Ola Aina,DEF,Fulham,0.27687734008397924
35,200,Stuart Dallas,DEF,Leeds,0.27687734008397924
35,331,Paul Dummett,DEF,Newcastle,0.27687734008397924
35,18,Nicolas Pépé,MID,Arsenal,0.2794287559829144
35,18,Nicolas Pépé,MID,Arsenal,0.2794287559829144
35,443,Fabián Balbuena,DEF,West Ham,0.27687734008397924
35,57,Pascal Groß,MID,Brighton,0.2794287559829144
35,397,Harry Winks,MID,Spurs,0.2794287559829144
35,632,Max Sanders,MID,Brighton,0.2794287559829144
35,586,Jack Butland,GK,Crystal Palace,0.12330835051460962
35,586,Jack Butland,GK,Crystal Palace,0.12330835051460962
35,276,Raheem Sterling,MID,Man City,0.2794287559829144
35,275,Riyad Mahrez,MID,Man City,0.2794287559829144
35,520,Bobby Thomas,DEF,Burnley,0.27687734008397924
35,424,Oliver Burke,MID,Sheffield Utd,0.2794287559829144
35,414,Ahmed El-Sayed Hegazy,DEF,West Brom,0.27687734008397924
35,97,Charlie Taylor,DEF,Burnley,0.27687734008397924
35,42,Matt Targett,DEF,Aston Villa,0.27687734008397924
35,42,Matt Targett,DEF,Aston Villa,0.27687734008397924
35,583,Will Norris,GK,Burnley,0.12330835051460962
35,98,Josh Brownhill,MID,Burnley,0.2794287559829144
35,19,Lucas Torreira,MID,Arsenal,0.2794287559829144
35,19,Lucas Torreira,MID,Arsenal,0.2794287559829144
35,335,DeAndre Yedlin,DEF,Newcastle,0.27687734008397924
35,540,Bertrand Traoré,MID,Aston Villa,0.2794287559829144
35,540,Bertrand Traoré,MID,Aston Villa,0.2794287559829144
35,24,Bukayo Saka,MID,Arsenal,0.2794287559829144
35,24,Bukayo Saka,MID,Arsenal,0.2794287559829144
35,343,Billy Sharp,FWD,Sheffield Utd,0.24379579412795555
35,96,Nick Pope,GK,Burnley,0.12330835051460962
35,434,Jack Wilshere,MID,West Ham,0.2794287559829144
35,464,Leander Dendoncker,MID,Wolves,0.2794287559829144
35,75,Bernardo Fernandes da Silva Junior,DEF,Brighton,0.27687734008397924
35,485,Jeff Hendrick,MID,Newcastle,0.2794287559829144
35,327,Florian Lejeune,DEF,Newcastle,0.27687734008397924
35,49,Mbwana Samatta,FWD,Aston Villa,0.24379579412795555
35,49,Mbwana Samatta,FWD,Aston Villa,0.24379579412795555
35,239,James Justin,DEF,Leicester,0.27687734008397924
35,239,James Justin,DEF,Leicester,0.27687734008397924
35,309,Scott McTominay,MID,Man Utd,0.2794287559829144
35,309,Scott McTominay,MID,Man Utd,0.2794287559829144
35,309,Scott McTominay,MID,Man Utd,0.2794287559829144
35,692,Sam Greenwood,FWD,Leeds,0.24379579412795555
35,211,Pascal Struijk,DEF,Leeds,0.27687734008397924
35,492,Rodrigo Moreno,FWD,Leeds,0.24379579412795555
35,256,Divock Origi,FWD,Liverpool,0.24379579412795555
35,256,Divock Origi,FWD,Liverpool,0.24379579412795555
35,675,Reece Hannam,DEF,Crystal Palace,0.27687734008397924
35,675,Reece Hannam,DEF,Crystal Palace,0.27687734008397924
35,373,Harrison Reed,MID,Fulham,0.2794287559829144
35,51,Indiana Vassilev,FWD,Aston Villa,0.24379579412795555
35,51,Indiana Vassilev,FWD,Aston Villa,0.24379579412795555
35,473,Morgan Gibbs-White,MID,Wolves,0.2794287559829144
35,62,Lewis Dunk,DEF,Brighton,0.27687734008397924
35,611,Taylor Perry,MID,Wolves,0.2794287559829144
35,369,Jannik Vestergaard,DEF,Southampton,0.27687734008397924
35,369,Jannik Vestergaard,DEF,Southampton,0.27687734008397924
35,493,Mario Lemina,MID,Fulham,0.2794287559829144
35,527,Matt Macey,GK,Arsenal,0.12330835051460962
35,527,Matt Macey,GK,Arsenal,0.12330835051460962
35,52,Douglas Luiz Soares de Paulo,MID,Aston Villa,0.2794287559829144
35,52,Douglas Luiz Soares de Paulo,MID,Aston Villa,0.2794287559829144
35,106,Ross Barkley,MID,Aston Villa,0.2794287559829144
35,106,Ross Barkley,MID,Aston Villa,0.2794287559829144
35,84,Jack Cork,MID,Burnley,0.2794287559829144
35,502,Allan Marques Loureiro,MID,Everton,0.2794287559829144
35,502,Allan Marques Loureiro,MID,Everton,0.2794287559829144
35,489,Eberechi Eze,MID,Crystal Palace,0.2794287559829144
35,489,Eberechi Eze,MID,Crystal Palace,0.2794287559829144
35,76,Yves Bissouma,MID,Brighton,0.2794287559829144
35,403,Giovani Lo Celso,MID,Spurs,0.2794287559829144
35,9,Granit Xhaka,MID,Arsenal,0.2794287559829144
35,9,Granit Xhaka,MID,Arsenal,0.2794287559829144
35,480,Sean Longstaff,MID,Newcastle,0.2794287559829144
35,415,Charlie Austin,FWD,West Brom,0.24379579412795555
35,296,Paul Pogba,MID,Man Utd,0.2794287559829144
35,296,Paul Pogba,MID,Man Utd,0.2794287559829144
35,296,Paul Pogba,MID,Man Utd,0.2794287559829144
35,658,Richard Nartey,DEF,Burnley,0.27687734008397924
35,265,Harvey Elliott,MID,Liverpool,0.2794287559829144
35,265,Harvey Elliott,MID,Liverpool,0.2794287559829144
35,419,Oluwasemilogo Adesewo Ibidapo Ajayi,DEF,West Brom,0.27687734008397924
35,107,Mateo Kovacic,MID,Chelsea,0.2794287559829144
35,107,Mateo Kovacic,MID,Chelsea,0.2794287559829144
35,161,Jean-Philippe Gbamin,MID,Everton,0.2794287559829144
35,161,Jean-Philippe Gbamin,MID,Everton,0.2794287559829144
35,648,Mbaye Diagne,FWD,West Brom,0.24379579412795555
35,695,Fabio Carvalho,MID,Fulham,0.2794287559829144
35,259,Trent Alexander-Arnold,DEF,Liverpool,0.27687734008397924
35,259,Trent Alexander-Arnold,DEF,Liverpool,0.27687734008397924
35,283,Oleksandr Zinchenko,DEF,Man City,0.27687734008397924
35,255,Andrew Robertson,DEF,Liverpool,0.27687734008397924
35,255,Andrew Robertson,DEF,Liverpool,0.27687734008397924
35,537,Adrián Bernabé,MID,Man City,0.2794287559829144
35,677,Liam Hughes,GK,Liverpool,0.12330835051460962
35,677,Liam Hughes,GK,Liverpool,0.12330835051460962
35,102,César Azpilicueta,DEF,Chelsea,0.27687734008397924
35,102,César Azpilicueta,DEF,Chelsea,0.27687734008397924
35,144,Jairo Riedewald,MID,Crystal Palace,0.2794287559829144
35,144,Jairo Riedewald,MID,Crystal Palace,0.2794287559829144
35,566,Ben Godfrey,DEF,Everton,0.27687734008397924
35,566,Ben Godfrey,DEF,Everton,0.27687734008397924
35,427,Mark Noble,MID,West Ham,0.2794287559829144
35,462,Jonathan Castro Otto,DEF,Wolves,0.27687734008397924
35,699,Daniel Jebbison,FWD,Sheffield Utd,0.24379579412795555
35,218,Christian Fuchs,DEF,Leicester,0.27687734008397924
35,218,Christian Fuchs,DEF,Leicester,0.27687734008397924
35,444,Jordan Hugill,FWD,West Ham,0.24379579412795555
35,169,Moise Kean,FWD,Everton,0.24379579412795555
35,169,Moise Kean,FWD,Everton,0.24379579412795555
35,545,Ki-Jana Hoever,DEF,Wolves,0.27687734008397924
35,240,Luke Thomas,DEF,Leicester,0.27687734008397924
35,240,Luke Thomas,DEF,Leicester,0.27687734008397924
35,210,Jamie Shackleton,MID,Leeds,0.2794287559829144
35,378,Yan Valery,DEF,Southampton,0.27687734008397924
35,378,Yan Valery,DEF,Southampton,0.27687734008397924
35,563,Rayan Ait Nouri,DEF,Wolves,0.27687734008397924
35,311,Daniel James,MID,Man Utd,0.2794287559829144
35,311,Daniel James,MID,Man Utd,0.2794287559829144
35,311,Daniel James,MID,Man Utd,0.2794287559829144
35,48,Wesley Moraes,FWD,Aston Villa,0.24379579412795555
35,48,Wesley Moraes,FWD,Aston Villa,0.24379579412795555
35,26,Gabriel Teodoro Martinelli Silva,MID,Arsenal,0.2794287559829144
35,26,Gabriel Teodoro Martinelli Silva,MID,Arsenal,0.2794287559829144
35,216,Wes Morgan,DEF,Leicester,0.27687734008397924
35,216,Wes Morgan,DEF,Leicester,0.27687734008397924
35,639,Andy Lonergan,GK,West Brom,0.12330835051460962
35,260,Joseph Gomez,DEF,Liverpool,0.27687734008397924
35,260,Joseph Gomez,DEF,Liverpool,0.27687734008397924
35,362,Ryan Bertrand,DEF,Southampton,0.27687734008397924
35,362,Ryan Bertrand,DEF,Southampton,0.27687734008397924
35,655,Ryan Finnigan,MID,Southampton,0.2794287559829144
35,655,Ryan Finnigan,MID,Southampton,0.2794287559829144
35,679,Kyle John,DEF,Everton,0.27687734008397924
35,679,Kyle John,DEF,Everton,0.27687734008397924
35,514,Ollie Watkins,FWD,Aston Villa,0.24379579412795555
35,514,Ollie Watkins,FWD,Aston Villa,0.24379579412795555
35,45,Anwar El Ghazi,MID,Aston Villa,0.2794287559829144
35,45,Anwar El Ghazi,MID,Aston Villa,0.2794287559829144
35,271,Ilkay Gündogan,MID,Man City,0.2794287559829144
35,10,Pablo Marí,DEF,Arsenal,0.27687734008397924
35,10,Pablo Marí,DEF,Arsenal,0.27687734008397924
35,391,Eric Dier,DEF,Spurs,0.27687734008397924
35,647,Morgan Sanson,MID,Aston Villa,0.2794287559829144
35,647,Morgan Sanson,MID,Aston Villa,0.2794287559829144
35,422,Darnell Furlong,DEF,West Brom,0.27687734008397924
35,689,Miguel Azeez,MID,Arsenal,0.2794287559829144
35,689,Miguel Azeez,MID,Arsenal,0.2794287559829144
35,89,Ashley Westwood,MID,Burnley,0.2794287559829144
35,164,Dominic Calvert-Lewin,FWD,Everton,0.24379579412795555
35,164,Dominic Calvert-Lewin,FWD,Everton,0.24379579412795555
35,230,Demarai Gray,MID,Leicester,0.2794287559829144
35,230,Demarai Gray,MID,Leicester,0.2794287559829144
35,653,Ben Davies,DEF,Liverpool,0.27687734008397924
35,653,Ben Davies,DEF,Liverpool,0.27687734008397924
35,43,James Bree,DEF,Aston Villa,0.27687734008397924
35,43,James Bree,DEF,Aston Villa,0.27687734008397924
35,108,Michy Batshuayi,FWD,Crystal Palace,0.24379579412795555
35,108,Michy Batshuayi,FWD,Crystal Palace,0.24379579412795555
35,266,Fernando Luiz Rosa,DEF,Man City,0.27687734008397924
35,56,David Button,GK,West Brom,0.12330835051460962
35,126,Wayne Hennessey,GK,Crystal Palace,0.12330835051460962
35,126,Wayne Hennessey,GK,Crystal Palace,0.12330835051460962
35,600,Lee Peltier,DEF,West Brom,0.27687734008397924
35,359,Lys Mousset,FWD,Sheffield Utd,0.24379579412795555
35,160,Jonjoe Kenny,DEF,Everton,0.27687734008397924
35,160,Jonjoe Kenny,DEF,Everton,0.27687734008397924
35,495,Donny van de Beek,MID,Man Utd,0.2794287559829144
35,495,Donny van de Beek,MID,Man Utd,0.2794287559829144
35,495,Donny van de Beek,MID,Man Utd,0.2794287559829144
35,39,Kortney Hause,DEF,Aston Villa,0.27687734008397924
35,39,Kortney Hause,DEF,Aston Villa,0.27687734008397924
35,247,Xherdan Shaqiri,MID,Liverpool,0.2794287559829144
35,247,Xherdan Shaqiri,MID,Liverpool,0.2794287559829144
35,550,Jayson Molumby,MID,Brighton,0.2794287559829144
35,119,Christian Pulisic,MID,Chelsea,0.2794287559829144
35,119,Christian Pulisic,MID,Chelsea,0.2794287559829144
35,651,Joshua King,FWD,Everton,0.24379579412795555
35,651,Joshua King,FWD,Everton,0.24379579412795555
35,38,John McGinn,MID,Aston Villa,0.2794287559829144
35,38,John McGinn,MID,Aston Villa,0.2794287559829144
35,542,Sergio Reguilón,DEF,Spurs,0.27687734008397924
35,234,Hamza Choudhury,MID,Leicester,0.2794287559829144
35,234,Hamza Choudhury,MID,Leicester,0.2794287559829144
35,475,Bruno André Cavaco Jordao,MID,Wolves,0.2794287559829144
35,509,Ethan Ampadu,DEF,Sheffield Utd,0.27687734008397924
35,399,Ryan Sessegnon,DEF,Spurs,0.27687734008397924
35,8,Bernd Leno,GK,Arsenal,0.12330835051460962
35,8,Bernd Leno,GK,Arsenal,0.12330835051460962
35,339,Miguel Almirón,MID,Newcastle,0.2794287559829144
35,167,João Virgínia,GK,Everton,0.12330835051460962
35,167,João Virgínia,GK,Everton,0.12330835051460962
35,457,Matt Doherty,DEF,Spurs,0.27687734008397924
35,407,Kieran Gibbs,DEF,West Brom,0.27687734008397924
35,593,Karlo Ziger,GK,Chelsea,0.12330835051460962
35,593,Karlo Ziger,GK,Chelsea,0.12330835051460962
35,513,Jamal Lewis,DEF,Newcastle,0.27687734008397924
35,289,Sergio Romero,GK,Man Utd,0.12330835051460962
35,289,Sergio Romero,GK,Man Utd,0.12330835051460962
35,289,Sergio Romero,GK,Man Utd,0.12330835051460962
35,501,Daniel Ceballos Fernández,MID,Arsenal,0.2794287559829144
35,501,Daniel Ceballos Fernández,MID,Arsenal,0.2794287559829144
35,567,Thomas Partey,MID,Arsenal,0.2794287559829144
35,567,Thomas Partey,MID,Arsenal,0.2794287559829144
35,375,Kyle Walker-Peters,DEF,Southampton,0.27687734008397924
35,375,Kyle Walker-Peters,DEF,Southampton,0.27687734008397924
35,70,Mathew Ryan,GK,Arsenal,0.12330835051460962
35,70,Mathew Ryan,GK,Arsenal,0.12330835051460962
35,67,Joël Veltman,DEF,Brighton,0.27687734008397924
35,430,Darren Randolph,GK,West Ham,0.12330835051460962
35,278,Ederson Santana de Moraes,GK,Man City,0.12330835051460962
35,129,James Tomkins,DEF,Crystal Palace,0.27687734008397924
35,129,James Tomkins,DEF,Crystal Palace,0.27687734008397924
35,584,Joe Rodon,DEF,Spurs,0.27687734008397924
35,44,Marvelous Nakamba,MID,Aston Villa,0.2794287559829144
35,44,Marvelous Nakamba,MID,Aston Villa,0.2794287559829144
35,436,Andriy Yarmolenko,MID,West Ham,0.2794287559829144
35,170,Jarrad Branthwaite,DEF,Everton,0.27687734008397924
35,170,Jarrad Branthwaite,DEF,Everton,0.27687734008397924
35,385,Moussa Sissoko,MID,Spurs,0.2794287559829144
35,451,Issa Diop,DEF,West Ham,0.27687734008397924
35,80,Alexis Mac Allister,MID,Brighton,0.2794287559829144
35,344,David McGoldrick,FWD,Sheffield Utd,0.24379579412795555
35,401,Gedson Carvalho Fernandes,MID,Spurs,0.2794287559829144
35,284,Phil Foden,MID,Man City,0.2794287559829144
35,13,Calum Chambers,DEF,Arsenal,0.27687734008397924
35,13,Calum Chambers,DEF,Arsenal,0.27687734008397924
35,556,Rúben Santos Gato Alves Dias,DEF,Man City,0.27687734008397924
35,159,Alex Iwobi,MID,Everton,0.2794287559829144
35,159,Alex Iwobi,MID,Everton,0.2794287559829144
35,231,James Maddison,MID,Leicester,0.2794287559829144
35,231,James Maddison,MID,Leicester,0.2794287559829144
35,221,Marc Albrighton,MID,Leicester,0.2794287559829144
35,221,Marc Albrighton,MID,Leicester,0.2794287559829144
35,525,Denis Odoi,DEF,Fulham,0.27687734008397924
35,63,Martín Montoya,DEF,Brighton,0.27687734008397924
35,568,Alex Nicolao Telles,DEF,Man Utd,0.27687734008397924
35,568,Alex Nicolao Telles,DEF,Man Utd,0.27687734008397924
35,568,Alex Nicolao Telles,DEF,Man Utd,0.27687734008397924
35,598,Kayne Ramsay,DEF,Southampton,0.27687734008397924
35,598,Kayne Ramsay,DEF,Southampton,0.27687734008397924
35,638,Ademipo Odubeko,FWD,West Ham,0.24379579412795555
35,431,Lukasz Fabianski,GK,West Ham,0.12330835051460962
35,406,Juan Foyth,DEF,Spurs,0.27687734008397924
35,350,Wes Foderingham,GK,Sheffield Utd,0.12330835051460962
35,223,Danny Ward,GK,Leicester,0.12330835051460962
35,223,Danny Ward,GK,Leicester,0.12330835051460962
35,367,Jack Stephens,DEF,Southampton,0.27687734008397924
35,367,Jack Stephens,DEF,Southampton,0.27687734008397924
35,372,Sofiane Boufal,MID,Southampton,0.2794287559829144
35,372,Sofiane Boufal,MID,Southampton,0.2794287559829144
35,623,Taylor Harwood-Bellis,DEF,Man City,0.27687734008397924
35,618,Antwoine Hackford,FWD,Sheffield Utd,0.24379579412795555
35,664,Moisés Caicedo,MID,Brighton,0.2794287559829144
35,166,Richarlison de Andrade,FWD,Everton,0.24379579412795555
35,166,Richarlison de Andrade,FWD,Everton,0.24379579412795555
35,484,Antonee Robinson,DEF,Fulham,0.27687734008397924
35,546,Nélson Cabral Semedo,DEF,Wolves,0.27687734008397924
35,541,Cengiz Ünder,MID,Leicester,0.2794287559829144
35,541,Cengiz Ünder,MID,Leicester,0.2794287559829144
35,459,Conor Coady,DEF,Wolves,0.27687734008397924
35,411,Matt Phillips,MID,West Brom,0.2794287559829144
35,487,Matthew Longstaff,MID,Newcastle,0.2794287559829144
35,357,Oliver McBurnie,FWD,Sheffield Utd,0.24379579412795555
35,113,N'Golo Kanté,MID,Chelsea,0.2794287559829144
35,113,N'Golo Kanté,MID,Chelsea,0.2794287559829144
35,360,Sander Berge,MID,Sheffield Utd,0.2794287559829144
35,393,Paulo Gazzaniga,GK,Spurs,0.12330835051460962
35,683,Jaden Philogene-Bidace,MID,Aston Villa,0.2794287559829144
35,683,Jaden Philogene-Bidace,MID,Aston Villa,0.2794287559829144
35,366,Danny Ings,FWD,Southampton,0.24379579412795555
35,366,Danny Ings,FWD,Southampton,0.24379579412795555
35,16,Rob Holding,DEF,Arsenal,0.27687734008397924
35,16,Rob Holding,DEF,Arsenal,0.27687734008397924
35,310,Eric Bailly,DEF,Man Utd,0.27687734008397924
35,310,Eric Bailly,DEF,Man Utd,0.27687734008397924
35,310,Eric Bailly,DEF,Man Utd,0.27687734008397924
35,244,Jordan Henderson,MID,Liverpool,0.2794287559829144
35,244,Jordan Henderson,MID,Liverpool,0.2794287559829144
35,610,Theo Corbeanu,MID,Wolves,0.2794287559829144
35,302,Bruno Miguel Borges Fernandes,MID,Man Utd,0.2794287559829144
35,302,Bruno Miguel Borges Fernandes,MID,Man Utd,0.2794287559829144
35,302,Bruno Miguel Borges Fernandes,MID,Man Utd,0.2794287559829144
35,441,Sébastien Haller,FWD,West Ham,0.24379579412795555
35,604,Lee Grant,GK,Man Utd,0.12330835051460962
35,604,Lee Grant,GK,Man Utd,0.12330835051460962
35,604,Lee Grant,GK,Man Utd,0.12330835051460962
35,183,Marcus Bettinelli,GK,Fulham,0.12330835051460962
35,612,Anthony Mancini,MID,Burnley,0.2794287559829144
35,672,Carney Chukwuemeka,MID,Aston Villa,0.2794287559829144
35,672,Carney Chukwuemeka,MID,Aston Villa,0.2794287559829144
35,377,Che Adams,FWD,Southampton,0.24379579412795555
35,377,Che Adams,FWD,Southampton,0.24379579412795555
35,308,Victor Lindelöf,DEF,Man Utd,0.27687734008397924
35,308,Victor Lindelöf,DEF,Man Utd,0.27687734008397924
35,308,Victor Lindelöf,DEF,Man Utd,0.27687734008397924
35,297,Phil Jones,DEF,Man Utd,0.27687734008397924
35,297,Phil Jones,DEF,Man Utd,0.27687734008397924
35,297,Phil Jones,DEF,Man Utd,0.27687734008397924
35,146,Tyrick Mitchell,DEF,Crystal Palace,0.27687734008397924
35,146,Tyrick Mitchell,DEF,Crystal Palace,0.27687734008397924
35,203,Jack Harrison,MID,Leeds,0.2794287559829144
35,358,Callum Robinson,FWD,West Brom,0.24379579412795555
35,77,Tariq Lamptey,DEF,Brighton,0.27687734008397924
35,477,Luke Freeman,MID,Sheffield Utd,0.2794287559829144
35,423,Sam Field,MID,West Brom,0.2794287559829144
35,472,Matija Sarkic,GK,Wolves,0.12330835051460962
35,671,Kaine Hayden,MID,Aston Villa,0.2794287559829144
35,671,Kaine Hayden,MID,Aston Villa,0.2794287559829144
35,529,Phil Jagielka,DEF,Sheffield Utd,0.27687734008397924
35,429,David Martin,GK,West Ham,0.12330835051460962
35,29,Ahmed El Mohamady,DEF,Aston Villa,0.27687734008397924
35,29,Ahmed El Mohamady,DEF,Aston Villa,0.27687734008397924
35,40,Mahmoud Ahmed Ibrahim Hassan,MID,Aston Villa,0.2794287559829144
35,40,Mahmoud Ahmed Ibrahim Hassan,MID,Aston Villa,0.2794287559829144
35,190,Aboubakar Kamara,MID,Fulham,0.2794287559829144
35,131,James McCarthy,MID,Crystal Palace,0.2794287559829144
35,131,James McCarthy,MID,Crystal Palace,0.2794287559829144
35,21,Reiss Nelson,MID,Arsenal,0.2794287559829144
35,21,Reiss Nelson,MID,Arsenal,0.2794287559829144
35,404,Oliver Skipp,MID,Spurs,0.2794287559829144
35,31,Neil Taylor,DEF,Aston Villa,0.27687734008397924
35,31,Neil Taylor,DEF,Aston Villa,0.27687734008397924
35,606,Daniel Langley,GK,Newcastle,0.12330835051460962
35,281,Bernardo Mota Veiga de Carvalho e Silva,MID,Man City,0.2794287559829144
35,507,Ryan Fraser,MID,Newcastle,0.2794287559829144
35,524,Nathan Tella,MID,Southampton,0.2794287559829144
35,524,Nathan Tella,MID,Southampton,0.2794287559829144
35,470,Max Kilman,DEF,Wolves,0.27687734008397924
35,207,Jay-Roy Grot,MID,Leeds,0.2794287559829144
35,483,Aaron Ramsdale,GK,Sheffield Utd,0.12330835051460962
35,220,Adrien Silva,MID,Leicester,0.2794287559829144
35,220,Adrien Silva,MID,Leicester,0.2794287559829144
35,676,Sidnei Tavares,MID,Leicester,0.2794287559829144
35,676,Sidnei Tavares,MID,Leicester,0.2794287559829144
35,204,Kalvin Phillips,MID,Leeds,0.2794287559829144
35,570,Raphael Dias Belloli,MID,Leeds,0.2794287559829144
36,591,Max Thompson,FWD,Burnley,0.24379579412795555
36,458,Willy Boly,DEF,Wolves,0.27687734008397924
36,324,Ciaran Clark,DEF,Newcastle,0.27687734008397924
36,614,Luke Cundle,MID,Wolves,0.2794287559829144
36,322,Matt Ritchie,MID,Newcastle,0.2794287559829144
36,245,Adrián San Miguel del Castillo,GK,Liverpool,0.12330835051460959
36,594,Rhys Williams,DEF,Liverpool,0.27687734008397924
36,191,André-Frank Zambo Anguissa,MID,Fulham,0.2794287559829144
36,189,Jean Michaël Seri,MID,Fulham,0.2794287559829144
36,425,Dara O'Shea,DEF,West Brom,0.27687734008397924
36,466,Rúben Diogo da Silva Neves,MID,Wolves,0.2794287559829144
36,215,Oliver Casey,DEF,Leeds,0.27687734008397924
36,680,Nathan Broadhead,MID,Everton,0.2794287559829144
36,99,Bailey Peacock-Farrell,GK,Burnley,0.12330835051460959
36,279,Nathan Aké,DEF,Man City,0.27687734008397924
36,530,Branislav Ivanovic,DEF,West Brom,0.27687734008397924
36,417,Sam Johnstone,GK,West Brom,0.12330835051460959
36,503,Christian Walton,GK,Brighton,0.12330835051460959
36,620,Charlie Cresswell,DEF,Leeds,0.27687734008397924
36,37,Jack Grealish,MID,Aston Villa,0.2794287559829144
36,270,Kyle Walker,DEF,Man City,0.27687734008397924
36,440,Felipe Anderson Pereira Gomes,MID,West Ham,0.2794287559829144
36,405,Tanguy Ndombele,MID,Spurs,0.2794287559829144
36,662,Thomas McGill,GK,Brighton,0.12330835051460959
36,150,Gylfi Sigurdsson,MID,Everton,0.2794287559829144
36,53,Glenn Murray,FWD,Brighton,0.24379579412795555
36,389,Serge Aurier,DEF,Spurs,0.27687734008397924
36,162,Yerry Mina,DEF,Everton,0.27687734008397924
36,341,Yoshinori Muto,FWD,Newcastle,0.24379579412795555
36,346,John Fleck,MID,Sheffield Utd,0.2794287559829144
36,532,Elia Caprile,GK,Leeds,0.12330835051460959
36,336,Isaac Hayden,MID,Newcastle,0.2794287559829144
36,613,Joel Mumbongo,FWD,Burnley,0.24379579412795555
36,88,Ben Mee,DEF,Burnley,0.27687734008397924
36,582,Karlan Grant,FWD,West Brom,0.24379579412795555
36,642,Willian José Da Silva,FWD,Wolves,0.24379579412795555
36,572,Tosin Adarabioyo,DEF,Fulham,0.27687734008397924
36,139,Patrick van Aanholt,DEF,Crystal Palace,0.27687734008397924
36,325,Karl Darlow,GK,Newcastle,0.12330835051460959
36,175,Tom Cairney,MID,Fulham,0.2794287559829144
36,421,Kyle Edwards,MID,West Brom,0.2794287559829144
36,163,Tom Davies,MID,Everton,0.2794287559829144
36,132,Christian Benteke,FWD,Crystal Palace,0.24379579412795555
36,390,Heung-Min Son,MID,Spurs,0.2794287559829144
36,402,Japhet Tanganga,DEF,Spurs,0.27687734008397924
36,28,Tom Heaton,GK,Aston Villa,0.12330835051460959
36,617,Andreas Söndergaard,GK,Wolves,0.12330835051460959
36,696,Ben Woodburn,MID,Liverpool,0.2794287559829144
36,364,Oriol Romeu Vidal,MID,Southampton,0.2794287559829144
36,12,Emiliano Martínez,GK,Aston Villa,0.12330835051460959
36,482,Joe Hart,GK,Spurs,0.12330835051460959
36,438,Ryan Fredericks,DEF,West Ham,0.27687734008397924
36,181,Bobby Decordova-Reid,FWD,Fulham,0.24379579412795555
36,243,Georginio Wijnaldum,MID,Liverpool,0.2794287559829144
36,558,Vladimir Coufal,DEF,West Ham,0.27687734008397924
36,376,Jan Bednarek,DEF,Southampton,0.27687734008397924
36,573,Robin Olsen,GK,Everton,0.12330835051460959
36,93,Matej Vydra,FWD,Burnley,0.24379579412795555
36,538,Zack Steffen,GK,Man City,0.12330835051460959
36,418,Conor Townsend,DEF,West Brom,0.27687734008397924
36,187,Ivan Ricardo Neves Abreu Cavaleiro,MID,Fulham,0.2794287559829144
36,432,Angelo Ogbonna,DEF,West Ham,0.27687734008397924
36,208,Kamil Miazek,GK,Leeds,0.12330835051460959
36,140,Jordan Ayew,FWD,Crystal Palace,0.24379579412795555
36,670,Frankie Maguire,MID,Sheffield Utd,0.2794287559829144
36,515,Vitor Ferreira,MID,Wolves,0.2794287559829144
36,512,Abdoulaye Doucouré,MID,Everton,0.2794287559829144
36,446,Grady Diangana,MID,West Brom,0.2794287559829144
36,353,John Egan,DEF,Sheffield Utd,0.27687734008397924
36,356,Ben Osborn,MID,Sheffield Utd,0.2794287559829144
36,448,Declan Rice,MID,West Ham,0.2794287559829144
36,479,Mohammed Salisu,DEF,Southampton,0.27687734008397924
36,622,Luke Mbete,DEF,Man City,0.27687734008397924
36,588,Danny Welbeck,FWD,Brighton,0.24379579412795555
36,577,Nathaniel Clyne,DEF,Crystal Palace,0.27687734008397924
36,637,Frederik Alves,DEF,West Ham,0.27687734008397924
36,213,Illan Meslier,GK,Leeds,0.12330835051460959
36,287,Ferran Torres,MID,Man City,0.2794287559829144
36,262,Rhian Brewster,FWD,Sheffield Utd,0.24379579412795555
36,321,Jonjo Shelvey,MID,Newcastle,0.2794287559829144
36,252,Alisson Ramses Becker,GK,Liverpool,0.12330835051460959
36,465,Adama Traoré,MID,Wolves,0.2794287559829144
36,578,Stephen Henderson,GK,Crystal Palace,0.12330835051460959
36,621,Cheikh Diaby,FWD,West Brom,0.24379579412795555
36,601,Leighton Clarkson,MID,Liverpool,0.2794287559829144
36,205,Hélder Wander Sousa de Azevedo e Costa,MID,Leeds,0.2794287559829144
36,202,Patrick Bamford,FWD,Leeds,0.24379579412795555
36,254,Mohamed Salah,MID,Liverpool,0.2794287559829144
36,641,Jean-Philippe Mateta,FWD,Crystal Palace,0.24379579412795555
36,352,Jack Robinson,DEF,Sheffield Utd,0.27687734008397924
36,442,Arthur Masuaku,DEF,West Ham,0.27687734008397924
36,345,Chris Basham,DEF,Sheffield Utd,0.27687734008397924
36,533,Mateusz Bogusz,MID,Leeds,0.2794287559829144
36,338,Allan Saint-Maximin,MID,Newcastle,0.2794287559829144
36,328,Jamaal Lascelles,DEF,Newcastle,0.27687734008397924
36,460,Raúl Jiménez,FWD,Wolves,0.24379579412795555
36,174,Stefan Johansen,MID,Fulham,0.2794287559829144
36,361,Shane Long,FWD,Southampton,0.24379579412795555
36,433,Roberto Jimenez Gago,GK,West Ham,0.12330835051460959
36,185,Alfie Mawson,DEF,Fulham,0.27687734008397924
36,66,Adam Webster,DEF,Brighton,0.27687734008397924
36,55,Dale Stephens,MID,Burnley,0.2794287559829144
36,193,Pablo Hernández Domínguez,MID,Leeds,0.2794287559829144
36,30,Henri Lansbury,MID,Aston Villa,0.2794287559829144
36,152,Seamus Coleman,DEF,Everton,0.27687734008397924
36,394,Bamidele Alli,MID,Spurs,0.2794287559829144
36,504,Fabio Silva,FWD,Wolves,0.24379579412795555
36,400,Steven Bergwijn,MID,Spurs,0.2794287559829144
36,269,Nicolás Otamendi,DEF,Man City,0.27687734008397924
36,587,Saïd Benrahma,MID,West Ham,0.2794287559829144
36,531,Thiago Alcántara do Nascimento,MID,Liverpool,0.2794287559829144
36,589,Nathaniel Phillips,DEF,Liverpool,0.27687734008397924
36,435,Aaron Cresswell,DEF,West Ham,0.27687734008397924
36,130,James McArthur,MID,Crystal Palace,0.2794287559829144
36,643,Alexandre Jankewitz,MID,Southampton,0.2794287559829144
36,450,Pablo Fornals,MID,West Ham,0.2794287559829144
36,272,Kevin De Bruyne,MID,Man City,0.2794287559829144
36,657,Zak Brunt,MID,Sheffield Utd,0.2794287559829144
36,491,Robin Koch,DEF,Leeds,0.27687734008397924
36,69,Leandro Trossard,MID,Brighton,0.2794287559829144
36,560,Caoimhin Kelleher,GK,Liverpool,0.12330835051460959
36,61,Dan Burn,DEF,Brighton,0.27687734008397924
36,455,Rui Pedro dos Santos Patrício,GK,Wolves,0.12330835051460959
36,552,Cole Palmer,MID,Man City,0.2794287559829144
36,382,Moussa Djenepo,MID,Southampton,0.2794287559829144
36,383,Hugo Lloris,GK,Spurs,0.12330835051460959
36,83,Erik Pieters,DEF,Burnley,0.27687734008397924
36,384,Danny Rose,DEF,Spurs,0.27687734008397924
36,196,Barry Douglas,DEF,Leeds,0.27687734008397924
36,340,Joelinton Cássio Apolinário de Lira,FWD,Newcastle,0.24379579412795555
36,41,Tyrone Mings,DEF,Aston Villa,0.27687734008397924
36,595,James Trafford,GK,Man City,0.12330835051460959
36,580,Michael Verrips,GK,Sheffield Utd,0.12330835051460959
36,447,Albian Ajeti,FWD,West Ham,0.24379579412795555
36,453,John Ruddy,GK,Wolves,0.12330835051460959
36,78,Aaron Connolly,FWD,Brighton,0.24379579412795555
36,65,Solomon March,MID,Brighton,0.2794287559829144
36,92,Matthew Lowton,DEF,Burnley,0.27687734008397924
36,199,Adam Forshaw,MID,Leeds,0.2794287559829144
36,665,Josh Maja,FWD,Fulham,0.24379579412795555
36,241,James Milner,MID,Liverpool,0.2794287559829144
36,666,Dane Scarlett,FWD,Spurs,0.24379579412795555
36,363,Alex McCarthy,GK,Southampton,0.12330835051460959
36,257,Harry Wilson,MID,Liverpool,0.2794287559829144
36,644,Tyler Onyango,MID,Everton,0.2794287559829144
36,607,Jake Cain,MID,Liverpool,0.2794287559829144
36,517,Kenny Tete,DEF,Fulham,0.27687734008397924
36,615,Lewis Richards,DEF,Wolves,0.27687734008397924
36,145,Nathan Ferguson,DEF,Crystal Palace,0.27687734008397924
36,33,Conor Hourihane,MID,Aston Villa,0.2794287559829144
36,151,Jonas Lössl,GK,Everton,0.12330835051460959
36,35,Ørjan Nyland,GK,Aston Villa,0.12330835051460959
36,134,Joel Ward,DEF,Crystal Palace,0.27687734008397924
36,497,Jacob Murphy,MID,Newcastle,0.2794287559829144
36,603,Kean Bryan,DEF,Sheffield Utd,0.27687734008397924
36,249,Roberto Firmino,FWD,Liverpool,0.24379579412795555
36,650,Alfie Devine,MID,Spurs,0.2794287559829144
36,608,Scott Carson,GK,Man City,0.12330835051460959
36,510,Jayden Bogle,DEF,Sheffield Utd,0.27687734008397924
36,398,Davinson Sánchez,DEF,Spurs,0.27687734008397924
36,564,Carlos Vinicius Alves Morais,FWD,Spurs,0.24379579412795555
36,388,Harry Kane,FWD,Spurs,0.24379579412795555
36,20,Joseph Willock,MID,Newcastle,0.2794287559829144
36,127,Mamadou Sakho,DEF,Crystal Palace,0.27687734008397924
36,630,Reda Khadra,MID,Brighton,0.2794287559829144
36,619,Niall Huggins,FWD,Leeds,0.24379579412795555
36,416,Kenneth Zohore,FWD,West Brom,0.24379579412795555
36,326,Martin Dubravka,GK,Newcastle,0.12330835051460959
36,700,Caleb Taylor,DEF,West Brom,0.27687734008397924
36,511,Max Lowe,DEF,Sheffield Utd,0.27687734008397924
36,449,Tomas Soucek,MID,West Ham,0.2794287559829144
36,471,Rúben Gonçalo Silva Nascimento Vinagre,DEF,Wolves,0.27687734008397924
36,697,Billy Koumetio,DEF,Liverpool,0.27687734008397924
36,282,Gabriel Fernando de Jesus,FWD,Man City,0.24379579412795555
36,516,Alphonse Areola,GK,Fulham,0.12330835051460959
36,15,Ainsley Maitland-Niles,DEF,West Brom,0.27687734008397924
36,147,Brandon Pierrick,MID,Crystal Palace,0.2794287559829144
36,652,Ozan Kabak,DEF,Liverpool,0.27687734008397924
36,395,Ben Davies,DEF,Spurs,0.27687734008397924
36,694,Cody Drameh,DEF,Leeds,0.27687734008397924
36,396,Pierre-Emile Højbjerg,MID,Spurs,0.2794287559829144
36,625,Harry Lewis,GK,Southampton,0.12330835051460959
36,285,Tommy Doyle,MID,Man City,0.2794287559829144
36,452,Ben Johnson,DEF,West Ham,0.27687734008397924
36,172,Kevin McDonald,MID,Fulham,0.2794287559829144
36,379,William Smallbone,MID,Southampton,0.2794287559829144
36,392,Lucas Rodrigues Moura da Silva,MID,Spurs,0.2794287559829144
36,682,Harry Tyrer,GK,Everton,0.12330835051460959
36,64,Florin Andone,FWD,Brighton,0.24379579412795555
36,141,Wilfried Zaha,MID,Crystal Palace,0.2794287559829144
36,454,João Filipe Iria Santos Moutinho,MID,Wolves,0.2794287559829144
36,508,James Rodríguez,MID,Everton,0.2794287559829144
36,60,Aaron Mooy,MID,Brighton,0.2794287559829144
36,334,Fabian Schär,DEF,Newcastle,0.27687734008397924
36,629,Nigel Lonwijk,DEF,Wolves,0.27687734008397924
36,74,Ben White,DEF,Brighton,0.27687734008397924
36,165,Mason Holgate,DEF,Everton,0.27687734008397924
36,553,Meritan Shabani,MID,Wolves,0.2794287559829144
36,691,Isaac Price,MID,Everton,0.2794287559829144
36,157,Jordan Pickford,GK,Everton,0.12330835051460959
36,688,Jesurun Rak-Sakyi,MID,Crystal Palace,0.2794287559829144
36,506,Callum Wilson,FWD,Newcastle,0.24379579412795555
36,91,Chris Wood,FWD,Burnley,0.24379579412795555
36,173,Maxime Le Marchand,DEF,Fulham,0.27687734008397924
36,82,Phil Bardsley,DEF,Burnley,0.27687734008397924
36,380,Jake Vokins,DEF,Southampton,0.27687734008397924
36,536,Anthony Driscoll-Glennon,DEF,Burnley,0.27687734008397924
36,667,Joe Gelhardt,FWD,Leeds,0.24379579412795555
36,251,Sadio Mané,MID,Liverpool,0.2794287559829144
36,481,Matheus Pereira,MID,West Brom,0.2794287559829144
36,156,Michael Keane,DEF,Everton,0.27687734008397924
36,592,Lewis Richardson,FWD,Burnley,0.24379579412795555
36,557,Ademola Lookman,MID,Fulham,0.2794287559829144
36,646,Kyron Gordon,DEF,Sheffield Utd,0.27687734008397924
36,574,Andi Zeqiri,FWD,Brighton,0.24379579412795555
36,381,Michael Obafemi,FWD,Southampton,0.24379579412795555
36,609,Felix Nmecha,MID,Man City,0.2794287559829144
36,690,Reece Welch,DEF,Everton,0.27687734008397924
36,387,Erik Lamela,MID,Spurs,0.2794287559829144
36,85,Kevin Long,DEF,Burnley,0.27687734008397924
36,137,Andros Townsend,MID,Crystal Palace,0.2794287559829144
36,36,Bjorn Engels,DEF,Aston Villa,0.27687734008397924
36,678,Jakub Ojrzynski,GK,Liverpool,0.12330835051460959
36,115,Ruben Loftus-Cheek,MID,Fulham,0.2794287559829144
36,628,Jakub Moder,MID,Brighton,0.2794287559829144
36,158,André Filipe Tavares Gomes,MID,Everton,0.2794287559829144
36,34,José Ignacio Peleteiro Romallo,MID,Aston Villa,0.2794287559829144
36,616,Christian Marques,DEF,Wolves,0.27687734008397924
36,535,Josh Benson,MID,Burnley,0.2794287559829144
36,505,Fernando Marçal,DEF,Wolves,0.27687734008397924
36,268,Sergio Agüero,FWD,Man City,0.24379579412795555
36,94,Ben Gibson,DEF,Burnley,0.27687734008397924
36,192,Zeze Steven Sessegnon,DEF,Fulham,0.27687734008397924
36,46,Ezri Konsa Ngoyo,DEF,Aston Villa,0.27687734008397924
36,133,Cheikhou Kouyaté,MID,Crystal Palace,0.2794287559829144
36,668,Conor Coventry,MID,West Ham,0.2794287559829144
36,555,Filip Krovinovic,MID,West Brom,0.2794287559829144
36,253,Fabio Henrique Tavares,MID,Liverpool,0.2794287559829144
36,627,Percy Tau,MID,Brighton,0.2794287559829144
36,155,Lucas Digne,DEF,Everton,0.27687734008397924
36,474,Pedro Lomba Neto,MID,Wolves,0.2794287559829144
36,656,Iliman Ndiaye,MID,Sheffield Utd,0.2794287559829144
36,496,Matthew Cash,DEF,Aston Villa,0.27687734008397924
36,528,Jason Steele,GK,Brighton,0.12330835051460959
36,559,Niels Nkounkou,DEF,Everton,0.27687734008397924
36,277,João Pedro Cavaco Cancelo,DEF,Man City,0.27687734008397924
36,681,Ryan Astley,DEF,Everton,0.27687734008397924
36,486,Scott Dann,DEF,Crystal Palace,0.27687734008397924
36,288,Eric Garcia,DEF,Man City,0.27687734008397924
36,408,Hal Robson-Kanu,FWD,West Brom,0.24379579412795555
36,413,Romaine Sawyers,MID,West Brom,0.2794287559829144
36,178,Michael Hector,DEF,Fulham,0.27687734008397924
36,209,Ian Carlo Poveda-Ocampo,MID,Leeds,0.2794287559829144
36,149,Fabian Delph,MID,Everton,0.2794287559829144
36,32,Jed Steer,GK,Aston Villa,0.12330835051460959
36,420,Jonathan Leko,MID,West Brom,0.2794287559829144
36,585,Terence Kongolo,DEF,Fulham,0.27687734008397924
36,168,Anthony Gordon,MID,Everton,0.2794287559829144
36,337,Rolando Aarons,MID,Newcastle,0.2794287559829144
36,488,Mark Gillespie,GK,Newcastle,0.12330835051460959
36,206,Tyler Roberts,MID,Leeds,0.2794287559829144
36,148,Theo Walcott,MID,Southampton,0.2794287559829144
36,177,Anthony Knockaert,MID,Fulham,0.2794287559829144
36,195,Liam Cooper,DEF,Leeds,0.27687734008397924
36,68,Neal Maupay,FWD,Brighton,0.24379579412795555
36,242,Konstantinos Tsimikas,DEF,Liverpool,0.27687734008397924
36,354,Jack O'Connell,DEF,Sheffield Utd,0.27687734008397924
36,633,Jensen Weir,MID,Brighton,0.2794287559829144
36,365,Nathan Redmond,MID,Southampton,0.2794287559829144
36,128,Vicente Guaita,GK,Crystal Palace,0.12330835051460959
36,176,Tim Ream,DEF,Fulham,0.27687734008397924
36,463,Léo Bonatini,FWD,Wolves,0.24379579412795555
36,368,Stuart Armstrong,MID,Southampton,0.2794287559829144
36,79,Steven Alzate,MID,Brighton,0.2794287559829144
36,549,Diego Llorente,DEF,Leeds,0.27687734008397924
36,685,Gaetano Berardi,DEF,Leeds,0.27687734008397924
36,539,Liam Delap,FWD,Man City,0.24379579412795555
36,445,Jarrod Bowen,MID,West Ham,0.2794287559829144
36,263,Curtis Jones,MID,Liverpool,0.2794287559829144
36,469,Daniel Castelo Podence,MID,Wolves,0.2794287559829144
36,47,Frédéric Guilbert,DEF,Aston Villa,0.27687734008397924
36,467,Oskar Buur,DEF,Wolves,0.27687734008397924
36,246,Joel Matip,DEF,Liverpool,0.27687734008397924
36,374,Josh Sims,MID,Southampton,0.2794287559829144
36,428,Robert Snodgrass,MID,West Brom,0.2794287559829144
36,597,Robert Sánchez,GK,Brighton,0.12330835051460959
36,534,Ryan Inniss,DEF,Crystal Palace,0.27687734008397924
36,437,Michail Antonio,FWD,West Ham,0.24379579412795555
36,636,Caleb Watts,MID,Southampton,0.2794287559829144
36,248,Alex Oxlade-Chamberlain,MID,Liverpool,0.2794287559829144
36,674,Nathan Trott,GK,West Ham,0.12330835051460959
36,649,Hugo Bueno,DEF,Wolves,0.27687734008397924
36,342,Kelland Watts,DEF,Newcastle,0.27687734008397924
36,669,Jamal Baptiste,DEF,West Ham,0.27687734008397924
36,602,Elliot Anderson,MID,Newcastle,0.2794287559829144
36,261,Naby Keita,MID,Liverpool,0.2794287559829144
36,58,Shane Duffy,DEF,Brighton,0.27687734008397924
36,142,Jeffrey Schlupp,MID,Crystal Palace,0.2794287559829144
36,180,Neeskens Kebano,MID,Fulham,0.2794287559829144
36,635,Allan Tchaptchet,DEF,Southampton,0.27687734008397924
36,701,Taylor Gardner-Hickman,MID,West Brom,0.2794287559829144
36,330,Christian Atsu,MID,Newcastle,0.2794287559829144
36,323,Federico Fernández,DEF,Newcastle,0.27687734008397924
36,138,Luka Milivojevic,MID,Crystal Palace,0.2794287559829144
36,571,Joachim Andersen,DEF,Fulham,0.27687734008397924
36,301,Jesse Lingard,MID,West Ham,0.2794287559829144
36,351,George Baldock,DEF,Sheffield Utd,0.27687734008397924
36,355,John Lundstram,MID,Sheffield Utd,0.2794287559829144
36,100,Dwight McNeil,MID,Burnley,0.2794287559829144
36,409,Jake Livermore,MID,West Brom,0.2794287559829144
36,274,Benjamin Mendy,DEF,Man City,0.27687734008397924
36,72,José Izquierdo,MID,Brighton,0.2794287559829144
36,153,Cenk Tosun,FWD,Everton,0.24379579412795555
36,286,Rodrigo Hernandez,MID,Man City,0.2794287559829144
36,184,Aleksandar Mitrović,FWD,Fulham,0.24379579412795555
36,154,Bernard Anício Caldeira Duarte,MID,Everton,0.2794287559829144
36,250,Virgil van Dijk,DEF,Liverpool,0.27687734008397924
36,182,Joe Bryan,DEF,Fulham,0.27687734008397924
36,456,Ryan Bennett,DEF,Wolves,0.27687734008397924
36,179,Cyrus Christie,DEF,Fulham,0.27687734008397924
36,634,Will Ferry,MID,Southampton,0.2794287559829144
36,54,Adam Lallana,MID,Brighton,0.2794287559829144
36,90,Johann Berg Gudmundsson,MID,Burnley,0.2794287559829144
36,654,Okay Yokuslu,MID,West Brom,0.2794287559829144
36,87,Ashley Barnes,FWD,Burnley,0.24379579412795555
36,125,Gary Cahill,DEF,Crystal Palace,0.27687734008397924
36,171,Fabricio Agosto Ramírez,GK,Fulham,0.12330835051460959
36,551,Mace Goodridge,MID,Burnley,0.2794287559829144
36,264,Neco Williams,DEF,Liverpool,0.27687734008397924
36,333,Emil Krafth,DEF,Newcastle,0.27687734008397924
36,186,Marek Rodák,GK,Fulham,0.12330835051460959
36,95,Robbie Brady,MID,Burnley,0.2794287559829144
36,663,Michal Karbownik,DEF,Brighton,0.27687734008397924
36,461,Romain Saïss,DEF,Wolves,0.27687734008397924
36,329,Dwight Gayle,FWD,Newcastle,0.24379579412795555
36,214,Leif Davis,DEF,Leeds,0.27687734008397924
36,521,Cameron Carter-Vickers,DEF,Spurs,0.27687734008397924
36,197,Luke Ayling,DEF,Leeds,0.27687734008397924
36,543,Gareth Bale,MID,Spurs,0.2794287559829144
36,201,Ezgjan Alioski,DEF,Leeds,0.27687734008397924
36,267,Claudio Bravo,GK,Man City,0.12330835051460959
36,188,Josh Onomah,MID,Fulham,0.2794287559829144
36,273,John Stones,DEF,Man City,0.27687734008397924
36,410,Kamil Grosicki,MID,West Brom,0.2794287559829144
36,50,Keinan Davis,FWD,Aston Villa,0.24379579412795555
36,349,Oliver Norwood,MID,Sheffield Utd,0.2794287559829144
36,624,Kgaogelo Chauke,MID,Southampton,0.2794287559829144
36,135,Martin Kelly,DEF,Crystal Palace,0.27687734008397924
36,519,Jimmy Dunne,DEF,Burnley,0.27687734008397924
36,693,Crysencio Summerville,MID,Leeds,0.2794287559829144
36,81,James Tarkowski,DEF,Burnley,0.27687734008397924
36,194,Francisco Casilla Cortés,GK,Leeds,0.12330835051460959
36,386,Toby Alderweireld,DEF,Spurs,0.27687734008397924
36,348,Simon Moore,GK,Sheffield Utd,0.12330835051460959
36,439,Manuel Lanzini,MID,West Ham,0.2794287559829144
36,590,Daniel N'Lundulu,FWD,Southampton,0.24379579412795555
36,73,Matthew Clarke,DEF,Brighton,0.27687734008397924
36,554,Jacob Ramsey,MID,Aston Villa,0.2794287559829144
36,136,Connor Wickham,FWD,Crystal Palace,0.24379579412795555
36,332,Javier Manquillo,DEF,Newcastle,0.27687734008397924
36,596,Ellis Simms,FWD,Everton,0.24379579412795555
36,576,Craig Dawson,DEF,West Ham,0.27687734008397924
36,412,Kyle Bartley,DEF,West Brom,0.27687734008397924
36,523,Fraser Forster,GK,Southampton,0.12330835051460959
36,659,Claudio Gomes,MID,Man City,0.2794287559829144
36,320,Andy Carroll,FWD,Newcastle,0.24379579412795555
36,522,Sam Woods,DEF,Crystal Palace,0.27687734008397924
36,476,Leonardo Campana,FWD,Wolves,0.24379579412795555
36,468,Diogo Jota,MID,Liverpool,0.2794287559829144
36,499,Cedric Kipre,DEF,West Brom,0.27687734008397924
36,212,Jordan Stevens,MID,Leeds,0.2794287559829144
36,347,Enda Stevens,DEF,Sheffield Utd,0.27687734008397924
36,86,Jay Rodriguez,FWD,Burnley,0.24379579412795555
36,626,Patrick Cutrone,FWD,Wolves,0.24379579412795555
36,143,Max Meyer,MID,Crystal Palace,0.2794287559829144
36,426,Rekeem Harper,MID,West Brom,0.2794287559829144
36,371,Angus Gunn,GK,Southampton,0.12330835051460959
36,258,Takumi Minamino,MID,Southampton,0.2794287559829144
36,581,Owen Otasowie,MID,Wolves,0.2794287559829144
36,599,Jack Jenkins,MID,Leeds,0.2794287559829144
36,198,Mateusz Klich,MID,Leeds,0.2794287559829144
36,280,Aymeric Laporte,DEF,Man City,0.27687734008397924
36,59,Davy Pröpper,MID,Brighton,0.2794287559829144
36,544,Conor Gallagher,MID,West Brom,0.2794287559829144
36,370,James Ward-Prowse,MID,Southampton,0.2794287559829144
36,565,Ibrahima Diallo,MID,Southampton,0.2794287559829144
36,631,Teddy Jenks,MID,Brighton,0.2794287559829144
36,71,Alireza Jahanbakhsh,MID,Brighton,0.2794287559829144
36,562,Ola Aina,DEF,Fulham,0.27687734008397924
36,200,Stuart Dallas,DEF,Leeds,0.27687734008397924
36,331,Paul Dummett,DEF,Newcastle,0.27687734008397924
36,443,Fabián Balbuena,DEF,West Ham,0.27687734008397924
36,57,Pascal Groß,MID,Brighton,0.2794287559829144
36,397,Harry Winks,MID,Spurs,0.2794287559829144
36,632,Max Sanders,MID,Brighton,0.2794287559829144
36,586,Jack Butland,GK,Crystal Palace,0.12330835051460959
36,276,Raheem Sterling,MID,Man City,0.2794287559829144
36,275,Riyad Mahrez,MID,Man City,0.2794287559829144
36,520,Bobby Thomas,DEF,Burnley,0.27687734008397924
36,424,Oliver Burke,MID,Sheffield Utd,0.2794287559829144
36,414,Ahmed El-Sayed Hegazy,DEF,West Brom,0.27687734008397924
36,97,Charlie Taylor,DEF,Burnley,0.27687734008397924
36,42,Matt Targett,DEF,Aston Villa,0.27687734008397924
36,583,Will Norris,GK,Burnley,0.12330835051460959
36,98,Josh Brownhill,MID,Burnley,0.2794287559829144
36,335,DeAndre Yedlin,DEF,Newcastle,0.27687734008397924
36,540,Bertrand Traoré,MID,Aston Villa,0.2794287559829144
36,343,Billy Sharp,FWD,Sheffield Utd,0.24379579412795555
36,96,Nick Pope,GK,Burnley,0.12330835051460959
36,434,Jack Wilshere,MID,West Ham,0.2794287559829144
36,464,Leander Dendoncker,MID,Wolves,0.2794287559829144
36,75,Bernardo Fernandes da Silva Junior,DEF,Brighton,0.27687734008397924
36,485,Jeff Hendrick,MID,Newcastle,0.2794287559829144
36,327,Florian Lejeune,DEF,Newcastle,0.27687734008397924
36,49,Mbwana Samatta,FWD,Aston Villa,0.24379579412795555
36,692,Sam Greenwood,FWD,Leeds,0.24379579412795555
36,211,Pascal Struijk,DEF,Leeds,0.27687734008397924
36,492,Rodrigo Moreno,FWD,Leeds,0.24379579412795555
36,256,Divock Origi,FWD,Liverpool,0.24379579412795555
36,675,Reece Hannam,DEF,Crystal Palace,0.27687734008397924
36,373,Harrison Reed,MID,Fulham,0.2794287559829144
36,51,Indiana Vassilev,FWD,Aston Villa,0.24379579412795555
36,473,Morgan Gibbs-White,MID,Wolves,0.2794287559829144
36,62,Lewis Dunk,DEF,Brighton,0.27687734008397924
36,611,Taylor Perry,MID,Wolves,0.2794287559829144
36,369,Jannik Vestergaard,DEF,Southampton,0.27687734008397924
36,493,Mario Lemina,MID,Fulham,0.2794287559829144
36,52,Douglas Luiz Soares de Paulo,MID,Aston Villa,0.2794287559829144
36,106,Ross Barkley,MID,Aston Villa,0.2794287559829144
36,84,Jack Cork,MID,Burnley,0.2794287559829144
36,502,Allan Marques Loureiro,MID,Everton,0.2794287559829144
36,489,Eberechi Eze,MID,Crystal Palace,0.2794287559829144
36,76,Yves Bissouma,MID,Brighton,0.2794287559829144
36,403,Giovani Lo Celso,MID,Spurs,0.2794287559829144
36,480,Sean Longstaff,MID,Newcastle,0.2794287559829144
36,415,Charlie Austin,FWD,West Brom,0.24379579412795555
36,658,Richard Nartey,DEF,Burnley,0.27687734008397924
36,265,Harvey Elliott,MID,Liverpool,0.2794287559829144
36,419,Oluwasemilogo Adesewo Ibidapo Ajayi,DEF,West Brom,0.27687734008397924
36,161,Jean-Philippe Gbamin,MID,Everton,0.2794287559829144
36,648,Mbaye Diagne,FWD,West Brom,0.24379579412795555
36,695,Fabio Carvalho,MID,Fulham,0.2794287559829144
36,259,Trent Alexander-Arnold,DEF,Liverpool,0.27687734008397924
36,283,Oleksandr Zinchenko,DEF,Man City,0.27687734008397924
36,255,Andrew Robertson,DEF,Liverpool,0.27687734008397924
36,537,Adrián Bernabé,MID,Man City,0.2794287559829144
36,677,Liam Hughes,GK,Liverpool,0.12330835051460959
36,144,Jairo Riedewald,MID,Crystal Palace,0.2794287559829144
36,566,Ben Godfrey,DEF,Everton,0.27687734008397924
36,427,Mark Noble,MID,West Ham,0.2794287559829144
36,462,Jonathan Castro Otto,DEF,Wolves,0.27687734008397924
36,699,Daniel Jebbison,FWD,Sheffield Utd,0.24379579412795555
36,444,Jordan Hugill,FWD,West Ham,0.24379579412795555
36,169,Moise Kean,FWD,Everton,0.24379579412795555
36,545,Ki-Jana Hoever,DEF,Wolves,0.27687734008397924
36,210,Jamie Shackleton,MID,Leeds,0.2794287559829144
36,378,Yan Valery,DEF,Southampton,0.27687734008397924
36,563,Rayan Ait Nouri,DEF,Wolves,0.27687734008397924
36,48,Wesley Moraes,FWD,Aston Villa,0.24379579412795555
36,639,Andy Lonergan,GK,West Brom,0.12330835051460959
36,260,Joseph Gomez,DEF,Liverpool,0.27687734008397924
36,362,Ryan Bertrand,DEF,Southampton,0.27687734008397924
36,655,Ryan Finnigan,MID,Southampton,0.2794287559829144
36,679,Kyle John,DEF,Everton,0.27687734008397924
36,514,Ollie Watkins,FWD,Aston Villa,0.24379579412795555
36,45,Anwar El Ghazi,MID,Aston Villa,0.2794287559829144
36,271,Ilkay Gündogan,MID,Man City,0.2794287559829144
36,391,Eric Dier,DEF,Spurs,0.27687734008397924
36,647,Morgan Sanson,MID,Aston Villa,0.2794287559829144
36,422,Darnell Furlong,DEF,West Brom,0.27687734008397924
36,89,Ashley Westwood,MID,Burnley,0.2794287559829144
36,164,Dominic Calvert-Lewin,FWD,Everton,0.24379579412795555
36,653,Ben Davies,DEF,Liverpool,0.27687734008397924
36,43,James Bree,DEF,Aston Villa,0.27687734008397924
36,108,Michy Batshuayi,FWD,Crystal Palace,0.24379579412795555
36,266,Fernando Luiz Rosa,DEF,Man City,0.27687734008397924
36,56,David Button,GK,West Brom,0.12330835051460959
36,126,Wayne Hennessey,GK,Crystal Palace,0.12330835051460959
36,600,Lee Peltier,DEF,West Brom,0.27687734008397924
36,359,Lys Mousset,FWD,Sheffield Utd,0.24379579412795555
36,160,Jonjoe Kenny,DEF,Everton,0.27687734008397924
36,39,Kortney Hause,DEF,Aston Villa,0.27687734008397924
36,247,Xherdan Shaqiri,MID,Liverpool,0.2794287559829144
36,550,Jayson Molumby,MID,Brighton,0.2794287559829144
36,651,Joshua King,FWD,Everton,0.24379579412795555
36,38,John McGinn,MID,Aston Villa,0.2794287559829144
36,542,Sergio Reguilón,DEF,Spurs,0.27687734008397924
36,475,Bruno André Cavaco Jordao,MID,Wolves,0.2794287559829144
36,509,Ethan Ampadu,DEF,Sheffield Utd,0.27687734008397924
36,399,Ryan Sessegnon,DEF,Spurs,0.27687734008397924
36,339,Miguel Almirón,MID,Newcastle,0.2794287559829144
36,167,João Virgínia,GK,Everton,0.12330835051460959
36,457,Matt Doherty,DEF,Spurs,0.27687734008397924
36,407,Kieran Gibbs,DEF,West Brom,0.27687734008397924
36,513,Jamal Lewis,DEF,Newcastle,0.27687734008397924
36,375,Kyle Walker-Peters,DEF,Southampton,0.27687734008397924
36,67,Joël Veltman,DEF,Brighton,0.27687734008397924
36,430,Darren Randolph,GK,West Ham,0.12330835051460959
36,278,Ederson Santana de Moraes,GK,Man City,0.12330835051460959
36,129,James Tomkins,DEF,Crystal Palace,0.27687734008397924
36,584,Joe Rodon,DEF,Spurs,0.27687734008397924
36,44,Marvelous Nakamba,MID,Aston Villa,0.2794287559829144
36,436,Andriy Yarmolenko,MID,West Ham,0.2794287559829144
36,170,Jarrad Branthwaite,DEF,Everton,0.27687734008397924
36,385,Moussa Sissoko,MID,Spurs,0.2794287559829144
36,451,Issa Diop,DEF,West Ham,0.27687734008397924
36,80,Alexis Mac Allister,MID,Brighton,0.2794287559829144
36,344,David McGoldrick,FWD,Sheffield Utd,0.24379579412795555
36,401,Gedson Carvalho Fernandes,MID,Spurs,0.2794287559829144
36,284,Phil Foden,MID,Man City,0.2794287559829144
36,556,Rúben Santos Gato Alves Dias,DEF,Man City,0.27687734008397924
36,159,Alex Iwobi,MID,Everton,0.2794287559829144
36,525,Denis Odoi,DEF,Fulham,0.27687734008397924
36,63,Martín Montoya,DEF,Brighton,0.27687734008397924
36,598,Kayne Ramsay,DEF,Southampton,0.27687734008397924
36,638,Ademipo Odubeko,FWD,West Ham,0.24379579412795555
36,431,Lukasz Fabianski,GK,West Ham,0.12330835051460959
36,406,Juan Foyth,DEF,Spurs,0.27687734008397924
36,350,Wes Foderingham,GK,Sheffield Utd,0.12330835051460959
36,367,Jack Stephens,DEF,Southampton,0.27687734008397924
36,372,Sofiane Boufal,MID,Southampton,0.2794287559829144
36,623,Taylor Harwood-Bellis,DEF,Man City,0.27687734008397924
36,618,Antwoine Hackford,FWD,Sheffield Utd,0.24379579412795555
36,664,Moisés Caicedo,MID,Brighton,0.2794287559829144
36,166,Richarlison de Andrade,FWD,Everton,0.24379579412795555
36,484,Antonee Robinson,DEF,Fulham,0.27687734008397924
36,546,Nélson Cabral Semedo,DEF,Wolves,0.27687734008397924
36,459,Conor Coady,DEF,Wolves,0.27687734008397924
36,411,Matt Phillips,MID,West Brom,0.2794287559829144
36,487,Matthew Longstaff,MID,Newcastle,0.2794287559829144
36,357,Oliver McBurnie,FWD,Sheffield Utd,0.24379579412795555
36,360,Sander Berge,MID,Sheffield Utd,0.2794287559829144
36,393,Paulo Gazzaniga,GK,Spurs,0.12330835051460959
36,683,Jaden Philogene-Bidace,MID,Aston Villa,0.2794287559829144
36,366,Danny Ings,FWD,Southampton,0.24379579412795555
36,244,Jordan Henderson,MID,Liverpool,0.2794287559829144
36,610,Theo Corbeanu,MID,Wolves,0.2794287559829144
36,441,Sébastien Haller,FWD,West Ham,0.24379579412795555
36,183,Marcus Bettinelli,GK,Fulham,0.12330835051460959
36,612,Anthony Mancini,MID,Burnley,0.2794287559829144
36,672,Carney Chukwuemeka,MID,Aston Villa,0.2794287559829144
36,377,Che Adams,FWD,Southampton,0.24379579412795555
36,146,Tyrick Mitchell,DEF,Crystal Palace,0.27687734008397924
36,203,Jack Harrison,MID,Leeds,0.2794287559829144
36,358,Callum Robinson,FWD,West Brom,0.24379579412795555
36,77,Tariq Lamptey,DEF,Brighton,0.27687734008397924
36,477,Luke Freeman,MID,Sheffield Utd,0.2794287559829144
36,423,Sam Field,MID,West Brom,0.2794287559829144
36,472,Matija Sarkic,GK,Wolves,0.12330835051460959
36,671,Kaine Hayden,MID,Aston Villa,0.2794287559829144
36,529,Phil Jagielka,DEF,Sheffield Utd,0.27687734008397924
36,429,David Martin,GK,West Ham,0.12330835051460959
36,29,Ahmed El Mohamady,DEF,Aston Villa,0.27687734008397924
36,40,Mahmoud Ahmed Ibrahim Hassan,MID,Aston Villa,0.2794287559829144
36,190,Aboubakar Kamara,MID,Fulham,0.2794287559829144
36,131,James McCarthy,MID,Crystal Palace,0.2794287559829144
36,404,Oliver Skipp,MID,Spurs,0.2794287559829144
36,31,Neil Taylor,DEF,Aston Villa,0.27687734008397924
36,606,Daniel Langley,GK,Newcastle,0.12330835051460959
36,281,Bernardo Mota Veiga de Carvalho e Silva,MID,Man City,0.2794287559829144
36,507,Ryan Fraser,MID,Newcastle,0.2794287559829144
36,524,Nathan Tella,MID,Southampton,0.2794287559829144
36,470,Max Kilman,DEF,Wolves,0.27687734008397924
36,207,Jay-Roy Grot,MID,Leeds,0.2794287559829144
36,483,Aaron Ramsdale,GK,Sheffield Utd,0.12330835051460959
36,204,Kalvin Phillips,MID,Leeds,0.2794287559829144
36,570,Raphael Dias Belloli,MID,Leeds,0.2794287559829144
37,591,Max Thompson,FWD,Burnley,0.2437957941279555
37,458,Willy Boly,DEF,Wolves,0.2768773400839792
37,324,Ciaran Clark,DEF,Newcastle,0.2768773400839792
37,614,Luke Cundle,MID,Wolves,0.2794287559829144
37,322,Matt Ritchie,MID,Newcastle,0.2794287559829144
37,245,Adrián San Miguel del Castillo,GK,Liverpool,0.12330835051460963
37,594,Rhys Williams,DEF,Liverpool,0.2768773400839792
37,191,André-Frank Zambo Anguissa,MID,Fulham,0.2794287559829144
37,189,Jean Michaël Seri,MID,Fulham,0.2794287559829144
37,425,Dara O'Shea,DEF,West Brom,0.2768773400839792
37,315,Mason Greenwood,MID,Man Utd,0.2794287559829144
37,314,José Diogo Dalot Teixeira,DEF,Man Utd,0.2768773400839792
37,466,Rúben Diogo da Silva Neves,MID,Wolves,0.2794287559829144
37,224,Jamie Vardy,FWD,Leicester,0.2437957941279555
37,215,Oliver Casey,DEF,Leeds,0.2768773400839792
37,123,Reece James,DEF,Chelsea,0.2768773400839792
37,680,Nathan Broadhead,MID,Everton,0.2794287559829144
37,292,Chris Smalling,DEF,Man Utd,0.2768773400839792
37,99,Bailey Peacock-Farrell,GK,Burnley,0.12330835051460963
37,279,Nathan Aké,DEF,Man City,0.2768773400839792
37,530,Branislav Ivanovic,DEF,West Brom,0.2768773400839792
37,417,Sam Johnstone,GK,West Brom,0.12330835051460963
37,14,Sead Kolasinac,DEF,Arsenal,0.2768773400839792
37,503,Christian Walton,GK,Brighton,0.12330835051460963
37,620,Charlie Cresswell,DEF,Leeds,0.2768773400839792
37,3,David Luiz Moreira Marinho,DEF,Arsenal,0.2768773400839792
37,37,Jack Grealish,MID,Aston Villa,0.2794287559829144
37,270,Kyle Walker,DEF,Man City,0.2768773400839792
37,440,Felipe Anderson Pereira Gomes,MID,West Ham,0.2794287559829144
37,405,Tanguy Ndombele,MID,Spurs,0.2794287559829144
37,1,Mesut Özil,MID,Arsenal,0.2794287559829144
37,662,Thomas McGill,GK,Brighton,0.12330835051460963
37,150,Gylfi Sigurdsson,MID,Everton,0.2794287559829144
37,118,Tammy Abraham,FWD,Chelsea,0.2437957941279555
37,53,Glenn Murray,FWD,Brighton,0.2437957941279555
37,389,Serge Aurier,DEF,Spurs,0.2768773400839792
37,162,Yerry Mina,DEF,Everton,0.2768773400839792
37,111,Emerson Palmieri dos Santos,DEF,Chelsea,0.2768773400839792
37,341,Yoshinori Muto,FWD,Newcastle,0.2437957941279555
37,346,John Fleck,MID,Sheffield Utd,0.2794287559829144
37,117,Timo Werner,FWD,Chelsea,0.2437957941279555
37,307,Axel Tuanzebe,DEF,Man Utd,0.2768773400839792
37,103,Olivier Giroud,FWD,Chelsea,0.2437957941279555
37,105,Jorge Luiz Frello Filho,MID,Chelsea,0.2794287559829144
37,532,Elia Caprile,GK,Leeds,0.12330835051460963
37,336,Isaac Hayden,MID,Newcastle,0.2794287559829144
37,613,Joel Mumbongo,FWD,Burnley,0.2437957941279555
37,88,Ben Mee,DEF,Burnley,0.2768773400839792
37,582,Karlan Grant,FWD,West Brom,0.2437957941279555
37,684,Shane Flynn,MID,Leicester,0.2794287559829144
37,642,Willian José Da Silva,FWD,Wolves,0.2437957941279555
37,572,Tosin Adarabioyo,DEF,Fulham,0.2768773400839792
37,291,David de Gea,GK,Man Utd,0.12330835051460963
37,139,Patrick van Aanholt,DEF,Crystal Palace,0.2768773400839792
37,325,Karl Darlow,GK,Newcastle,0.12330835051460963
37,175,Tom Cairney,MID,Fulham,0.2794287559829144
37,421,Kyle Edwards,MID,West Brom,0.2794287559829144
37,306,Marcus Rashford,MID,Man Utd,0.2794287559829144
37,304,Andreas Pereira,MID,Man Utd,0.2794287559829144
37,478,Willian Borges Da Silva,MID,Arsenal,0.2794287559829144
37,163,Tom Davies,MID,Everton,0.2794287559829144
37,132,Christian Benteke,FWD,Crystal Palace,0.2437957941279555
37,390,Heung-Min Son,MID,Spurs,0.2794287559829144
37,299,Frederico Rodrigues de Paula Santos,MID,Man Utd,0.2794287559829144
37,402,Japhet Tanganga,DEF,Spurs,0.2768773400839792
37,28,Tom Heaton,GK,Aston Villa,0.12330835051460963
37,617,Andreas Söndergaard,GK,Wolves,0.12330835051460963
37,696,Ben Woodburn,MID,Liverpool,0.2794287559829144
37,364,Oriol Romeu Vidal,MID,Southampton,0.2794287559829144
37,12,Emiliano Martínez,GK,Aston Villa,0.12330835051460963
37,482,Joe Hart,GK,Spurs,0.12330835051460963
37,124,Billy Gilmour,MID,Chelsea,0.2794287559829144
37,438,Ryan Fredericks,DEF,West Ham,0.2768773400839792
37,181,Bobby Decordova-Reid,FWD,Fulham,0.2437957941279555
37,243,Georginio Wijnaldum,MID,Liverpool,0.2794287559829144
37,294,Marcos Rojo,DEF,Man Utd,0.2768773400839792
37,558,Vladimir Coufal,DEF,West Ham,0.2768773400839792
37,376,Jan Bednarek,DEF,Southampton,0.2768773400839792
37,573,Robin Olsen,GK,Everton,0.12330835051460963
37,93,Matej Vydra,FWD,Burnley,0.2437957941279555
37,538,Zack Steffen,GK,Man City,0.12330835051460963
37,418,Conor Townsend,DEF,West Brom,0.2768773400839792
37,187,Ivan Ricardo Neves Abreu Cavaleiro,MID,Fulham,0.2794287559829144
37,432,Angelo Ogbonna,DEF,West Ham,0.2768773400839792
37,208,Kamil Miazek,GK,Leeds,0.12330835051460963
37,140,Jordan Ayew,FWD,Crystal Palace,0.2437957941279555
37,670,Frankie Maguire,MID,Sheffield Utd,0.2794287559829144
37,515,Vitor Ferreira,MID,Wolves,0.2794287559829144
37,512,Abdoulaye Doucouré,MID,Everton,0.2794287559829144
37,232,Benjamin Chilwell,DEF,Chelsea,0.2768773400839792
37,446,Grady Diangana,MID,West Brom,0.2794287559829144
37,353,John Egan,DEF,Sheffield Utd,0.2768773400839792
37,229,Ayoze Pérez,MID,Leicester,0.2794287559829144
37,293,Odion Ighalo,FWD,Man Utd,0.2437957941279555
37,356,Ben Osborn,MID,Sheffield Utd,0.2794287559829144
37,448,Declan Rice,MID,West Ham,0.2794287559829144
37,479,Mohammed Salisu,DEF,Southampton,0.2768773400839792
37,622,Luke Mbete,DEF,Man City,0.2768773400839792
37,217,Kasper Schmeichel,GK,Leicester,0.12330835051460963
37,588,Danny Welbeck,FWD,Brighton,0.2437957941279555
37,577,Nathaniel Clyne,DEF,Crystal Palace,0.2768773400839792
37,637,Frederik Alves,DEF,West Ham,0.2768773400839792
37,213,Illan Meslier,GK,Leeds,0.12330835051460963
37,287,Ferran Torres,MID,Man City,0.2794287559829144
37,494,Gabriel Magalhães,DEF,Arsenal,0.2768773400839792
37,222,Matty James,MID,Leicester,0.2794287559829144
37,262,Rhian Brewster,FWD,Sheffield Utd,0.2437957941279555
37,321,Jonjo Shelvey,MID,Newcastle,0.2794287559829144
37,686,Nathan Bishop,GK,Man Utd,0.12330835051460963
37,252,Alisson Ramses Becker,GK,Liverpool,0.12330835051460963
37,11,Héctor Bellerín,DEF,Arsenal,0.2768773400839792
37,465,Adama Traoré,MID,Wolves,0.2794287559829144
37,698,Valentino Livramento,DEF,Chelsea,0.2768773400839792
37,578,Stephen Henderson,GK,Crystal Palace,0.12330835051460963
37,621,Cheikh Diaby,FWD,West Brom,0.2437957941279555
37,601,Leighton Clarkson,MID,Liverpool,0.2794287559829144
37,205,Hélder Wander Sousa de Azevedo e Costa,MID,Leeds,0.2794287559829144
37,202,Patrick Bamford,FWD,Leeds,0.2437957941279555
37,254,Mohamed Salah,MID,Liverpool,0.2794287559829144
37,641,Jean-Philippe Mateta,FWD,Crystal Palace,0.2437957941279555
37,352,Jack Robinson,DEF,Sheffield Utd,0.2768773400839792
37,442,Arthur Masuaku,DEF,West Ham,0.2768773400839792
37,5,Cédric Soares,DEF,Arsenal,0.2768773400839792
37,23,Emile Smith Rowe,MID,Arsenal,0.2794287559829144
37,345,Chris Basham,DEF,Sheffield Utd,0.2768773400839792
37,533,Mateusz Bogusz,MID,Leeds,0.2794287559829144
37,338,Allan Saint-Maximin,MID,Newcastle,0.2794287559829144
37,328,Jamaal Lascelles,DEF,Newcastle,0.2768773400839792
37,460,Raúl Jiménez,FWD,Wolves,0.2437957941279555
37,298,Harry Maguire,DEF,Man Utd,0.2768773400839792
37,319,Teden Mengi,DEF,Man Utd,0.2768773400839792
37,174,Stefan Johansen,MID,Fulham,0.2794287559829144
37,361,Shane Long,FWD,Southampton,0.2437957941279555
37,233,Kelechi Iheanacho,FWD,Leicester,0.2437957941279555
37,433,Roberto Jimenez Gago,GK,West Ham,0.12330835051460963
37,185,Alfie Mawson,DEF,Fulham,0.2768773400839792
37,66,Adam Webster,DEF,Brighton,0.2768773400839792
37,313,Aaron Wan-Bissaka,DEF,Man Utd,0.2768773400839792
37,55,Dale Stephens,MID,Burnley,0.2794287559829144
37,193,Pablo Hernández Domínguez,MID,Leeds,0.2794287559829144
37,30,Henri Lansbury,MID,Aston Villa,0.2794287559829144
37,152,Seamus Coleman,DEF,Everton,0.2768773400839792
37,394,Bamidele Alli,MID,Spurs,0.2794287559829144
37,504,Fabio Silva,FWD,Wolves,0.2437957941279555
37,400,Steven Bergwijn,MID,Spurs,0.2794287559829144
37,269,Nicolás Otamendi,DEF,Man City,0.2768773400839792
37,587,Saïd Benrahma,MID,West Ham,0.2794287559829144
37,531,Thiago Alcántara do Nascimento,MID,Liverpool,0.2794287559829144
37,589,Nathaniel Phillips,DEF,Liverpool,0.2768773400839792
37,110,Kurt Zouma,DEF,Chelsea,0.2768773400839792
37,435,Aaron Cresswell,DEF,West Ham,0.2768773400839792
37,219,Jonny Evans,DEF,Leicester,0.2768773400839792
37,318,Brandon Williams,DEF,Man Utd,0.2768773400839792
37,130,James McArthur,MID,Crystal Palace,0.2794287559829144
37,643,Alexandre Jankewitz,MID,Southampton,0.2794287559829144
37,450,Pablo Fornals,MID,West Ham,0.2794287559829144
37,272,Kevin De Bruyne,MID,Man City,0.2794287559829144
37,22,Edward Nketiah,FWD,Arsenal,0.2437957941279555
37,657,Zak Brunt,MID,Sheffield Utd,0.2794287559829144
37,491,Robin Koch,DEF,Leeds,0.2768773400839792
37,69,Leandro Trossard,MID,Brighton,0.2794287559829144
37,560,Caoimhin Kelleher,GK,Liverpool,0.12330835051460963
37,61,Dan Burn,DEF,Brighton,0.2768773400839792
37,455,Rui Pedro dos Santos Patrício,GK,Wolves,0.12330835051460963
37,6,Alexandre Lacazette,FWD,Arsenal,0.2437957941279555
37,552,Cole Palmer,MID,Man City,0.2794287559829144
37,382,Moussa Djenepo,MID,Southampton,0.2794287559829144
37,383,Hugo Lloris,GK,Spurs,0.12330835051460963
37,83,Erik Pieters,DEF,Burnley,0.2768773400839792
37,384,Danny Rose,DEF,Spurs,0.2768773400839792
37,196,Barry Douglas,DEF,Leeds,0.2768773400839792
37,317,James Garner,MID,Man Utd,0.2794287559829144
37,340,Joelinton Cássio Apolinário de Lira,FWD,Newcastle,0.2437957941279555
37,579,Islam Slimani,FWD,Leicester,0.2437957941279555
37,41,Tyrone Mings,DEF,Aston Villa,0.2768773400839792
37,595,James Trafford,GK,Man City,0.12330835051460963
37,673,Shola Shoretire,MID,Man Utd,0.2794287559829144
37,122,Callum Hudson-Odoi,MID,Chelsea,0.2794287559829144
37,580,Michael Verrips,GK,Sheffield Utd,0.12330835051460963
37,447,Albian Ajeti,FWD,West Ham,0.2437957941279555
37,453,John Ruddy,GK,Wolves,0.12330835051460963
37,116,Andreas Christensen,DEF,Chelsea,0.2768773400839792
37,78,Aaron Connolly,FWD,Brighton,0.2437957941279555
37,65,Solomon March,MID,Brighton,0.2794287559829144
37,92,Matthew Lowton,DEF,Burnley,0.2768773400839792
37,199,Adam Forshaw,MID,Leeds,0.2794287559829144
37,665,Josh Maja,FWD,Fulham,0.2437957941279555
37,241,James Milner,MID,Liverpool,0.2794287559829144
37,666,Dane Scarlett,FWD,Spurs,0.2437957941279555
37,363,Alex McCarthy,GK,Southampton,0.12330835051460963
37,257,Harry Wilson,MID,Liverpool,0.2794287559829144
37,644,Tyler Onyango,MID,Everton,0.2794287559829144
37,607,Jake Cain,MID,Liverpool,0.2794287559829144
37,640,Amad Diallo,MID,Man Utd,0.2794287559829144
37,517,Kenny Tete,DEF,Fulham,0.2768773400839792
37,615,Lewis Richards,DEF,Wolves,0.2768773400839792
37,145,Nathan Ferguson,DEF,Crystal Palace,0.2768773400839792
37,33,Conor Hourihane,MID,Aston Villa,0.2794287559829144
37,151,Jonas Lössl,GK,Everton,0.12330835051460963
37,35,Ørjan Nyland,GK,Aston Villa,0.12330835051460963
37,134,Joel Ward,DEF,Crystal Palace,0.2768773400839792
37,497,Jacob Murphy,MID,Newcastle,0.2794287559829144
37,603,Kean Bryan,DEF,Sheffield Utd,0.2768773400839792
37,249,Roberto Firmino,FWD,Liverpool,0.2437957941279555
37,650,Alfie Devine,MID,Spurs,0.2794287559829144
37,608,Scott Carson,GK,Man City,0.12330835051460963
37,510,Jayden Bogle,DEF,Sheffield Utd,0.2768773400839792
37,398,Davinson Sánchez,DEF,Spurs,0.2768773400839792
37,227,Daniel Amartey,DEF,Leicester,0.2768773400839792
37,226,Ricardo Domingos Barbosa Pereira,DEF,Leicester,0.2768773400839792
37,564,Carlos Vinicius Alves Morais,FWD,Spurs,0.2437957941279555
37,388,Harry Kane,FWD,Spurs,0.2437957941279555
37,20,Joseph Willock,MID,Newcastle,0.2794287559829144
37,127,Mamadou Sakho,DEF,Crystal Palace,0.2768773400839792
37,630,Reda Khadra,MID,Brighton,0.2794287559829144
37,619,Niall Huggins,FWD,Leeds,0.2437957941279555
37,705,Femi Seriki,MID,Sheffield Utd,0.2794287559829144
37,575,Facundo Pellistri,MID,Man Utd,0.2794287559829144
37,645,Martin Ødegaard,MID,Arsenal,0.2794287559829144
37,25,Matteo Guendouzi,MID,Arsenal,0.2794287559829144
37,416,Kenneth Zohore,FWD,West Brom,0.2437957941279555
37,326,Martin Dubravka,GK,Newcastle,0.12330835051460963
37,700,Caleb Taylor,DEF,West Brom,0.2768773400839792
37,706,Toby King,MID,West Brom,0.2794287559829144
37,511,Max Lowe,DEF,Sheffield Utd,0.2768773400839792
37,449,Tomas Soucek,MID,West Ham,0.2794287559829144
37,471,Rúben Gonçalo Silva Nascimento Vinagre,DEF,Wolves,0.2768773400839792
37,697,Billy Koumetio,DEF,Liverpool,0.2768773400839792
37,282,Gabriel Fernando de Jesus,FWD,Man City,0.2437957941279555
37,516,Alphonse Areola,GK,Fulham,0.12330835051460963
37,112,Kepa Arrizabalaga,GK,Chelsea,0.12330835051460963
37,121,Fikayo Tomori,DEF,Chelsea,0.2768773400839792
37,15,Ainsley Maitland-Niles,DEF,West Brom,0.2768773400839792
37,147,Brandon Pierrick,MID,Crystal Palace,0.2794287559829144
37,652,Ozan Kabak,DEF,Liverpool,0.2768773400839792
37,395,Ben Davies,DEF,Spurs,0.2768773400839792
37,101,Willy Caballero,GK,Chelsea,0.12330835051460963
37,694,Cody Drameh,DEF,Leeds,0.2768773400839792
37,396,Pierre-Emile Højbjerg,MID,Spurs,0.2794287559829144
37,238,Çaglar Söyüncü,DEF,Leicester,0.2768773400839792
37,625,Harry Lewis,GK,Southampton,0.12330835051460963
37,285,Tommy Doyle,MID,Man City,0.2794287559829144
37,452,Ben Johnson,DEF,West Ham,0.2768773400839792
37,172,Kevin McDonald,MID,Fulham,0.2794287559829144
37,379,William Smallbone,MID,Southampton,0.2794287559829144
37,605,Faustino Anjorin,MID,Chelsea,0.2794287559829144
37,392,Lucas Rodrigues Moura da Silva,MID,Spurs,0.2794287559829144
37,682,Harry Tyrer,GK,Everton,0.12330835051460963
37,490,Thiago Thiago,DEF,Chelsea,0.2768773400839792
37,64,Florin Andone,FWD,Brighton,0.2437957941279555
37,141,Wilfried Zaha,MID,Crystal Palace,0.2794287559829144
37,454,João Filipe Iria Santos Moutinho,MID,Wolves,0.2794287559829144
37,518,Nampalys Mendy,MID,Leicester,0.2794287559829144
37,508,James Rodríguez,MID,Everton,0.2794287559829144
37,60,Aaron Mooy,MID,Brighton,0.2794287559829144
37,334,Fabian Schär,DEF,Newcastle,0.2768773400839792
37,629,Nigel Lonwijk,DEF,Wolves,0.2768773400839792
37,74,Ben White,DEF,Brighton,0.2768773400839792
37,165,Mason Holgate,DEF,Everton,0.2768773400839792
37,7,Shkodran Mustafi,DEF,Arsenal,0.2768773400839792
37,553,Meritan Shabani,MID,Wolves,0.2794287559829144
37,691,Isaac Price,MID,Everton,0.2794287559829144
37,157,Jordan Pickford,GK,Everton,0.12330835051460963
37,688,Jesurun Rak-Sakyi,MID,Crystal Palace,0.2794287559829144
37,506,Callum Wilson,FWD,Newcastle,0.2437957941279555
37,548,Edouard Mendy,GK,Chelsea,0.12330835051460963
37,91,Chris Wood,FWD,Burnley,0.2437957941279555
37,173,Maxime Le Marchand,DEF,Fulham,0.2768773400839792
37,82,Phil Bardsley,DEF,Burnley,0.2768773400839792
37,380,Jake Vokins,DEF,Southampton,0.2768773400839792
37,536,Anthony Driscoll-Glennon,DEF,Burnley,0.2768773400839792
37,667,Joe Gelhardt,FWD,Leeds,0.2437957941279555
37,251,Sadio Mané,MID,Liverpool,0.2794287559829144
37,104,Marcos Alonso,DEF,Chelsea,0.2768773400839792
37,481,Matheus Pereira,MID,West Brom,0.2794287559829144
37,156,Michael Keane,DEF,Everton,0.2768773400839792
37,592,Lewis Richardson,FWD,Burnley,0.2437957941279555
37,687,Thanawat Suengchitthawon,MID,Leicester,0.2794287559829144
37,557,Ademola Lookman,MID,Fulham,0.2794287559829144
37,661,Thakgalo Leshabela,MID,Leicester,0.2794287559829144
37,646,Kyron Gordon,DEF,Sheffield Utd,0.2768773400839792
37,574,Andi Zeqiri,FWD,Brighton,0.2437957941279555
37,295,Nemanja Matic,MID,Man Utd,0.2794287559829144
37,381,Michael Obafemi,FWD,Southampton,0.2437957941279555
37,609,Felix Nmecha,MID,Man City,0.2794287559829144
37,690,Reece Welch,DEF,Everton,0.2768773400839792
37,387,Erik Lamela,MID,Spurs,0.2794287559829144
37,85,Kevin Long,DEF,Burnley,0.2768773400839792
37,137,Andros Townsend,MID,Crystal Palace,0.2794287559829144
37,36,Bjorn Engels,DEF,Aston Villa,0.2768773400839792
37,678,Jakub Ojrzynski,GK,Liverpool,0.12330835051460963
37,115,Ruben Loftus-Cheek,MID,Fulham,0.2794287559829144
37,628,Jakub Moder,MID,Brighton,0.2794287559829144
37,158,André Filipe Tavares Gomes,MID,Everton,0.2794287559829144
37,34,José Ignacio Peleteiro Romallo,MID,Aston Villa,0.2794287559829144
37,616,Christian Marques,DEF,Wolves,0.2768773400839792
37,535,Josh Benson,MID,Burnley,0.2794287559829144
37,505,Fernando Marçal,DEF,Wolves,0.2768773400839792
37,268,Sergio Agüero,FWD,Man City,0.2437957941279555
37,94,Ben Gibson,DEF,Burnley,0.2768773400839792
37,192,Zeze Steven Sessegnon,DEF,Fulham,0.2768773400839792
37,46,Ezri Konsa Ngoyo,DEF,Aston Villa,0.2768773400839792
37,133,Cheikhou Kouyaté,MID,Crystal Palace,0.2794287559829144
37,668,Conor Coventry,MID,West Ham,0.2794287559829144
37,555,Filip Krovinovic,MID,West Brom,0.2794287559829144
37,253,Fabio Henrique Tavares,MID,Liverpool,0.2794287559829144
37,627,Percy Tau,MID,Brighton,0.2794287559829144
37,155,Lucas Digne,DEF,Everton,0.2768773400839792
37,474,Pedro Lomba Neto,MID,Wolves,0.2794287559829144
37,656,Iliman Ndiaye,MID,Sheffield Utd,0.2794287559829144
37,496,Matthew Cash,DEF,Aston Villa,0.2768773400839792
37,528,Jason Steele,GK,Brighton,0.12330835051460963
37,228,Youri Tielemans,MID,Leicester,0.2794287559829144
37,559,Niels Nkounkou,DEF,Everton,0.2768773400839792
37,277,João Pedro Cavaco Cancelo,DEF,Man City,0.2768773400839792
37,681,Ryan Astley,DEF,Everton,0.2768773400839792
37,486,Scott Dann,DEF,Crystal Palace,0.2768773400839792
37,288,Eric Garcia,DEF,Man City,0.2768773400839792
37,408,Hal Robson-Kanu,FWD,West Brom,0.2437957941279555
37,413,Romaine Sawyers,MID,West Brom,0.2794287559829144
37,704,Harry Boyes,DEF,Sheffield Utd,0.2768773400839792
37,178,Michael Hector,DEF,Fulham,0.2768773400839792
37,209,Ian Carlo Poveda-Ocampo,MID,Leeds,0.2794287559829144
37,149,Fabian Delph,MID,Everton,0.2794287559829144
37,32,Jed Steer,GK,Aston Villa,0.12330835051460963
37,420,Jonathan Leko,MID,West Brom,0.2794287559829144
37,561,Wesley Fofana,DEF,Leicester,0.2768773400839792
37,585,Terence Kongolo,DEF,Fulham,0.2768773400839792
37,168,Anthony Gordon,MID,Everton,0.2794287559829144
37,114,Hakim Ziyech,MID,Chelsea,0.2794287559829144
37,498,Timothy Castagne,DEF,Leicester,0.2768773400839792
37,305,Dean Henderson,GK,Man Utd,0.12330835051460963
37,660,Vontae Daley-Campbell,DEF,Leicester,0.2768773400839792
37,337,Rolando Aarons,MID,Newcastle,0.2794287559829144
37,488,Mark Gillespie,GK,Newcastle,0.12330835051460963
37,206,Tyler Roberts,MID,Leeds,0.2794287559829144
37,148,Theo Walcott,MID,Southampton,0.2794287559829144
37,177,Anthony Knockaert,MID,Fulham,0.2794287559829144
37,195,Liam Cooper,DEF,Leeds,0.2768773400839792
37,68,Neal Maupay,FWD,Brighton,0.2437957941279555
37,242,Konstantinos Tsimikas,DEF,Liverpool,0.2768773400839792
37,354,Jack O'Connell,DEF,Sheffield Utd,0.2768773400839792
37,633,Jensen Weir,MID,Brighton,0.2794287559829144
37,703,Tawanda Maswanhise,MID,Leicester,0.2794287559829144
37,365,Nathan Redmond,MID,Southampton,0.2794287559829144
37,128,Vicente Guaita,GK,Crystal Palace,0.12330835051460963
37,176,Tim Ream,DEF,Fulham,0.2768773400839792
37,237,Filip Benkovic,DEF,Leicester,0.2768773400839792
37,463,Léo Bonatini,FWD,Wolves,0.2437957941279555
37,368,Stuart Armstrong,MID,Southampton,0.2794287559829144
37,79,Steven Alzate,MID,Brighton,0.2794287559829144
37,549,Diego Llorente,DEF,Leeds,0.2768773400839792
37,685,Gaetano Berardi,DEF,Leeds,0.2768773400839792
37,235,Harvey Barnes,MID,Leicester,0.2794287559829144
37,27,William Saliba,DEF,Arsenal,0.2768773400839792
37,539,Liam Delap,FWD,Man City,0.2437957941279555
37,445,Jarrod Bowen,MID,West Ham,0.2794287559829144
37,2,Sokratis Papastathopoulos,DEF,Arsenal,0.2768773400839792
37,263,Curtis Jones,MID,Liverpool,0.2794287559829144
37,469,Daniel Castelo Podence,MID,Wolves,0.2794287559829144
37,47,Frédéric Guilbert,DEF,Aston Villa,0.2768773400839792
37,467,Oskar Buur,DEF,Wolves,0.2768773400839792
37,246,Joel Matip,DEF,Liverpool,0.2768773400839792
37,374,Josh Sims,MID,Southampton,0.2794287559829144
37,428,Robert Snodgrass,MID,West Brom,0.2794287559829144
37,597,Robert Sánchez,GK,Brighton,0.12330835051460963
37,534,Ryan Inniss,DEF,Crystal Palace,0.2768773400839792
37,437,Michail Antonio,FWD,West Ham,0.2437957941279555
37,636,Caleb Watts,MID,Southampton,0.2794287559829144
37,248,Alex Oxlade-Chamberlain,MID,Liverpool,0.2794287559829144
37,316,Tahith Chong,MID,Man Utd,0.2794287559829144
37,674,Nathan Trott,GK,West Ham,0.12330835051460963
37,649,Hugo Bueno,DEF,Wolves,0.2768773400839792
37,342,Kelland Watts,DEF,Newcastle,0.2768773400839792
37,669,Jamal Baptiste,DEF,West Ham,0.2768773400839792
37,602,Elliot Anderson,MID,Newcastle,0.2794287559829144
37,261,Naby Keita,MID,Liverpool,0.2794287559829144
37,4,Pierre-Emerick Aubameyang,MID,Arsenal,0.2794287559829144
37,58,Shane Duffy,DEF,Brighton,0.2768773400839792
37,142,Jeffrey Schlupp,MID,Crystal Palace,0.2794287559829144
37,236,Wilfred Ndidi,MID,Leicester,0.2794287559829144
37,526,Mohamed Naser El Sayed Elneny,MID,Arsenal,0.2794287559829144
37,180,Neeskens Kebano,MID,Fulham,0.2794287559829144
37,635,Allan Tchaptchet,DEF,Southampton,0.2768773400839792
37,701,Taylor Gardner-Hickman,MID,West Brom,0.2794287559829144
37,330,Christian Atsu,MID,Newcastle,0.2794287559829144
37,323,Federico Fernández,DEF,Newcastle,0.2768773400839792
37,120,Mason Mount,MID,Chelsea,0.2794287559829144
37,138,Luka Milivojevic,MID,Crystal Palace,0.2794287559829144
37,571,Joachim Andersen,DEF,Fulham,0.2768773400839792
37,301,Jesse Lingard,MID,West Ham,0.2794287559829144
37,290,Juan Mata,MID,Man Utd,0.2794287559829144
37,351,George Baldock,DEF,Sheffield Utd,0.2768773400839792
37,355,John Lundstram,MID,Sheffield Utd,0.2794287559829144
37,100,Dwight McNeil,MID,Burnley,0.2794287559829144
37,409,Jake Livermore,MID,West Brom,0.2794287559829144
37,274,Benjamin Mendy,DEF,Man City,0.2768773400839792
37,72,José Izquierdo,MID,Brighton,0.2794287559829144
37,153,Cenk Tosun,FWD,Everton,0.2437957941279555
37,286,Rodrigo Hernandez,MID,Man City,0.2794287559829144
37,184,Aleksandar Mitrović,FWD,Fulham,0.2437957941279555
37,154,Bernard Anício Caldeira Duarte,MID,Everton,0.2794287559829144
37,250,Virgil van Dijk,DEF,Liverpool,0.2768773400839792
37,182,Joe Bryan,DEF,Fulham,0.2768773400839792
37,303,Anthony Martial,FWD,Man Utd,0.2437957941279555
37,456,Ryan Bennett,DEF,Wolves,0.2768773400839792
37,179,Cyrus Christie,DEF,Fulham,0.2768773400839792
37,634,Will Ferry,MID,Southampton,0.2794287559829144
37,54,Adam Lallana,MID,Brighton,0.2794287559829144
37,90,Johann Berg Gudmundsson,MID,Burnley,0.2794287559829144
37,654,Okay Yokuslu,MID,West Brom,0.2794287559829144
37,547,Rúnar Alex Rúnarsson,GK,Arsenal,0.12330835051460963
37,87,Ashley Barnes,FWD,Burnley,0.2437957941279555
37,125,Gary Cahill,DEF,Crystal Palace,0.2768773400839792
37,171,Fabricio Agosto Ramírez,GK,Fulham,0.12330835051460963
37,551,Mace Goodridge,MID,Burnley,0.2794287559829144
37,264,Neco Williams,DEF,Liverpool,0.2768773400839792
37,333,Emil Krafth,DEF,Newcastle,0.2768773400839792
37,186,Marek Rodák,GK,Fulham,0.12330835051460963
37,95,Robbie Brady,MID,Burnley,0.2794287559829144
37,663,Michal Karbownik,DEF,Brighton,0.2768773400839792
37,461,Romain Saïss,DEF,Wolves,0.2768773400839792
37,17,Kieran Tierney,DEF,Arsenal,0.2768773400839792
37,329,Dwight Gayle,FWD,Newcastle,0.2437957941279555
37,214,Leif Davis,DEF,Leeds,0.2768773400839792
37,521,Cameron Carter-Vickers,DEF,Spurs,0.2768773400839792
37,197,Luke Ayling,DEF,Leeds,0.2768773400839792
37,543,Gareth Bale,MID,Spurs,0.2794287559829144
37,201,Ezgjan Alioski,DEF,Leeds,0.2768773400839792
37,267,Claudio Bravo,GK,Man City,0.12330835051460963
37,188,Josh Onomah,MID,Fulham,0.2794287559829144
37,300,Luke Shaw,DEF,Man Utd,0.2768773400839792
37,273,John Stones,DEF,Man City,0.2768773400839792
37,410,Kamil Grosicki,MID,West Brom,0.2794287559829144
37,50,Keinan Davis,FWD,Aston Villa,0.2437957941279555
37,500,Kai Havertz,MID,Chelsea,0.2794287559829144
37,349,Oliver Norwood,MID,Sheffield Utd,0.2794287559829144
37,569,Edinson Cavani,FWD,Man Utd,0.2437957941279555
37,624,Kgaogelo Chauke,MID,Southampton,0.2794287559829144
37,135,Martin Kelly,DEF,Crystal Palace,0.2768773400839792
37,519,Jimmy Dunne,DEF,Burnley,0.2768773400839792
37,693,Crysencio Summerville,MID,Leeds,0.2794287559829144
37,81,James Tarkowski,DEF,Burnley,0.2768773400839792
37,194,Francisco Casilla Cortés,GK,Leeds,0.12330835051460963
37,109,Antonio Rüdiger,DEF,Chelsea,0.2768773400839792
37,386,Toby Alderweireld,DEF,Spurs,0.2768773400839792
37,348,Simon Moore,GK,Sheffield Utd,0.12330835051460963
37,702,Anthony Elanga,MID,Man Utd,0.2794287559829144
37,439,Manuel Lanzini,MID,West Ham,0.2794287559829144
37,590,Daniel N'Lundulu,FWD,Southampton,0.2437957941279555
37,73,Matthew Clarke,DEF,Brighton,0.2768773400839792
37,554,Jacob Ramsey,MID,Aston Villa,0.2794287559829144
37,136,Connor Wickham,FWD,Crystal Palace,0.2437957941279555
37,332,Javier Manquillo,DEF,Newcastle,0.2768773400839792
37,596,Ellis Simms,FWD,Everton,0.2437957941279555
37,576,Craig Dawson,DEF,West Ham,0.2768773400839792
37,412,Kyle Bartley,DEF,West Brom,0.2768773400839792
37,523,Fraser Forster,GK,Southampton,0.12330835051460963
37,659,Claudio Gomes,MID,Man City,0.2794287559829144
37,320,Andy Carroll,FWD,Newcastle,0.2437957941279555
37,522,Sam Woods,DEF,Crystal Palace,0.2768773400839792
37,225,Dennis Praet,MID,Leicester,0.2794287559829144
37,476,Leonardo Campana,FWD,Wolves,0.2437957941279555
37,468,Diogo Jota,MID,Liverpool,0.2794287559829144
37,499,Cedric Kipre,DEF,West Brom,0.2768773400839792
37,212,Jordan Stevens,MID,Leeds,0.2794287559829144
37,347,Enda Stevens,DEF,Sheffield Utd,0.2768773400839792
37,86,Jay Rodriguez,FWD,Burnley,0.2437957941279555
37,626,Patrick Cutrone,FWD,Wolves,0.2437957941279555
37,143,Max Meyer,MID,Crystal Palace,0.2794287559829144
37,426,Rekeem Harper,MID,West Brom,0.2794287559829144
37,371,Angus Gunn,GK,Southampton,0.12330835051460963
37,258,Takumi Minamino,MID,Southampton,0.2794287559829144
37,581,Owen Otasowie,MID,Wolves,0.2794287559829144
37,599,Jack Jenkins,MID,Leeds,0.2794287559829144
37,198,Mateusz Klich,MID,Leeds,0.2794287559829144
37,280,Aymeric Laporte,DEF,Man City,0.2768773400839792
37,59,Davy Pröpper,MID,Brighton,0.2794287559829144
37,544,Conor Gallagher,MID,West Brom,0.2794287559829144
37,312,Timothy Fosu-Mensah,DEF,Man Utd,0.2768773400839792
37,370,James Ward-Prowse,MID,Southampton,0.2794287559829144
37,565,Ibrahima Diallo,MID,Southampton,0.2794287559829144
37,631,Teddy Jenks,MID,Brighton,0.2794287559829144
37,71,Alireza Jahanbakhsh,MID,Brighton,0.2794287559829144
37,562,Ola Aina,DEF,Fulham,0.2768773400839792
37,200,Stuart Dallas,DEF,Leeds,0.2768773400839792
37,331,Paul Dummett,DEF,Newcastle,0.2768773400839792
37,18,Nicolas Pépé,MID,Arsenal,0.2794287559829144
37,443,Fabián Balbuena,DEF,West Ham,0.2768773400839792
37,57,Pascal Groß,MID,Brighton,0.2794287559829144
37,397,Harry Winks,MID,Spurs,0.2794287559829144
37,632,Max Sanders,MID,Brighton,0.2794287559829144
37,586,Jack Butland,GK,Crystal Palace,0.12330835051460963
37,276,Raheem Sterling,MID,Man City,0.2794287559829144
37,275,Riyad Mahrez,MID,Man City,0.2794287559829144
37,520,Bobby Thomas,DEF,Burnley,0.2768773400839792
37,424,Oliver Burke,MID,Sheffield Utd,0.2794287559829144
37,414,Ahmed El-Sayed Hegazy,DEF,West Brom,0.2768773400839792
37,97,Charlie Taylor,DEF,Burnley,0.2768773400839792
37,42,Matt Targett,DEF,Aston Villa,0.2768773400839792
37,583,Will Norris,GK,Burnley,0.12330835051460963
37,98,Josh Brownhill,MID,Burnley,0.2794287559829144
37,19,Lucas Torreira,MID,Arsenal,0.2794287559829144
37,335,DeAndre Yedlin,DEF,Newcastle,0.2768773400839792
37,540,Bertrand Traoré,MID,Aston Villa,0.2794287559829144
37,24,Bukayo Saka,MID,Arsenal,0.2794287559829144
37,343,Billy Sharp,FWD,Sheffield Utd,0.2437957941279555
37,96,Nick Pope,GK,Burnley,0.12330835051460963
37,434,Jack Wilshere,MID,West Ham,0.2794287559829144
37,464,Leander Dendoncker,MID,Wolves,0.2794287559829144
37,75,Bernardo Fernandes da Silva Junior,DEF,Brighton,0.2768773400839792
37,485,Jeff Hendrick,MID,Newcastle,0.2794287559829144
37,327,Florian Lejeune,DEF,Newcastle,0.2768773400839792
37,49,Mbwana Samatta,FWD,Aston Villa,0.2437957941279555
37,239,James Justin,DEF,Leicester,0.2768773400839792
37,309,Scott McTominay,MID,Man Utd,0.2794287559829144
37,692,Sam Greenwood,FWD,Leeds,0.2437957941279555
37,211,Pascal Struijk,DEF,Leeds,0.2768773400839792
37,492,Rodrigo Moreno,FWD,Leeds,0.2437957941279555
37,256,Divock Origi,FWD,Liverpool,0.2437957941279555
37,675,Reece Hannam,DEF,Crystal Palace,0.2768773400839792
37,373,Harrison Reed,MID,Fulham,0.2794287559829144
37,51,Indiana Vassilev,FWD,Aston Villa,0.2437957941279555
37,473,Morgan Gibbs-White,MID,Wolves,0.2794287559829144
37,62,Lewis Dunk,DEF,Brighton,0.2768773400839792
37,611,Taylor Perry,MID,Wolves,0.2794287559829144
37,369,Jannik Vestergaard,DEF,Southampton,0.2768773400839792
37,493,Mario Lemina,MID,Fulham,0.2794287559829144
37,527,Matt Macey,GK,Arsenal,0.12330835051460963
37,52,Douglas Luiz Soares de Paulo,MID,Aston Villa,0.2794287559829144
37,106,Ross Barkley,MID,Aston Villa,0.2794287559829144
37,84,Jack Cork,MID,Burnley,0.2794287559829144
37,502,Allan Marques Loureiro,MID,Everton,0.2794287559829144
37,489,Eberechi Eze,MID,Crystal Palace,0.2794287559829144
37,76,Yves Bissouma,MID,Brighton,0.2794287559829144
37,403,Giovani Lo Celso,MID,Spurs,0.2794287559829144
37,9,Granit Xhaka,MID,Arsenal,0.2794287559829144
37,480,Sean Longstaff,MID,Newcastle,0.2794287559829144
37,415,Charlie Austin,FWD,West Brom,0.2437957941279555
37,296,Paul Pogba,MID,Man Utd,0.2794287559829144
37,658,Richard Nartey,DEF,Burnley,0.2768773400839792
37,265,Harvey Elliott,MID,Liverpool,0.2794287559829144
37,419,Oluwasemilogo Adesewo Ibidapo Ajayi,DEF,West Brom,0.2768773400839792
37,107,Mateo Kovacic,MID,Chelsea,0.2794287559829144
37,161,Jean-Philippe Gbamin,MID,Everton,0.2794287559829144
37,648,Mbaye Diagne,FWD,West Brom,0.2437957941279555
37,695,Fabio Carvalho,MID,Fulham,0.2794287559829144
37,259,Trent Alexander-Arnold,DEF,Liverpool,0.2768773400839792
37,283,Oleksandr Zinchenko,DEF,Man City,0.2768773400839792
37,255,Andrew Robertson,DEF,Liverpool,0.2768773400839792
37,537,Adrián Bernabé,MID,Man City,0.2794287559829144
37,677,Liam Hughes,GK,Liverpool,0.12330835051460963
37,102,César Azpilicueta,DEF,Chelsea,0.2768773400839792
37,144,Jairo Riedewald,MID,Crystal Palace,0.2794287559829144
37,566,Ben Godfrey,DEF,Everton,0.2768773400839792
37,427,Mark Noble,MID,West Ham,0.2794287559829144
37,462,Jonathan Castro Otto,DEF,Wolves,0.2768773400839792
37,699,Daniel Jebbison,FWD,Sheffield Utd,0.2437957941279555
37,218,Christian Fuchs,DEF,Leicester,0.2768773400839792
37,444,Jordan Hugill,FWD,West Ham,0.2437957941279555
37,169,Moise Kean,FWD,Everton,0.2437957941279555
37,545,Ki-Jana Hoever,DEF,Wolves,0.2768773400839792
37,240,Luke Thomas,DEF,Leicester,0.2768773400839792
37,210,Jamie Shackleton,MID,Leeds,0.2794287559829144
37,378,Yan Valery,DEF,Southampton,0.2768773400839792
37,563,Rayan Ait Nouri,DEF,Wolves,0.2768773400839792
37,311,Daniel James,MID,Man Utd,0.2794287559829144
37,48,Wesley Moraes,FWD,Aston Villa,0.2437957941279555
37,26,Gabriel Teodoro Martinelli Silva,MID,Arsenal,0.2794287559829144
37,216,Wes Morgan,DEF,Leicester,0.2768773400839792
37,639,Andy Lonergan,GK,West Brom,0.12330835051460963
37,260,Joseph Gomez,DEF,Liverpool,0.2768773400839792
37,362,Ryan Bertrand,DEF,Southampton,0.2768773400839792
37,655,Ryan Finnigan,MID,Southampton,0.2794287559829144
37,679,Kyle John,DEF,Everton,0.2768773400839792
37,514,Ollie Watkins,FWD,Aston Villa,0.2437957941279555
37,45,Anwar El Ghazi,MID,Aston Villa,0.2794287559829144
37,271,Ilkay Gündogan,MID,Man City,0.2794287559829144
37,10,Pablo Marí,DEF,Arsenal,0.2768773400839792
37,391,Eric Dier,DEF,Spurs,0.2768773400839792
37,647,Morgan Sanson,MID,Aston Villa,0.2794287559829144
37,422,Darnell Furlong,DEF,West Brom,0.2768773400839792
37,689,Miguel Azeez,MID,Arsenal,0.2794287559829144
37,89,Ashley Westwood,MID,Burnley,0.2794287559829144
37,164,Dominic Calvert-Lewin,FWD,Everton,0.2437957941279555
37,230,Demarai Gray,MID,Leicester,0.2794287559829144
37,653,Ben Davies,DEF,Liverpool,0.2768773400839792
37,43,James Bree,DEF,Aston Villa,0.2768773400839792
37,108,Michy Batshuayi,FWD,Crystal Palace,0.2437957941279555
37,266,Fernando Luiz Rosa,DEF,Man City,0.2768773400839792
37,56,David Button,GK,West Brom,0.12330835051460963
37,126,Wayne Hennessey,GK,Crystal Palace,0.12330835051460963
37,600,Lee Peltier,DEF,West Brom,0.2768773400839792
37,359,Lys Mousset,FWD,Sheffield Utd,0.2437957941279555
37,160,Jonjoe Kenny,DEF,Everton,0.2768773400839792
37,495,Donny van de Beek,MID,Man Utd,0.2794287559829144
37,39,Kortney Hause,DEF,Aston Villa,0.2768773400839792
37,247,Xherdan Shaqiri,MID,Liverpool,0.2794287559829144
37,550,Jayson Molumby,MID,Brighton,0.2794287559829144
37,119,Christian Pulisic,MID,Chelsea,0.2794287559829144
37,651,Joshua King,FWD,Everton,0.2437957941279555
37,38,John McGinn,MID,Aston Villa,0.2794287559829144
37,542,Sergio Reguilón,DEF,Spurs,0.2768773400839792
37,234,Hamza Choudhury,MID,Leicester,0.2794287559829144
37,475,Bruno André Cavaco Jordao,MID,Wolves,0.2794287559829144
37,509,Ethan Ampadu,DEF,Sheffield Utd,0.2768773400839792
37,399,Ryan Sessegnon,DEF,Spurs,0.2768773400839792
37,8,Bernd Leno,GK,Arsenal,0.12330835051460963
37,339,Miguel Almirón,MID,Newcastle,0.2794287559829144
37,167,João Virgínia,GK,Everton,0.12330835051460963
37,457,Matt Doherty,DEF,Spurs,0.2768773400839792
37,407,Kieran Gibbs,DEF,West Brom,0.2768773400839792
37,593,Karlo Ziger,GK,Chelsea,0.12330835051460963
37,513,Jamal Lewis,DEF,Newcastle,0.2768773400839792
37,289,Sergio Romero,GK,Man Utd,0.12330835051460963
37,501,Daniel Ceballos Fernández,MID,Arsenal,0.2794287559829144
37,567,Thomas Partey,MID,Arsenal,0.2794287559829144
37,375,Kyle Walker-Peters,DEF,Southampton,0.2768773400839792
37,70,Mathew Ryan,GK,Arsenal,0.12330835051460963
37,67,Joël Veltman,DEF,Brighton,0.2768773400839792
37,430,Darren Randolph,GK,West Ham,0.12330835051460963
37,278,Ederson Santana de Moraes,GK,Man City,0.12330835051460963
37,129,James Tomkins,DEF,Crystal Palace,0.2768773400839792
37,584,Joe Rodon,DEF,Spurs,0.2768773400839792
37,44,Marvelous Nakamba,MID,Aston Villa,0.2794287559829144
37,436,Andriy Yarmolenko,MID,West Ham,0.2794287559829144
37,170,Jarrad Branthwaite,DEF,Everton,0.2768773400839792
37,385,Moussa Sissoko,MID,Spurs,0.2794287559829144
37,451,Issa Diop,DEF,West Ham,0.2768773400839792
37,80,Alexis Mac Allister,MID,Brighton,0.2794287559829144
37,344,David McGoldrick,FWD,Sheffield Utd,0.2437957941279555
37,401,Gedson Carvalho Fernandes,MID,Spurs,0.2794287559829144
37,284,Phil Foden,MID,Man City,0.2794287559829144
37,13,Calum Chambers,DEF,Arsenal,0.2768773400839792
37,556,Rúben Santos Gato Alves Dias,DEF,Man City,0.2768773400839792
37,159,Alex Iwobi,MID,Everton,0.2794287559829144
37,231,James Maddison,MID,Leicester,0.2794287559829144
37,221,Marc Albrighton,MID,Leicester,0.2794287559829144
37,525,Denis Odoi,DEF,Fulham,0.2768773400839792
37,63,Martín Montoya,DEF,Brighton,0.2768773400839792
37,568,Alex Nicolao Telles,DEF,Man Utd,0.2768773400839792
37,598,Kayne Ramsay,DEF,Southampton,0.2768773400839792
37,638,Ademipo Odubeko,FWD,West Ham,0.2437957941279555
37,431,Lukasz Fabianski,GK,West Ham,0.12330835051460963
37,406,Juan Foyth,DEF,Spurs,0.2768773400839792
37,350,Wes Foderingham,GK,Sheffield Utd,0.12330835051460963
37,223,Danny Ward,GK,Leicester,0.12330835051460963
37,367,Jack Stephens,DEF,Southampton,0.2768773400839792
37,372,Sofiane Boufal,MID,Southampton,0.2794287559829144
37,623,Taylor Harwood-Bellis,DEF,Man City,0.2768773400839792
37,618,Antwoine Hackford,FWD,Sheffield Utd,0.2437957941279555
37,664,Moisés Caicedo,MID,Brighton,0.2794287559829144
37,166,Richarlison de Andrade,FWD,Everton,0.2437957941279555
37,484,Antonee Robinson,DEF,Fulham,0.2768773400839792
37,546,Nélson Cabral Semedo,DEF,Wolves,0.2768773400839792
37,541,Cengiz Ünder,MID,Leicester,0.2794287559829144
37,459,Conor Coady,DEF,Wolves,0.2768773400839792
37,411,Matt Phillips,MID,West Brom,0.2794287559829144
37,487,Matthew Longstaff,MID,Newcastle,0.2794287559829144
37,357,Oliver McBurnie,FWD,Sheffield Utd,0.2437957941279555
37,113,N'Golo Kanté,MID,Chelsea,0.2794287559829144
37,360,Sander Berge,MID,Sheffield Utd,0.2794287559829144
37,393,Paulo Gazzaniga,GK,Spurs,0.12330835051460963
37,683,Jaden Philogene-Bidace,MID,Aston Villa,0.2794287559829144
37,366,Danny Ings,FWD,Southampton,0.2437957941279555
37,16,Rob Holding,DEF,Arsenal,0.2768773400839792
37,310,Eric Bailly,DEF,Man Utd,0.2768773400839792
37,244,Jordan Henderson,MID,Liverpool,0.2794287559829144
37,610,Theo Corbeanu,MID,Wolves,0.2794287559829144
37,302,Bruno Miguel Borges Fernandes,MID,Man Utd,0.2794287559829144
37,441,Sébastien Haller,FWD,West Ham,0.2437957941279555
37,604,Lee Grant,GK,Man Utd,0.12330835051460963
37,183,Marcus Bettinelli,GK,Fulham,0.12330835051460963
37,612,Anthony Mancini,MID,Burnley,0.2794287559829144
37,672,Carney Chukwuemeka,MID,Aston Villa,0.2794287559829144
37,377,Che Adams,FWD,Southampton,0.2437957941279555
37,308,Victor Lindelöf,DEF,Man Utd,0.2768773400839792
37,297,Phil Jones,DEF,Man Utd,0.2768773400839792
37,146,Tyrick Mitchell,DEF,Crystal Palace,0.2768773400839792
37,203,Jack Harrison,MID,Leeds,0.2794287559829144
37,358,Callum Robinson,FWD,West Brom,0.2437957941279555
37,77,Tariq Lamptey,DEF,Brighton,0.2768773400839792
37,477,Luke Freeman,MID,Sheffield Utd,0.2794287559829144
37,423,Sam Field,MID,West Brom,0.2794287559829144
37,472,Matija Sarkic,GK,Wolves,0.12330835051460963
37,671,Kaine Hayden,MID,Aston Villa,0.2794287559829144
37,529,Phil Jagielka,DEF,Sheffield Utd,0.2768773400839792
37,429,David Martin,GK,West Ham,0.12330835051460963
37,29,Ahmed El Mohamady,DEF,Aston Villa,0.2768773400839792
37,40,Mahmoud Ahmed Ibrahim Hassan,MID,Aston Villa,0.2794287559829144
37,190,Aboubakar Kamara,MID,Fulham,0.2794287559829144
37,131,James McCarthy,MID,Crystal Palace,0.2794287559829144
37,21,Reiss Nelson,MID,Arsenal,0.2794287559829144
37,404,Oliver Skipp,MID,Spurs,0.2794287559829144
37,31,Neil Taylor,DEF,Aston Villa,0.2768773400839792
37,606,Daniel Langley,GK,Newcastle,0.12330835051460963
37,281,Bernardo Mota Veiga de Carvalho e Silva,MID,Man City,0.2794287559829144
37,507,Ryan Fraser,MID,Newcastle,0.2794287559829144
37,524,Nathan Tella,MID,Southampton,0.2794287559829144
37,470,Max Kilman,DEF,Wolves,0.2768773400839792
37,207,Jay-Roy Grot,MID,Leeds,0.2794287559829144
37,483,Aaron Ramsdale,GK,Sheffield Utd,0.12330835051460963
37,220,Adrien Silva,MID,Leicester,0.2794287559829144
37,676,Sidnei Tavares,MID,Leicester,0.2794287559829144
37,204,Kalvin Phillips,MID,Leeds,0.2794287559829144
37,570,Raphael Dias Belloli,MID,Leeds,0.2794287559829144
38,591,Max Thompson,FWD,Burnley,0.2437957941279556
38,458,Willy Boly,DEF,Wolves,0.27687734008397924
38,324,Ciaran Clark,DEF,Newcastle,0.27687734008397924
38,614,Luke Cundle,MID,Wolves,0.2794287559829144
38,322,Matt Ritchie,MID,Newcastle,0.2794287559829144
38,245,Adrián San Miguel del Castillo,GK,Liverpool,0.12330835051460963
38,594,Rhys Williams,DEF,Liverpool,0.27687734008397924
38,191,André-Frank Zambo Anguissa,MID,Fulham,0.2794287559829144
38,189,Jean Michaël Seri,MID,Fulham,0.2794287559829144
38,425,Dara O'Shea,DEF,West Brom,0.27687734008397924
38,315,Mason Greenwood,MID,Man Utd,0.2794287559829144
38,314,José Diogo Dalot Teixeira,DEF,Man Utd,0.27687734008397924
38,466,Rúben Diogo da Silva Neves,MID,Wolves,0.2794287559829144
38,224,Jamie Vardy,FWD,Leicester,0.2437957941279556
38,215,Oliver Casey,DEF,Leeds,0.27687734008397924
38,123,Reece James,DEF,Chelsea,0.27687734008397924
38,680,Nathan Broadhead,MID,Everton,0.2794287559829144
38,292,Chris Smalling,DEF,Man Utd,0.27687734008397924
38,99,Bailey Peacock-Farrell,GK,Burnley,0.12330835051460963
38,279,Nathan Aké,DEF,Man City,0.27687734008397924
38,530,Branislav Ivanovic,DEF,West Brom,0.27687734008397924
38,417,Sam Johnstone,GK,West Brom,0.12330835051460963
38,14,Sead Kolasinac,DEF,Arsenal,0.27687734008397924
38,503,Christian Walton,GK,Brighton,0.12330835051460963
38,620,Charlie Cresswell,DEF,Leeds,0.27687734008397924
38,3,David Luiz Moreira Marinho,DEF,Arsenal,0.27687734008397924
38,37,Jack Grealish,MID,Aston Villa,0.2794287559829144
38,270,Kyle Walker,DEF,Man City,0.27687734008397924
38,440,Felipe Anderson Pereira Gomes,MID,West Ham,0.2794287559829144
38,405,Tanguy Ndombele,MID,Spurs,0.2794287559829144
38,1,Mesut Özil,MID,Arsenal,0.2794287559829144
38,662,Thomas McGill,GK,Brighton,0.12330835051460963
38,150,Gylfi Sigurdsson,MID,Everton,0.2794287559829144
38,118,Tammy Abraham,FWD,Chelsea,0.2437957941279556
38,53,Glenn Murray,FWD,Brighton,0.2437957941279556
38,389,Serge Aurier,DEF,Spurs,0.27687734008397924
38,162,Yerry Mina,DEF,Everton,0.27687734008397924
38,111,Emerson Palmieri dos Santos,DEF,Chelsea,0.27687734008397924
38,341,Yoshinori Muto,FWD,Newcastle,0.2437957941279556
38,346,John Fleck,MID,Sheffield Utd,0.2794287559829144
38,117,Timo Werner,FWD,Chelsea,0.2437957941279556
38,307,Axel Tuanzebe,DEF,Man Utd,0.27687734008397924
38,103,Olivier Giroud,FWD,Chelsea,0.2437957941279556
38,105,Jorge Luiz Frello Filho,MID,Chelsea,0.2794287559829144
38,532,Elia Caprile,GK,Leeds,0.12330835051460963
38,336,Isaac Hayden,MID,Newcastle,0.2794287559829144
38,613,Joel Mumbongo,FWD,Burnley,0.2437957941279556
38,88,Ben Mee,DEF,Burnley,0.27687734008397924
38,582,Karlan Grant,FWD,West Brom,0.2437957941279556
38,684,Shane Flynn,MID,Leicester,0.2794287559829144
38,642,Willian José Da Silva,FWD,Wolves,0.2437957941279556
38,572,Tosin Adarabioyo,DEF,Fulham,0.27687734008397924
38,291,David de Gea,GK,Man Utd,0.12330835051460963
38,139,Patrick van Aanholt,DEF,Crystal Palace,0.27687734008397924
38,325,Karl Darlow,GK,Newcastle,0.12330835051460963
38,175,Tom Cairney,MID,Fulham,0.2794287559829144
38,421,Kyle Edwards,MID,West Brom,0.2794287559829144
38,306,Marcus Rashford,MID,Man Utd,0.2794287559829144
38,304,Andreas Pereira,MID,Man Utd,0.2794287559829144
38,478,Willian Borges Da Silva,MID,Arsenal,0.2794287559829144
38,163,Tom Davies,MID,Everton,0.2794287559829144
38,132,Christian Benteke,FWD,Crystal Palace,0.2437957941279556
38,390,Heung-Min Son,MID,Spurs,0.2794287559829144
38,299,Frederico Rodrigues de Paula Santos,MID,Man Utd,0.2794287559829144
38,402,Japhet Tanganga,DEF,Spurs,0.27687734008397924
38,28,Tom Heaton,GK,Aston Villa,0.12330835051460963
38,617,Andreas Söndergaard,GK,Wolves,0.12330835051460963
38,696,Ben Woodburn,MID,Liverpool,0.2794287559829144
38,364,Oriol Romeu Vidal,MID,Southampton,0.2794287559829144
38,12,Emiliano Martínez,GK,Aston Villa,0.12330835051460963
38,482,Joe Hart,GK,Spurs,0.12330835051460963
38,124,Billy Gilmour,MID,Chelsea,0.2794287559829144
38,438,Ryan Fredericks,DEF,West Ham,0.27687734008397924
38,181,Bobby Decordova-Reid,FWD,Fulham,0.2437957941279556
38,243,Georginio Wijnaldum,MID,Liverpool,0.2794287559829144
38,294,Marcos Rojo,DEF,Man Utd,0.27687734008397924
38,558,Vladimir Coufal,DEF,West Ham,0.27687734008397924
38,376,Jan Bednarek,DEF,Southampton,0.27687734008397924
38,573,Robin Olsen,GK,Everton,0.12330835051460963
38,93,Matej Vydra,FWD,Burnley,0.2437957941279556
38,538,Zack Steffen,GK,Man City,0.12330835051460963
38,418,Conor Townsend,DEF,West Brom,0.27687734008397924
38,187,Ivan Ricardo Neves Abreu Cavaleiro,MID,Fulham,0.2794287559829144
38,432,Angelo Ogbonna,DEF,West Ham,0.27687734008397924
38,208,Kamil Miazek,GK,Leeds,0.12330835051460963
38,140,Jordan Ayew,FWD,Crystal Palace,0.2437957941279556
38,670,Frankie Maguire,MID,Sheffield Utd,0.2794287559829144
38,515,Vitor Ferreira,MID,Wolves,0.2794287559829144
38,512,Abdoulaye Doucouré,MID,Everton,0.2794287559829144
38,232,Benjamin Chilwell,DEF,Chelsea,0.27687734008397924
38,446,Grady Diangana,MID,West Brom,0.2794287559829144
38,353,John Egan,DEF,Sheffield Utd,0.27687734008397924
38,229,Ayoze Pérez,MID,Leicester,0.2794287559829144
38,293,Odion Ighalo,FWD,Man Utd,0.2437957941279556
38,356,Ben Osborn,MID,Sheffield Utd,0.2794287559829144
38,448,Declan Rice,MID,West Ham,0.2794287559829144
38,479,Mohammed Salisu,DEF,Southampton,0.27687734008397924
38,622,Luke Mbete,DEF,Man City,0.27687734008397924
38,217,Kasper Schmeichel,GK,Leicester,0.12330835051460963
38,588,Danny Welbeck,FWD,Brighton,0.2437957941279556
38,577,Nathaniel Clyne,DEF,Crystal Palace,0.27687734008397924
38,637,Frederik Alves,DEF,West Ham,0.27687734008397924
38,213,Illan Meslier,GK,Leeds,0.12330835051460963
38,287,Ferran Torres,MID,Man City,0.2794287559829144
38,494,Gabriel Magalhães,DEF,Arsenal,0.27687734008397924
38,222,Matty James,MID,Leicester,0.2794287559829144
38,262,Rhian Brewster,FWD,Sheffield Utd,0.2437957941279556
38,321,Jonjo Shelvey,MID,Newcastle,0.2794287559829144
38,686,Nathan Bishop,GK,Man Utd,0.12330835051460963
38,252,Alisson Ramses Becker,GK,Liverpool,0.12330835051460963
38,11,Héctor Bellerín,DEF,Arsenal,0.27687734008397924
38,465,Adama Traoré,MID,Wolves,0.2794287559829144
38,698,Valentino Livramento,DEF,Chelsea,0.27687734008397924
38,578,Stephen Henderson,GK,Crystal Palace,0.12330835051460963
38,621,Cheikh Diaby,FWD,West Brom,0.2437957941279556
38,601,Leighton Clarkson,MID,Liverpool,0.2794287559829144
38,205,Hélder Wander Sousa de Azevedo e Costa,MID,Leeds,0.2794287559829144
38,712,Hannibal Mejbri,MID,Man Utd,0.2794287559829144
38,202,Patrick Bamford,FWD,Leeds,0.2437957941279556
38,254,Mohamed Salah,MID,Liverpool,0.2794287559829144
38,641,Jean-Philippe Mateta,FWD,Crystal Palace,0.2437957941279556
38,352,Jack Robinson,DEF,Sheffield Utd,0.27687734008397924
38,442,Arthur Masuaku,DEF,West Ham,0.27687734008397924
38,5,Cédric Soares,DEF,Arsenal,0.27687734008397924
38,23,Emile Smith Rowe,MID,Arsenal,0.2794287559829144
38,345,Chris Basham,DEF,Sheffield Utd,0.27687734008397924
38,533,Mateusz Bogusz,MID,Leeds,0.2794287559829144
38,338,Allan Saint-Maximin,MID,Newcastle,0.2794287559829144
38,328,Jamaal Lascelles,DEF,Newcastle,0.27687734008397924
38,460,Raúl Jiménez,FWD,Wolves,0.2437957941279556
38,298,Harry Maguire,DEF,Man Utd,0.27687734008397924
38,319,Teden Mengi,DEF,Man Utd,0.27687734008397924
38,174,Stefan Johansen,MID,Fulham,0.2794287559829144
38,361,Shane Long,FWD,Southampton,0.2437957941279556
38,233,Kelechi Iheanacho,FWD,Leicester,0.2437957941279556
38,433,Roberto Jimenez Gago,GK,West Ham,0.12330835051460963
38,185,Alfie Mawson,DEF,Fulham,0.27687734008397924
38,66,Adam Webster,DEF,Brighton,0.27687734008397924
38,313,Aaron Wan-Bissaka,DEF,Man Utd,0.27687734008397924
38,55,Dale Stephens,MID,Burnley,0.2794287559829144
38,193,Pablo Hernández Domínguez,MID,Leeds,0.2794287559829144
38,30,Henri Lansbury,MID,Aston Villa,0.2794287559829144
38,152,Seamus Coleman,DEF,Everton,0.27687734008397924
38,394,Bamidele Alli,MID,Spurs,0.2794287559829144
38,504,Fabio Silva,FWD,Wolves,0.2437957941279556
38,400,Steven Bergwijn,MID,Spurs,0.2794287559829144
38,269,Nicolás Otamendi,DEF,Man City,0.27687734008397924
38,587,Saïd Benrahma,MID,West Ham,0.2794287559829144
38,531,Thiago Alcántara do Nascimento,MID,Liverpool,0.2794287559829144
38,589,Nathaniel Phillips,DEF,Liverpool,0.27687734008397924
38,110,Kurt Zouma,DEF,Chelsea,0.27687734008397924
38,435,Aaron Cresswell,DEF,West Ham,0.27687734008397924
38,219,Jonny Evans,DEF,Leicester,0.27687734008397924
38,318,Brandon Williams,DEF,Man Utd,0.27687734008397924
38,130,James McArthur,MID,Crystal Palace,0.2794287559829144
38,643,Alexandre Jankewitz,MID,Southampton,0.2794287559829144
38,450,Pablo Fornals,MID,West Ham,0.2794287559829144
38,272,Kevin De Bruyne,MID,Man City,0.2794287559829144
38,22,Edward Nketiah,FWD,Arsenal,0.2437957941279556
38,657,Zak Brunt,MID,Sheffield Utd,0.2794287559829144
38,491,Robin Koch,DEF,Leeds,0.27687734008397924
38,69,Leandro Trossard,MID,Brighton,0.2794287559829144
38,560,Caoimhin Kelleher,GK,Liverpool,0.12330835051460963
38,708,Tyrese Francois,MID,Fulham,0.2794287559829144
38,61,Dan Burn,DEF,Brighton,0.27687734008397924
38,455,Rui Pedro dos Santos Patrício,GK,Wolves,0.12330835051460963
38,6,Alexandre Lacazette,FWD,Arsenal,0.2437957941279556
38,552,Cole Palmer,MID,Man City,0.2794287559829144
38,382,Moussa Djenepo,MID,Southampton,0.2794287559829144
38,383,Hugo Lloris,GK,Spurs,0.12330835051460963
38,83,Erik Pieters,DEF,Burnley,0.27687734008397924
38,384,Danny Rose,DEF,Spurs,0.27687734008397924
38,196,Barry Douglas,DEF,Leeds,0.27687734008397924
38,317,James Garner,MID,Man Utd,0.2794287559829144
38,340,Joelinton Cássio Apolinário de Lira,FWD,Newcastle,0.2437957941279556
38,579,Islam Slimani,FWD,Leicester,0.2437957941279556
38,41,Tyrone Mings,DEF,Aston Villa,0.27687734008397924
38,595,James Trafford,GK,Man City,0.12330835051460963
38,673,Shola Shoretire,MID,Man Utd,0.2794287559829144
38,122,Callum Hudson-Odoi,MID,Chelsea,0.2794287559829144
38,580,Michael Verrips,GK,Sheffield Utd,0.12330835051460963
38,447,Albian Ajeti,FWD,West Ham,0.2437957941279556
38,453,John Ruddy,GK,Wolves,0.12330835051460963
38,116,Andreas Christensen,DEF,Chelsea,0.27687734008397924
38,78,Aaron Connolly,FWD,Brighton,0.2437957941279556
38,65,Solomon March,MID,Brighton,0.2794287559829144
38,92,Matthew Lowton,DEF,Burnley,0.27687734008397924
38,199,Adam Forshaw,MID,Leeds,0.2794287559829144
38,665,Josh Maja,FWD,Fulham,0.2437957941279556
38,241,James Milner,MID,Liverpool,0.2794287559829144
38,666,Dane Scarlett,FWD,Spurs,0.2437957941279556
38,363,Alex McCarthy,GK,Southampton,0.12330835051460963
38,257,Harry Wilson,MID,Liverpool,0.2794287559829144
38,644,Tyler Onyango,MID,Everton,0.2794287559829144
38,607,Jake Cain,MID,Liverpool,0.2794287559829144
38,640,Amad Diallo,MID,Man Utd,0.2794287559829144
38,517,Kenny Tete,DEF,Fulham,0.27687734008397924
38,615,Lewis Richards,DEF,Wolves,0.27687734008397924
38,145,Nathan Ferguson,DEF,Crystal Palace,0.27687734008397924
38,33,Conor Hourihane,MID,Aston Villa,0.2794287559829144
38,151,Jonas Lössl,GK,Everton,0.12330835051460963
38,35,Ørjan Nyland,GK,Aston Villa,0.12330835051460963
38,134,Joel Ward,DEF,Crystal Palace,0.27687734008397924
38,497,Jacob Murphy,MID,Newcastle,0.2794287559829144
38,603,Kean Bryan,DEF,Sheffield Utd,0.27687734008397924
38,249,Roberto Firmino,FWD,Liverpool,0.2437957941279556
38,650,Alfie Devine,MID,Spurs,0.2794287559829144
38,608,Scott Carson,GK,Man City,0.12330835051460963
38,510,Jayden Bogle,DEF,Sheffield Utd,0.27687734008397924
38,398,Davinson Sánchez,DEF,Spurs,0.27687734008397924
38,227,Daniel Amartey,DEF,Leicester,0.27687734008397924
38,226,Ricardo Domingos Barbosa Pereira,DEF,Leicester,0.27687734008397924
38,564,Carlos Vinicius Alves Morais,FWD,Spurs,0.2437957941279556
38,388,Harry Kane,FWD,Spurs,0.2437957941279556
38,20,Joseph Willock,MID,Newcastle,0.2794287559829144
38,127,Mamadou Sakho,DEF,Crystal Palace,0.27687734008397924
38,630,Reda Khadra,MID,Brighton,0.2794287559829144
38,619,Niall Huggins,FWD,Leeds,0.2437957941279556
38,705,Femi Seriki,MID,Sheffield Utd,0.2794287559829144
38,575,Facundo Pellistri,MID,Man Utd,0.2794287559829144
38,645,Martin Ødegaard,MID,Arsenal,0.2794287559829144
38,25,Matteo Guendouzi,MID,Arsenal,0.2794287559829144
38,416,Kenneth Zohore,FWD,West Brom,0.2437957941279556
38,326,Martin Dubravka,GK,Newcastle,0.12330835051460963
38,700,Caleb Taylor,DEF,West Brom,0.27687734008397924
38,706,Toby King,MID,West Brom,0.2794287559829144
38,511,Max Lowe,DEF,Sheffield Utd,0.27687734008397924
38,449,Tomas Soucek,MID,West Ham,0.2794287559829144
38,471,Rúben Gonçalo Silva Nascimento Vinagre,DEF,Wolves,0.27687734008397924
38,697,Billy Koumetio,DEF,Liverpool,0.27687734008397924
38,282,Gabriel Fernando de Jesus,FWD,Man City,0.2437957941279556
38,516,Alphonse Areola,GK,Fulham,0.12330835051460963
38,112,Kepa Arrizabalaga,GK,Chelsea,0.12330835051460963
38,121,Fikayo Tomori,DEF,Chelsea,0.27687734008397924
38,15,Ainsley Maitland-Niles,DEF,West Brom,0.27687734008397924
38,147,Brandon Pierrick,MID,Crystal Palace,0.2794287559829144
38,652,Ozan Kabak,DEF,Liverpool,0.27687734008397924
38,395,Ben Davies,DEF,Spurs,0.27687734008397924
38,101,Willy Caballero,GK,Chelsea,0.12330835051460963
38,694,Cody Drameh,DEF,Leeds,0.27687734008397924
38,396,Pierre-Emile Højbjerg,MID,Spurs,0.2794287559829144
38,238,Çaglar Söyüncü,DEF,Leicester,0.27687734008397924
38,625,Harry Lewis,GK,Southampton,0.12330835051460963
38,285,Tommy Doyle,MID,Man City,0.2794287559829144
38,452,Ben Johnson,DEF,West Ham,0.27687734008397924
38,172,Kevin McDonald,MID,Fulham,0.2794287559829144
38,379,William Smallbone,MID,Southampton,0.2794287559829144
38,605,Faustino Anjorin,MID,Chelsea,0.2794287559829144
38,392,Lucas Rodrigues Moura da Silva,MID,Spurs,0.2794287559829144
38,682,Harry Tyrer,GK,Everton,0.12330835051460963
38,490,Thiago Thiago,DEF,Chelsea,0.27687734008397924
38,64,Florin Andone,FWD,Brighton,0.2437957941279556
38,141,Wilfried Zaha,MID,Crystal Palace,0.2794287559829144
38,454,João Filipe Iria Santos Moutinho,MID,Wolves,0.2794287559829144
38,518,Nampalys Mendy,MID,Leicester,0.2794287559829144
38,508,James Rodríguez,MID,Everton,0.2794287559829144
38,60,Aaron Mooy,MID,Brighton,0.2794287559829144
38,334,Fabian Schär,DEF,Newcastle,0.27687734008397924
38,629,Nigel Lonwijk,DEF,Wolves,0.27687734008397924
38,74,Ben White,DEF,Brighton,0.27687734008397924
38,165,Mason Holgate,DEF,Everton,0.27687734008397924
38,7,Shkodran Mustafi,DEF,Arsenal,0.27687734008397924
38,553,Meritan Shabani,MID,Wolves,0.2794287559829144
38,691,Isaac Price,MID,Everton,0.2794287559829144
38,157,Jordan Pickford,GK,Everton,0.12330835051460963
38,688,Jesurun Rak-Sakyi,MID,Crystal Palace,0.2794287559829144
38,506,Callum Wilson,FWD,Newcastle,0.2437957941279556
38,548,Edouard Mendy,GK,Chelsea,0.12330835051460963
38,91,Chris Wood,FWD,Burnley,0.2437957941279556
38,173,Maxime Le Marchand,DEF,Fulham,0.27687734008397924
38,82,Phil Bardsley,DEF,Burnley,0.27687734008397924
38,380,Jake Vokins,DEF,Southampton,0.27687734008397924
38,536,Anthony Driscoll-Glennon,DEF,Burnley,0.27687734008397924
38,667,Joe Gelhardt,FWD,Leeds,0.2437957941279556
38,251,Sadio Mané,MID,Liverpool,0.2794287559829144
38,104,Marcos Alonso,DEF,Chelsea,0.27687734008397924
38,481,Matheus Pereira,MID,West Brom,0.2794287559829144
38,156,Michael Keane,DEF,Everton,0.27687734008397924
38,592,Lewis Richardson,FWD,Burnley,0.2437957941279556
38,687,Thanawat Suengchitthawon,MID,Leicester,0.2794287559829144
38,557,Ademola Lookman,MID,Fulham,0.2794287559829144
38,661,Thakgalo Leshabela,MID,Leicester,0.2794287559829144
38,646,Kyron Gordon,DEF,Sheffield Utd,0.27687734008397924
38,574,Andi Zeqiri,FWD,Brighton,0.2437957941279556
38,295,Nemanja Matic,MID,Man Utd,0.2794287559829144
38,381,Michael Obafemi,FWD,Southampton,0.2437957941279556
38,609,Felix Nmecha,MID,Man City,0.2794287559829144
38,690,Reece Welch,DEF,Everton,0.27687734008397924
38,387,Erik Lamela,MID,Spurs,0.2794287559829144
38,85,Kevin Long,DEF,Burnley,0.27687734008397924
38,137,Andros Townsend,MID,Crystal Palace,0.2794287559829144
38,36,Bjorn Engels,DEF,Aston Villa,0.27687734008397924
38,678,Jakub Ojrzynski,GK,Liverpool,0.12330835051460963
38,115,Ruben Loftus-Cheek,MID,Fulham,0.2794287559829144
38,628,Jakub Moder,MID,Brighton,0.2794287559829144
38,158,André Filipe Tavares Gomes,MID,Everton,0.2794287559829144
38,34,José Ignacio Peleteiro Romallo,MID,Aston Villa,0.2794287559829144
38,616,Christian Marques,DEF,Wolves,0.27687734008397924
38,535,Josh Benson,MID,Burnley,0.2794287559829144
38,505,Fernando Marçal,DEF,Wolves,0.27687734008397924
38,268,Sergio Agüero,FWD,Man City,0.2437957941279556
38,94,Ben Gibson,DEF,Burnley,0.27687734008397924
38,192,Zeze Steven Sessegnon,DEF,Fulham,0.27687734008397924
38,713,William Fish,DEF,Man Utd,0.27687734008397924
38,46,Ezri Konsa Ngoyo,DEF,Aston Villa,0.27687734008397924
38,133,Cheikhou Kouyaté,MID,Crystal Palace,0.2794287559829144
38,668,Conor Coventry,MID,West Ham,0.2794287559829144
38,555,Filip Krovinovic,MID,West Brom,0.2794287559829144
38,253,Fabio Henrique Tavares,MID,Liverpool,0.2794287559829144
38,627,Percy Tau,MID,Brighton,0.2794287559829144
38,155,Lucas Digne,DEF,Everton,0.27687734008397924
38,474,Pedro Lomba Neto,MID,Wolves,0.2794287559829144
38,656,Iliman Ndiaye,MID,Sheffield Utd,0.2794287559829144
38,496,Matthew Cash,DEF,Aston Villa,0.27687734008397924
38,528,Jason Steele,GK,Brighton,0.12330835051460963
38,228,Youri Tielemans,MID,Leicester,0.2794287559829144
38,559,Niels Nkounkou,DEF,Everton,0.27687734008397924
38,277,João Pedro Cavaco Cancelo,DEF,Man City,0.27687734008397924
38,681,Ryan Astley,DEF,Everton,0.27687734008397924
38,486,Scott Dann,DEF,Crystal Palace,0.27687734008397924
38,288,Eric Garcia,DEF,Man City,0.27687734008397924
38,408,Hal Robson-Kanu,FWD,West Brom,0.2437957941279556
38,413,Romaine Sawyers,MID,West Brom,0.2794287559829144
38,704,Harry Boyes,DEF,Sheffield Utd,0.27687734008397924
38,178,Michael Hector,DEF,Fulham,0.27687734008397924
38,209,Ian Carlo Poveda-Ocampo,MID,Leeds,0.2794287559829144
38,149,Fabian Delph,MID,Everton,0.2794287559829144
38,32,Jed Steer,GK,Aston Villa,0.12330835051460963
38,420,Jonathan Leko,MID,West Brom,0.2794287559829144
38,561,Wesley Fofana,DEF,Leicester,0.27687734008397924
38,585,Terence Kongolo,DEF,Fulham,0.27687734008397924
38,168,Anthony Gordon,MID,Everton,0.2794287559829144
38,114,Hakim Ziyech,MID,Chelsea,0.2794287559829144
38,498,Timothy Castagne,DEF,Leicester,0.27687734008397924
38,305,Dean Henderson,GK,Man Utd,0.12330835051460963
38,660,Vontae Daley-Campbell,DEF,Leicester,0.27687734008397924
38,337,Rolando Aarons,MID,Newcastle,0.2794287559829144
38,488,Mark Gillespie,GK,Newcastle,0.12330835051460963
38,206,Tyler Roberts,MID,Leeds,0.2794287559829144
38,148,Theo Walcott,MID,Southampton,0.2794287559829144
38,177,Anthony Knockaert,MID,Fulham,0.2794287559829144
38,195,Liam Cooper,DEF,Leeds,0.27687734008397924
38,68,Neal Maupay,FWD,Brighton,0.2437957941279556
38,242,Konstantinos Tsimikas,DEF,Liverpool,0.27687734008397924
38,354,Jack O'Connell,DEF,Sheffield Utd,0.27687734008397924
38,633,Jensen Weir,MID,Brighton,0.2794287559829144
38,703,Tawanda Maswanhise,MID,Leicester,0.2794287559829144
38,365,Nathan Redmond,MID,Southampton,0.2794287559829144
38,128,Vicente Guaita,GK,Crystal Palace,0.12330835051460963
38,176,Tim Ream,DEF,Fulham,0.27687734008397924
38,237,Filip Benkovic,DEF,Leicester,0.27687734008397924
38,463,Léo Bonatini,FWD,Wolves,0.2437957941279556
38,368,Stuart Armstrong,MID,Southampton,0.2794287559829144
38,79,Steven Alzate,MID,Brighton,0.2794287559829144
38,549,Diego Llorente,DEF,Leeds,0.27687734008397924
38,685,Gaetano Berardi,DEF,Leeds,0.27687734008397924
38,235,Harvey Barnes,MID,Leicester,0.2794287559829144
38,27,William Saliba,DEF,Arsenal,0.27687734008397924
38,539,Liam Delap,FWD,Man City,0.2437957941279556
38,445,Jarrod Bowen,MID,West Ham,0.2794287559829144
38,2,Sokratis Papastathopoulos,DEF,Arsenal,0.27687734008397924
38,263,Curtis Jones,MID,Liverpool,0.2794287559829144
38,469,Daniel Castelo Podence,MID,Wolves,0.2794287559829144
38,47,Frédéric Guilbert,DEF,Aston Villa,0.27687734008397924
38,467,Oskar Buur,DEF,Wolves,0.27687734008397924
38,246,Joel Matip,DEF,Liverpool,0.27687734008397924
38,374,Josh Sims,MID,Southampton,0.2794287559829144
38,428,Robert Snodgrass,MID,West Brom,0.2794287559829144
38,597,Robert Sánchez,GK,Brighton,0.12330835051460963
38,534,Ryan Inniss,DEF,Crystal Palace,0.27687734008397924
38,437,Michail Antonio,FWD,West Ham,0.2437957941279556
38,636,Caleb Watts,MID,Southampton,0.2794287559829144
38,248,Alex Oxlade-Chamberlain,MID,Liverpool,0.2794287559829144
38,316,Tahith Chong,MID,Man Utd,0.2794287559829144
38,674,Nathan Trott,GK,West Ham,0.12330835051460963
38,649,Hugo Bueno,DEF,Wolves,0.27687734008397924
38,342,Kelland Watts,DEF,Newcastle,0.27687734008397924
38,669,Jamal Baptiste,DEF,West Ham,0.27687734008397924
38,602,Elliot Anderson,MID,Newcastle,0.2794287559829144
38,261,Naby Keita,MID,Liverpool,0.2794287559829144
38,4,Pierre-Emerick Aubameyang,MID,Arsenal,0.2794287559829144
38,58,Shane Duffy,DEF,Brighton,0.27687734008397924
38,142,Jeffrey Schlupp,MID,Crystal Palace,0.2794287559829144
38,236,Wilfred Ndidi,MID,Leicester,0.2794287559829144
38,526,Mohamed Naser El Sayed Elneny,MID,Arsenal,0.2794287559829144
38,180,Neeskens Kebano,MID,Fulham,0.2794287559829144
38,635,Allan Tchaptchet,DEF,Southampton,0.27687734008397924
38,701,Taylor Gardner-Hickman,MID,West Brom,0.2794287559829144
38,330,Christian Atsu,MID,Newcastle,0.2794287559829144
38,323,Federico Fernández,DEF,Newcastle,0.27687734008397924
38,120,Mason Mount,MID,Chelsea,0.2794287559829144
38,138,Luka Milivojevic,MID,Crystal Palace,0.2794287559829144
38,571,Joachim Andersen,DEF,Fulham,0.27687734008397924
38,301,Jesse Lingard,MID,West Ham,0.2794287559829144
38,290,Juan Mata,MID,Man Utd,0.2794287559829144
38,351,George Baldock,DEF,Sheffield Utd,0.27687734008397924
38,355,John Lundstram,MID,Sheffield Utd,0.2794287559829144
38,100,Dwight McNeil,MID,Burnley,0.2794287559829144
38,409,Jake Livermore,MID,West Brom,0.2794287559829144
38,274,Benjamin Mendy,DEF,Man City,0.27687734008397924
38,72,José Izquierdo,MID,Brighton,0.2794287559829144
38,153,Cenk Tosun,FWD,Everton,0.2437957941279556
38,286,Rodrigo Hernandez,MID,Man City,0.2794287559829144
38,184,Aleksandar Mitrović,FWD,Fulham,0.2437957941279556
38,154,Bernard Anício Caldeira Duarte,MID,Everton,0.2794287559829144
38,250,Virgil van Dijk,DEF,Liverpool,0.27687734008397924
38,182,Joe Bryan,DEF,Fulham,0.27687734008397924
38,303,Anthony Martial,FWD,Man Utd,0.2437957941279556
38,456,Ryan Bennett,DEF,Wolves,0.27687734008397924
38,179,Cyrus Christie,DEF,Fulham,0.27687734008397924
38,634,Will Ferry,MID,Southampton,0.2794287559829144
38,54,Adam Lallana,MID,Brighton,0.2794287559829144
38,707,Sylvester Jasper,MID,Fulham,0.2794287559829144
38,90,Johann Berg Gudmundsson,MID,Burnley,0.2794287559829144
38,654,Okay Yokuslu,MID,West Brom,0.2794287559829144
38,547,Rúnar Alex Rúnarsson,GK,Arsenal,0.12330835051460963
38,87,Ashley Barnes,FWD,Burnley,0.2437957941279556
38,125,Gary Cahill,DEF,Crystal Palace,0.27687734008397924
38,171,Fabricio Agosto Ramírez,GK,Fulham,0.12330835051460963
38,551,Mace Goodridge,MID,Burnley,0.2794287559829144
38,264,Neco Williams,DEF,Liverpool,0.27687734008397924
38,333,Emil Krafth,DEF,Newcastle,0.27687734008397924
38,186,Marek Rodák,GK,Fulham,0.12330835051460963
38,95,Robbie Brady,MID,Burnley,0.2794287559829144
38,663,Michal Karbownik,DEF,Brighton,0.27687734008397924
38,461,Romain Saïss,DEF,Wolves,0.27687734008397924
38,17,Kieran Tierney,DEF,Arsenal,0.27687734008397924
38,329,Dwight Gayle,FWD,Newcastle,0.2437957941279556
38,214,Leif Davis,DEF,Leeds,0.27687734008397924
38,521,Cameron Carter-Vickers,DEF,Spurs,0.27687734008397924
38,197,Luke Ayling,DEF,Leeds,0.27687734008397924
38,543,Gareth Bale,MID,Spurs,0.2794287559829144
38,201,Ezgjan Alioski,DEF,Leeds,0.27687734008397924
38,267,Claudio Bravo,GK,Man City,0.12330835051460963
38,188,Josh Onomah,MID,Fulham,0.2794287559829144
38,300,Luke Shaw,DEF,Man Utd,0.27687734008397924
38,273,John Stones,DEF,Man City,0.27687734008397924
38,410,Kamil Grosicki,MID,West Brom,0.2794287559829144
38,50,Keinan Davis,FWD,Aston Villa,0.2437957941279556
38,500,Kai Havertz,MID,Chelsea,0.2794287559829144
38,349,Oliver Norwood,MID,Sheffield Utd,0.2794287559829144
38,569,Edinson Cavani,FWD,Man Utd,0.2437957941279556
38,624,Kgaogelo Chauke,MID,Southampton,0.2794287559829144
38,135,Martin Kelly,DEF,Crystal Palace,0.27687734008397924
38,519,Jimmy Dunne,DEF,Burnley,0.27687734008397924
38,693,Crysencio Summerville,MID,Leeds,0.2794287559829144
38,81,James Tarkowski,DEF,Burnley,0.27687734008397924
38,194,Francisco Casilla Cortés,GK,Leeds,0.12330835051460963
38,109,Antonio Rüdiger,DEF,Chelsea,0.27687734008397924
38,386,Toby Alderweireld,DEF,Spurs,0.27687734008397924
38,348,Simon Moore,GK,Sheffield Utd,0.12330835051460963
38,702,Anthony Elanga,MID,Man Utd,0.2794287559829144
38,439,Manuel Lanzini,MID,West Ham,0.2794287559829144
38,590,Daniel N'Lundulu,FWD,Southampton,0.2437957941279556
38,73,Matthew Clarke,DEF,Brighton,0.27687734008397924
38,554,Jacob Ramsey,MID,Aston Villa,0.2794287559829144
38,136,Connor Wickham,FWD,Crystal Palace,0.2437957941279556
38,332,Javier Manquillo,DEF,Newcastle,0.27687734008397924
38,596,Ellis Simms,FWD,Everton,0.2437957941279556
38,576,Craig Dawson,DEF,West Ham,0.27687734008397924
38,412,Kyle Bartley,DEF,West Brom,0.27687734008397924
38,523,Fraser Forster,GK,Southampton,0.12330835051460963
38,659,Claudio Gomes,MID,Man City,0.2794287559829144
38,320,Andy Carroll,FWD,Newcastle,0.2437957941279556
38,522,Sam Woods,DEF,Crystal Palace,0.27687734008397924
38,225,Dennis Praet,MID,Leicester,0.2794287559829144
38,476,Leonardo Campana,FWD,Wolves,0.2437957941279556
38,468,Diogo Jota,MID,Liverpool,0.2794287559829144
38,499,Cedric Kipre,DEF,West Brom,0.27687734008397924
38,212,Jordan Stevens,MID,Leeds,0.2794287559829144
38,347,Enda Stevens,DEF,Sheffield Utd,0.27687734008397924
38,86,Jay Rodriguez,FWD,Burnley,0.2437957941279556
38,626,Patrick Cutrone,FWD,Wolves,0.2437957941279556
38,143,Max Meyer,MID,Crystal Palace,0.2794287559829144
38,426,Rekeem Harper,MID,West Brom,0.2794287559829144
38,371,Angus Gunn,GK,Southampton,0.12330835051460963
38,258,Takumi Minamino,MID,Southampton,0.2794287559829144
38,581,Owen Otasowie,MID,Wolves,0.2794287559829144
38,599,Jack Jenkins,MID,Leeds,0.2794287559829144
38,198,Mateusz Klich,MID,Leeds,0.2794287559829144
38,280,Aymeric Laporte,DEF,Man City,0.27687734008397924
38,59,Davy Pröpper,MID,Brighton,0.2794287559829144
38,544,Conor Gallagher,MID,West Brom,0.2794287559829144
38,312,Timothy Fosu-Mensah,DEF,Man Utd,0.27687734008397924
38,370,James Ward-Prowse,MID,Southampton,0.2794287559829144
38,565,Ibrahima Diallo,MID,Southampton,0.2794287559829144
38,631,Teddy Jenks,MID,Brighton,0.2794287559829144
38,71,Alireza Jahanbakhsh,MID,Brighton,0.2794287559829144
38,562,Ola Aina,DEF,Fulham,0.27687734008397924
38,200,Stuart Dallas,DEF,Leeds,0.27687734008397924
38,331,Paul Dummett,DEF,Newcastle,0.27687734008397924
38,18,Nicolas Pépé,MID,Arsenal,0.2794287559829144
38,443,Fabián Balbuena,DEF,West Ham,0.27687734008397924
38,57,Pascal Groß,MID,Brighton,0.2794287559829144
38,397,Harry Winks,MID,Spurs,0.2794287559829144
38,632,Max Sanders,MID,Brighton,0.2794287559829144
38,586,Jack Butland,GK,Crystal Palace,0.12330835051460963
38,276,Raheem Sterling,MID,Man City,0.2794287559829144
38,275,Riyad Mahrez,MID,Man City,0.2794287559829144
38,520,Bobby Thomas,DEF,Burnley,0.27687734008397924
38,424,Oliver Burke,MID,Sheffield Utd,0.2794287559829144
38,414,Ahmed El-Sayed Hegazy,DEF,West Brom,0.27687734008397924
38,97,Charlie Taylor,DEF,Burnley,0.27687734008397924
38,42,Matt Targett,DEF,Aston Villa,0.27687734008397924
38,583,Will Norris,GK,Burnley,0.12330835051460963
38,98,Josh Brownhill,MID,Burnley,0.2794287559829144
38,19,Lucas Torreira,MID,Arsenal,0.2794287559829144
38,335,DeAndre Yedlin,DEF,Newcastle,0.27687734008397924
38,540,Bertrand Traoré,MID,Aston Villa,0.2794287559829144
38,24,Bukayo Saka,MID,Arsenal,0.2794287559829144
38,343,Billy Sharp,FWD,Sheffield Utd,0.2437957941279556
38,96,Nick Pope,GK,Burnley,0.12330835051460963
38,434,Jack Wilshere,MID,West Ham,0.2794287559829144
38,464,Leander Dendoncker,MID,Wolves,0.2794287559829144
38,75,Bernardo Fernandes da Silva Junior,DEF,Brighton,0.27687734008397924
38,485,Jeff Hendrick,MID,Newcastle,0.2794287559829144
38,327,Florian Lejeune,DEF,Newcastle,0.27687734008397924
38,49,Mbwana Samatta,FWD,Aston Villa,0.2437957941279556
38,239,James Justin,DEF,Leicester,0.27687734008397924
38,309,Scott McTominay,MID,Man Utd,0.2794287559829144
38,692,Sam Greenwood,FWD,Leeds,0.2437957941279556
38,211,Pascal Struijk,DEF,Leeds,0.27687734008397924
38,492,Rodrigo Moreno,FWD,Leeds,0.2437957941279556
38,256,Divock Origi,FWD,Liverpool,0.2437957941279556
38,675,Reece Hannam,DEF,Crystal Palace,0.27687734008397924
38,373,Harrison Reed,MID,Fulham,0.2794287559829144
38,51,Indiana Vassilev,FWD,Aston Villa,0.2437957941279556
38,473,Morgan Gibbs-White,MID,Wolves,0.2794287559829144
38,62,Lewis Dunk,DEF,Brighton,0.27687734008397924
38,611,Taylor Perry,MID,Wolves,0.2794287559829144
38,369,Jannik Vestergaard,DEF,Southampton,0.27687734008397924
38,711,William Osula,FWD,Sheffield Utd,0.2437957941279556
38,493,Mario Lemina,MID,Fulham,0.2794287559829144
38,527,Matt Macey,GK,Arsenal,0.12330835051460963
38,52,Douglas Luiz Soares de Paulo,MID,Aston Villa,0.2794287559829144
38,106,Ross Barkley,MID,Aston Villa,0.2794287559829144
38,84,Jack Cork,MID,Burnley,0.2794287559829144
38,502,Allan Marques Loureiro,MID,Everton,0.2794287559829144
38,489,Eberechi Eze,MID,Crystal Palace,0.2794287559829144
38,76,Yves Bissouma,MID,Brighton,0.2794287559829144
38,403,Giovani Lo Celso,MID,Spurs,0.2794287559829144
38,9,Granit Xhaka,MID,Arsenal,0.2794287559829144
38,480,Sean Longstaff,MID,Newcastle,0.2794287559829144
38,415,Charlie Austin,FWD,West Brom,0.2437957941279556
38,296,Paul Pogba,MID,Man Utd,0.2794287559829144
38,658,Richard Nartey,DEF,Burnley,0.27687734008397924
38,265,Harvey Elliott,MID,Liverpool,0.2794287559829144
38,419,Oluwasemilogo Adesewo Ibidapo Ajayi,DEF,West Brom,0.27687734008397924
38,107,Mateo Kovacic,MID,Chelsea,0.2794287559829144
38,161,Jean-Philippe Gbamin,MID,Everton,0.2794287559829144
38,648,Mbaye Diagne,FWD,West Brom,0.2437957941279556
38,695,Fabio Carvalho,MID,Fulham,0.2794287559829144
38,259,Trent Alexander-Arnold,DEF,Liverpool,0.27687734008397924
38,283,Oleksandr Zinchenko,DEF,Man City,0.27687734008397924
38,255,Andrew Robertson,DEF,Liverpool,0.27687734008397924
38,537,Adrián Bernabé,MID,Man City,0.2794287559829144
38,677,Liam Hughes,GK,Liverpool,0.12330835051460963
38,102,César Azpilicueta,DEF,Chelsea,0.27687734008397924
38,144,Jairo Riedewald,MID,Crystal Palace,0.2794287559829144
38,566,Ben Godfrey,DEF,Everton,0.27687734008397924
38,427,Mark Noble,MID,West Ham,0.2794287559829144
38,462,Jonathan Castro Otto,DEF,Wolves,0.27687734008397924
38,699,Daniel Jebbison,FWD,Sheffield Utd,0.2437957941279556
38,218,Christian Fuchs,DEF,Leicester,0.27687734008397924
38,444,Jordan Hugill,FWD,West Ham,0.2437957941279556
38,169,Moise Kean,FWD,Everton,0.2437957941279556
38,545,Ki-Jana Hoever,DEF,Wolves,0.27687734008397924
38,240,Luke Thomas,DEF,Leicester,0.27687734008397924
38,210,Jamie Shackleton,MID,Leeds,0.2794287559829144
38,378,Yan Valery,DEF,Southampton,0.27687734008397924
38,563,Rayan Ait Nouri,DEF,Wolves,0.27687734008397924
38,311,Daniel James,MID,Man Utd,0.2794287559829144
38,48,Wesley Moraes,FWD,Aston Villa,0.2437957941279556
38,26,Gabriel Teodoro Martinelli Silva,MID,Arsenal,0.2794287559829144
38,216,Wes Morgan,DEF,Leicester,0.27687734008397924
38,639,Andy Lonergan,GK,West Brom,0.12330835051460963
38,260,Joseph Gomez,DEF,Liverpool,0.27687734008397924
38,362,Ryan Bertrand,DEF,Southampton,0.27687734008397924
38,655,Ryan Finnigan,MID,Southampton,0.2794287559829144
38,679,Kyle John,DEF,Everton,0.27687734008397924
38,514,Ollie Watkins,FWD,Aston Villa,0.2437957941279556
38,45,Anwar El Ghazi,MID,Aston Villa,0.2794287559829144
38,271,Ilkay Gündogan,MID,Man City,0.2794287559829144
38,10,Pablo Marí,DEF,Arsenal,0.27687734008397924
38,391,Eric Dier,DEF,Spurs,0.27687734008397924
38,709,Tim Iroegbunam,MID,West Brom,0.2794287559829144
38,647,Morgan Sanson,MID,Aston Villa,0.2794287559829144
38,422,Darnell Furlong,DEF,West Brom,0.27687734008397924
38,689,Miguel Azeez,MID,Arsenal,0.2794287559829144
38,89,Ashley Westwood,MID,Burnley,0.2794287559829144
38,164,Dominic Calvert-Lewin,FWD,Everton,0.2437957941279556
38,230,Demarai Gray,MID,Leicester,0.2794287559829144
38,653,Ben Davies,DEF,Liverpool,0.27687734008397924
38,43,James Bree,DEF,Aston Villa,0.27687734008397924
38,108,Michy Batshuayi,FWD,Crystal Palace,0.2437957941279556
38,266,Fernando Luiz Rosa,DEF,Man City,0.27687734008397924
38,56,David Button,GK,West Brom,0.12330835051460963
38,126,Wayne Hennessey,GK,Crystal Palace,0.12330835051460963
38,600,Lee Peltier,DEF,West Brom,0.27687734008397924
38,359,Lys Mousset,FWD,Sheffield Utd,0.2437957941279556
38,160,Jonjoe Kenny,DEF,Everton,0.27687734008397924
38,495,Donny van de Beek,MID,Man Utd,0.2794287559829144
38,39,Kortney Hause,DEF,Aston Villa,0.27687734008397924
38,247,Xherdan Shaqiri,MID,Liverpool,0.2794287559829144
38,550,Jayson Molumby,MID,Brighton,0.2794287559829144
38,119,Christian Pulisic,MID,Chelsea,0.2794287559829144
38,651,Joshua King,FWD,Everton,0.2437957941279556
38,38,John McGinn,MID,Aston Villa,0.2794287559829144
38,542,Sergio Reguilón,DEF,Spurs,0.27687734008397924
38,234,Hamza Choudhury,MID,Leicester,0.2794287559829144
38,475,Bruno André Cavaco Jordao,MID,Wolves,0.2794287559829144
38,509,Ethan Ampadu,DEF,Sheffield Utd,0.27687734008397924
38,399,Ryan Sessegnon,DEF,Spurs,0.27687734008397924
38,8,Bernd Leno,GK,Arsenal,0.12330835051460963
38,339,Miguel Almirón,MID,Newcastle,0.2794287559829144
38,167,João Virgínia,GK,Everton,0.12330835051460963
38,457,Matt Doherty,DEF,Spurs,0.27687734008397924
38,407,Kieran Gibbs,DEF,West Brom,0.27687734008397924
38,593,Karlo Ziger,GK,Chelsea,0.12330835051460963
38,513,Jamal Lewis,DEF,Newcastle,0.27687734008397924
38,289,Sergio Romero,GK,Man Utd,0.12330835051460963
38,501,Daniel Ceballos Fernández,MID,Arsenal,0.2794287559829144
38,567,Thomas Partey,MID,Arsenal,0.2794287559829144
38,375,Kyle Walker-Peters,DEF,Southampton,0.27687734008397924
38,70,Mathew Ryan,GK,Arsenal,0.12330835051460963
38,67,Joël Veltman,DEF,Brighton,0.27687734008397924
38,430,Darren Randolph,GK,West Ham,0.12330835051460963
38,278,Ederson Santana de Moraes,GK,Man City,0.12330835051460963
38,129,James Tomkins,DEF,Crystal Palace,0.27687734008397924
38,584,Joe Rodon,DEF,Spurs,0.27687734008397924
38,44,Marvelous Nakamba,MID,Aston Villa,0.2794287559829144
38,436,Andriy Yarmolenko,MID,West Ham,0.2794287559829144
38,170,Jarrad Branthwaite,DEF,Everton,0.27687734008397924
38,385,Moussa Sissoko,MID,Spurs,0.2794287559829144
38,451,Issa Diop,DEF,West Ham,0.27687734008397924
38,80,Alexis Mac Allister,MID,Brighton,0.2794287559829144
38,344,David McGoldrick,FWD,Sheffield Utd,0.2437957941279556
38,401,Gedson Carvalho Fernandes,MID,Spurs,0.2794287559829144
38,284,Phil Foden,MID,Man City,0.2794287559829144
38,13,Calum Chambers,DEF,Arsenal,0.27687734008397924
38,556,Rúben Santos Gato Alves Dias,DEF,Man City,0.27687734008397924
38,159,Alex Iwobi,MID,Everton,0.2794287559829144
38,231,James Maddison,MID,Leicester,0.2794287559829144
38,221,Marc Albrighton,MID,Leicester,0.2794287559829144
38,525,Denis Odoi,DEF,Fulham,0.27687734008397924
38,63,Martín Montoya,DEF,Brighton,0.27687734008397924
38,568,Alex Nicolao Telles,DEF,Man Utd,0.27687734008397924
38,598,Kayne Ramsay,DEF,Southampton,0.27687734008397924
38,638,Ademipo Odubeko,FWD,West Ham,0.2437957941279556
38,431,Lukasz Fabianski,GK,West Ham,0.12330835051460963
38,406,Juan Foyth,DEF,Spurs,0.27687734008397924
38,350,Wes Foderingham,GK,Sheffield Utd,0.12330835051460963
38,223,Danny Ward,GK,Leicester,0.12330835051460963
38,367,Jack Stephens,DEF,Southampton,0.27687734008397924
38,372,Sofiane Boufal,MID,Southampton,0.2794287559829144
38,623,Taylor Harwood-Bellis,DEF,Man City,0.27687734008397924
38,618,Antwoine Hackford,FWD,Sheffield Utd,0.2437957941279556
38,664,Moisés Caicedo,MID,Brighton,0.2794287559829144
38,710,Nile John,MID,Spurs,0.2794287559829144
38,166,Richarlison de Andrade,FWD,Everton,0.2437957941279556
38,484,Antonee Robinson,DEF,Fulham,0.27687734008397924
38,546,Nélson Cabral Semedo,DEF,Wolves,0.27687734008397924
38,541,Cengiz Ünder,MID,Leicester,0.2794287559829144
38,459,Conor Coady,DEF,Wolves,0.27687734008397924
38,411,Matt Phillips,MID,West Brom,0.2794287559829144
38,487,Matthew Longstaff,MID,Newcastle,0.2794287559829144
38,357,Oliver McBurnie,FWD,Sheffield Utd,0.2437957941279556
38,113,N'Golo Kanté,MID,Chelsea,0.2794287559829144
38,360,Sander Berge,MID,Sheffield Utd,0.2794287559829144
38,393,Paulo Gazzaniga,GK,Spurs,0.12330835051460963
38,683,Jaden Philogene-Bidace,MID,Aston Villa,0.2794287559829144
38,366,Danny Ings,FWD,Southampton,0.2437957941279556
38,16,Rob Holding,DEF,Arsenal,0.27687734008397924
38,310,Eric Bailly,DEF,Man Utd,0.27687734008397924
38,244,Jordan Henderson,MID,Liverpool,0.2794287559829144
38,610,Theo Corbeanu,MID,Wolves,0.2794287559829144
38,302,Bruno Miguel Borges Fernandes,MID,Man Utd,0.2794287559829144
38,441,Sébastien Haller,FWD,West Ham,0.2437957941279556
38,604,Lee Grant,GK,Man Utd,0.12330835051460963
38,183,Marcus Bettinelli,GK,Fulham,0.12330835051460963
38,612,Anthony Mancini,MID,Burnley,0.2794287559829144
38,672,Carney Chukwuemeka,MID,Aston Villa,0.2794287559829144
38,377,Che Adams,FWD,Southampton,0.2437957941279556
38,308,Victor Lindelöf,DEF,Man Utd,0.27687734008397924
38,297,Phil Jones,DEF,Man Utd,0.27687734008397924
38,146,Tyrick Mitchell,DEF,Crystal Palace,0.27687734008397924
38,203,Jack Harrison,MID,Leeds,0.2794287559829144
38,358,Callum Robinson,FWD,West Brom,0.2437957941279556
38,77,Tariq Lamptey,DEF,Brighton,0.27687734008397924
38,477,Luke Freeman,MID,Sheffield Utd,0.2794287559829144
38,423,Sam Field,MID,West Brom,0.2794287559829144
38,472,Matija Sarkic,GK,Wolves,0.12330835051460963
38,671,Kaine Hayden,MID,Aston Villa,0.2794287559829144
38,529,Phil Jagielka,DEF,Sheffield Utd,0.27687734008397924
38,429,David Martin,GK,West Ham,0.12330835051460963
38,29,Ahmed El Mohamady,DEF,Aston Villa,0.27687734008397924
38,40,Mahmoud Ahmed Ibrahim Hassan,MID,Aston Villa,0.2794287559829144
38,190,Aboubakar Kamara,MID,Fulham,0.2794287559829144
38,131,James McCarthy,MID,Crystal Palace,0.2794287559829144
38,21,Reiss Nelson,MID,Arsenal,0.2794287559829144
38,404,Oliver Skipp,MID,Spurs,0.2794287559829144
38,31,Neil Taylor,DEF,Aston Villa,0.27687734008397924
38,606,Daniel Langley,GK,Newcastle,0.12330835051460963
38,281,Bernardo Mota Veiga de Carvalho e Silva,MID,Man City,0.2794287559829144
38,507,Ryan Fraser,MID,Newcastle,0.2794287559829144
38,524,Nathan Tella,MID,Southampton,0.2794287559829144
38,470,Max Kilman,DEF,Wolves,0.27687734008397924
38,207,Jay-Roy Grot,MID,Leeds,0.2794287559829144
38,483,Aaron Ramsdale,GK,Sheffield Utd,0.12330835051460963
38,220,Adrien Silva,MID,Leicester,0.2794287559829144
38,676,Sidnei Tavares,MID,Leicester,0.2794287559829144
38,204,Kalvin Phillips,MID,Leeds,0.2794287559829144
38,570,Raphael Dias Belloli,MID,Leeds,0.2794287559829144
