GW,element,name,position,team,predicted_points
30,653,Femi Seriki,DEF,Sheffield Utd,0.1802024349980024
30,723,Josh Brooking,DEF,Chelsea,0.1802024349980024
30,669,Radek Vítek,GK,Man Utd,0.08514660217938716
30,621,Jack Hinshelwood,MID,Brighton,0.17781985947506024
30,397,Jadon Sancho,MID,Man Utd,0.17781985947506024
30,714,Divock Origi,FWD,Nott'm Forest,0.18767735971878258
30,828,Sam Curtis,DEF,Sheffield Utd,0.1802024349980024
30,487,Rhys Norrington-Davies,DEF,Sheffield Utd,0.1802024349980024
30,105,Vitaly Janelt,MID,Brentford,0.17781985947506024
30,607,Ionuț Radu,GK,Bournemouth,0.08514660217938716
30,655,Andre Brooks,MID,Sheffield Utd,0.17781985947506024
30,354,Jack Grealish,MID,Man City,0.17781985947506024
30,417,Emil Krafth,DEF,Newcastle,0.1802024349980024
30,574,Boubacar Traoré,MID,Wolves,0.17781985947506024
30,169,Denis Franchi,GK,Burnley,0.08514660217938716
30,335,James Shea,GK,Luton,0.08514660217938716
30,300,Curtis Jones,MID,Liverpool,0.17781985947506024
30,764,Myles Lewis-Skelly,MID,Arsenal,0.17781985947506024
30,732,Devan Tanton,DEF,Fulham,0.1802024349980024
30,206,Reece James,DEF,Chelsea,0.1802024349980024
30,491,Brandon Austin,GK,Spurs,0.08514660217938716
30,700,Anssumane Fati Vieira,MID,Brighton,0.17781985947506024
30,53,Robin Olsen,GK,Aston Villa,0.08514660217938716
30,813,Fabian Mrozek,GK,Liverpool,0.08514660217938716
30,781,Joe Gardner,FWD,Nott'm Forest,0.18767735971878258
30,489,Ben Osborn,MID,Sheffield Utd,0.17781985947506024
30,371,Amad Diallo,MID,Man Utd,0.17781985947506024
30,378,Anthony Elanga,MID,Nott'm Forest,0.17781985947506024
30,774,Kaelan Casey,DEF,West Ham,0.1802024349980024
30,488,Oliver Norwood,MID,Sheffield Utd,0.17781985947506024
30,465,Harry Toffolo,DEF,Nott'm Forest,0.1802024349980024
30,344,Bernardo Veiga de Carvalho e Silva,MID,Man City,0.17781985947506024
30,178,Charlie Taylor,DEF,Burnley,0.1802024349980024
30,807,Adam Wharton,MID,Crystal Palace,0.17781985947506024
30,117,Ivan Toney,FWD,Brentford,0.18767735971878258
30,725,Ji-Soo Kim,DEF,Brentford,0.1802024349980024
30,23,Nuno Varela Tavares,DEF,Nott'm Forest,0.1802024349980024
30,634,Alex Murphy,DEF,Newcastle,0.1802024349980024
30,13,Eddie Nketiah,FWD,Arsenal,0.18767735971878258
30,191,Benoît Badiashile,DEF,Chelsea,0.1802024349980024
30,22,Emile Smith Rowe,MID,Arsenal,0.17781985947506024
30,626,Jarell Quansah,DEF,Liverpool,0.1802024349980024
30,195,Ben Chilwell,DEF,Chelsea,0.1802024349980024
30,38,Philippe Coutinho Correia,MID,Aston Villa,0.17781985947506024
30,46,Tim Iroegbunam,MID,Aston Villa,0.17781985947506024
30,579,Andy Lonergan,GK,Everton,0.08514660217938716
30,690,Carlos Baleba,MID,Brighton,0.17781985947506024
30,570,Pablo Sarabia,MID,Wolves,0.17781985947506024
30,76,Kieffer Moore,FWD,Bournemouth,0.18767735971878258
30,448,Wayne Hennessey,GK,Nott'm Forest,0.08514660217938716
30,233,Remi Matthews,GK,Crystal Palace,0.08514660217938716
30,302,Ibrahima Konaté,DEF,Liverpool,0.1802024349980024
30,416,Joelinton Cássio Apolinário de Lira,MID,Newcastle,0.17781985947506024
30,795,Travis Hernes,MID,Newcastle,0.17781985947506024
30,86,Marcus Tavernier,MID,Bournemouth,0.17781985947506024
30,97,Matthew Cox,GK,Brentford,0.08514660217938716
30,341,Manuel Akanji,DEF,Man City,0.1802024349980024
30,615,Matheus França de Oliveira,MID,Crystal Palace,0.17781985947506024
30,751,Justin Hubner,DEF,Wolves,0.1802024349980024
30,539,Lucas Tolentino Coelho de Lima,MID,West Ham,0.17781985947506024
30,617,Rasmus Højlund,FWD,Man Utd,0.18767735971878258
30,605,Luca Koleosho,MID,Burnley,0.17781985947506024
30,545,Rayan Aït-Nouri,DEF,Wolves,0.1802024349980024
30,37,Calum Chambers,DEF,Aston Villa,0.1802024349980024
30,495,Ben Davies,DEF,Spurs,0.1802024349980024
30,532,Emerson Palmieri dos Santos,DEF,West Ham,0.1802024349980024
30,303,Luis Díaz,MID,Liverpool,0.17781985947506024
30,181,Lawrence Vigouroux,GK,Burnley,0.08514660217938716
30,144,Jakub Moder,MID,Brighton,0.17781985947506024
30,767,Tommi O'Reilly,MID,Aston Villa,0.17781985947506024
30,164,Dara Costelloe,MID,Burnley,0.17781985947506024
30,702,Ashley Phillips,DEF,Spurs,0.1802024349980024
30,368,John Stones,DEF,Man City,0.1802024349980024
30,254,Idrissa Gueye,MID,Everton,0.17781985947506024
30,288,Harry Wilson,MID,Fulham,0.17781985947506024
30,192,Marcus Bettinelli,GK,Chelsea,0.08514660217938716
30,224,Malcolm Ebiowei,MID,Crystal Palace,0.17781985947506024
30,29,Benjamin White,DEF,Arsenal,0.1802024349980024
30,753,Leigh Kavanagh,DEF,Brighton,0.1802024349980024
30,393,Teden Mengi,DEF,Luton,0.1802024349980024
30,48,Ezri Konsa Ngoyo,DEF,Aston Villa,0.1802024349980024
30,705,Luis Sinisterra,MID,Bournemouth,0.17781985947506024
30,15,Thomas Partey,MID,Arsenal,0.17781985947506024
30,729,Jayden Luker,MID,Luton,0.17781985947506024
30,420,Jamal Lewis,DEF,Newcastle,0.1802024349980024
30,34,Leon Bailey,MID,Aston Villa,0.17781985947506024
30,703,Jonny Evans,DEF,Man Utd,0.1802024349980024
30,449,Ethan Horvath,GK,Nott'm Forest,0.08514660217938716
30,816,Valentín Barco,DEF,Brighton,0.1802024349980024
30,237,Luke Plange,FWD,Crystal Palace,0.18767735971878258
30,398,Luke Shaw,DEF,Man Utd,0.1802024349980024
30,784,Oliver Scarles,DEF,West Ham,0.1802024349980024
30,565,Mario Lemina,MID,Wolves,0.17781985947506024
30,155,Andi Zeqiri,FWD,Brighton,0.18767735971878258
30,265,James Tarkowski,DEF,Everton,0.1802024349980024
30,90,Kristoffer Ajer,DEF,Brentford,0.1802024349980024
30,450,Brennan Johnson,MID,Spurs,0.17781985947506024
30,235,Jake O'Brien,DEF,Crystal Palace,0.1802024349980024
30,680,Eddie Beach,GK,Chelsea,0.08514660217938716
30,817,James Sweet,DEF,Arsenal,0.1802024349980024
30,514,Ryan Sessegnon,DEF,Spurs,0.1802024349980024
30,72,Justin Kluivert,MID,Bournemouth,0.17781985947506024
30,57,Viljami Sinisalo,GK,Aston Villa,0.08514660217938716
30,499,Pierre-Emile Højbjerg,MID,Spurs,0.17781985947506024
30,613,Lesley Ugochukwu,MID,Chelsea,0.17781985947506024
30,724,Jadan Raymond,MID,Crystal Palace,0.17781985947506024
30,601,Arnaut Danjuma Groeneveld,MID,Everton,0.17781985947506024
30,205,Callum Hudson-Odoi,MID,Nott'm Forest,0.17781985947506024
30,24,Kieran Tierney,DEF,Arsenal,0.1802024349980024
30,281,Tim Ream,DEF,Fulham,0.1802024349980024
30,836,Leon Chiwome,FWD,Wolves,0.18767735971878258
30,353,Phil Foden,MID,Man City,0.17781985947506024
30,379,Christian Eriksen,MID,Man Utd,0.17781985947506024
30,552,Fábio Silva,FWD,Wolves,0.18767735971878258
30,790,Ivo Grbic,GK,Sheffield Utd,0.08514660217938716
30,521,Alfie Whiteman,GK,Spurs,0.08514660217938716
30,241,James Tomkins,DEF,Crystal Palace,0.1802024349980024
30,490,William Osula,FWD,Sheffield Utd,0.18767735971878258
30,60,Ollie Watkins,FWD,Aston Villa,0.18767735971878258
30,5,Gabriel dos Santos Magalhães,DEF,Arsenal,0.1802024349980024
30,25,Takehiro Tomiyasu,DEF,Arsenal,0.1802024349980024
30,282,Harrison Reed,MID,Fulham,0.17781985947506024
30,583,Manor Solomon,MID,Spurs,0.17781985947506024
30,11,Marcus Oliveira Alencar,MID,Arsenal,0.17781985947506024
30,375,Eric Bailly,DEF,Man Utd,0.1802024349980024
30,218,Hakim Ziyech,MID,Chelsea,0.17781985947506024
30,541,Gianluca Scamacca,FWD,West Ham,0.18767735971878258
30,660,Wilson Odobert,MID,Burnley,0.17781985947506024
30,731,Jili Buyabu,DEF,Sheffield Utd,0.1802024349980024
30,742,Benicio Baker-Boaitey,MID,Brighton,0.17781985947506024
30,110,Christian Nørgaard,MID,Brentford,0.17781985947506024
30,421,Sean Longstaff,MID,Newcastle,0.17781985947506024
30,582,Pelly Ruddock Mpanzu,MID,Luton,0.17781985947506024
30,535,Danny Ings,FWD,West Ham,0.18767735971878258
30,400,Donny van de Beek,MID,Man Utd,0.17781985947506024
30,438,Giulian Biancone,DEF,Nott'm Forest,0.1802024349980024
30,21,Albert Sambi Lokonga,MID,Luton,0.17781985947506024
30,171,Luke McNally,DEF,Burnley,0.1802024349980024
30,143,Kaoru Mitoma,MID,Brighton,0.17781985947506024
30,190,Abdul Rahman Baba,DEF,Chelsea,0.1802024349980024
30,78,Dango Ouattara,MID,Bournemouth,0.17781985947506024
30,483,Daniel Jebbison,FWD,Sheffield Utd,0.18767735971878258
30,122,Simon Adingra,MID,Brighton,0.17781985947506024
30,180,Scott Twine,MID,Burnley,0.17781985947506024
30,798,Daiki Hashioka,DEF,Luton,0.1802024349980024
30,696,Murillo Santiago Costa dos Santos,DEF,Nott'm Forest,0.1802024349980024
30,769,Owen Hesketh,MID,Wolves,0.17781985947506024
30,366,Sergio Gómez,DEF,Man City,0.1802024349980024
30,668,Wataru Endo,MID,Liverpool,0.17781985947506024
30,442,Danilo dos Santos de Oliveira,MID,Nott'm Forest,0.17781985947506024
30,113,David Raya Martin,GK,Arsenal,0.08514660217938716
30,423,Jacob Murphy,MID,Newcastle,0.17781985947506024
30,736,Reuell Walters,DEF,Arsenal,0.1802024349980024
30,614,Thomas Kaminski,GK,Luton,0.08514660217938716
30,738,Amadou Diallo,MID,Newcastle,0.17781985947506024
30,232,Jean-Philippe Mateta,FWD,Crystal Palace,0.18767735971878258
30,827,Dovydas Sasnauskas,DEF,Sheffield Utd,0.1802024349980024
30,79,Ben Pearson,MID,Bournemouth,0.17781985947506024
30,175,Bailey Peacock-Farrell,GK,Burnley,0.08514660217938716
30,445,Felipe Augusto de Almeida Monteiro,DEF,Nott'm Forest,0.1802024349980024
30,20,William Saliba,DEF,Arsenal,0.1802024349980024
30,174,Michael Obafemi,FWD,Burnley,0.18767735971878258
30,252,Ben Godfrey,DEF,Everton,0.1802024349980024
30,821,Franco Umeh-Chibueze,FWD,Crystal Palace,0.18767735971878258
30,182,Victor da Silva,DEF,Burnley,0.1802024349980024
30,244,André Tavares Gomes,MID,Everton,0.17781985947506024
30,519,Destiny Udogie,DEF,Spurs,0.1802024349980024
30,118,Ryan Trevitt,MID,Brentford,0.17781985947506024
30,332,Dion Pereira,MID,Luton,0.17781985947506024
30,763,Tayo Adaramola,DEF,Crystal Palace,0.1802024349980024
30,176,Connor Roberts,DEF,Burnley,0.1802024349980024
30,43,Douglas Luiz Soares de Paulo,MID,Aston Villa,0.17781985947506024
30,101,Mark Flekken,GK,Brentford,0.08514660217938716
30,409,Martin Dubravka,GK,Newcastle,0.08514660217938716
30,629,James McConnell,MID,Liverpool,0.17781985947506024
30,292,Stefan Bajcetic,MID,Liverpool,0.17781985947506024
30,267,Andreas Hoelgebaum Pereira,MID,Fulham,0.17781985947506024
30,682,Joseph Johnson,DEF,Luton,0.1802024349980024
30,826,Toby Collyer,MID,Man Utd,0.17781985947506024
30,198,Marc Cucurella Saseta,DEF,Chelsea,0.1802024349980024
30,280,João Palhinha Gonçalves,MID,Fulham,0.17781985947506024
30,494,Bryan Gil Salvatierra,MID,Spurs,0.17781985947506024
30,830,Jimi Tauriainen,MID,Chelsea,0.17781985947506024
30,467,Neco Williams,DEF,Nott'm Forest,0.1802024349980024
30,404,Harrison Ashby,DEF,Newcastle,0.1802024349980024
30,133,Billy Gilmour,MID,Brighton,0.17781985947506024
30,480,John Egan,DEF,Sheffield Utd,0.1802024349980024
30,98,Mikkel Damsgaard,MID,Brentford,0.17781985947506024
30,577,Angelo Ogbonna,DEF,West Ham,0.1802024349980024
30,474,Chris Basham,DEF,Sheffield Utd,0.1802024349980024
30,516,Son Heung-min,MID,Spurs,0.17781985947506024
30,298,Joe Gomez,DEF,Liverpool,0.1802024349980024
30,80,Darren Randolph,GK,Bournemouth,0.08514660217938716
30,536,Ben Johnson,DEF,West Ham,0.1802024349980024
30,506,Pedro Porro,DEF,Spurs,0.1802024349980024
30,159,Manuel Benson Hedilazio,MID,Burnley,0.17781985947506024
30,197,Levi Colwill,DEF,Chelsea,0.1802024349980024
30,460,Jonathan Panzo,DEF,Nott'm Forest,0.1802024349980024
30,534,Pablo Fornals Malla,MID,West Ham,0.17781985947506024
30,314,Elijah Adebayo,FWD,Luton,0.18767735971878258
30,103,Rico Henry,DEF,Brentford,0.1802024349980024
30,782,Owen Beck,DEF,Liverpool,0.1802024349980024
30,627,Bobby Clark,MID,Liverpool,0.17781985947506024
30,531,Flynn Downes,MID,West Ham,0.17781985947506024
30,802,Max Kinsey,DEF,Bournemouth,0.1802024349980024
30,619,Ben Greenwood,DEF,Bournemouth,0.1802024349980024
30,740,Alfie Dorrington,DEF,Spurs,0.1802024349980024
30,432,Joe Willock,MID,Newcastle,0.17781985947506024
30,422,Javier Manquillo Gaitán,DEF,Newcastle,0.1802024349980024
30,388,Kobbie Mainoo,MID,Man Utd,0.17781985947506024
30,246,Dominic Calvert-Lewin,FWD,Everton,0.18767735971878258
30,351,Tommy Doyle,MID,Wolves,0.17781985947506024
30,100,Halil Dervişoğlu,FWD,Brentford,0.18767735971878258
30,330,Gabriel Osho,DEF,Luton,0.1802024349980024
30,135,João Pedro Junqueira de Jesus,FWD,Brighton,0.18767735971878258
30,752,Vincent Angelini,GK,Brentford,0.08514660217938716
30,544,Kurt Zouma,DEF,West Ham,0.1802024349980024
30,461,Omar Richards,DEF,Nott'm Forest,0.1802024349980024
30,741,Mark O’Mahony,FWD,Brighton,0.18767735971878258
30,486,Iliman Ndiaye,FWD,Sheffield Utd,0.18767735971878258
30,337,Elliot Thorpe,MID,Luton,0.17781985947506024
30,348,Shea Charles,MID,Man City,0.17781985947506024
30,510,Joe Rodon,DEF,Spurs,0.1802024349980024
30,833,Habeeb Ogunneye,DEF,Man Utd,0.1802024349980024
30,258,Neal Maupay,FWD,Brentford,0.18767735971878258
30,221,Jordan Ayew,MID,Crystal Palace,0.17781985947506024
30,538,Divin Mubama,FWD,West Ham,0.18767735971878258
30,306,Nathaniel Phillips,DEF,Liverpool,0.1802024349980024
30,309,Dominik Szoboszlai,MID,Liverpool,0.17781985947506024
30,730,Ryan Oné,MID,Sheffield Utd,0.17781985947506024
30,796,Kristian Sekularac,MID,Fulham,0.17781985947506024
30,320,Jordan Clark,MID,Luton,0.17781985947506024
30,761,Elijah Campbell,DEF,Everton,0.1802024349980024
30,209,Mason Mount,MID,Man Utd,0.17781985947506024
30,91,Ellery Balcombe,GK,Brentford,0.08514660217938716
30,64,David Brooks,MID,Bournemouth,0.17781985947506024
30,134,Pascal Groß,MID,Brighton,0.17781985947506024
30,50,John McGinn,MID,Aston Villa,0.17781985947506024
30,743,Treymaurice Nyoni,MID,Liverpool,0.17781985947506024
30,505,Tanguy Ndombélé Alvaro,MID,Spurs,0.17781985947506024
30,739,Ben Parkinson,FWD,Newcastle,0.18767735971878258
30,239,Jairo Riedewald,MID,Crystal Palace,0.17781985947506024
30,119,Yoane Wissa,FWD,Brentford,0.18767735971878258
30,578,Reiss Nelson,MID,Arsenal,0.17781985947506024
30,713,Ibrahim Sangaré,MID,Nott'm Forest,0.17781985947506024
30,394,Facundo Pellistri Rebollo,MID,Man Utd,0.17781985947506024
30,69,James Hill,DEF,Bournemouth,0.1802024349980024
30,561,Bruno Cavaco Jordão,MID,Wolves,0.17781985947506024
30,147,Kjell Scherpen,GK,Brighton,0.08514660217938716
30,363,Máximo Perrone,MID,Man City,0.17781985947506024
30,278,Aleksandar Mitrović,FWD,Fulham,0.18767735971878258
30,115,Kevin Schade,MID,Brentford,0.17781985947506024
30,457,Moussa Niakhaté,DEF,Nott'm Forest,0.1802024349980024
30,581,Paul Dummett,DEF,Newcastle,0.1802024349980024
30,809,Rodrigo Duarte Ribeiro,FWD,Nott'm Forest,0.18767735971878258
30,405,Sven Botman,DEF,Newcastle,0.1802024349980024
30,841,Lewis Warrington,MID,Everton,0.17781985947506024
30,271,Issa Diop,DEF,Fulham,0.1802024349980024
30,17,Aaron Ramsdale,GK,Arsenal,0.08514660217938716
30,286,Tosin Adarabioyo,DEF,Fulham,0.1802024349980024
30,290,Trent Alexander-Arnold,DEF,Liverpool,0.1802024349980024
30,184,Anass Zaroury,MID,Burnley,0.17781985947506024
30,131,Pervis Estupiñán,DEF,Brighton,0.1802024349980024
30,698,Enso González,MID,Wolves,0.17781985947506024
30,328,Chiedozie Ogbene,FWD,Luton,0.18767735971878258
30,799,Romain Faivre,MID,Bournemouth,0.17781985947506024
30,295,Harvey Elliott,MID,Liverpool,0.17781985947506024
30,576,Jack Robinson,DEF,Sheffield Utd,0.1802024349980024
30,780,Detlef Esapa Osong,FWD,Nott'm Forest,0.18767735971878258
30,12,Gabriel Martinelli Silva,MID,Arsenal,0.17781985947506024
30,183,Wout Weghorst,FWD,Burnley,0.18767735971878258
30,44,Jhon Durán,FWD,Aston Villa,0.18767735971878258
30,345,Oscar Bobb,MID,Man City,0.17781985947506024
30,523,Michail Antonio,FWD,West Ham,0.18767735971878258
30,722,Jamie Donley,FWD,Spurs,0.18767735971878258
30,214,Malang Sarr,DEF,Chelsea,0.1802024349980024
30,834,Benjamin Arthur,DEF,Brentford,0.1802024349980024
30,589,Ângelo Gabriel Borges Damaceno,MID,Chelsea,0.17781985947506024
30,639,Micky van de Ven,DEF,Spurs,0.1802024349980024
30,662,Adama Traoré,MID,Fulham,0.17781985947506024
30,399,Shola Shoretire,FWD,Man Utd,0.18767735971878258
30,720,Ademola Ola-Adebomi,FWD,Crystal Palace,0.18767735971878258
30,391,Lisandro Martínez,DEF,Man Utd,0.1802024349980024
30,456,Alex Mighten,MID,Nott'm Forest,0.17781985947506024
30,108,Bryan Mbeumo,MID,Brentford,0.17781985947506024
30,16,Nicolas Pépé,MID,Arsenal,0.17781985947506024
30,815,Mauro Bandeira,MID,Arsenal,0.17781985947506024
30,304,Alexis Mac Allister,MID,Liverpool,0.17781985947506024
30,721,David Ozoh,MID,Crystal Palace,0.17781985947506024
30,759,Sydie Peck,MID,Sheffield Utd,0.17781985947506024
30,618,Omari Kellyman,MID,Aston Villa,0.17781985947506024
30,58,Youri Tielemans,MID,Aston Villa,0.17781985947506024
30,446,Remo Freuler,MID,Nott'm Forest,0.17781985947506024
30,89,Illia Zabarnyi,DEF,Bournemouth,0.1802024349980024
30,646,Karl Hein,GK,Arsenal,0.08514660217938716
30,127,Aaron Connolly,FWD,Brighton,0.18767735971878258
30,385,Dean Henderson,GK,Crystal Palace,0.08514660217938716
30,177,Jay Rodriguez,FWD,Burnley,0.18767735971878258
30,83,Marcos Senesi,DEF,Bournemouth,0.1802024349980024
30,30,Granit Xhaka,MID,Arsenal,0.17781985947506024
30,596,James Trafford,GK,Burnley,0.08514660217938716
30,407,Dan Burn,DEF,Newcastle,0.1802024349980024
30,525,Saïd Benrahma,MID,West Ham,0.17781985947506024
30,434,Brandon Aguilera Zamora,MID,Nott'm Forest,0.17781985947506024
30,811,Dominic Sadi,MID,Bournemouth,0.17781985947506024
30,650,Tyler Onyango,MID,Everton,0.17781985947506024
30,762,Mahamadou Susoho,MID,Man City,0.17781985947506024
30,336,Joe Taylor,FWD,Luton,0.18767735971878258
30,663,Gustavo Hamer,MID,Sheffield Utd,0.17781985947506024
30,408,Karl Darlow,GK,Newcastle,0.08514660217938716
30,701,Saman Ghoddos,MID,Brentford,0.17781985947506024
30,220,Joachim Andersen,DEF,Crystal Palace,0.1802024349980024
30,716,Alfie Gilchrist,DEF,Chelsea,0.1802024349980024
30,319,Allan Campbell,MID,Luton,0.17781985947506024
30,325,Carlos Mendes Gomes,MID,Luton,0.17781985947506024
30,567,Pedro Lomba Neto,MID,Wolves,0.17781985947506024
30,837,Amara Nallo,DEF,Liverpool,0.1802024349980024
30,625,Luc De Fougerolles,DEF,Fulham,0.1802024349980024
30,640,Dane Scarlett,FWD,Spurs,0.18767735971878258
30,42,Lucas Digne,DEF,Aston Villa,0.1802024349980024
30,199,Enzo Fernández,MID,Chelsea,0.17781985947506024
30,775,Ben Brereton,MID,Sheffield Utd,0.17781985947506024
30,428,Matt Targett,DEF,Newcastle,0.1802024349980024
30,253,Demarai Gray,MID,Everton,0.17781985947506024
30,749,Matthew Whittingham,MID,Wolves,0.17781985947506024
30,361,Stefan Ortega Moreno,GK,Man City,0.08514660217938716
30,230,Sam Johnstone,GK,Crystal Palace,0.08514660217938716
30,734,Zack Nelson,MID,Luton,0.17781985947506024
30,788,Yerson Mosquera,DEF,Wolves,0.1802024349980024
30,35,Emiliano Buendía Stati,MID,Aston Villa,0.17781985947506024
30,32,Alexandre Moreno Lopera,DEF,Aston Villa,0.1802024349980024
30,518,Japhet Tanganga,DEF,Spurs,0.1802024349980024
30,52,Marvelous Nakamba,MID,Luton,0.17781985947506024
30,96,Nathan Collins,DEF,Brentford,0.1802024349980024
30,26,Leandro Trossard,MID,Arsenal,0.17781985947506024
30,372,Antony Matheus dos Santos,MID,Man Utd,0.17781985947506024
30,194,Trevoh Chalobah,DEF,Chelsea,0.1802024349980024
30,550,Luke Cundle,MID,Wolves,0.17781985947506024
30,533,Lukasz Fabianski,GK,West Ham,0.08514660217938716
30,772,Ethan Nwaneri,MID,Arsenal,0.17781985947506024
30,785,Callum Marshall,FWD,West Ham,0.18767735971878258
30,633,Tino Livramento,DEF,Newcastle,0.1802024349980024
30,707,Fodé Ballo-Touré,DEF,Fulham,0.1802024349980024
30,357,Aymeric Laporte,DEF,Man City,0.1802024349980024
30,673,Tyler Adams,MID,Bournemouth,0.17781985947506024
30,430,Kieran Trippier,DEF,Newcastle,0.1802024349980024
30,779,Jamie McDonnell,MID,Nott'm Forest,0.17781985947506024
30,509,Richarlison de Andrade,MID,Spurs,0.17781985947506024
30,691,Norberto Bercique Gomes Betuncal,FWD,Everton,0.18767735971878258
30,324,John McAtee,FWD,Luton,0.18767735971878258
30,476,Jayden Bogle,DEF,Sheffield Utd,0.1802024349980024
30,148,Jason Steele,GK,Brighton,0.08514660217938716
30,424,Nick Pope,GK,Newcastle,0.08514660217938716
30,6,Kai Havertz,MID,Arsenal,0.17781985947506024
30,61,Wesley Moraes Ferreira da Silva,FWD,Aston Villa,0.18767735971878258
30,528,Vladimír Coufal,DEF,West Ham,0.1802024349980024
30,396,Marcus Rashford,MID,Man Utd,0.17781985947506024
30,458,Lewis O'Brien,MID,Nott'm Forest,0.17781985947506024
30,132,Evan Ferguson,FWD,Brighton,0.18767735971878258
30,141,Tom McGill,GK,Brighton,0.08514660217938716
30,493,Yves Bissouma,MID,Spurs,0.17781985947506024
30,559,João Victor Gomes da Silva,MID,Wolves,0.17781985947506024
30,249,Abdoulaye Doucouré,MID,Everton,0.17781985947506024
30,804,Enes Ünal,FWD,Bournemouth,0.18767735971878258
30,352,Ederson Santana de Moraes,GK,Man City,0.08514660217938716
30,803,Morgan Rogers,MID,Aston Villa,0.17781985947506024
30,313,Virgil van Dijk,DEF,Liverpool,0.1802024349980024
30,439,Willy Boly,DEF,Nott'm Forest,0.1802024349980024
30,689,Mohammed Kudus,MID,West Ham,0.17781985947506024
30,392,Scott McTominay,MID,Man Utd,0.17781985947506024
30,711,Andrew Omobamidele,DEF,Nott'm Forest,0.1802024349980024
30,822,Billy Blacker,FWD,Sheffield Utd,0.18767735971878258
30,793,Kaine Kesler-Hayden,DEF,Aston Villa,0.1802024349980024
30,358,Rico Lewis,DEF,Man City,0.1802024349980024
30,382,Alejandro Garnacho,MID,Man Utd,0.17781985947506024
30,715,Jean-Ricner Bellegarde,MID,Wolves,0.17781985947506024
30,251,Jean-Philippe Gbamin,MID,Everton,0.17781985947506024
30,820,Ollie Harrison,MID,Chelsea,0.17781985947506024
30,624,Lewis Dobbin,MID,Everton,0.17781985947506024
30,760,Jenson Metcalfe,MID,Everton,0.17781985947506024
30,359,Riyad Mahrez,MID,Man City,0.17781985947506024
30,571,Matija Šarkić,GK,Wolves,0.08514660217938716
30,27,Auston Trusty,DEF,Sheffield Utd,0.1802024349980024
30,412,Anthony Gordon,MID,Newcastle,0.17781985947506024
30,443,Emmanuel Dennis,FWD,Nott'm Forest,0.18767735971878258
30,222,Nathaniel Clyne,DEF,Crystal Palace,0.1802024349980024
30,310,Thiago Alcántara do Nascimento,MID,Liverpool,0.17781985947506024
30,823,Oliver Arblaster,MID,Sheffield Utd,0.17781985947506024
30,684,Ethan Brierley,MID,Brentford,0.17781985947506024
30,776,Timo Werner,FWD,Spurs,0.18767735971878258
30,553,Ryan Giles,DEF,Luton,0.1802024349980024
30,327,Admiral Muskwe,FWD,Luton,0.18767735971878258
30,642,Edson Álvarez Velázquez,MID,West Ham,0.17781985947506024
30,10,Jakub Kiwior,DEF,Arsenal,0.1802024349980024
30,70,Lloyd Kelly,DEF,Bournemouth,0.1802024349980024
30,260,Vitalii Mykolenko,DEF,Everton,0.1802024349980024
30,648,Aidan Francis-Clarke,DEF,Luton,0.1802024349980024
30,497,Emerson Leite de Souza Junior,DEF,Spurs,0.1802024349980024
30,151,Joël Veltman,DEF,Brighton,0.1802024349980024
30,402,Miguel Almirón Rejala,MID,Newcastle,0.17781985947506024
30,179,Bobby Thomas,DEF,Burnley,0.1802024349980024
30,754,Yago de Santiago Alonso,MID,Spurs,0.17781985947506024
30,102,Charlie Goode,DEF,Brentford,0.1802024349980024
30,726,Luke Chambers,DEF,Liverpool,0.1802024349980024
30,641,Alejo Véliz,FWD,Spurs,0.18767735971878258
30,187,Kepa Arrizabalaga,GK,Chelsea,0.08514660217938716
30,88,Mark Travers,GK,Bournemouth,0.08514660217938716
30,758,Leo Castledine,MID,Chelsea,0.17781985947506024
30,750,Tawanda Chirewa,MID,Wolves,0.17781985947506024
30,765,Sam Proctor,GK,Aston Villa,0.08514660217938716
30,520,Guglielmo Vicario,GK,Spurs,0.08514660217938716
30,413,Isaac Hayden,MID,Newcastle,0.17781985947506024
30,706,Mike Trésor,MID,Burnley,0.17781985947506024
30,419,Jamaal Lascelles,DEF,Newcastle,0.1802024349980024
30,307,Andrew Robertson,DEF,Liverpool,0.1802024349980024
30,503,Giovani Lo Celso,MID,Spurs,0.17781985947506024
30,240,Jeffrey Schlupp,MID,Crystal Palace,0.17781985947506024
30,256,Alex Iwobi,MID,Fulham,0.17781985947506024
30,840,Fletcher Holman,FWD,Wolves,0.18767735971878258
30,297,Cody Gakpo,FWD,Liverpool,0.18767735971878258
30,211,Nicolas Jackson,FWD,Chelsea,0.18767735971878258
30,543,Nikola Vlašić,MID,West Ham,0.17781985947506024
30,138,Adam Lallana,MID,Brighton,0.17781985947506024
30,548,Hugo Bueno López,DEF,Wolves,0.1802024349980024
30,524,Alphonse Areola,GK,West Ham,0.08514660217938716
30,291,Alisson Ramses Becker,GK,Liverpool,0.08514660217938716
30,513,Pape Matar Sarr,MID,Spurs,0.17781985947506024
30,331,Aribim Pepple,FWD,Luton,0.18767735971878258
30,598,Matt Doherty,DEF,Wolves,0.1802024349980024
30,554,Gonçalo Manuel Ganchinho Guedes,MID,Wolves,0.17781985947506024
30,264,Ellis Simms,FWD,Everton,0.18767735971878258
30,560,Jonathan Castro Otto,DEF,Wolves,0.1802024349980024
30,437,Taiwo Awoniyi,FWD,Nott'm Forest,0.18767735971878258
30,114,Mads Roerslev Rasmussen,DEF,Brentford,0.1802024349980024
30,610,Calvin Bassey,DEF,Fulham,0.1802024349980024
30,664,James Ward-Prowse,MID,West Ham,0.17781985947506024
30,311,Konstantinos Tsimikas,DEF,Liverpool,0.1802024349980024
30,128,Mahmoud Dahoud,MID,Brighton,0.17781985947506024
30,609,Ian Maatsen,MID,Chelsea,0.17781985947506024
30,708,Ryan Gravenberch,MID,Liverpool,0.17781985947506024
30,709,Sofyan Amrabat,MID,Man Utd,0.17781985947506024
30,484,Max Lowe,DEF,Sheffield Utd,0.1802024349980024
30,243,Joe Whitworth,GK,Crystal Palace,0.08514660217938716
30,649,Thomas Cannon,FWD,Everton,0.18767735971878258
30,383,Hannibal Mejbri,MID,Man Utd,0.17781985947506024
30,47,Boubacar Kamara,MID,Aston Villa,0.17781985947506024
30,186,Andrey Nascimento dos Santos,MID,Chelsea,0.17781985947506024
30,580,Loris Karius,GK,Newcastle,0.08514660217938716
30,747,Joshua Duffus,MID,Brighton,0.17781985947506024
30,152,Bart Verbruggen,GK,Brighton,0.08514660217938716
30,586,Tahith Chong,MID,Luton,0.17781985947506024
30,56,Morgan Sanson,MID,Aston Villa,0.17781985947506024
30,275,Bernd Leno,GK,Fulham,0.08514660217938716
30,99,Josh Dasilva,MID,Brentford,0.17781985947506024
30,440,Josh Bowler,MID,Nott'm Forest,0.17781985947506024
30,671,Bashir Humphreys,DEF,Chelsea,0.1802024349980024
30,31,Oleksandr Zinchenko,DEF,Arsenal,0.1802024349980024
30,272,Tyrese Francois,MID,Fulham,0.17781985947506024
30,433,Callum Wilson,FWD,Newcastle,0.18767735971878258
30,426,Allan Saint-Maximin,MID,Newcastle,0.17781985947506024
30,773,Lewis Orford,MID,West Ham,0.17781985947506024
30,694,Han-Noah Massengo,MID,Burnley,0.17781985947506024
30,594,Zeki Amdouni,FWD,Burnley,0.18767735971878258
30,123,Steven Alzate,MID,Brighton,0.17781985947506024
30,170,Jóhann Berg Gudmundsson,MID,Burnley,0.17781985947506024
30,665,Tim Krul,GK,Luton,0.08514660217938716
30,39,Keinan Davis,FWD,Aston Villa,0.18767735971878258
30,373,Bruno Borges Fernandes,MID,Man Utd,0.17781985947506024
30,87,Hamed Traorè,MID,Bournemouth,0.17781985947506024
30,146,Jeremy Sarmiento Morante,MID,Brighton,0.17781985947506024
30,602,Issa Kaboré,DEF,Luton,0.1802024349980024
30,464,Sam Surridge,FWD,Nott'm Forest,0.18767735971878258
30,318,Reece Burke,DEF,Luton,0.1802024349980024
30,657,Jesurun Rak-Sakyi,MID,Crystal Palace,0.17781985947506024
30,699,Clément Lenglet,DEF,Aston Villa,0.1802024349980024
30,8,Gabriel Fernando de Jesus,FWD,Arsenal,0.18767735971878258
30,674,Hannes Delcroix,DEF,Burnley,0.1802024349980024
30,173,Dara O'Shea,DEF,Burnley,0.1802024349980024
30,496,Eric Dier,DEF,Spurs,0.1802024349980024
30,783,Kaide Gordon,MID,Liverpool,0.17781985947506024
30,242,Joel Ward,DEF,Crystal Palace,0.1802024349980024
30,603,Harvey Barnes,MID,Newcastle,0.17781985947506024
30,791,Cesare Casadei,MID,Chelsea,0.17781985947506024
30,356,Mateo Kovačić,MID,Man City,0.17781985947506024
30,824,Jayden Danns,FWD,Liverpool,0.18767735971878258
30,588,Ashley Young,DEF,Everton,0.1802024349980024
30,530,Aaron Cresswell,DEF,West Ham,0.1802024349980024
30,508,Sergio Reguilón,DEF,Brentford,0.1802024349980024
30,447,Morgan Gibbs-White,MID,Nott'm Forest,0.17781985947506024
30,395,Raphaël Varane,DEF,Man Utd,0.1802024349980024
30,606,Igor Julio dos Santos de Paulo,DEF,Brighton,0.1802024349980024
30,374,Brandon Williams,DEF,Man Utd,0.1802024349980024
30,502,Hugo Lloris,GK,Spurs,0.08514660217938716
30,427,Fabian Schär,DEF,Newcastle,0.1802024349980024
30,453,Orel Mangala,MID,Nott'm Forest,0.17781985947506024
30,835,Dermot Mee,GK,Man Utd,0.08514660217938716
30,800,Noha Lemina,MID,Wolves,0.17781985947506024
30,381,Frederico Rodrigues de Paula Santos,MID,Man Utd,0.17781985947506024
30,818,Joe Gauci,GK,Aston Villa,0.08514660217938716
30,284,Marek Rodák,GK,Fulham,0.08514660217938716
30,92,Shandon Baptiste,MID,Brentford,0.17781985947506024
30,136,Michał Karbownik,DEF,Brighton,0.1802024349980024
30,623,Mason Burstow,FWD,Chelsea,0.18767735971878258
30,597,André Onana,GK,Man Utd,0.08514660217938716
30,343,Julián Álvarez,FWD,Man City,0.18767735971878258
30,527,Maxwel Cornet,MID,West Ham,0.17781985947506024
30,274,Terence Kongolo,DEF,Fulham,0.1802024349980024
30,301,Caoimhin Kelleher,GK,Liverpool,0.08514660217938716
30,269,Ivan Neves Abreu Cavaleiro,MID,Fulham,0.17781985947506024
30,75,Chris Mepham,DEF,Bournemouth,0.1802024349980024
30,125,Facundo Buonanotte,MID,Brighton,0.17781985947506024
30,158,Samuel Bastien,MID,Burnley,0.17781985947506024
30,481,John Fleck,MID,Sheffield Utd,0.17781985947506024
30,279,Rodrigo Muniz Carvalho,FWD,Fulham,0.18767735971878258
30,172,Arijanet Muric,GK,Burnley,0.08514660217938716
30,843,Samy Chouchane,MID,Brighton,0.17781985947506024
30,165,Josh Cullen,MID,Burnley,0.17781985947506024
30,819,Ishé Samuels-Smith,DEF,Chelsea,0.1802024349980024
30,116,Thomas Strakosha,GK,Brentford,0.08514660217938716
30,4,Fábio Ferreira Vieira,MID,Arsenal,0.17781985947506024
30,745,Michael Ndiweni,FWD,Newcastle,0.18767735971878258
30,223,Cheick Doucouré,MID,Crystal Palace,0.17781985947506024
30,555,Joe Hodge,MID,Wolves,0.17781985947506024
30,632,Omari Forson,MID,Man Utd,0.17781985947506024
30,305,Joel Matip,DEF,Liverpool,0.1802024349980024
30,728,Callum Scanlon,DEF,Liverpool,0.1802024349980024
30,512,Davinson Sánchez,DEF,Spurs,0.1802024349980024
30,839,Dominic Dos Santos Martins,MID,Luton,0.17781985947506024
30,551,Craig Dawson,DEF,Wolves,0.1802024349980024
30,573,Toti António Gomes,DEF,Wolves,0.1802024349980024
30,522,Nayef Aguerd,DEF,West Ham,0.1802024349980024
30,377,Diogo Dalot Teixeira,DEF,Man Utd,0.1802024349980024
30,261,Amadou Onana,MID,Everton,0.17781985947506024
30,289,Adrián San Miguel del Castillo,GK,Liverpool,0.08514660217938716
30,645,Youssef Ramalho Chermiti,FWD,Everton,0.18767735971878258
30,19,Bukayo Saka,MID,Arsenal,0.17781985947506024
30,109,Ben Mee,DEF,Brentford,0.1802024349980024
30,469,Joe Worrall,DEF,Nott'm Forest,0.1802024349980024
30,41,Diego Carlos Santos Silva,DEF,Aston Villa,0.1802024349980024
30,66,Lewis Cook,MID,Bournemouth,0.17781985947506024
30,547,Bendegúz Bolla,DEF,Wolves,0.1802024349980024
30,203,Malo Gusto,DEF,Chelsea,0.1802024349980024
30,316,Amari'i Bell,DEF,Luton,0.1802024349980024
30,248,Dele Alli,MID,Everton,0.17781985947506024
30,208,Noni Madueke,MID,Chelsea,0.17781985947506024
30,595,Milos Kerkez,DEF,Bournemouth,0.1802024349980024
30,317,Luke Berry,MID,Luton,0.17781985947506024
30,45,Kortney Hause,DEF,Aston Villa,0.1802024349980024
30,229,Will Hughes,MID,Crystal Palace,0.17781985947506024
30,415,Alexander Isak,FWD,Newcastle,0.18767735971878258
30,658,John-Kymani Gordon,FWD,Crystal Palace,0.18767735971878258
30,451,Cheikhou Kouyaté,MID,Nott'm Forest,0.17781985947506024
30,2,Cédric Alves Soares,DEF,Arsenal,0.1802024349980024
30,188,Pierre-Emerick Aubameyang,FWD,Chelsea,0.18767735971878258
30,418,Garang Kuol,MID,Newcastle,0.17781985947506024
30,666,Tom Davies,MID,Sheffield Utd,0.17781985947506024
30,656,Antwoine Hackford,FWD,Sheffield Utd,0.18767735971878258
30,735,Charles Sagoe,MID,Arsenal,0.17781985947506024
30,112,Ethan Pinnock,DEF,Brentford,0.1802024349980024
30,651,Jay Stansfield,FWD,Fulham,0.18767735971878258
30,808,Matz Sels,GK,Nott'm Forest,0.08514660217938716
30,470,Ryan Yates,MID,Nott'm Forest,0.17781985947506024
30,672,Nicolò Zaniolo,MID,Aston Villa,0.17781985947506024
30,111,Frank Onyeka,MID,Brentford,0.17781985947506024
30,219,Naouirou Ahamada,MID,Crystal Palace,0.17781985947506024
30,63,Philip Billing,MID,Bournemouth,0.17781985947506024
30,215,Gabriel Słonina,GK,Chelsea,0.08514660217938716
30,228,Marc Guéhi,DEF,Crystal Palace,0.1802024349980024
30,247,Seamus Coleman,DEF,Everton,0.1802024349980024
30,294,Diogo Teixeira da Silva,MID,Liverpool,0.17781985947506024
30,652,Matthew Dibley-Dias,MID,Fulham,0.17781985947506024
30,360,James McAtee,MID,Sheffield Utd,0.17781985947506024
30,733,Valintino Adedokun,DEF,Brentford,0.1802024349980024
30,355,Erling Haaland,FWD,Man City,0.18767735971878258
30,163,Jack Cork,MID,Burnley,0.17781985947506024
30,390,Anthony Martial,FWD,Man Utd,0.18767735971878258
30,154,Danny Welbeck,FWD,Brighton,0.18767735971878258
30,287,Carlos Vinícius Alves Morais,FWD,Fulham,0.18767735971878258
30,604,Olu Aina,DEF,Nott'm Forest,0.1802024349980024
30,757,Conor Bradley,DEF,Liverpool,0.1802024349980024
30,365,Rodrigo Hernandez,MID,Man City,0.17781985947506024
30,792,Daniel Muñoz,DEF,Crystal Palace,0.1802024349980024
30,386,Victor Lindelöf,DEF,Man Utd,0.1802024349980024
30,349,Kevin De Bruyne,MID,Man City,0.17781985947506024
30,636,George Shelvey,GK,Nott'm Forest,0.08514660217938716
30,659,Lucas Bergström,GK,Chelsea,0.08514660217938716
30,124,Yasin Ayari,MID,Brighton,0.17781985947506024
30,635,Lewis Miley,MID,Newcastle,0.17781985947506024
30,667,Roméo Lavia,MID,Chelsea,0.17781985947506024
30,329,Fred Onyedinma,MID,Luton,0.17781985947506024
30,462,Gustavo Henrique Furtado Scarpa,MID,Nott'm Forest,0.17781985947506024
30,104,Aaron Hickey,DEF,Brentford,0.1802024349980024
30,94,Mads Bidstrup,MID,Brentford,0.17781985947506024
30,140,Solly March,MID,Brighton,0.17781985947506024
30,200,David Datro Fofana,FWD,Burnley,0.18767735971878258
30,540,Declan Rice,MID,Arsenal,0.17781985947506024
30,748,Joe Hugill,FWD,Man Utd,0.18767735971878258
30,137,Kacper Kozłowski,MID,Brighton,0.17781985947506024
30,81,Joe Rothwell,MID,Bournemouth,0.17781985947506024
30,638,Vini de Souza Costa,MID,Sheffield Utd,0.17781985947506024
30,628,Ben Doak,MID,Liverpool,0.17781985947506024
30,475,Sander Berge,MID,Burnley,0.17781985947506024
30,296,Fabio Henrique Tavares,MID,Liverpool,0.17781985947506024
30,654,Louie Marsh,FWD,Sheffield Utd,0.18767735971878258
30,766,Willy Kambwala,DEF,Man Utd,0.1802024349980024
30,485,Oliver McBurnie,FWD,Sheffield Utd,0.18767735971878258
30,106,Mathias Jensen,MID,Brentford,0.17781985947506024
30,323,Matt Macey,GK,Luton,0.08514660217938716
30,201,Wesley Fofana,DEF,Chelsea,0.1802024349980024
30,68,Ryan Fredericks,DEF,Bournemouth,0.1802024349980024
30,563,Max Kilman,DEF,Wolves,0.1802024349980024
30,342,Nathan Aké,DEF,Man City,0.1802024349980024
30,797,Benjamin Fredrick,DEF,Brentford,0.1802024349980024
30,204,Lewis Hall,DEF,Newcastle,0.1802024349980024
30,677,Deivid Washington de Souza Eugênio,FWD,Chelsea,0.18767735971878258
30,403,Elliot Anderson,MID,Newcastle,0.17781985947506024
30,686,Oliwier Zych,GK,Aston Villa,0.08514660217938716
30,210,Mykhailo Mudryk,MID,Chelsea,0.17781985947506024
30,777,Radu Dragusin,DEF,Spurs,0.1802024349980024
30,67,Siriki Dembélé,MID,Bournemouth,0.17781985947506024
30,501,Dejan Kulusevski,MID,Spurs,0.17781985947506024
30,568,Daniel Castelo Podence,MID,Wolves,0.17781985947506024
30,202,Conor Gallagher,MID,Chelsea,0.17781985947506024
30,806,Maxime Esteve,DEF,Burnley,0.1802024349980024
30,226,Eberechi Eze,MID,Crystal Palace,0.17781985947506024
30,463,Jonjo Shelvey,MID,Nott'm Forest,0.17781985947506024
30,537,Thilo Kehrer,DEF,West Ham,0.1802024349980024
30,770,Ty Barnett,MID,Wolves,0.17781985947506024
30,719,Mackenzie Hunt,MID,Everton,0.17781985947506024
30,157,Ameen Al-Dakhil,DEF,Burnley,0.1802024349980024
30,466,Hwang Ui-jo,FWD,Nott'm Forest,0.18767735971878258
30,130,Julio Enciso,MID,Brighton,0.17781985947506024
30,692,Steven Benda,GK,Fulham,0.08514660217938716
30,77,Norberto Murara Neto,GK,Bournemouth,0.08514660217938716
30,678,Jérémy Doku,MID,Man City,0.17781985947506024
30,452,Richie Laryea,DEF,Nott'm Forest,0.1802024349980024
30,810,Joshua King,MID,Fulham,0.17781985947506024
30,283,Antonee Robinson,DEF,Fulham,0.1802024349980024
30,558,Raúl Jiménez,FWD,Fulham,0.18767735971878258
30,339,Louie Watson,MID,Luton,0.17781985947506024
30,557,Hwang Hee-chan,MID,Wolves,0.17781985947506024
30,591,Willian Borges da Silva,MID,Fulham,0.17781985947506024
30,838,Josh Acheampong,DEF,Chelsea,0.1802024349980024
30,477,Rhian Brewster,FWD,Sheffield Utd,0.18767735971878258
30,575,Tom Lockyer,DEF,Luton,0.1802024349980024
30,263,Jordan Pickford,GK,Everton,0.08514660217938716
30,620,Michael Olakigbe,MID,Brentford,0.17781985947506024
30,587,Anis Slimane,MID,Sheffield Utd,0.17781985947506024
30,406,Bruno Guimarães Rodriguez Moura,MID,Newcastle,0.17781985947506024
30,410,Ryan Fraser,MID,Newcastle,0.17781985947506024
30,273,Anthony Knockaert,MID,Fulham,0.17781985947506024
30,387,Harry Maguire,DEF,Man Utd,0.1802024349980024
30,590,Matheus Santos Carneiro Da Cunha,FWD,Wolves,0.18767735971878258
30,768,Rhys Bennett,DEF,Man Utd,0.1802024349980024
30,549,Francisco Jorge Tomás Oliveira,MID,Wolves,0.17781985947506024
30,556,Ki-Jana Hoever,DEF,Wolves,0.1802024349980024
30,608,Jacob Bruun Larsen,MID,Burnley,0.17781985947506024
30,454,Loïc Mbe Soh,DEF,Nott'm Forest,0.1802024349980024
30,599,Moussa Diaby,MID,Aston Villa,0.17781985947506024
30,321,Alfie Doughty,DEF,Luton,0.1802024349980024
30,778,James Wright,GK,Aston Villa,0.08514660217938716
30,346,João Cancelo,DEF,Man City,0.1802024349980024
30,584,Pau Torres,DEF,Aston Villa,0.1802024349980024
30,697,Santiago Bueno,DEF,Wolves,0.1802024349980024
30,3,Mohamed Elneny,MID,Arsenal,0.17781985947506024
30,245,Jarrad Branthwaite,DEF,Everton,0.1802024349980024
30,825,Kaden Rodney,MID,Crystal Palace,0.17781985947506024
30,14,Martin Ødegaard,MID,Arsenal,0.17781985947506024
30,566,Matheus Luiz Nunes,MID,Man City,0.17781985947506024
30,683,Luke Harris,MID,Fulham,0.17781985947506024
30,564,Tom King,GK,Wolves,0.08514660217938716
30,350,Rúben Gato Alves Dias,DEF,Man City,0.1802024349980024
30,333,Dan Potts,DEF,Luton,0.1802024349980024
30,517,Djed Spence,DEF,Spurs,0.1802024349980024
30,693,Luke Thomas,DEF,Sheffield Utd,0.1802024349980024
30,33,Cameron Archer,FWD,Sheffield Utd,0.18767735971878258
30,49,Emiliano Martínez Romero,GK,Aston Villa,0.08514660217938716
30,270,Bobby De Cordova-Reid,MID,Fulham,0.17781985947506024
30,542,Tomáš Souček,MID,West Ham,0.17781985947506024
30,630,Ross Barkley,MID,Luton,0.17781985947506024
30,679,Gonzalo Montiel,DEF,Nott'm Forest,0.1802024349980024
30,801,Giovanni Reyna,MID,Nott'm Forest,0.17781985947506024
30,616,Joško Gvardiol,DEF,Man City,0.1802024349980024
30,362,Cole Palmer,MID,Chelsea,0.17781985947506024
30,507,Ivan Perišić,DEF,Spurs,0.1802024349980024
30,472,Jordan Amissah,GK,Sheffield Utd,0.08514660217938716
30,376,Carlos Henrique Casimiro,MID,Man Utd,0.17781985947506024
30,384,Tom Heaton,GK,Man Utd,0.08514660217938716
30,814,Jacob Wright,MID,Man City,0.17781985947506024
30,312,Sepp van den Berg,DEF,Liverpool,0.1802024349980024
30,471,Anel Ahmedhodžić,DEF,Sheffield Utd,0.1802024349980024
30,643,Max Aarons,DEF,Bournemouth,0.1802024349980024
30,637,Josh Powell,DEF,Nott'm Forest,0.1802024349980024
30,511,Cristian Romero,DEF,Spurs,0.1802024349980024
30,546,Daniel Bentley,GK,Wolves,0.08514660217938716
30,831,Axel Piesold,MID,Luton,0.17781985947506024
30,185,Ethan Ampadu,DEF,Chelsea,0.1802024349980024
30,150,Jan Paul van Hecke,DEF,Brighton,0.1802024349980024
30,592,Yasser Larouci,DEF,Sheffield Utd,0.1802024349980024
30,196,Carney Chukwuemeka,MID,Chelsea,0.17781985947506024
30,326,Carlton Morris,FWD,Luton,0.18767735971878258
30,710,Odysseas Vlachodimos,GK,Nott'm Forest,0.08514660217938716
30,746,Ben Jackson,DEF,Brighton,0.1802024349980024
30,829,George Earthy,MID,West Ham,0.17781985947506024
30,479,Adam Davies,GK,Sheffield Utd,0.08514660217938716
30,744,Myles Peart-Harris,MID,Brentford,0.17781985947506024
30,234,Tyrick Mitchell,DEF,Crystal Palace,0.1802024349980024
30,504,James Maddison,MID,Spurs,0.17781985947506024
30,340,Cauley Woodrow,FWD,Luton,0.18767735971878258
30,308,Mohamed Salah,MID,Liverpool,0.17781985947506024
30,500,Harry Kane,FWD,Spurs,0.18767735971878258
30,367,Zack Steffen,GK,Man City,0.08514660217938716
30,82,Antoine Semenyo,FWD,Bournemouth,0.18767735971878258
30,737,Bradley Ibrahim,MID,Arsenal,0.17781985947506024
30,695,Altay Bayindir,GK,Man Utd,0.08514660217938716
30,213,Christian Pulisic,MID,Chelsea,0.17781985947506024
30,153,Adam Webster,DEF,Brighton,0.1802024349980024
30,293,Darwin Núñez Ribeiro,FWD,Liverpool,0.18767735971878258
30,611,Axel Disasi,DEF,Chelsea,0.1802024349980024
30,156,Enock Agyei,MID,Burnley,0.17781985947506024
30,1,Folarin Balogun,FWD,Arsenal,0.18767735971878258
30,51,Tyrone Mings,DEF,Aston Villa,0.1802024349980024
30,712,Nicolás Domínguez,MID,Nott'm Forest,0.17781985947506024
30,529,Conor Coventry,MID,West Ham,0.17781985947506024
30,478,Ismaila Coulibaly,MID,Sheffield Utd,0.17781985947506024
30,161,Josh Brownhill,MID,Burnley,0.17781985947506024
30,498,Fraser Forster,GK,Spurs,0.08514660217938716
30,231,Jefferson Lerma Solís,MID,Crystal Palace,0.17781985947506024
30,322,Luke Freeman,MID,Luton,0.17781985947506024
30,129,Lewis Dunk,DEF,Brighton,0.1802024349980024
30,189,César Azpilicueta,DEF,Chelsea,0.1802024349980024
30,756,Marcelo de Araújo Pitaluga Filho,GK,Liverpool,0.08514660217938716
30,805,Lorenz Assignon,DEF,Burnley,0.1802024349980024
30,441,Steve Cook,DEF,Nott'm Forest,0.1802024349980024
30,167,Hjalmar Ekdal,DEF,Burnley,0.1802024349980024
30,370,Alex Telles,DEF,Man Utd,0.1802024349980024
30,755,Luca Barrington,MID,Brighton,0.17781985947506024
30,569,José Malheiro de Sá,GK,Wolves,0.08514660217938716
30,266,João Neves Virgínia,GK,Everton,0.08514660217938716
30,276,Saša Lukić,MID,Fulham,0.17781985947506024
30,74,Emiliano Marcondes,MID,Bournemouth,0.17781985947506024
30,794,Joe White,MID,Newcastle,0.17781985947506024
30,55,Jacob Ramsey,MID,Aston Villa,0.17781985947506024
30,429,Sandro Tonali,MID,Newcastle,0.17781985947506024
30,771,Micah Hamilton,MID,Man City,0.17781985947506024
30,704,Nathan Fraser,FWD,Wolves,0.18767735971878258
30,107,Keane Lewis-Potter,MID,Brentford,0.17781985947506024
30,259,Dwight McNeil,MID,Everton,0.17781985947506024
30,786,Cameron Peupion,MID,Brighton,0.17781985947506024
30,126,Moisés Caicedo Corozo,MID,Chelsea,0.17781985947506024
30,9,Jorge Luiz Frello Filho,MID,Arsenal,0.17781985947506024
30,285,Kenny Tete,DEF,Fulham,0.1802024349980024
30,787,Harvey Griffiths,MID,Wolves,0.17781985947506024
30,162,Darko Churlinov,MID,Burnley,0.17781985947506024
30,661,Jack Harrison,MID,Everton,0.17781985947506024
30,338,Jack Walton,GK,Luton,0.08514660217938716
30,688,Timothy Castagne,DEF,Fulham,0.1802024349980024
30,84,Adam Smith,DEF,Bournemouth,0.1802024349980024
30,166,CJ Egan-Riley,DEF,Burnley,0.1802024349980024
30,207,Romelu Lukaku Bolingoli,FWD,Chelsea,0.18767735971878258
30,250,James Garner,MID,Everton,0.17781985947506024
30,217,Thiago Emiliano da Silva,DEF,Chelsea,0.1802024349980024
30,7,Rob Holding,DEF,Crystal Palace,0.1802024349980024
30,401,Aaron Wan-Bissaka,DEF,Man Utd,0.1802024349980024
30,149,Deniz Undav,FWD,Brighton,0.18767735971878258
30,380,Álvaro Fernández Carreras,DEF,Man Utd,0.1802024349980024
30,59,Bertrand Traoré,MID,Aston Villa,0.17781985947506024
30,262,Nathan Patterson,DEF,Everton,0.1802024349980024
30,212,Christopher Nkunku,FWD,Chelsea,0.18767735971878258
30,436,Serge Aurier,DEF,Nott'm Forest,0.1802024349980024
30,268,Tom Cairney,MID,Fulham,0.17781985947506024
30,435,Harry Arter,MID,Nott'm Forest,0.17781985947506024
30,718,Alex Matos,MID,Chelsea,0.17781985947506024
30,444,Mohamed Dräger,DEF,Nott'm Forest,0.1802024349980024
30,18,Rúnar Alex Rúnarsson,GK,Arsenal,0.08514660217938716
30,347,Scott Carson,GK,Man City,0.08514660217938716
30,593,Bénie Traoré,FWD,Sheffield Utd,0.18767735971878258
30,585,Jurriën Timber,DEF,Arsenal,0.1802024349980024
30,160,Jordan Beyer,DEF,Burnley,0.1802024349980024
30,482,Wes Foderingham,GK,Sheffield Utd,0.08514660217938716
30,812,Lewis Koumas,FWD,Liverpool,0.18767735971878258
30,676,Konstantinos Mavropanos,DEF,West Ham,0.1802024349980024
30,681,Diego Manuel Jadon da Silva Moreira,MID,Chelsea,0.17781985947506024
30,225,Odsonne Edouard,FWD,Crystal Palace,0.18767735971878258
30,73,Jamal Lowe,MID,Bournemouth,0.17781985947506024
30,622,Owen Dodgson,DEF,Burnley,0.1802024349980024
30,425,Matt Ritchie,MID,Newcastle,0.17781985947506024
30,168,Lyle Foster,FWD,Burnley,0.18767735971878258
30,675,Aaron Ramsey,MID,Burnley,0.17781985947506024
30,142,James Milner,MID,Brighton,0.17781985947506024
30,600,Nathan Redmond,MID,Burnley,0.17781985947506024
30,121,Mathias Jorgensen,DEF,Brentford,0.1802024349980024
30,236,Michael Olise,MID,Crystal Palace,0.17781985947506024
30,515,Oliver Skipp,MID,Spurs,0.17781985947506024
30,40,Leander Dendoncker,MID,Aston Villa,0.17781985947506024
30,455,Scott McKenna,DEF,Nott'm Forest,0.1802024349980024
30,257,Michael Keane,DEF,Everton,0.1802024349980024
30,562,Sasa Kalajdzic,FWD,Wolves,0.18767735971878258
30,526,Jarrod Bowen,MID,West Ham,0.17781985947506024
30,28,Matt Turner,GK,Nott'm Forest,0.08514660217938716
30,216,Raheem Sterling,MID,Chelsea,0.17781985947506024
30,431,Kell Watts,DEF,Newcastle,0.1802024349980024
30,315,Mads Juel Andersen,DEF,Luton,0.1802024349980024
30,95,Sergi Canós Tenés,MID,Brentford,0.17781985947506024
30,65,Ryan Christie,MID,Bournemouth,0.17781985947506024
30,120,Yegor Yarmoliuk,MID,Brentford,0.17781985947506024
30,842,Roshaun Mathurin,MID,Crystal Palace,0.17781985947506024
30,145,Robert Sánchez,GK,Chelsea,0.08514660217938716
30,71,Gavin Kilkenny,MID,Bournemouth,0.17781985947506024
30,193,Armando Broja,FWD,Fulham,0.18767735971878258
30,85,Dominic Solanke,FWD,Bournemouth,0.18767735971878258
30,468,Chris Wood,FWD,Nott'm Forest,0.18767735971878258
30,644,Alex Scott,MID,Bournemouth,0.17781985947506024
30,54,Jaden Philogene-Bidace,MID,Aston Villa,0.17781985947506024
30,670,Filip Marschall,GK,Aston Villa,0.08514660217938716
30,364,Kalvin Phillips,MID,West Ham,0.17781985947506024
30,492,Rodrigo Bentancur,MID,Spurs,0.17781985947506024
30,36,Matty Cash,DEF,Aston Villa,0.1802024349980024
30,255,Mason Holgate,DEF,Sheffield Utd,0.1802024349980024
30,334,Glen Rea,MID,Luton,0.17781985947506024
30,62,Jaidon Anthony,MID,Bournemouth,0.17781985947506024
30,139,Tariq Lamptey,DEF,Brighton,0.1802024349980024
30,647,Joseph Anang,GK,West Ham,0.08514660217938716
30,473,George Baldock,DEF,Sheffield Utd,0.1802024349980024
30,414,Jeff Hendrick,MID,Newcastle,0.17781985947506024
30,411,Mark Gillespie,GK,Newcastle,0.08514660217938716
30,717,Ronnie Stutter,FWD,Chelsea,0.18767735971878258
30,572,Nélson Cabral Semedo,DEF,Wolves,0.1802024349980024
30,832,Wesley Okoduwa,DEF,Wolves,0.1802024349980024
30,277,Kevin Mbabu,DEF,Fulham,0.1802024349980024
30,389,Tyrell Malacia,DEF,Man Utd,0.1802024349980024
30,789,Hákon Valdimarsson,GK,Brentford,0.08514660217938716
30,687,Đorđe Petrović,GK,Chelsea,0.08514660217938716
30,727,Andros Townsend,MID,Luton,0.17781985947506024
30,238,Chris Richards,DEF,Crystal Palace,0.1802024349980024
30,299,Jordan Henderson,MID,Liverpool,0.17781985947506024
30,685,Daniel Gore,MID,Man Utd,0.17781985947506024
30,369,Kyle Walker,DEF,Man City,0.1802024349980024
30,631,Jacob Brown,FWD,Luton,0.18767735971878258
30,227,Vicente Guaita,GK,Crystal Palace,0.08514660217938716
30,459,Braian Ojeda Rodríguez,MID,Nott'm Forest,0.17781985947506024
30,93,Mads Bech Sørensen,DEF,Brentford,0.1802024349980024
31,653,Femi Seriki,DEF,Sheffield Utd,0.18020243499800243
31,723,Josh Brooking,DEF,Chelsea,0.18020243499800243
31,669,Radek Vítek,GK,Man Utd,0.08514660217938717
31,621,Jack Hinshelwood,MID,Brighton,0.17781985947506024
31,397,Jadon Sancho,MID,Man Utd,0.17781985947506024
31,714,Divock Origi,FWD,Nott'm Forest,0.18767735971878252
31,828,Sam Curtis,DEF,Sheffield Utd,0.18020243499800243
31,487,Rhys Norrington-Davies,DEF,Sheffield Utd,0.18020243499800243
31,105,Vitaly Janelt,MID,Brentford,0.17781985947506024
31,607,Ionuț Radu,GK,Bournemouth,0.08514660217938717
31,655,Andre Brooks,MID,Sheffield Utd,0.17781985947506024
31,354,Jack Grealish,MID,Man City,0.17781985947506024
31,417,Emil Krafth,DEF,Newcastle,0.18020243499800243
31,574,Boubacar Traoré,MID,Wolves,0.17781985947506024
31,169,Denis Franchi,GK,Burnley,0.08514660217938717
31,335,James Shea,GK,Luton,0.08514660217938717
31,844,Christian Chigozie,DEF,Luton,0.18020243499800243
31,300,Curtis Jones,MID,Liverpool,0.17781985947506024
31,764,Myles Lewis-Skelly,MID,Arsenal,0.17781985947506024
31,732,Devan Tanton,DEF,Fulham,0.18020243499800243
31,206,Reece James,DEF,Chelsea,0.18020243499800243
31,491,Brandon Austin,GK,Spurs,0.08514660217938717
31,700,Anssumane Fati Vieira,MID,Brighton,0.17781985947506024
31,53,Robin Olsen,GK,Aston Villa,0.08514660217938717
31,813,Fabian Mrozek,GK,Liverpool,0.08514660217938717
31,781,Joe Gardner,FWD,Nott'm Forest,0.18767735971878252
31,489,Ben Osborn,MID,Sheffield Utd,0.17781985947506024
31,371,Amad Diallo,MID,Man Utd,0.17781985947506024
31,378,Anthony Elanga,MID,Nott'm Forest,0.17781985947506024
31,774,Kaelan Casey,DEF,West Ham,0.18020243499800243
31,488,Oliver Norwood,MID,Sheffield Utd,0.17781985947506024
31,465,Harry Toffolo,DEF,Nott'm Forest,0.18020243499800243
31,344,Bernardo Veiga de Carvalho e Silva,MID,Man City,0.17781985947506024
31,178,Charlie Taylor,DEF,Burnley,0.18020243499800243
31,807,Adam Wharton,MID,Crystal Palace,0.17781985947506024
31,117,Ivan Toney,FWD,Brentford,0.18767735971878252
31,725,Ji-Soo Kim,DEF,Brentford,0.18020243499800243
31,23,Nuno Varela Tavares,DEF,Nott'm Forest,0.18020243499800243
31,634,Alex Murphy,DEF,Newcastle,0.18020243499800243
31,13,Eddie Nketiah,FWD,Arsenal,0.18767735971878252
31,191,Benoît Badiashile,DEF,Chelsea,0.18020243499800243
31,22,Emile Smith Rowe,MID,Arsenal,0.17781985947506024
31,626,Jarell Quansah,DEF,Liverpool,0.18020243499800243
31,195,Ben Chilwell,DEF,Chelsea,0.18020243499800243
31,38,Philippe Coutinho Correia,MID,Aston Villa,0.17781985947506024
31,46,Tim Iroegbunam,MID,Aston Villa,0.17781985947506024
31,579,Andy Lonergan,GK,Everton,0.08514660217938717
31,690,Carlos Baleba,MID,Brighton,0.17781985947506024
31,570,Pablo Sarabia,MID,Wolves,0.17781985947506024
31,76,Kieffer Moore,FWD,Bournemouth,0.18767735971878252
31,448,Wayne Hennessey,GK,Nott'm Forest,0.08514660217938717
31,233,Remi Matthews,GK,Crystal Palace,0.08514660217938717
31,302,Ibrahima Konaté,DEF,Liverpool,0.18020243499800243
31,416,Joelinton Cássio Apolinário de Lira,MID,Newcastle,0.17781985947506024
31,795,Travis Hernes,MID,Newcastle,0.17781985947506024
31,86,Marcus Tavernier,MID,Bournemouth,0.17781985947506024
31,97,Matthew Cox,GK,Brentford,0.08514660217938717
31,341,Manuel Akanji,DEF,Man City,0.18020243499800243
31,615,Matheus França de Oliveira,MID,Crystal Palace,0.17781985947506024
31,751,Justin Hubner,DEF,Wolves,0.18020243499800243
31,539,Lucas Tolentino Coelho de Lima,MID,West Ham,0.17781985947506024
31,617,Rasmus Højlund,FWD,Man Utd,0.18767735971878252
31,605,Luca Koleosho,MID,Burnley,0.17781985947506024
31,545,Rayan Aït-Nouri,DEF,Wolves,0.18020243499800243
31,37,Calum Chambers,DEF,Aston Villa,0.18020243499800243
31,495,Ben Davies,DEF,Spurs,0.18020243499800243
31,532,Emerson Palmieri dos Santos,DEF,West Ham,0.18020243499800243
31,303,Luis Díaz,MID,Liverpool,0.17781985947506024
31,181,Lawrence Vigouroux,GK,Burnley,0.08514660217938717
31,144,Jakub Moder,MID,Brighton,0.17781985947506024
31,767,Tommi O'Reilly,MID,Aston Villa,0.17781985947506024
31,164,Dara Costelloe,MID,Burnley,0.17781985947506024
31,702,Ashley Phillips,DEF,Spurs,0.18020243499800243
31,368,John Stones,DEF,Man City,0.18020243499800243
31,254,Idrissa Gueye,MID,Everton,0.17781985947506024
31,288,Harry Wilson,MID,Fulham,0.17781985947506024
31,192,Marcus Bettinelli,GK,Chelsea,0.08514660217938717
31,224,Malcolm Ebiowei,MID,Crystal Palace,0.17781985947506024
31,29,Benjamin White,DEF,Arsenal,0.18020243499800243
31,753,Leigh Kavanagh,DEF,Brighton,0.18020243499800243
31,393,Teden Mengi,DEF,Luton,0.18020243499800243
31,48,Ezri Konsa Ngoyo,DEF,Aston Villa,0.18020243499800243
31,705,Luis Sinisterra,MID,Bournemouth,0.17781985947506024
31,15,Thomas Partey,MID,Arsenal,0.17781985947506024
31,729,Jayden Luker,MID,Luton,0.17781985947506024
31,420,Jamal Lewis,DEF,Newcastle,0.18020243499800243
31,34,Leon Bailey,MID,Aston Villa,0.17781985947506024
31,703,Jonny Evans,DEF,Man Utd,0.18020243499800243
31,449,Ethan Horvath,GK,Nott'm Forest,0.08514660217938717
31,816,Valentín Barco,DEF,Brighton,0.18020243499800243
31,237,Luke Plange,FWD,Crystal Palace,0.18767735971878252
31,398,Luke Shaw,DEF,Man Utd,0.18020243499800243
31,784,Oliver Scarles,DEF,West Ham,0.18020243499800243
31,565,Mario Lemina,MID,Wolves,0.17781985947506024
31,155,Andi Zeqiri,FWD,Brighton,0.18767735971878252
31,265,James Tarkowski,DEF,Everton,0.18020243499800243
31,90,Kristoffer Ajer,DEF,Brentford,0.18020243499800243
31,450,Brennan Johnson,MID,Spurs,0.17781985947506024
31,235,Jake O'Brien,DEF,Crystal Palace,0.18020243499800243
31,680,Eddie Beach,GK,Chelsea,0.08514660217938717
31,817,James Sweet,DEF,Arsenal,0.18020243499800243
31,514,Ryan Sessegnon,DEF,Spurs,0.18020243499800243
31,72,Justin Kluivert,MID,Bournemouth,0.17781985947506024
31,57,Viljami Sinisalo,GK,Aston Villa,0.08514660217938717
31,499,Pierre-Emile Højbjerg,MID,Spurs,0.17781985947506024
31,613,Lesley Ugochukwu,MID,Chelsea,0.17781985947506024
31,724,Jadan Raymond,MID,Crystal Palace,0.17781985947506024
31,601,Arnaut Danjuma Groeneveld,MID,Everton,0.17781985947506024
31,205,Callum Hudson-Odoi,MID,Nott'm Forest,0.17781985947506024
31,24,Kieran Tierney,DEF,Arsenal,0.18020243499800243
31,281,Tim Ream,DEF,Fulham,0.18020243499800243
31,836,Leon Chiwome,FWD,Wolves,0.18767735971878252
31,353,Phil Foden,MID,Man City,0.17781985947506024
31,379,Christian Eriksen,MID,Man Utd,0.17781985947506024
31,552,Fábio Silva,FWD,Wolves,0.18767735971878252
31,790,Ivo Grbic,GK,Sheffield Utd,0.08514660217938717
31,521,Alfie Whiteman,GK,Spurs,0.08514660217938717
31,241,James Tomkins,DEF,Crystal Palace,0.18020243499800243
31,490,William Osula,FWD,Sheffield Utd,0.18767735971878252
31,60,Ollie Watkins,FWD,Aston Villa,0.18767735971878252
31,5,Gabriel dos Santos Magalhães,DEF,Arsenal,0.18020243499800243
31,25,Takehiro Tomiyasu,DEF,Arsenal,0.18020243499800243
31,282,Harrison Reed,MID,Fulham,0.17781985947506024
31,583,Manor Solomon,MID,Spurs,0.17781985947506024
31,11,Marcus Oliveira Alencar,MID,Arsenal,0.17781985947506024
31,375,Eric Bailly,DEF,Man Utd,0.18020243499800243
31,218,Hakim Ziyech,MID,Chelsea,0.17781985947506024
31,541,Gianluca Scamacca,FWD,West Ham,0.18767735971878252
31,660,Wilson Odobert,MID,Burnley,0.17781985947506024
31,731,Jili Buyabu,DEF,Sheffield Utd,0.18020243499800243
31,742,Benicio Baker-Boaitey,MID,Brighton,0.17781985947506024
31,110,Christian Nørgaard,MID,Brentford,0.17781985947506024
31,421,Sean Longstaff,MID,Newcastle,0.17781985947506024
31,582,Pelly Ruddock Mpanzu,MID,Luton,0.17781985947506024
31,535,Danny Ings,FWD,West Ham,0.18767735971878252
31,400,Donny van de Beek,MID,Man Utd,0.17781985947506024
31,438,Giulian Biancone,DEF,Nott'm Forest,0.18020243499800243
31,21,Albert Sambi Lokonga,MID,Luton,0.17781985947506024
31,171,Luke McNally,DEF,Burnley,0.18020243499800243
31,143,Kaoru Mitoma,MID,Brighton,0.17781985947506024
31,190,Abdul Rahman Baba,DEF,Chelsea,0.18020243499800243
31,78,Dango Ouattara,MID,Bournemouth,0.17781985947506024
31,483,Daniel Jebbison,FWD,Sheffield Utd,0.18767735971878252
31,122,Simon Adingra,MID,Brighton,0.17781985947506024
31,180,Scott Twine,MID,Burnley,0.17781985947506024
31,798,Daiki Hashioka,DEF,Luton,0.18020243499800243
31,696,Murillo Santiago Costa dos Santos,DEF,Nott'm Forest,0.18020243499800243
31,769,Owen Hesketh,MID,Wolves,0.17781985947506024
31,366,Sergio Gómez,DEF,Man City,0.18020243499800243
31,668,Wataru Endo,MID,Liverpool,0.17781985947506024
31,442,Danilo dos Santos de Oliveira,MID,Nott'm Forest,0.17781985947506024
31,113,David Raya Martin,GK,Arsenal,0.08514660217938717
31,423,Jacob Murphy,MID,Newcastle,0.17781985947506024
31,736,Reuell Walters,DEF,Arsenal,0.18020243499800243
31,614,Thomas Kaminski,GK,Luton,0.08514660217938717
31,738,Amadou Diallo,MID,Newcastle,0.17781985947506024
31,232,Jean-Philippe Mateta,FWD,Crystal Palace,0.18767735971878252
31,827,Dovydas Sasnauskas,DEF,Sheffield Utd,0.18020243499800243
31,79,Ben Pearson,MID,Bournemouth,0.17781985947506024
31,175,Bailey Peacock-Farrell,GK,Burnley,0.08514660217938717
31,445,Felipe Augusto de Almeida Monteiro,DEF,Nott'm Forest,0.18020243499800243
31,20,William Saliba,DEF,Arsenal,0.18020243499800243
31,174,Michael Obafemi,FWD,Burnley,0.18767735971878252
31,252,Ben Godfrey,DEF,Everton,0.18020243499800243
31,821,Franco Umeh-Chibueze,FWD,Crystal Palace,0.18767735971878252
31,182,Victor da Silva,DEF,Burnley,0.18020243499800243
31,244,André Tavares Gomes,MID,Everton,0.17781985947506024
31,519,Destiny Udogie,DEF,Spurs,0.18020243499800243
31,118,Ryan Trevitt,MID,Brentford,0.17781985947506024
31,332,Dion Pereira,MID,Luton,0.17781985947506024
31,763,Tayo Adaramola,DEF,Crystal Palace,0.18020243499800243
31,176,Connor Roberts,DEF,Burnley,0.18020243499800243
31,43,Douglas Luiz Soares de Paulo,MID,Aston Villa,0.17781985947506024
31,101,Mark Flekken,GK,Brentford,0.08514660217938717
31,409,Martin Dubravka,GK,Newcastle,0.08514660217938717
31,629,James McConnell,MID,Liverpool,0.17781985947506024
31,292,Stefan Bajcetic,MID,Liverpool,0.17781985947506024
31,267,Andreas Hoelgebaum Pereira,MID,Fulham,0.17781985947506024
31,682,Joseph Johnson,DEF,Luton,0.18020243499800243
31,826,Toby Collyer,MID,Man Utd,0.17781985947506024
31,198,Marc Cucurella Saseta,DEF,Chelsea,0.18020243499800243
31,280,João Palhinha Gonçalves,MID,Fulham,0.17781985947506024
31,494,Bryan Gil Salvatierra,MID,Spurs,0.17781985947506024
31,830,Jimi Tauriainen,MID,Chelsea,0.17781985947506024
31,467,Neco Williams,DEF,Nott'm Forest,0.18020243499800243
31,404,Harrison Ashby,DEF,Newcastle,0.18020243499800243
31,133,Billy Gilmour,MID,Brighton,0.17781985947506024
31,480,John Egan,DEF,Sheffield Utd,0.18020243499800243
31,98,Mikkel Damsgaard,MID,Brentford,0.17781985947506024
31,577,Angelo Ogbonna,DEF,West Ham,0.18020243499800243
31,474,Chris Basham,DEF,Sheffield Utd,0.18020243499800243
31,516,Son Heung-min,MID,Spurs,0.17781985947506024
31,298,Joe Gomez,DEF,Liverpool,0.18020243499800243
31,80,Darren Randolph,GK,Bournemouth,0.08514660217938717
31,536,Ben Johnson,DEF,West Ham,0.18020243499800243
31,506,Pedro Porro,DEF,Spurs,0.18020243499800243
31,159,Manuel Benson Hedilazio,MID,Burnley,0.17781985947506024
31,197,Levi Colwill,DEF,Chelsea,0.18020243499800243
31,460,Jonathan Panzo,DEF,Nott'm Forest,0.18020243499800243
31,534,Pablo Fornals Malla,MID,West Ham,0.17781985947506024
31,314,Elijah Adebayo,FWD,Luton,0.18767735971878252
31,103,Rico Henry,DEF,Brentford,0.18020243499800243
31,782,Owen Beck,DEF,Liverpool,0.18020243499800243
31,627,Bobby Clark,MID,Liverpool,0.17781985947506024
31,531,Flynn Downes,MID,West Ham,0.17781985947506024
31,802,Max Kinsey,DEF,Bournemouth,0.18020243499800243
31,619,Ben Greenwood,DEF,Bournemouth,0.18020243499800243
31,740,Alfie Dorrington,DEF,Spurs,0.18020243499800243
31,432,Joe Willock,MID,Newcastle,0.17781985947506024
31,422,Javier Manquillo Gaitán,DEF,Newcastle,0.18020243499800243
31,388,Kobbie Mainoo,MID,Man Utd,0.17781985947506024
31,246,Dominic Calvert-Lewin,FWD,Everton,0.18767735971878252
31,351,Tommy Doyle,MID,Wolves,0.17781985947506024
31,100,Halil Dervişoğlu,FWD,Brentford,0.18767735971878252
31,330,Gabriel Osho,DEF,Luton,0.18020243499800243
31,135,João Pedro Junqueira de Jesus,FWD,Brighton,0.18767735971878252
31,752,Vincent Angelini,GK,Brentford,0.08514660217938717
31,544,Kurt Zouma,DEF,West Ham,0.18020243499800243
31,461,Omar Richards,DEF,Nott'm Forest,0.18020243499800243
31,741,Mark O’Mahony,FWD,Brighton,0.18767735971878252
31,486,Iliman Ndiaye,FWD,Sheffield Utd,0.18767735971878252
31,337,Elliot Thorpe,MID,Luton,0.17781985947506024
31,348,Shea Charles,MID,Man City,0.17781985947506024
31,510,Joe Rodon,DEF,Spurs,0.18020243499800243
31,833,Habeeb Ogunneye,DEF,Man Utd,0.18020243499800243
31,258,Neal Maupay,FWD,Brentford,0.18767735971878252
31,221,Jordan Ayew,MID,Crystal Palace,0.17781985947506024
31,538,Divin Mubama,FWD,West Ham,0.18767735971878252
31,306,Nathaniel Phillips,DEF,Liverpool,0.18020243499800243
31,309,Dominik Szoboszlai,MID,Liverpool,0.17781985947506024
31,730,Ryan Oné,MID,Sheffield Utd,0.17781985947506024
31,796,Kristian Sekularac,MID,Fulham,0.17781985947506024
31,320,Jordan Clark,MID,Luton,0.17781985947506024
31,761,Elijah Campbell,DEF,Everton,0.18020243499800243
31,209,Mason Mount,MID,Man Utd,0.17781985947506024
31,91,Ellery Balcombe,GK,Brentford,0.08514660217938717
31,64,David Brooks,MID,Bournemouth,0.17781985947506024
31,134,Pascal Groß,MID,Brighton,0.17781985947506024
31,50,John McGinn,MID,Aston Villa,0.17781985947506024
31,743,Treymaurice Nyoni,MID,Liverpool,0.17781985947506024
31,505,Tanguy Ndombélé Alvaro,MID,Spurs,0.17781985947506024
31,739,Ben Parkinson,FWD,Newcastle,0.18767735971878252
31,239,Jairo Riedewald,MID,Crystal Palace,0.17781985947506024
31,119,Yoane Wissa,FWD,Brentford,0.18767735971878252
31,578,Reiss Nelson,MID,Arsenal,0.17781985947506024
31,713,Ibrahim Sangaré,MID,Nott'm Forest,0.17781985947506024
31,394,Facundo Pellistri Rebollo,MID,Man Utd,0.17781985947506024
31,69,James Hill,DEF,Bournemouth,0.18020243499800243
31,561,Bruno Cavaco Jordão,MID,Wolves,0.17781985947506024
31,147,Kjell Scherpen,GK,Brighton,0.08514660217938717
31,363,Máximo Perrone,MID,Man City,0.17781985947506024
31,278,Aleksandar Mitrović,FWD,Fulham,0.18767735971878252
31,115,Kevin Schade,MID,Brentford,0.17781985947506024
31,457,Moussa Niakhaté,DEF,Nott'm Forest,0.18020243499800243
31,581,Paul Dummett,DEF,Newcastle,0.18020243499800243
31,809,Rodrigo Duarte Ribeiro,FWD,Nott'm Forest,0.18767735971878252
31,405,Sven Botman,DEF,Newcastle,0.18020243499800243
31,841,Lewis Warrington,MID,Everton,0.17781985947506024
31,271,Issa Diop,DEF,Fulham,0.18020243499800243
31,17,Aaron Ramsdale,GK,Arsenal,0.08514660217938717
31,845,Odeluga Offiah,DEF,Brighton,0.18020243499800243
31,286,Tosin Adarabioyo,DEF,Fulham,0.18020243499800243
31,290,Trent Alexander-Arnold,DEF,Liverpool,0.18020243499800243
31,184,Anass Zaroury,MID,Burnley,0.17781985947506024
31,131,Pervis Estupiñán,DEF,Brighton,0.18020243499800243
31,698,Enso González,MID,Wolves,0.17781985947506024
31,328,Chiedozie Ogbene,FWD,Luton,0.18767735971878252
31,799,Romain Faivre,MID,Bournemouth,0.17781985947506024
31,295,Harvey Elliott,MID,Liverpool,0.17781985947506024
31,576,Jack Robinson,DEF,Sheffield Utd,0.18020243499800243
31,780,Detlef Esapa Osong,FWD,Nott'm Forest,0.18767735971878252
31,12,Gabriel Martinelli Silva,MID,Arsenal,0.17781985947506024
31,183,Wout Weghorst,FWD,Burnley,0.18767735971878252
31,44,Jhon Durán,FWD,Aston Villa,0.18767735971878252
31,345,Oscar Bobb,MID,Man City,0.17781985947506024
31,523,Michail Antonio,FWD,West Ham,0.18767735971878252
31,722,Jamie Donley,FWD,Spurs,0.18767735971878252
31,214,Malang Sarr,DEF,Chelsea,0.18020243499800243
31,834,Benjamin Arthur,DEF,Brentford,0.18020243499800243
31,589,Ângelo Gabriel Borges Damaceno,MID,Chelsea,0.17781985947506024
31,639,Micky van de Ven,DEF,Spurs,0.18020243499800243
31,662,Adama Traoré,MID,Fulham,0.17781985947506024
31,399,Shola Shoretire,FWD,Man Utd,0.18767735971878252
31,720,Ademola Ola-Adebomi,FWD,Crystal Palace,0.18767735971878252
31,391,Lisandro Martínez,DEF,Man Utd,0.18020243499800243
31,456,Alex Mighten,MID,Nott'm Forest,0.17781985947506024
31,108,Bryan Mbeumo,MID,Brentford,0.17781985947506024
31,16,Nicolas Pépé,MID,Arsenal,0.17781985947506024
31,815,Mauro Bandeira,MID,Arsenal,0.17781985947506024
31,304,Alexis Mac Allister,MID,Liverpool,0.17781985947506024
31,721,David Ozoh,MID,Crystal Palace,0.17781985947506024
31,759,Sydie Peck,MID,Sheffield Utd,0.17781985947506024
31,618,Omari Kellyman,MID,Aston Villa,0.17781985947506024
31,58,Youri Tielemans,MID,Aston Villa,0.17781985947506024
31,446,Remo Freuler,MID,Nott'm Forest,0.17781985947506024
31,89,Illia Zabarnyi,DEF,Bournemouth,0.18020243499800243
31,646,Karl Hein,GK,Arsenal,0.08514660217938717
31,127,Aaron Connolly,FWD,Brighton,0.18767735971878252
31,385,Dean Henderson,GK,Crystal Palace,0.08514660217938717
31,177,Jay Rodriguez,FWD,Burnley,0.18767735971878252
31,83,Marcos Senesi,DEF,Bournemouth,0.18020243499800243
31,30,Granit Xhaka,MID,Arsenal,0.17781985947506024
31,596,James Trafford,GK,Burnley,0.08514660217938717
31,407,Dan Burn,DEF,Newcastle,0.18020243499800243
31,525,Saïd Benrahma,MID,West Ham,0.17781985947506024
31,434,Brandon Aguilera Zamora,MID,Nott'm Forest,0.17781985947506024
31,811,Dominic Sadi,MID,Bournemouth,0.17781985947506024
31,650,Tyler Onyango,MID,Everton,0.17781985947506024
31,762,Mahamadou Susoho,MID,Man City,0.17781985947506024
31,336,Joe Taylor,FWD,Luton,0.18767735971878252
31,663,Gustavo Hamer,MID,Sheffield Utd,0.17781985947506024
31,408,Karl Darlow,GK,Newcastle,0.08514660217938717
31,701,Saman Ghoddos,MID,Brentford,0.17781985947506024
31,220,Joachim Andersen,DEF,Crystal Palace,0.18020243499800243
31,716,Alfie Gilchrist,DEF,Chelsea,0.18020243499800243
31,319,Allan Campbell,MID,Luton,0.17781985947506024
31,325,Carlos Mendes Gomes,MID,Luton,0.17781985947506024
31,567,Pedro Lomba Neto,MID,Wolves,0.17781985947506024
31,837,Amara Nallo,DEF,Liverpool,0.18020243499800243
31,625,Luc De Fougerolles,DEF,Fulham,0.18020243499800243
31,640,Dane Scarlett,FWD,Spurs,0.18767735971878252
31,42,Lucas Digne,DEF,Aston Villa,0.18020243499800243
31,199,Enzo Fernández,MID,Chelsea,0.17781985947506024
31,775,Ben Brereton,MID,Sheffield Utd,0.17781985947506024
31,428,Matt Targett,DEF,Newcastle,0.18020243499800243
31,253,Demarai Gray,MID,Everton,0.17781985947506024
31,749,Matthew Whittingham,MID,Wolves,0.17781985947506024
31,361,Stefan Ortega Moreno,GK,Man City,0.08514660217938717
31,230,Sam Johnstone,GK,Crystal Palace,0.08514660217938717
31,734,Zack Nelson,MID,Luton,0.17781985947506024
31,788,Yerson Mosquera,DEF,Wolves,0.18020243499800243
31,35,Emiliano Buendía Stati,MID,Aston Villa,0.17781985947506024
31,32,Alexandre Moreno Lopera,DEF,Aston Villa,0.18020243499800243
31,518,Japhet Tanganga,DEF,Spurs,0.18020243499800243
31,52,Marvelous Nakamba,MID,Luton,0.17781985947506024
31,96,Nathan Collins,DEF,Brentford,0.18020243499800243
31,26,Leandro Trossard,MID,Arsenal,0.17781985947506024
31,372,Antony Matheus dos Santos,MID,Man Utd,0.17781985947506024
31,194,Trevoh Chalobah,DEF,Chelsea,0.18020243499800243
31,550,Luke Cundle,MID,Wolves,0.17781985947506024
31,533,Lukasz Fabianski,GK,West Ham,0.08514660217938717
31,772,Ethan Nwaneri,MID,Arsenal,0.17781985947506024
31,785,Callum Marshall,FWD,West Ham,0.18767735971878252
31,633,Tino Livramento,DEF,Newcastle,0.18020243499800243
31,707,Fodé Ballo-Touré,DEF,Fulham,0.18020243499800243
31,357,Aymeric Laporte,DEF,Man City,0.18020243499800243
31,673,Tyler Adams,MID,Bournemouth,0.17781985947506024
31,430,Kieran Trippier,DEF,Newcastle,0.18020243499800243
31,779,Jamie McDonnell,MID,Nott'm Forest,0.17781985947506024
31,509,Richarlison de Andrade,MID,Spurs,0.17781985947506024
31,691,Norberto Bercique Gomes Betuncal,FWD,Everton,0.18767735971878252
31,324,John McAtee,FWD,Luton,0.18767735971878252
31,476,Jayden Bogle,DEF,Sheffield Utd,0.18020243499800243
31,148,Jason Steele,GK,Brighton,0.08514660217938717
31,424,Nick Pope,GK,Newcastle,0.08514660217938717
31,6,Kai Havertz,MID,Arsenal,0.17781985947506024
31,61,Wesley Moraes Ferreira da Silva,FWD,Aston Villa,0.18767735971878252
31,528,Vladimír Coufal,DEF,West Ham,0.18020243499800243
31,396,Marcus Rashford,MID,Man Utd,0.17781985947506024
31,458,Lewis O'Brien,MID,Nott'm Forest,0.17781985947506024
31,132,Evan Ferguson,FWD,Brighton,0.18767735971878252
31,141,Tom McGill,GK,Brighton,0.08514660217938717
31,493,Yves Bissouma,MID,Spurs,0.17781985947506024
31,559,João Victor Gomes da Silva,MID,Wolves,0.17781985947506024
31,249,Abdoulaye Doucouré,MID,Everton,0.17781985947506024
31,804,Enes Ünal,FWD,Bournemouth,0.18767735971878252
31,352,Ederson Santana de Moraes,GK,Man City,0.08514660217938717
31,803,Morgan Rogers,MID,Aston Villa,0.17781985947506024
31,313,Virgil van Dijk,DEF,Liverpool,0.18020243499800243
31,439,Willy Boly,DEF,Nott'm Forest,0.18020243499800243
31,689,Mohammed Kudus,MID,West Ham,0.17781985947506024
31,392,Scott McTominay,MID,Man Utd,0.17781985947506024
31,711,Andrew Omobamidele,DEF,Nott'm Forest,0.18020243499800243
31,822,Billy Blacker,FWD,Sheffield Utd,0.18767735971878252
31,793,Kaine Kesler-Hayden,DEF,Aston Villa,0.18020243499800243
31,358,Rico Lewis,DEF,Man City,0.18020243499800243
31,382,Alejandro Garnacho,MID,Man Utd,0.17781985947506024
31,715,Jean-Ricner Bellegarde,MID,Wolves,0.17781985947506024
31,251,Jean-Philippe Gbamin,MID,Everton,0.17781985947506024
31,820,Ollie Harrison,MID,Chelsea,0.17781985947506024
31,624,Lewis Dobbin,MID,Everton,0.17781985947506024
31,760,Jenson Metcalfe,MID,Everton,0.17781985947506024
31,359,Riyad Mahrez,MID,Man City,0.17781985947506024
31,571,Matija Šarkić,GK,Wolves,0.08514660217938717
31,27,Auston Trusty,DEF,Sheffield Utd,0.18020243499800243
31,412,Anthony Gordon,MID,Newcastle,0.17781985947506024
31,443,Emmanuel Dennis,FWD,Nott'm Forest,0.18767735971878252
31,222,Nathaniel Clyne,DEF,Crystal Palace,0.18020243499800243
31,310,Thiago Alcántara do Nascimento,MID,Liverpool,0.17781985947506024
31,823,Oliver Arblaster,MID,Sheffield Utd,0.17781985947506024
31,684,Ethan Brierley,MID,Brentford,0.17781985947506024
31,776,Timo Werner,FWD,Spurs,0.18767735971878252
31,553,Ryan Giles,DEF,Luton,0.18020243499800243
31,327,Admiral Muskwe,FWD,Luton,0.18767735971878252
31,642,Edson Álvarez Velázquez,MID,West Ham,0.17781985947506024
31,10,Jakub Kiwior,DEF,Arsenal,0.18020243499800243
31,70,Lloyd Kelly,DEF,Bournemouth,0.18020243499800243
31,260,Vitalii Mykolenko,DEF,Everton,0.18020243499800243
31,648,Aidan Francis-Clarke,DEF,Luton,0.18020243499800243
31,497,Emerson Leite de Souza Junior,DEF,Spurs,0.18020243499800243
31,151,Joël Veltman,DEF,Brighton,0.18020243499800243
31,402,Miguel Almirón Rejala,MID,Newcastle,0.17781985947506024
31,179,Bobby Thomas,DEF,Burnley,0.18020243499800243
31,754,Yago de Santiago Alonso,MID,Spurs,0.17781985947506024
31,102,Charlie Goode,DEF,Brentford,0.18020243499800243
31,726,Luke Chambers,DEF,Liverpool,0.18020243499800243
31,641,Alejo Véliz,FWD,Spurs,0.18767735971878252
31,187,Kepa Arrizabalaga,GK,Chelsea,0.08514660217938717
31,88,Mark Travers,GK,Bournemouth,0.08514660217938717
31,758,Leo Castledine,MID,Chelsea,0.17781985947506024
31,750,Tawanda Chirewa,MID,Wolves,0.17781985947506024
31,765,Sam Proctor,GK,Aston Villa,0.08514660217938717
31,520,Guglielmo Vicario,GK,Spurs,0.08514660217938717
31,413,Isaac Hayden,MID,Newcastle,0.17781985947506024
31,706,Mike Trésor,MID,Burnley,0.17781985947506024
31,419,Jamaal Lascelles,DEF,Newcastle,0.18020243499800243
31,307,Andrew Robertson,DEF,Liverpool,0.18020243499800243
31,503,Giovani Lo Celso,MID,Spurs,0.17781985947506024
31,240,Jeffrey Schlupp,MID,Crystal Palace,0.17781985947506024
31,256,Alex Iwobi,MID,Fulham,0.17781985947506024
31,840,Fletcher Holman,FWD,Wolves,0.18767735971878252
31,297,Cody Gakpo,FWD,Liverpool,0.18767735971878252
31,211,Nicolas Jackson,FWD,Chelsea,0.18767735971878252
31,543,Nikola Vlašić,MID,West Ham,0.17781985947506024
31,138,Adam Lallana,MID,Brighton,0.17781985947506024
31,548,Hugo Bueno López,DEF,Wolves,0.18020243499800243
31,524,Alphonse Areola,GK,West Ham,0.08514660217938717
31,291,Alisson Ramses Becker,GK,Liverpool,0.08514660217938717
31,513,Pape Matar Sarr,MID,Spurs,0.17781985947506024
31,331,Aribim Pepple,FWD,Luton,0.18767735971878252
31,598,Matt Doherty,DEF,Wolves,0.18020243499800243
31,554,Gonçalo Manuel Ganchinho Guedes,MID,Wolves,0.17781985947506024
31,264,Ellis Simms,FWD,Everton,0.18767735971878252
31,560,Jonathan Castro Otto,DEF,Wolves,0.18020243499800243
31,437,Taiwo Awoniyi,FWD,Nott'm Forest,0.18767735971878252
31,114,Mads Roerslev Rasmussen,DEF,Brentford,0.18020243499800243
31,610,Calvin Bassey,DEF,Fulham,0.18020243499800243
31,664,James Ward-Prowse,MID,West Ham,0.17781985947506024
31,311,Konstantinos Tsimikas,DEF,Liverpool,0.18020243499800243
31,128,Mahmoud Dahoud,MID,Brighton,0.17781985947506024
31,609,Ian Maatsen,MID,Chelsea,0.17781985947506024
31,708,Ryan Gravenberch,MID,Liverpool,0.17781985947506024
31,709,Sofyan Amrabat,MID,Man Utd,0.17781985947506024
31,484,Max Lowe,DEF,Sheffield Utd,0.18020243499800243
31,243,Joe Whitworth,GK,Crystal Palace,0.08514660217938717
31,649,Thomas Cannon,FWD,Everton,0.18767735971878252
31,383,Hannibal Mejbri,MID,Man Utd,0.17781985947506024
31,47,Boubacar Kamara,MID,Aston Villa,0.17781985947506024
31,186,Andrey Nascimento dos Santos,MID,Chelsea,0.17781985947506024
31,580,Loris Karius,GK,Newcastle,0.08514660217938717
31,747,Joshua Duffus,MID,Brighton,0.17781985947506024
31,152,Bart Verbruggen,GK,Brighton,0.08514660217938717
31,586,Tahith Chong,MID,Luton,0.17781985947506024
31,56,Morgan Sanson,MID,Aston Villa,0.17781985947506024
31,275,Bernd Leno,GK,Fulham,0.08514660217938717
31,99,Josh Dasilva,MID,Brentford,0.17781985947506024
31,440,Josh Bowler,MID,Nott'm Forest,0.17781985947506024
31,671,Bashir Humphreys,DEF,Chelsea,0.18020243499800243
31,31,Oleksandr Zinchenko,DEF,Arsenal,0.18020243499800243
31,272,Tyrese Francois,MID,Fulham,0.17781985947506024
31,433,Callum Wilson,FWD,Newcastle,0.18767735971878252
31,426,Allan Saint-Maximin,MID,Newcastle,0.17781985947506024
31,773,Lewis Orford,MID,West Ham,0.17781985947506024
31,694,Han-Noah Massengo,MID,Burnley,0.17781985947506024
31,594,Zeki Amdouni,FWD,Burnley,0.18767735971878252
31,123,Steven Alzate,MID,Brighton,0.17781985947506024
31,170,Jóhann Berg Gudmundsson,MID,Burnley,0.17781985947506024
31,665,Tim Krul,GK,Luton,0.08514660217938717
31,39,Keinan Davis,FWD,Aston Villa,0.18767735971878252
31,373,Bruno Borges Fernandes,MID,Man Utd,0.17781985947506024
31,87,Hamed Traorè,MID,Bournemouth,0.17781985947506024
31,146,Jeremy Sarmiento Morante,MID,Brighton,0.17781985947506024
31,602,Issa Kaboré,DEF,Luton,0.18020243499800243
31,464,Sam Surridge,FWD,Nott'm Forest,0.18767735971878252
31,318,Reece Burke,DEF,Luton,0.18020243499800243
31,657,Jesurun Rak-Sakyi,MID,Crystal Palace,0.17781985947506024
31,699,Clément Lenglet,DEF,Aston Villa,0.18020243499800243
31,8,Gabriel Fernando de Jesus,FWD,Arsenal,0.18767735971878252
31,674,Hannes Delcroix,DEF,Burnley,0.18020243499800243
31,173,Dara O'Shea,DEF,Burnley,0.18020243499800243
31,496,Eric Dier,DEF,Spurs,0.18020243499800243
31,783,Kaide Gordon,MID,Liverpool,0.17781985947506024
31,242,Joel Ward,DEF,Crystal Palace,0.18020243499800243
31,603,Harvey Barnes,MID,Newcastle,0.17781985947506024
31,791,Cesare Casadei,MID,Chelsea,0.17781985947506024
31,356,Mateo Kovačić,MID,Man City,0.17781985947506024
31,824,Jayden Danns,FWD,Liverpool,0.18767735971878252
31,588,Ashley Young,DEF,Everton,0.18020243499800243
31,530,Aaron Cresswell,DEF,West Ham,0.18020243499800243
31,508,Sergio Reguilón,DEF,Brentford,0.18020243499800243
31,447,Morgan Gibbs-White,MID,Nott'm Forest,0.17781985947506024
31,395,Raphaël Varane,DEF,Man Utd,0.18020243499800243
31,606,Igor Julio dos Santos de Paulo,DEF,Brighton,0.18020243499800243
31,374,Brandon Williams,DEF,Man Utd,0.18020243499800243
31,502,Hugo Lloris,GK,Spurs,0.08514660217938717
31,427,Fabian Schär,DEF,Newcastle,0.18020243499800243
31,453,Orel Mangala,MID,Nott'm Forest,0.17781985947506024
31,835,Dermot Mee,GK,Man Utd,0.08514660217938717
31,800,Noha Lemina,MID,Wolves,0.17781985947506024
31,381,Frederico Rodrigues de Paula Santos,MID,Man Utd,0.17781985947506024
31,818,Joe Gauci,GK,Aston Villa,0.08514660217938717
31,284,Marek Rodák,GK,Fulham,0.08514660217938717
31,92,Shandon Baptiste,MID,Brentford,0.17781985947506024
31,136,Michał Karbownik,DEF,Brighton,0.18020243499800243
31,623,Mason Burstow,FWD,Chelsea,0.18767735971878252
31,597,André Onana,GK,Man Utd,0.08514660217938717
31,343,Julián Álvarez,FWD,Man City,0.18767735971878252
31,527,Maxwel Cornet,MID,West Ham,0.17781985947506024
31,274,Terence Kongolo,DEF,Fulham,0.18020243499800243
31,301,Caoimhin Kelleher,GK,Liverpool,0.08514660217938717
31,269,Ivan Neves Abreu Cavaleiro,MID,Fulham,0.17781985947506024
31,75,Chris Mepham,DEF,Bournemouth,0.18020243499800243
31,125,Facundo Buonanotte,MID,Brighton,0.17781985947506024
31,158,Samuel Bastien,MID,Burnley,0.17781985947506024
31,481,John Fleck,MID,Sheffield Utd,0.17781985947506024
31,279,Rodrigo Muniz Carvalho,FWD,Fulham,0.18767735971878252
31,172,Arijanet Muric,GK,Burnley,0.08514660217938717
31,843,Samy Chouchane,MID,Brighton,0.17781985947506024
31,165,Josh Cullen,MID,Burnley,0.17781985947506024
31,819,Ishé Samuels-Smith,DEF,Chelsea,0.18020243499800243
31,116,Thomas Strakosha,GK,Brentford,0.08514660217938717
31,4,Fábio Ferreira Vieira,MID,Arsenal,0.17781985947506024
31,745,Michael Ndiweni,FWD,Newcastle,0.18767735971878252
31,223,Cheick Doucouré,MID,Crystal Palace,0.17781985947506024
31,555,Joe Hodge,MID,Wolves,0.17781985947506024
31,632,Omari Forson,MID,Man Utd,0.17781985947506024
31,305,Joel Matip,DEF,Liverpool,0.18020243499800243
31,728,Callum Scanlon,DEF,Liverpool,0.18020243499800243
31,512,Davinson Sánchez,DEF,Spurs,0.18020243499800243
31,839,Dominic Dos Santos Martins,MID,Luton,0.17781985947506024
31,551,Craig Dawson,DEF,Wolves,0.18020243499800243
31,573,Toti António Gomes,DEF,Wolves,0.18020243499800243
31,522,Nayef Aguerd,DEF,West Ham,0.18020243499800243
31,377,Diogo Dalot Teixeira,DEF,Man Utd,0.18020243499800243
31,261,Amadou Onana,MID,Everton,0.17781985947506024
31,289,Adrián San Miguel del Castillo,GK,Liverpool,0.08514660217938717
31,645,Youssef Ramalho Chermiti,FWD,Everton,0.18767735971878252
31,19,Bukayo Saka,MID,Arsenal,0.17781985947506024
31,109,Ben Mee,DEF,Brentford,0.18020243499800243
31,469,Joe Worrall,DEF,Nott'm Forest,0.18020243499800243
31,41,Diego Carlos Santos Silva,DEF,Aston Villa,0.18020243499800243
31,66,Lewis Cook,MID,Bournemouth,0.17781985947506024
31,547,Bendegúz Bolla,DEF,Wolves,0.18020243499800243
31,203,Malo Gusto,DEF,Chelsea,0.18020243499800243
31,316,Amari'i Bell,DEF,Luton,0.18020243499800243
31,248,Dele Alli,MID,Everton,0.17781985947506024
31,208,Noni Madueke,MID,Chelsea,0.17781985947506024
31,595,Milos Kerkez,DEF,Bournemouth,0.18020243499800243
31,317,Luke Berry,MID,Luton,0.17781985947506024
31,45,Kortney Hause,DEF,Aston Villa,0.18020243499800243
31,229,Will Hughes,MID,Crystal Palace,0.17781985947506024
31,415,Alexander Isak,FWD,Newcastle,0.18767735971878252
31,658,John-Kymani Gordon,FWD,Crystal Palace,0.18767735971878252
31,451,Cheikhou Kouyaté,MID,Nott'm Forest,0.17781985947506024
31,2,Cédric Alves Soares,DEF,Arsenal,0.18020243499800243
31,188,Pierre-Emerick Aubameyang,FWD,Chelsea,0.18767735971878252
31,418,Garang Kuol,MID,Newcastle,0.17781985947506024
31,666,Tom Davies,MID,Sheffield Utd,0.17781985947506024
31,656,Antwoine Hackford,FWD,Sheffield Utd,0.18767735971878252
31,735,Charles Sagoe,MID,Arsenal,0.17781985947506024
31,112,Ethan Pinnock,DEF,Brentford,0.18020243499800243
31,651,Jay Stansfield,FWD,Fulham,0.18767735971878252
31,808,Matz Sels,GK,Nott'm Forest,0.08514660217938717
31,470,Ryan Yates,MID,Nott'm Forest,0.17781985947506024
31,672,Nicolò Zaniolo,MID,Aston Villa,0.17781985947506024
31,111,Frank Onyeka,MID,Brentford,0.17781985947506024
31,219,Naouirou Ahamada,MID,Crystal Palace,0.17781985947506024
31,63,Philip Billing,MID,Bournemouth,0.17781985947506024
31,215,Gabriel Słonina,GK,Chelsea,0.08514660217938717
31,228,Marc Guéhi,DEF,Crystal Palace,0.18020243499800243
31,247,Seamus Coleman,DEF,Everton,0.18020243499800243
31,294,Diogo Teixeira da Silva,MID,Liverpool,0.17781985947506024
31,652,Matthew Dibley-Dias,MID,Fulham,0.17781985947506024
31,360,James McAtee,MID,Sheffield Utd,0.17781985947506024
31,733,Valintino Adedokun,DEF,Brentford,0.18020243499800243
31,355,Erling Haaland,FWD,Man City,0.18767735971878252
31,163,Jack Cork,MID,Burnley,0.17781985947506024
31,390,Anthony Martial,FWD,Man Utd,0.18767735971878252
31,154,Danny Welbeck,FWD,Brighton,0.18767735971878252
31,287,Carlos Vinícius Alves Morais,FWD,Fulham,0.18767735971878252
31,604,Olu Aina,DEF,Nott'm Forest,0.18020243499800243
31,757,Conor Bradley,DEF,Liverpool,0.18020243499800243
31,365,Rodrigo Hernandez,MID,Man City,0.17781985947506024
31,792,Daniel Muñoz,DEF,Crystal Palace,0.18020243499800243
31,386,Victor Lindelöf,DEF,Man Utd,0.18020243499800243
31,349,Kevin De Bruyne,MID,Man City,0.17781985947506024
31,636,George Shelvey,GK,Nott'm Forest,0.08514660217938717
31,659,Lucas Bergström,GK,Chelsea,0.08514660217938717
31,124,Yasin Ayari,MID,Brighton,0.17781985947506024
31,635,Lewis Miley,MID,Newcastle,0.17781985947506024
31,667,Roméo Lavia,MID,Chelsea,0.17781985947506024
31,329,Fred Onyedinma,MID,Luton,0.17781985947506024
31,462,Gustavo Henrique Furtado Scarpa,MID,Nott'm Forest,0.17781985947506024
31,104,Aaron Hickey,DEF,Brentford,0.18020243499800243
31,94,Mads Bidstrup,MID,Brentford,0.17781985947506024
31,140,Solly March,MID,Brighton,0.17781985947506024
31,200,David Datro Fofana,FWD,Burnley,0.18767735971878252
31,540,Declan Rice,MID,Arsenal,0.17781985947506024
31,748,Joe Hugill,FWD,Man Utd,0.18767735971878252
31,137,Kacper Kozłowski,MID,Brighton,0.17781985947506024
31,81,Joe Rothwell,MID,Bournemouth,0.17781985947506024
31,638,Vini de Souza Costa,MID,Sheffield Utd,0.17781985947506024
31,628,Ben Doak,MID,Liverpool,0.17781985947506024
31,475,Sander Berge,MID,Burnley,0.17781985947506024
31,296,Fabio Henrique Tavares,MID,Liverpool,0.17781985947506024
31,654,Louie Marsh,FWD,Sheffield Utd,0.18767735971878252
31,766,Willy Kambwala,DEF,Man Utd,0.18020243499800243
31,485,Oliver McBurnie,FWD,Sheffield Utd,0.18767735971878252
31,106,Mathias Jensen,MID,Brentford,0.17781985947506024
31,323,Matt Macey,GK,Luton,0.08514660217938717
31,201,Wesley Fofana,DEF,Chelsea,0.18020243499800243
31,68,Ryan Fredericks,DEF,Bournemouth,0.18020243499800243
31,563,Max Kilman,DEF,Wolves,0.18020243499800243
31,342,Nathan Aké,DEF,Man City,0.18020243499800243
31,797,Benjamin Fredrick,DEF,Brentford,0.18020243499800243
31,204,Lewis Hall,DEF,Newcastle,0.18020243499800243
31,677,Deivid Washington de Souza Eugênio,FWD,Chelsea,0.18767735971878252
31,403,Elliot Anderson,MID,Newcastle,0.17781985947506024
31,686,Oliwier Zych,GK,Aston Villa,0.08514660217938717
31,210,Mykhailo Mudryk,MID,Chelsea,0.17781985947506024
31,777,Radu Dragusin,DEF,Spurs,0.18020243499800243
31,67,Siriki Dembélé,MID,Bournemouth,0.17781985947506024
31,501,Dejan Kulusevski,MID,Spurs,0.17781985947506024
31,568,Daniel Castelo Podence,MID,Wolves,0.17781985947506024
31,202,Conor Gallagher,MID,Chelsea,0.17781985947506024
31,806,Maxime Esteve,DEF,Burnley,0.18020243499800243
31,226,Eberechi Eze,MID,Crystal Palace,0.17781985947506024
31,463,Jonjo Shelvey,MID,Nott'm Forest,0.17781985947506024
31,537,Thilo Kehrer,DEF,West Ham,0.18020243499800243
31,770,Ty Barnett,MID,Wolves,0.17781985947506024
31,719,Mackenzie Hunt,MID,Everton,0.17781985947506024
31,157,Ameen Al-Dakhil,DEF,Burnley,0.18020243499800243
31,466,Hwang Ui-jo,FWD,Nott'm Forest,0.18767735971878252
31,130,Julio Enciso,MID,Brighton,0.17781985947506024
31,692,Steven Benda,GK,Fulham,0.08514660217938717
31,77,Norberto Murara Neto,GK,Bournemouth,0.08514660217938717
31,678,Jérémy Doku,MID,Man City,0.17781985947506024
31,452,Richie Laryea,DEF,Nott'm Forest,0.18020243499800243
31,810,Joshua King,MID,Fulham,0.17781985947506024
31,283,Antonee Robinson,DEF,Fulham,0.18020243499800243
31,558,Raúl Jiménez,FWD,Fulham,0.18767735971878252
31,339,Louie Watson,MID,Luton,0.17781985947506024
31,557,Hwang Hee-chan,MID,Wolves,0.17781985947506024
31,591,Willian Borges da Silva,MID,Fulham,0.17781985947506024
31,838,Josh Acheampong,DEF,Chelsea,0.18020243499800243
31,477,Rhian Brewster,FWD,Sheffield Utd,0.18767735971878252
31,575,Tom Lockyer,DEF,Luton,0.18020243499800243
31,263,Jordan Pickford,GK,Everton,0.08514660217938717
31,620,Michael Olakigbe,MID,Brentford,0.17781985947506024
31,587,Anis Slimane,MID,Sheffield Utd,0.17781985947506024
31,406,Bruno Guimarães Rodriguez Moura,MID,Newcastle,0.17781985947506024
31,410,Ryan Fraser,MID,Newcastle,0.17781985947506024
31,273,Anthony Knockaert,MID,Fulham,0.17781985947506024
31,387,Harry Maguire,DEF,Man Utd,0.18020243499800243
31,590,Matheus Santos Carneiro Da Cunha,FWD,Wolves,0.18767735971878252
31,768,Rhys Bennett,DEF,Man Utd,0.18020243499800243
31,549,Francisco Jorge Tomás Oliveira,MID,Wolves,0.17781985947506024
31,556,Ki-Jana Hoever,DEF,Wolves,0.18020243499800243
31,608,Jacob Bruun Larsen,MID,Burnley,0.17781985947506024
31,454,Loïc Mbe Soh,DEF,Nott'm Forest,0.18020243499800243
31,599,Moussa Diaby,MID,Aston Villa,0.17781985947506024
31,321,Alfie Doughty,DEF,Luton,0.18020243499800243
31,778,James Wright,GK,Aston Villa,0.08514660217938717
31,346,João Cancelo,DEF,Man City,0.18020243499800243
31,584,Pau Torres,DEF,Aston Villa,0.18020243499800243
31,697,Santiago Bueno,DEF,Wolves,0.18020243499800243
31,3,Mohamed Elneny,MID,Arsenal,0.17781985947506024
31,245,Jarrad Branthwaite,DEF,Everton,0.18020243499800243
31,825,Kaden Rodney,MID,Crystal Palace,0.17781985947506024
31,14,Martin Ødegaard,MID,Arsenal,0.17781985947506024
31,566,Matheus Luiz Nunes,MID,Man City,0.17781985947506024
31,683,Luke Harris,MID,Fulham,0.17781985947506024
31,564,Tom King,GK,Wolves,0.08514660217938717
31,350,Rúben Gato Alves Dias,DEF,Man City,0.18020243499800243
31,333,Dan Potts,DEF,Luton,0.18020243499800243
31,517,Djed Spence,DEF,Spurs,0.18020243499800243
31,693,Luke Thomas,DEF,Sheffield Utd,0.18020243499800243
31,33,Cameron Archer,FWD,Sheffield Utd,0.18767735971878252
31,49,Emiliano Martínez Romero,GK,Aston Villa,0.08514660217938717
31,270,Bobby De Cordova-Reid,MID,Fulham,0.17781985947506024
31,542,Tomáš Souček,MID,West Ham,0.17781985947506024
31,630,Ross Barkley,MID,Luton,0.17781985947506024
31,679,Gonzalo Montiel,DEF,Nott'm Forest,0.18020243499800243
31,801,Giovanni Reyna,MID,Nott'm Forest,0.17781985947506024
31,616,Joško Gvardiol,DEF,Man City,0.18020243499800243
31,362,Cole Palmer,MID,Chelsea,0.17781985947506024
31,507,Ivan Perišić,DEF,Spurs,0.18020243499800243
31,472,Jordan Amissah,GK,Sheffield Utd,0.08514660217938717
31,376,Carlos Henrique Casimiro,MID,Man Utd,0.17781985947506024
31,384,Tom Heaton,GK,Man Utd,0.08514660217938717
31,814,Jacob Wright,MID,Man City,0.17781985947506024
31,312,Sepp van den Berg,DEF,Liverpool,0.18020243499800243
31,471,Anel Ahmedhodžić,DEF,Sheffield Utd,0.18020243499800243
31,643,Max Aarons,DEF,Bournemouth,0.18020243499800243
31,637,Josh Powell,DEF,Nott'm Forest,0.18020243499800243
31,511,Cristian Romero,DEF,Spurs,0.18020243499800243
31,546,Daniel Bentley,GK,Wolves,0.08514660217938717
31,831,Axel Piesold,MID,Luton,0.17781985947506024
31,185,Ethan Ampadu,DEF,Chelsea,0.18020243499800243
31,150,Jan Paul van Hecke,DEF,Brighton,0.18020243499800243
31,592,Yasser Larouci,DEF,Sheffield Utd,0.18020243499800243
31,196,Carney Chukwuemeka,MID,Chelsea,0.17781985947506024
31,326,Carlton Morris,FWD,Luton,0.18767735971878252
31,710,Odysseas Vlachodimos,GK,Nott'm Forest,0.08514660217938717
31,746,Ben Jackson,DEF,Brighton,0.18020243499800243
31,829,George Earthy,MID,West Ham,0.17781985947506024
31,479,Adam Davies,GK,Sheffield Utd,0.08514660217938717
31,744,Myles Peart-Harris,MID,Brentford,0.17781985947506024
31,234,Tyrick Mitchell,DEF,Crystal Palace,0.18020243499800243
31,504,James Maddison,MID,Spurs,0.17781985947506024
31,340,Cauley Woodrow,FWD,Luton,0.18767735971878252
31,308,Mohamed Salah,MID,Liverpool,0.17781985947506024
31,500,Harry Kane,FWD,Spurs,0.18767735971878252
31,367,Zack Steffen,GK,Man City,0.08514660217938717
31,82,Antoine Semenyo,FWD,Bournemouth,0.18767735971878252
31,737,Bradley Ibrahim,MID,Arsenal,0.17781985947506024
31,695,Altay Bayindir,GK,Man Utd,0.08514660217938717
31,213,Christian Pulisic,MID,Chelsea,0.17781985947506024
31,153,Adam Webster,DEF,Brighton,0.18020243499800243
31,293,Darwin Núñez Ribeiro,FWD,Liverpool,0.18767735971878252
31,611,Axel Disasi,DEF,Chelsea,0.18020243499800243
31,156,Enock Agyei,MID,Burnley,0.17781985947506024
31,1,Folarin Balogun,FWD,Arsenal,0.18767735971878252
31,51,Tyrone Mings,DEF,Aston Villa,0.18020243499800243
31,712,Nicolás Domínguez,MID,Nott'm Forest,0.17781985947506024
31,529,Conor Coventry,MID,West Ham,0.17781985947506024
31,478,Ismaila Coulibaly,MID,Sheffield Utd,0.17781985947506024
31,161,Josh Brownhill,MID,Burnley,0.17781985947506024
31,498,Fraser Forster,GK,Spurs,0.08514660217938717
31,231,Jefferson Lerma Solís,MID,Crystal Palace,0.17781985947506024
31,322,Luke Freeman,MID,Luton,0.17781985947506024
31,129,Lewis Dunk,DEF,Brighton,0.18020243499800243
31,189,César Azpilicueta,DEF,Chelsea,0.18020243499800243
31,756,Marcelo de Araújo Pitaluga Filho,GK,Liverpool,0.08514660217938717
31,805,Lorenz Assignon,DEF,Burnley,0.18020243499800243
31,441,Steve Cook,DEF,Nott'm Forest,0.18020243499800243
31,167,Hjalmar Ekdal,DEF,Burnley,0.18020243499800243
31,370,Alex Telles,DEF,Man Utd,0.18020243499800243
31,755,Luca Barrington,MID,Brighton,0.17781985947506024
31,569,José Malheiro de Sá,GK,Wolves,0.08514660217938717
31,266,João Neves Virgínia,GK,Everton,0.08514660217938717
31,276,Saša Lukić,MID,Fulham,0.17781985947506024
31,74,Emiliano Marcondes,MID,Bournemouth,0.17781985947506024
31,794,Joe White,MID,Newcastle,0.17781985947506024
31,55,Jacob Ramsey,MID,Aston Villa,0.17781985947506024
31,429,Sandro Tonali,MID,Newcastle,0.17781985947506024
31,771,Micah Hamilton,MID,Man City,0.17781985947506024
31,704,Nathan Fraser,FWD,Wolves,0.18767735971878252
31,107,Keane Lewis-Potter,MID,Brentford,0.17781985947506024
31,259,Dwight McNeil,MID,Everton,0.17781985947506024
31,786,Cameron Peupion,MID,Brighton,0.17781985947506024
31,126,Moisés Caicedo Corozo,MID,Chelsea,0.17781985947506024
31,9,Jorge Luiz Frello Filho,MID,Arsenal,0.17781985947506024
31,285,Kenny Tete,DEF,Fulham,0.18020243499800243
31,787,Harvey Griffiths,MID,Wolves,0.17781985947506024
31,162,Darko Churlinov,MID,Burnley,0.17781985947506024
31,661,Jack Harrison,MID,Everton,0.17781985947506024
31,338,Jack Walton,GK,Luton,0.08514660217938717
31,688,Timothy Castagne,DEF,Fulham,0.18020243499800243
31,84,Adam Smith,DEF,Bournemouth,0.18020243499800243
31,166,CJ Egan-Riley,DEF,Burnley,0.18020243499800243
31,207,Romelu Lukaku Bolingoli,FWD,Chelsea,0.18767735971878252
31,250,James Garner,MID,Everton,0.17781985947506024
31,217,Thiago Emiliano da Silva,DEF,Chelsea,0.18020243499800243
31,7,Rob Holding,DEF,Crystal Palace,0.18020243499800243
31,401,Aaron Wan-Bissaka,DEF,Man Utd,0.18020243499800243
31,149,Deniz Undav,FWD,Brighton,0.18767735971878252
31,380,Álvaro Fernández Carreras,DEF,Man Utd,0.18020243499800243
31,59,Bertrand Traoré,MID,Aston Villa,0.17781985947506024
31,262,Nathan Patterson,DEF,Everton,0.18020243499800243
31,212,Christopher Nkunku,FWD,Chelsea,0.18767735971878252
31,436,Serge Aurier,DEF,Nott'm Forest,0.18020243499800243
31,268,Tom Cairney,MID,Fulham,0.17781985947506024
31,435,Harry Arter,MID,Nott'm Forest,0.17781985947506024
31,718,Alex Matos,MID,Chelsea,0.17781985947506024
31,444,Mohamed Dräger,DEF,Nott'm Forest,0.18020243499800243
31,18,Rúnar Alex Rúnarsson,GK,Arsenal,0.08514660217938717
31,347,Scott Carson,GK,Man City,0.08514660217938717
31,593,Bénie Traoré,FWD,Sheffield Utd,0.18767735971878252
31,585,Jurriën Timber,DEF,Arsenal,0.18020243499800243
31,160,Jordan Beyer,DEF,Burnley,0.18020243499800243
31,482,Wes Foderingham,GK,Sheffield Utd,0.08514660217938717
31,812,Lewis Koumas,FWD,Liverpool,0.18767735971878252
31,676,Konstantinos Mavropanos,DEF,West Ham,0.18020243499800243
31,681,Diego Manuel Jadon da Silva Moreira,MID,Chelsea,0.17781985947506024
31,225,Odsonne Edouard,FWD,Crystal Palace,0.18767735971878252
31,73,Jamal Lowe,MID,Bournemouth,0.17781985947506024
31,622,Owen Dodgson,DEF,Burnley,0.18020243499800243
31,425,Matt Ritchie,MID,Newcastle,0.17781985947506024
31,168,Lyle Foster,FWD,Burnley,0.18767735971878252
31,675,Aaron Ramsey,MID,Burnley,0.17781985947506024
31,142,James Milner,MID,Brighton,0.17781985947506024
31,600,Nathan Redmond,MID,Burnley,0.17781985947506024
31,121,Mathias Jorgensen,DEF,Brentford,0.18020243499800243
31,236,Michael Olise,MID,Crystal Palace,0.17781985947506024
31,515,Oliver Skipp,MID,Spurs,0.17781985947506024
31,40,Leander Dendoncker,MID,Aston Villa,0.17781985947506024
31,455,Scott McKenna,DEF,Nott'm Forest,0.18020243499800243
31,257,Michael Keane,DEF,Everton,0.18020243499800243
31,562,Sasa Kalajdzic,FWD,Wolves,0.18767735971878252
31,526,Jarrod Bowen,MID,West Ham,0.17781985947506024
31,28,Matt Turner,GK,Nott'm Forest,0.08514660217938717
31,216,Raheem Sterling,MID,Chelsea,0.17781985947506024
31,431,Kell Watts,DEF,Newcastle,0.18020243499800243
31,315,Mads Juel Andersen,DEF,Luton,0.18020243499800243
31,95,Sergi Canós Tenés,MID,Brentford,0.17781985947506024
31,65,Ryan Christie,MID,Bournemouth,0.17781985947506024
31,120,Yegor Yarmoliuk,MID,Brentford,0.17781985947506024
31,842,Roshaun Mathurin,MID,Crystal Palace,0.17781985947506024
31,145,Robert Sánchez,GK,Chelsea,0.08514660217938717
31,71,Gavin Kilkenny,MID,Bournemouth,0.17781985947506024
31,193,Armando Broja,FWD,Fulham,0.18767735971878252
31,85,Dominic Solanke,FWD,Bournemouth,0.18767735971878252
31,468,Chris Wood,FWD,Nott'm Forest,0.18767735971878252
31,644,Alex Scott,MID,Bournemouth,0.17781985947506024
31,54,Jaden Philogene-Bidace,MID,Aston Villa,0.17781985947506024
31,670,Filip Marschall,GK,Aston Villa,0.08514660217938717
31,364,Kalvin Phillips,MID,West Ham,0.17781985947506024
31,492,Rodrigo Bentancur,MID,Spurs,0.17781985947506024
31,36,Matty Cash,DEF,Aston Villa,0.18020243499800243
31,255,Mason Holgate,DEF,Sheffield Utd,0.18020243499800243
31,334,Glen Rea,MID,Luton,0.17781985947506024
31,62,Jaidon Anthony,MID,Bournemouth,0.17781985947506024
31,139,Tariq Lamptey,DEF,Brighton,0.18020243499800243
31,647,Joseph Anang,GK,West Ham,0.08514660217938717
31,473,George Baldock,DEF,Sheffield Utd,0.18020243499800243
31,414,Jeff Hendrick,MID,Newcastle,0.17781985947506024
31,411,Mark Gillespie,GK,Newcastle,0.08514660217938717
31,717,Ronnie Stutter,FWD,Chelsea,0.18767735971878252
31,572,Nélson Cabral Semedo,DEF,Wolves,0.18020243499800243
31,832,Wesley Okoduwa,DEF,Wolves,0.18020243499800243
31,277,Kevin Mbabu,DEF,Fulham,0.18020243499800243
31,389,Tyrell Malacia,DEF,Man Utd,0.18020243499800243
31,789,Hákon Valdimarsson,GK,Brentford,0.08514660217938717
31,687,Đorđe Petrović,GK,Chelsea,0.08514660217938717
31,727,Andros Townsend,MID,Luton,0.17781985947506024
31,238,Chris Richards,DEF,Crystal Palace,0.18020243499800243
31,299,Jordan Henderson,MID,Liverpool,0.17781985947506024
31,685,Daniel Gore,MID,Man Utd,0.17781985947506024
31,369,Kyle Walker,DEF,Man City,0.18020243499800243
31,631,Jacob Brown,FWD,Luton,0.18767735971878252
31,227,Vicente Guaita,GK,Crystal Palace,0.08514660217938717
31,459,Braian Ojeda Rodríguez,MID,Nott'm Forest,0.17781985947506024
31,93,Mads Bech Sørensen,DEF,Brentford,0.18020243499800243
32,653,Femi Seriki,DEF,Sheffield Utd,0.18020243499800237
32,723,Josh Brooking,DEF,Chelsea,0.18020243499800237
32,669,Radek Vítek,GK,Man Utd,0.08514660217938716
32,621,Jack Hinshelwood,MID,Brighton,0.17781985947506024
32,397,Jadon Sancho,MID,Man Utd,0.17781985947506024
32,714,Divock Origi,FWD,Nott'm Forest,0.1876773597187825
32,828,Sam Curtis,DEF,Sheffield Utd,0.18020243499800237
32,487,Rhys Norrington-Davies,DEF,Sheffield Utd,0.18020243499800237
32,105,Vitaly Janelt,MID,Brentford,0.17781985947506024
32,607,Ionuț Radu,GK,Bournemouth,0.08514660217938716
32,655,Andre Brooks,MID,Sheffield Utd,0.17781985947506024
32,354,Jack Grealish,MID,Man City,0.17781985947506024
32,417,Emil Krafth,DEF,Newcastle,0.18020243499800237
32,574,Boubacar Traoré,MID,Wolves,0.17781985947506024
32,169,Denis Franchi,GK,Burnley,0.08514660217938716
32,335,James Shea,GK,Luton,0.08514660217938716
32,844,Christian Chigozie,DEF,Luton,0.18020243499800237
32,300,Curtis Jones,MID,Liverpool,0.17781985947506024
32,764,Myles Lewis-Skelly,MID,Arsenal,0.17781985947506024
32,732,Devan Tanton,DEF,Fulham,0.18020243499800237
32,206,Reece James,DEF,Chelsea,0.18020243499800237
32,491,Brandon Austin,GK,Spurs,0.08514660217938716
32,700,Anssumane Fati Vieira,MID,Brighton,0.17781985947506024
32,53,Robin Olsen,GK,Aston Villa,0.08514660217938716
32,813,Fabian Mrozek,GK,Liverpool,0.08514660217938716
32,781,Joe Gardner,FWD,Nott'm Forest,0.1876773597187825
32,489,Ben Osborn,MID,Sheffield Utd,0.17781985947506024
32,371,Amad Diallo,MID,Man Utd,0.17781985947506024
32,378,Anthony Elanga,MID,Nott'm Forest,0.17781985947506024
32,774,Kaelan Casey,DEF,West Ham,0.18020243499800237
32,488,Oliver Norwood,MID,Sheffield Utd,0.17781985947506024
32,465,Harry Toffolo,DEF,Nott'm Forest,0.18020243499800237
32,344,Bernardo Veiga de Carvalho e Silva,MID,Man City,0.17781985947506024
32,178,Charlie Taylor,DEF,Burnley,0.18020243499800237
32,807,Adam Wharton,MID,Crystal Palace,0.17781985947506024
32,117,Ivan Toney,FWD,Brentford,0.1876773597187825
32,725,Ji-Soo Kim,DEF,Brentford,0.18020243499800237
32,23,Nuno Varela Tavares,DEF,Nott'm Forest,0.18020243499800237
32,634,Alex Murphy,DEF,Newcastle,0.18020243499800237
32,13,Eddie Nketiah,FWD,Arsenal,0.1876773597187825
32,191,Benoît Badiashile,DEF,Chelsea,0.18020243499800237
32,22,Emile Smith Rowe,MID,Arsenal,0.17781985947506024
32,626,Jarell Quansah,DEF,Liverpool,0.18020243499800237
32,195,Ben Chilwell,DEF,Chelsea,0.18020243499800237
32,38,Philippe Coutinho Correia,MID,Aston Villa,0.17781985947506024
32,46,Tim Iroegbunam,MID,Aston Villa,0.17781985947506024
32,579,Andy Lonergan,GK,Everton,0.08514660217938716
32,690,Carlos Baleba,MID,Brighton,0.17781985947506024
32,570,Pablo Sarabia,MID,Wolves,0.17781985947506024
32,76,Kieffer Moore,FWD,Bournemouth,0.1876773597187825
32,448,Wayne Hennessey,GK,Nott'm Forest,0.08514660217938716
32,233,Remi Matthews,GK,Crystal Palace,0.08514660217938716
32,302,Ibrahima Konaté,DEF,Liverpool,0.18020243499800237
32,416,Joelinton Cássio Apolinário de Lira,MID,Newcastle,0.17781985947506024
32,795,Travis Hernes,MID,Newcastle,0.17781985947506024
32,86,Marcus Tavernier,MID,Bournemouth,0.17781985947506024
32,97,Matthew Cox,GK,Brentford,0.08514660217938716
32,341,Manuel Akanji,DEF,Man City,0.18020243499800237
32,615,Matheus França de Oliveira,MID,Crystal Palace,0.17781985947506024
32,751,Justin Hubner,DEF,Wolves,0.18020243499800237
32,539,Lucas Tolentino Coelho de Lima,MID,West Ham,0.17781985947506024
32,617,Rasmus Højlund,FWD,Man Utd,0.1876773597187825
32,605,Luca Koleosho,MID,Burnley,0.17781985947506024
32,545,Rayan Aït-Nouri,DEF,Wolves,0.18020243499800237
32,37,Calum Chambers,DEF,Aston Villa,0.18020243499800237
32,495,Ben Davies,DEF,Spurs,0.18020243499800237
32,532,Emerson Palmieri dos Santos,DEF,West Ham,0.18020243499800237
32,303,Luis Díaz,MID,Liverpool,0.17781985947506024
32,181,Lawrence Vigouroux,GK,Burnley,0.08514660217938716
32,144,Jakub Moder,MID,Brighton,0.17781985947506024
32,767,Tommi O'Reilly,MID,Aston Villa,0.17781985947506024
32,164,Dara Costelloe,MID,Burnley,0.17781985947506024
32,702,Ashley Phillips,DEF,Spurs,0.18020243499800237
32,368,John Stones,DEF,Man City,0.18020243499800237
32,254,Idrissa Gueye,MID,Everton,0.17781985947506024
32,288,Harry Wilson,MID,Fulham,0.17781985947506024
32,192,Marcus Bettinelli,GK,Chelsea,0.08514660217938716
32,224,Malcolm Ebiowei,MID,Crystal Palace,0.17781985947506024
32,29,Benjamin White,DEF,Arsenal,0.18020243499800237
32,753,Leigh Kavanagh,DEF,Brighton,0.18020243499800237
32,393,Teden Mengi,DEF,Luton,0.18020243499800237
32,48,Ezri Konsa Ngoyo,DEF,Aston Villa,0.18020243499800237
32,705,Luis Sinisterra,MID,Bournemouth,0.17781985947506024
32,15,Thomas Partey,MID,Arsenal,0.17781985947506024
32,729,Jayden Luker,MID,Luton,0.17781985947506024
32,420,Jamal Lewis,DEF,Newcastle,0.18020243499800237
32,34,Leon Bailey,MID,Aston Villa,0.17781985947506024
32,703,Jonny Evans,DEF,Man Utd,0.18020243499800237
32,449,Ethan Horvath,GK,Nott'm Forest,0.08514660217938716
32,816,Valentín Barco,DEF,Brighton,0.18020243499800237
32,237,Luke Plange,FWD,Crystal Palace,0.1876773597187825
32,398,Luke Shaw,DEF,Man Utd,0.18020243499800237
32,784,Oliver Scarles,DEF,West Ham,0.18020243499800237
32,565,Mario Lemina,MID,Wolves,0.17781985947506024
32,155,Andi Zeqiri,FWD,Brighton,0.1876773597187825
32,265,James Tarkowski,DEF,Everton,0.18020243499800237
32,90,Kristoffer Ajer,DEF,Brentford,0.18020243499800237
32,450,Brennan Johnson,MID,Spurs,0.17781985947506024
32,235,Jake O'Brien,DEF,Crystal Palace,0.18020243499800237
32,846,Harry Amass,DEF,Man Utd,0.18020243499800237
32,680,Eddie Beach,GK,Chelsea,0.08514660217938716
32,817,James Sweet,DEF,Arsenal,0.18020243499800237
32,514,Ryan Sessegnon,DEF,Spurs,0.18020243499800237
32,72,Justin Kluivert,MID,Bournemouth,0.17781985947506024
32,57,Viljami Sinisalo,GK,Aston Villa,0.08514660217938716
32,499,Pierre-Emile Højbjerg,MID,Spurs,0.17781985947506024
32,613,Lesley Ugochukwu,MID,Chelsea,0.17781985947506024
32,724,Jadan Raymond,MID,Crystal Palace,0.17781985947506024
32,601,Arnaut Danjuma Groeneveld,MID,Everton,0.17781985947506024
32,205,Callum Hudson-Odoi,MID,Nott'm Forest,0.17781985947506024
32,24,Kieran Tierney,DEF,Arsenal,0.18020243499800237
32,281,Tim Ream,DEF,Fulham,0.18020243499800237
32,836,Leon Chiwome,FWD,Wolves,0.1876773597187825
32,353,Phil Foden,MID,Man City,0.17781985947506024
32,379,Christian Eriksen,MID,Man Utd,0.17781985947506024
32,552,Fábio Silva,FWD,Wolves,0.1876773597187825
32,790,Ivo Grbic,GK,Sheffield Utd,0.08514660217938716
32,521,Alfie Whiteman,GK,Spurs,0.08514660217938716
32,241,James Tomkins,DEF,Crystal Palace,0.18020243499800237
32,490,William Osula,FWD,Sheffield Utd,0.1876773597187825
32,60,Ollie Watkins,FWD,Aston Villa,0.1876773597187825
32,5,Gabriel dos Santos Magalhães,DEF,Arsenal,0.18020243499800237
32,25,Takehiro Tomiyasu,DEF,Arsenal,0.18020243499800237
32,282,Harrison Reed,MID,Fulham,0.17781985947506024
32,583,Manor Solomon,MID,Spurs,0.17781985947506024
32,11,Marcus Oliveira Alencar,MID,Arsenal,0.17781985947506024
32,375,Eric Bailly,DEF,Man Utd,0.18020243499800237
32,218,Hakim Ziyech,MID,Chelsea,0.17781985947506024
32,541,Gianluca Scamacca,FWD,West Ham,0.1876773597187825
32,660,Wilson Odobert,MID,Burnley,0.17781985947506024
32,731,Jili Buyabu,DEF,Sheffield Utd,0.18020243499800237
32,742,Benicio Baker-Boaitey,MID,Brighton,0.17781985947506024
32,110,Christian Nørgaard,MID,Brentford,0.17781985947506024
32,421,Sean Longstaff,MID,Newcastle,0.17781985947506024
32,582,Pelly Ruddock Mpanzu,MID,Luton,0.17781985947506024
32,535,Danny Ings,FWD,West Ham,0.1876773597187825
32,400,Donny van de Beek,MID,Man Utd,0.17781985947506024
32,438,Giulian Biancone,DEF,Nott'm Forest,0.18020243499800237
32,21,Albert Sambi Lokonga,MID,Luton,0.17781985947506024
32,171,Luke McNally,DEF,Burnley,0.18020243499800237
32,143,Kaoru Mitoma,MID,Brighton,0.17781985947506024
32,190,Abdul Rahman Baba,DEF,Chelsea,0.18020243499800237
32,78,Dango Ouattara,MID,Bournemouth,0.17781985947506024
32,483,Daniel Jebbison,FWD,Sheffield Utd,0.1876773597187825
32,122,Simon Adingra,MID,Brighton,0.17781985947506024
32,180,Scott Twine,MID,Burnley,0.17781985947506024
32,798,Daiki Hashioka,DEF,Luton,0.18020243499800237
32,696,Murillo Santiago Costa dos Santos,DEF,Nott'm Forest,0.18020243499800237
32,769,Owen Hesketh,MID,Wolves,0.17781985947506024
32,366,Sergio Gómez,DEF,Man City,0.18020243499800237
32,668,Wataru Endo,MID,Liverpool,0.17781985947506024
32,442,Danilo dos Santos de Oliveira,MID,Nott'm Forest,0.17781985947506024
32,113,David Raya Martin,GK,Arsenal,0.08514660217938716
32,423,Jacob Murphy,MID,Newcastle,0.17781985947506024
32,736,Reuell Walters,DEF,Arsenal,0.18020243499800237
32,614,Thomas Kaminski,GK,Luton,0.08514660217938716
32,738,Amadou Diallo,MID,Newcastle,0.17781985947506024
32,232,Jean-Philippe Mateta,FWD,Crystal Palace,0.1876773597187825
32,827,Dovydas Sasnauskas,DEF,Sheffield Utd,0.18020243499800237
32,79,Ben Pearson,MID,Bournemouth,0.17781985947506024
32,175,Bailey Peacock-Farrell,GK,Burnley,0.08514660217938716
32,445,Felipe Augusto de Almeida Monteiro,DEF,Nott'm Forest,0.18020243499800237
32,20,William Saliba,DEF,Arsenal,0.18020243499800237
32,174,Michael Obafemi,FWD,Burnley,0.1876773597187825
32,252,Ben Godfrey,DEF,Everton,0.18020243499800237
32,821,Franco Umeh-Chibueze,FWD,Crystal Palace,0.1876773597187825
32,182,Victor da Silva,DEF,Burnley,0.18020243499800237
32,244,André Tavares Gomes,MID,Everton,0.17781985947506024
32,519,Destiny Udogie,DEF,Spurs,0.18020243499800237
32,118,Ryan Trevitt,MID,Brentford,0.17781985947506024
32,332,Dion Pereira,MID,Luton,0.17781985947506024
32,763,Tayo Adaramola,DEF,Crystal Palace,0.18020243499800237
32,176,Connor Roberts,DEF,Burnley,0.18020243499800237
32,43,Douglas Luiz Soares de Paulo,MID,Aston Villa,0.17781985947506024
32,101,Mark Flekken,GK,Brentford,0.08514660217938716
32,409,Martin Dubravka,GK,Newcastle,0.08514660217938716
32,629,James McConnell,MID,Liverpool,0.17781985947506024
32,292,Stefan Bajcetic,MID,Liverpool,0.17781985947506024
32,267,Andreas Hoelgebaum Pereira,MID,Fulham,0.17781985947506024
32,682,Joseph Johnson,DEF,Luton,0.18020243499800237
32,826,Toby Collyer,MID,Man Utd,0.17781985947506024
32,198,Marc Cucurella Saseta,DEF,Chelsea,0.18020243499800237
32,280,João Palhinha Gonçalves,MID,Fulham,0.17781985947506024
32,494,Bryan Gil Salvatierra,MID,Spurs,0.17781985947506024
32,830,Jimi Tauriainen,MID,Chelsea,0.17781985947506024
32,467,Neco Williams,DEF,Nott'm Forest,0.18020243499800237
32,404,Harrison Ashby,DEF,Newcastle,0.18020243499800237
32,133,Billy Gilmour,MID,Brighton,0.17781985947506024
32,480,John Egan,DEF,Sheffield Utd,0.18020243499800237
32,98,Mikkel Damsgaard,MID,Brentford,0.17781985947506024
32,577,Angelo Ogbonna,DEF,West Ham,0.18020243499800237
32,474,Chris Basham,DEF,Sheffield Utd,0.18020243499800237
32,847,Teddy Sharman-Lowe,GK,Chelsea,0.08514660217938716
32,516,Son Heung-min,MID,Spurs,0.17781985947506024
32,298,Joe Gomez,DEF,Liverpool,0.18020243499800237
32,80,Darren Randolph,GK,Bournemouth,0.08514660217938716
32,536,Ben Johnson,DEF,West Ham,0.18020243499800237
32,506,Pedro Porro,DEF,Spurs,0.18020243499800237
32,159,Manuel Benson Hedilazio,MID,Burnley,0.17781985947506024
32,197,Levi Colwill,DEF,Chelsea,0.18020243499800237
32,460,Jonathan Panzo,DEF,Nott'm Forest,0.18020243499800237
32,534,Pablo Fornals Malla,MID,West Ham,0.17781985947506024
32,314,Elijah Adebayo,FWD,Luton,0.1876773597187825
32,103,Rico Henry,DEF,Brentford,0.18020243499800237
32,782,Owen Beck,DEF,Liverpool,0.18020243499800237
32,627,Bobby Clark,MID,Liverpool,0.17781985947506024
32,531,Flynn Downes,MID,West Ham,0.17781985947506024
32,802,Max Kinsey,DEF,Bournemouth,0.18020243499800237
32,619,Ben Greenwood,DEF,Bournemouth,0.18020243499800237
32,740,Alfie Dorrington,DEF,Spurs,0.18020243499800237
32,432,Joe Willock,MID,Newcastle,0.17781985947506024
32,422,Javier Manquillo Gaitán,DEF,Newcastle,0.18020243499800237
32,388,Kobbie Mainoo,MID,Man Utd,0.17781985947506024
32,246,Dominic Calvert-Lewin,FWD,Everton,0.1876773597187825
32,351,Tommy Doyle,MID,Wolves,0.17781985947506024
32,100,Halil Dervişoğlu,FWD,Brentford,0.1876773597187825
32,330,Gabriel Osho,DEF,Luton,0.18020243499800237
32,135,João Pedro Junqueira de Jesus,FWD,Brighton,0.1876773597187825
32,752,Vincent Angelini,GK,Brentford,0.08514660217938716
32,544,Kurt Zouma,DEF,West Ham,0.18020243499800237
32,461,Omar Richards,DEF,Nott'm Forest,0.18020243499800237
32,741,Mark O’Mahony,FWD,Brighton,0.1876773597187825
32,486,Iliman Ndiaye,FWD,Sheffield Utd,0.1876773597187825
32,337,Elliot Thorpe,MID,Luton,0.17781985947506024
32,348,Shea Charles,MID,Man City,0.17781985947506024
32,510,Joe Rodon,DEF,Spurs,0.18020243499800237
32,833,Habeeb Ogunneye,DEF,Man Utd,0.18020243499800237
32,258,Neal Maupay,FWD,Brentford,0.1876773597187825
32,221,Jordan Ayew,MID,Crystal Palace,0.17781985947506024
32,538,Divin Mubama,FWD,West Ham,0.1876773597187825
32,306,Nathaniel Phillips,DEF,Liverpool,0.18020243499800237
32,309,Dominik Szoboszlai,MID,Liverpool,0.17781985947506024
32,730,Ryan Oné,MID,Sheffield Utd,0.17781985947506024
32,796,Kristian Sekularac,MID,Fulham,0.17781985947506024
32,320,Jordan Clark,MID,Luton,0.17781985947506024
32,761,Elijah Campbell,DEF,Everton,0.18020243499800237
32,209,Mason Mount,MID,Man Utd,0.17781985947506024
32,91,Ellery Balcombe,GK,Brentford,0.08514660217938716
32,64,David Brooks,MID,Bournemouth,0.17781985947506024
32,134,Pascal Groß,MID,Brighton,0.17781985947506024
32,50,John McGinn,MID,Aston Villa,0.17781985947506024
32,743,Treymaurice Nyoni,MID,Liverpool,0.17781985947506024
32,505,Tanguy Ndombélé Alvaro,MID,Spurs,0.17781985947506024
32,739,Ben Parkinson,FWD,Newcastle,0.1876773597187825
32,239,Jairo Riedewald,MID,Crystal Palace,0.17781985947506024
32,119,Yoane Wissa,FWD,Brentford,0.1876773597187825
32,578,Reiss Nelson,MID,Arsenal,0.17781985947506024
32,713,Ibrahim Sangaré,MID,Nott'm Forest,0.17781985947506024
32,394,Facundo Pellistri Rebollo,MID,Man Utd,0.17781985947506024
32,69,James Hill,DEF,Bournemouth,0.18020243499800237
32,561,Bruno Cavaco Jordão,MID,Wolves,0.17781985947506024
32,147,Kjell Scherpen,GK,Brighton,0.08514660217938716
32,363,Máximo Perrone,MID,Man City,0.17781985947506024
32,278,Aleksandar Mitrović,FWD,Fulham,0.1876773597187825
32,115,Kevin Schade,MID,Brentford,0.17781985947506024
32,457,Moussa Niakhaté,DEF,Nott'm Forest,0.18020243499800237
32,581,Paul Dummett,DEF,Newcastle,0.18020243499800237
32,809,Rodrigo Duarte Ribeiro,FWD,Nott'm Forest,0.1876773597187825
32,405,Sven Botman,DEF,Newcastle,0.18020243499800237
32,841,Lewis Warrington,MID,Everton,0.17781985947506024
32,271,Issa Diop,DEF,Fulham,0.18020243499800237
32,17,Aaron Ramsdale,GK,Arsenal,0.08514660217938716
32,845,Odeluga Offiah,DEF,Brighton,0.18020243499800237
32,286,Tosin Adarabioyo,DEF,Fulham,0.18020243499800237
32,290,Trent Alexander-Arnold,DEF,Liverpool,0.18020243499800237
32,184,Anass Zaroury,MID,Burnley,0.17781985947506024
32,131,Pervis Estupiñán,DEF,Brighton,0.18020243499800237
32,698,Enso González,MID,Wolves,0.17781985947506024
32,328,Chiedozie Ogbene,FWD,Luton,0.1876773597187825
32,799,Romain Faivre,MID,Bournemouth,0.17781985947506024
32,295,Harvey Elliott,MID,Liverpool,0.17781985947506024
32,576,Jack Robinson,DEF,Sheffield Utd,0.18020243499800237
32,780,Detlef Esapa Osong,FWD,Nott'm Forest,0.1876773597187825
32,12,Gabriel Martinelli Silva,MID,Arsenal,0.17781985947506024
32,183,Wout Weghorst,FWD,Burnley,0.1876773597187825
32,44,Jhon Durán,FWD,Aston Villa,0.1876773597187825
32,345,Oscar Bobb,MID,Man City,0.17781985947506024
32,523,Michail Antonio,FWD,West Ham,0.1876773597187825
32,722,Jamie Donley,FWD,Spurs,0.1876773597187825
32,214,Malang Sarr,DEF,Chelsea,0.18020243499800237
32,834,Benjamin Arthur,DEF,Brentford,0.18020243499800237
32,589,Ângelo Gabriel Borges Damaceno,MID,Chelsea,0.17781985947506024
32,639,Micky van de Ven,DEF,Spurs,0.18020243499800237
32,662,Adama Traoré,MID,Fulham,0.17781985947506024
32,399,Shola Shoretire,FWD,Man Utd,0.1876773597187825
32,720,Ademola Ola-Adebomi,FWD,Crystal Palace,0.1876773597187825
32,391,Lisandro Martínez,DEF,Man Utd,0.18020243499800237
32,456,Alex Mighten,MID,Nott'm Forest,0.17781985947506024
32,108,Bryan Mbeumo,MID,Brentford,0.17781985947506024
32,16,Nicolas Pépé,MID,Arsenal,0.17781985947506024
32,815,Mauro Bandeira,MID,Arsenal,0.17781985947506024
32,304,Alexis Mac Allister,MID,Liverpool,0.17781985947506024
32,721,David Ozoh,MID,Crystal Palace,0.17781985947506024
32,759,Sydie Peck,MID,Sheffield Utd,0.17781985947506024
32,618,Omari Kellyman,MID,Aston Villa,0.17781985947506024
32,58,Youri Tielemans,MID,Aston Villa,0.17781985947506024
32,446,Remo Freuler,MID,Nott'm Forest,0.17781985947506024
32,89,Illia Zabarnyi,DEF,Bournemouth,0.18020243499800237
32,646,Karl Hein,GK,Arsenal,0.08514660217938716
32,127,Aaron Connolly,FWD,Brighton,0.1876773597187825
32,385,Dean Henderson,GK,Crystal Palace,0.08514660217938716
32,177,Jay Rodriguez,FWD,Burnley,0.1876773597187825
32,83,Marcos Senesi,DEF,Bournemouth,0.18020243499800237
32,30,Granit Xhaka,MID,Arsenal,0.17781985947506024
32,596,James Trafford,GK,Burnley,0.08514660217938716
32,407,Dan Burn,DEF,Newcastle,0.18020243499800237
32,525,Saïd Benrahma,MID,West Ham,0.17781985947506024
32,434,Brandon Aguilera Zamora,MID,Nott'm Forest,0.17781985947506024
32,811,Dominic Sadi,MID,Bournemouth,0.17781985947506024
32,650,Tyler Onyango,MID,Everton,0.17781985947506024
32,762,Mahamadou Susoho,MID,Man City,0.17781985947506024
32,336,Joe Taylor,FWD,Luton,0.1876773597187825
32,663,Gustavo Hamer,MID,Sheffield Utd,0.17781985947506024
32,408,Karl Darlow,GK,Newcastle,0.08514660217938716
32,701,Saman Ghoddos,MID,Brentford,0.17781985947506024
32,220,Joachim Andersen,DEF,Crystal Palace,0.18020243499800237
32,716,Alfie Gilchrist,DEF,Chelsea,0.18020243499800237
32,319,Allan Campbell,MID,Luton,0.17781985947506024
32,325,Carlos Mendes Gomes,MID,Luton,0.17781985947506024
32,567,Pedro Lomba Neto,MID,Wolves,0.17781985947506024
32,837,Amara Nallo,DEF,Liverpool,0.18020243499800237
32,625,Luc De Fougerolles,DEF,Fulham,0.18020243499800237
32,640,Dane Scarlett,FWD,Spurs,0.1876773597187825
32,42,Lucas Digne,DEF,Aston Villa,0.18020243499800237
32,199,Enzo Fernández,MID,Chelsea,0.17781985947506024
32,775,Ben Brereton,MID,Sheffield Utd,0.17781985947506024
32,428,Matt Targett,DEF,Newcastle,0.18020243499800237
32,253,Demarai Gray,MID,Everton,0.17781985947506024
32,749,Matthew Whittingham,MID,Wolves,0.17781985947506024
32,361,Stefan Ortega Moreno,GK,Man City,0.08514660217938716
32,230,Sam Johnstone,GK,Crystal Palace,0.08514660217938716
32,734,Zack Nelson,MID,Luton,0.17781985947506024
32,788,Yerson Mosquera,DEF,Wolves,0.18020243499800237
32,35,Emiliano Buendía Stati,MID,Aston Villa,0.17781985947506024
32,32,Alexandre Moreno Lopera,DEF,Aston Villa,0.18020243499800237
32,518,Japhet Tanganga,DEF,Spurs,0.18020243499800237
32,52,Marvelous Nakamba,MID,Luton,0.17781985947506024
32,96,Nathan Collins,DEF,Brentford,0.18020243499800237
32,26,Leandro Trossard,MID,Arsenal,0.17781985947506024
32,372,Antony Matheus dos Santos,MID,Man Utd,0.17781985947506024
32,194,Trevoh Chalobah,DEF,Chelsea,0.18020243499800237
32,550,Luke Cundle,MID,Wolves,0.17781985947506024
32,533,Lukasz Fabianski,GK,West Ham,0.08514660217938716
32,772,Ethan Nwaneri,MID,Arsenal,0.17781985947506024
32,785,Callum Marshall,FWD,West Ham,0.1876773597187825
32,633,Tino Livramento,DEF,Newcastle,0.18020243499800237
32,707,Fodé Ballo-Touré,DEF,Fulham,0.18020243499800237
32,357,Aymeric Laporte,DEF,Man City,0.18020243499800237
32,673,Tyler Adams,MID,Bournemouth,0.17781985947506024
32,430,Kieran Trippier,DEF,Newcastle,0.18020243499800237
32,779,Jamie McDonnell,MID,Nott'm Forest,0.17781985947506024
32,509,Richarlison de Andrade,MID,Spurs,0.17781985947506024
32,691,Norberto Bercique Gomes Betuncal,FWD,Everton,0.1876773597187825
32,324,John McAtee,FWD,Luton,0.1876773597187825
32,476,Jayden Bogle,DEF,Sheffield Utd,0.18020243499800237
32,148,Jason Steele,GK,Brighton,0.08514660217938716
32,424,Nick Pope,GK,Newcastle,0.08514660217938716
32,6,Kai Havertz,MID,Arsenal,0.17781985947506024
32,61,Wesley Moraes Ferreira da Silva,FWD,Aston Villa,0.1876773597187825
32,528,Vladimír Coufal,DEF,West Ham,0.18020243499800237
32,396,Marcus Rashford,MID,Man Utd,0.17781985947506024
32,458,Lewis O'Brien,MID,Nott'm Forest,0.17781985947506024
32,132,Evan Ferguson,FWD,Brighton,0.1876773597187825
32,141,Tom McGill,GK,Brighton,0.08514660217938716
32,493,Yves Bissouma,MID,Spurs,0.17781985947506024
32,559,João Victor Gomes da Silva,MID,Wolves,0.17781985947506024
32,249,Abdoulaye Doucouré,MID,Everton,0.17781985947506024
32,804,Enes Ünal,FWD,Bournemouth,0.1876773597187825
32,352,Ederson Santana de Moraes,GK,Man City,0.08514660217938716
32,803,Morgan Rogers,MID,Aston Villa,0.17781985947506024
32,313,Virgil van Dijk,DEF,Liverpool,0.18020243499800237
32,439,Willy Boly,DEF,Nott'm Forest,0.18020243499800237
32,689,Mohammed Kudus,MID,West Ham,0.17781985947506024
32,392,Scott McTominay,MID,Man Utd,0.17781985947506024
32,711,Andrew Omobamidele,DEF,Nott'm Forest,0.18020243499800237
32,822,Billy Blacker,FWD,Sheffield Utd,0.1876773597187825
32,793,Kaine Kesler-Hayden,DEF,Aston Villa,0.18020243499800237
32,358,Rico Lewis,DEF,Man City,0.18020243499800237
32,382,Alejandro Garnacho,MID,Man Utd,0.17781985947506024
32,715,Jean-Ricner Bellegarde,MID,Wolves,0.17781985947506024
32,251,Jean-Philippe Gbamin,MID,Everton,0.17781985947506024
32,820,Ollie Harrison,MID,Chelsea,0.17781985947506024
32,624,Lewis Dobbin,MID,Everton,0.17781985947506024
32,760,Jenson Metcalfe,MID,Everton,0.17781985947506024
32,359,Riyad Mahrez,MID,Man City,0.17781985947506024
32,571,Matija Šarkić,GK,Wolves,0.08514660217938716
32,27,Auston Trusty,DEF,Sheffield Utd,0.18020243499800237
32,412,Anthony Gordon,MID,Newcastle,0.17781985947506024
32,443,Emmanuel Dennis,FWD,Nott'm Forest,0.1876773597187825
32,222,Nathaniel Clyne,DEF,Crystal Palace,0.18020243499800237
32,310,Thiago Alcántara do Nascimento,MID,Liverpool,0.17781985947506024
32,823,Oliver Arblaster,MID,Sheffield Utd,0.17781985947506024
32,684,Ethan Brierley,MID,Brentford,0.17781985947506024
32,776,Timo Werner,FWD,Spurs,0.1876773597187825
32,553,Ryan Giles,DEF,Luton,0.18020243499800237
32,327,Admiral Muskwe,FWD,Luton,0.1876773597187825
32,642,Edson Álvarez Velázquez,MID,West Ham,0.17781985947506024
32,10,Jakub Kiwior,DEF,Arsenal,0.18020243499800237
32,70,Lloyd Kelly,DEF,Bournemouth,0.18020243499800237
32,260,Vitalii Mykolenko,DEF,Everton,0.18020243499800237
32,648,Aidan Francis-Clarke,DEF,Luton,0.18020243499800237
32,497,Emerson Leite de Souza Junior,DEF,Spurs,0.18020243499800237
32,151,Joël Veltman,DEF,Brighton,0.18020243499800237
32,402,Miguel Almirón Rejala,MID,Newcastle,0.17781985947506024
32,179,Bobby Thomas,DEF,Burnley,0.18020243499800237
32,754,Yago de Santiago Alonso,MID,Spurs,0.17781985947506024
32,102,Charlie Goode,DEF,Brentford,0.18020243499800237
32,726,Luke Chambers,DEF,Liverpool,0.18020243499800237
32,641,Alejo Véliz,FWD,Spurs,0.1876773597187825
32,187,Kepa Arrizabalaga,GK,Chelsea,0.08514660217938716
32,88,Mark Travers,GK,Bournemouth,0.08514660217938716
32,758,Leo Castledine,MID,Chelsea,0.17781985947506024
32,750,Tawanda Chirewa,MID,Wolves,0.17781985947506024
32,765,Sam Proctor,GK,Aston Villa,0.08514660217938716
32,520,Guglielmo Vicario,GK,Spurs,0.08514660217938716
32,413,Isaac Hayden,MID,Newcastle,0.17781985947506024
32,706,Mike Trésor,MID,Burnley,0.17781985947506024
32,419,Jamaal Lascelles,DEF,Newcastle,0.18020243499800237
32,307,Andrew Robertson,DEF,Liverpool,0.18020243499800237
32,503,Giovani Lo Celso,MID,Spurs,0.17781985947506024
32,240,Jeffrey Schlupp,MID,Crystal Palace,0.17781985947506024
32,256,Alex Iwobi,MID,Fulham,0.17781985947506024
32,840,Fletcher Holman,FWD,Wolves,0.1876773597187825
32,297,Cody Gakpo,FWD,Liverpool,0.1876773597187825
32,211,Nicolas Jackson,FWD,Chelsea,0.1876773597187825
32,543,Nikola Vlašić,MID,West Ham,0.17781985947506024
32,138,Adam Lallana,MID,Brighton,0.17781985947506024
32,548,Hugo Bueno López,DEF,Wolves,0.18020243499800237
32,524,Alphonse Areola,GK,West Ham,0.08514660217938716
32,291,Alisson Ramses Becker,GK,Liverpool,0.08514660217938716
32,513,Pape Matar Sarr,MID,Spurs,0.17781985947506024
32,331,Aribim Pepple,FWD,Luton,0.1876773597187825
32,598,Matt Doherty,DEF,Wolves,0.18020243499800237
32,554,Gonçalo Manuel Ganchinho Guedes,MID,Wolves,0.17781985947506024
32,264,Ellis Simms,FWD,Everton,0.1876773597187825
32,560,Jonathan Castro Otto,DEF,Wolves,0.18020243499800237
32,437,Taiwo Awoniyi,FWD,Nott'm Forest,0.1876773597187825
32,114,Mads Roerslev Rasmussen,DEF,Brentford,0.18020243499800237
32,610,Calvin Bassey,DEF,Fulham,0.18020243499800237
32,664,James Ward-Prowse,MID,West Ham,0.17781985947506024
32,311,Konstantinos Tsimikas,DEF,Liverpool,0.18020243499800237
32,128,Mahmoud Dahoud,MID,Brighton,0.17781985947506024
32,609,Ian Maatsen,MID,Chelsea,0.17781985947506024
32,708,Ryan Gravenberch,MID,Liverpool,0.17781985947506024
32,709,Sofyan Amrabat,MID,Man Utd,0.17781985947506024
32,484,Max Lowe,DEF,Sheffield Utd,0.18020243499800237
32,243,Joe Whitworth,GK,Crystal Palace,0.08514660217938716
32,649,Thomas Cannon,FWD,Everton,0.1876773597187825
32,383,Hannibal Mejbri,MID,Man Utd,0.17781985947506024
32,47,Boubacar Kamara,MID,Aston Villa,0.17781985947506024
32,186,Andrey Nascimento dos Santos,MID,Chelsea,0.17781985947506024
32,580,Loris Karius,GK,Newcastle,0.08514660217938716
32,747,Joshua Duffus,MID,Brighton,0.17781985947506024
32,152,Bart Verbruggen,GK,Brighton,0.08514660217938716
32,586,Tahith Chong,MID,Luton,0.17781985947506024
32,56,Morgan Sanson,MID,Aston Villa,0.17781985947506024
32,275,Bernd Leno,GK,Fulham,0.08514660217938716
32,99,Josh Dasilva,MID,Brentford,0.17781985947506024
32,440,Josh Bowler,MID,Nott'm Forest,0.17781985947506024
32,671,Bashir Humphreys,DEF,Chelsea,0.18020243499800237
32,31,Oleksandr Zinchenko,DEF,Arsenal,0.18020243499800237
32,272,Tyrese Francois,MID,Fulham,0.17781985947506024
32,433,Callum Wilson,FWD,Newcastle,0.1876773597187825
32,426,Allan Saint-Maximin,MID,Newcastle,0.17781985947506024
32,773,Lewis Orford,MID,West Ham,0.17781985947506024
32,694,Han-Noah Massengo,MID,Burnley,0.17781985947506024
32,594,Zeki Amdouni,FWD,Burnley,0.1876773597187825
32,123,Steven Alzate,MID,Brighton,0.17781985947506024
32,170,Jóhann Berg Gudmundsson,MID,Burnley,0.17781985947506024
32,665,Tim Krul,GK,Luton,0.08514660217938716
32,39,Keinan Davis,FWD,Aston Villa,0.1876773597187825
32,373,Bruno Borges Fernandes,MID,Man Utd,0.17781985947506024
32,87,Hamed Traorè,MID,Bournemouth,0.17781985947506024
32,146,Jeremy Sarmiento Morante,MID,Brighton,0.17781985947506024
32,602,Issa Kaboré,DEF,Luton,0.18020243499800237
32,464,Sam Surridge,FWD,Nott'm Forest,0.1876773597187825
32,318,Reece Burke,DEF,Luton,0.18020243499800237
32,657,Jesurun Rak-Sakyi,MID,Crystal Palace,0.17781985947506024
32,699,Clément Lenglet,DEF,Aston Villa,0.18020243499800237
32,8,Gabriel Fernando de Jesus,FWD,Arsenal,0.1876773597187825
32,674,Hannes Delcroix,DEF,Burnley,0.18020243499800237
32,173,Dara O'Shea,DEF,Burnley,0.18020243499800237
32,496,Eric Dier,DEF,Spurs,0.18020243499800237
32,783,Kaide Gordon,MID,Liverpool,0.17781985947506024
32,242,Joel Ward,DEF,Crystal Palace,0.18020243499800237
32,603,Harvey Barnes,MID,Newcastle,0.17781985947506024
32,791,Cesare Casadei,MID,Chelsea,0.17781985947506024
32,356,Mateo Kovačić,MID,Man City,0.17781985947506024
32,824,Jayden Danns,FWD,Liverpool,0.1876773597187825
32,588,Ashley Young,DEF,Everton,0.18020243499800237
32,530,Aaron Cresswell,DEF,West Ham,0.18020243499800237
32,508,Sergio Reguilón,DEF,Brentford,0.18020243499800237
32,447,Morgan Gibbs-White,MID,Nott'm Forest,0.17781985947506024
32,395,Raphaël Varane,DEF,Man Utd,0.18020243499800237
32,606,Igor Julio dos Santos de Paulo,DEF,Brighton,0.18020243499800237
32,374,Brandon Williams,DEF,Man Utd,0.18020243499800237
32,502,Hugo Lloris,GK,Spurs,0.08514660217938716
32,427,Fabian Schär,DEF,Newcastle,0.18020243499800237
32,453,Orel Mangala,MID,Nott'm Forest,0.17781985947506024
32,835,Dermot Mee,GK,Man Utd,0.08514660217938716
32,800,Noha Lemina,MID,Wolves,0.17781985947506024
32,381,Frederico Rodrigues de Paula Santos,MID,Man Utd,0.17781985947506024
32,818,Joe Gauci,GK,Aston Villa,0.08514660217938716
32,284,Marek Rodák,GK,Fulham,0.08514660217938716
32,92,Shandon Baptiste,MID,Brentford,0.17781985947506024
32,136,Michał Karbownik,DEF,Brighton,0.18020243499800237
32,623,Mason Burstow,FWD,Chelsea,0.1876773597187825
32,597,André Onana,GK,Man Utd,0.08514660217938716
32,343,Julián Álvarez,FWD,Man City,0.1876773597187825
32,527,Maxwel Cornet,MID,West Ham,0.17781985947506024
32,274,Terence Kongolo,DEF,Fulham,0.18020243499800237
32,301,Caoimhin Kelleher,GK,Liverpool,0.08514660217938716
32,269,Ivan Neves Abreu Cavaleiro,MID,Fulham,0.17781985947506024
32,75,Chris Mepham,DEF,Bournemouth,0.18020243499800237
32,125,Facundo Buonanotte,MID,Brighton,0.17781985947506024
32,158,Samuel Bastien,MID,Burnley,0.17781985947506024
32,481,John Fleck,MID,Sheffield Utd,0.17781985947506024
32,279,Rodrigo Muniz Carvalho,FWD,Fulham,0.1876773597187825
32,172,Arijanet Muric,GK,Burnley,0.08514660217938716
32,843,Samy Chouchane,MID,Brighton,0.17781985947506024
32,165,Josh Cullen,MID,Burnley,0.17781985947506024
32,819,Ishé Samuels-Smith,DEF,Chelsea,0.18020243499800237
32,116,Thomas Strakosha,GK,Brentford,0.08514660217938716
32,4,Fábio Ferreira Vieira,MID,Arsenal,0.17781985947506024
32,745,Michael Ndiweni,FWD,Newcastle,0.1876773597187825
32,223,Cheick Doucouré,MID,Crystal Palace,0.17781985947506024
32,555,Joe Hodge,MID,Wolves,0.17781985947506024
32,632,Omari Forson,MID,Man Utd,0.17781985947506024
32,305,Joel Matip,DEF,Liverpool,0.18020243499800237
32,728,Callum Scanlon,DEF,Liverpool,0.18020243499800237
32,512,Davinson Sánchez,DEF,Spurs,0.18020243499800237
32,839,Dominic Dos Santos Martins,MID,Luton,0.17781985947506024
32,551,Craig Dawson,DEF,Wolves,0.18020243499800237
32,573,Toti António Gomes,DEF,Wolves,0.18020243499800237
32,522,Nayef Aguerd,DEF,West Ham,0.18020243499800237
32,377,Diogo Dalot Teixeira,DEF,Man Utd,0.18020243499800237
32,261,Amadou Onana,MID,Everton,0.17781985947506024
32,289,Adrián San Miguel del Castillo,GK,Liverpool,0.08514660217938716
32,645,Youssef Ramalho Chermiti,FWD,Everton,0.1876773597187825
32,19,Bukayo Saka,MID,Arsenal,0.17781985947506024
32,109,Ben Mee,DEF,Brentford,0.18020243499800237
32,469,Joe Worrall,DEF,Nott'm Forest,0.18020243499800237
32,41,Diego Carlos Santos Silva,DEF,Aston Villa,0.18020243499800237
32,66,Lewis Cook,MID,Bournemouth,0.17781985947506024
32,547,Bendegúz Bolla,DEF,Wolves,0.18020243499800237
32,203,Malo Gusto,DEF,Chelsea,0.18020243499800237
32,316,Amari'i Bell,DEF,Luton,0.18020243499800237
32,248,Dele Alli,MID,Everton,0.17781985947506024
32,208,Noni Madueke,MID,Chelsea,0.17781985947506024
32,595,Milos Kerkez,DEF,Bournemouth,0.18020243499800237
32,317,Luke Berry,MID,Luton,0.17781985947506024
32,45,Kortney Hause,DEF,Aston Villa,0.18020243499800237
32,229,Will Hughes,MID,Crystal Palace,0.17781985947506024
32,415,Alexander Isak,FWD,Newcastle,0.1876773597187825
32,658,John-Kymani Gordon,FWD,Crystal Palace,0.1876773597187825
32,451,Cheikhou Kouyaté,MID,Nott'm Forest,0.17781985947506024
32,2,Cédric Alves Soares,DEF,Arsenal,0.18020243499800237
32,188,Pierre-Emerick Aubameyang,FWD,Chelsea,0.1876773597187825
32,418,Garang Kuol,MID,Newcastle,0.17781985947506024
32,666,Tom Davies,MID,Sheffield Utd,0.17781985947506024
32,656,Antwoine Hackford,FWD,Sheffield Utd,0.1876773597187825
32,735,Charles Sagoe,MID,Arsenal,0.17781985947506024
32,112,Ethan Pinnock,DEF,Brentford,0.18020243499800237
32,651,Jay Stansfield,FWD,Fulham,0.1876773597187825
32,808,Matz Sels,GK,Nott'm Forest,0.08514660217938716
32,470,Ryan Yates,MID,Nott'm Forest,0.17781985947506024
32,672,Nicolò Zaniolo,MID,Aston Villa,0.17781985947506024
32,111,Frank Onyeka,MID,Brentford,0.17781985947506024
32,219,Naouirou Ahamada,MID,Crystal Palace,0.17781985947506024
32,63,Philip Billing,MID,Bournemouth,0.17781985947506024
32,215,Gabriel Słonina,GK,Chelsea,0.08514660217938716
32,228,Marc Guéhi,DEF,Crystal Palace,0.18020243499800237
32,247,Seamus Coleman,DEF,Everton,0.18020243499800237
32,294,Diogo Teixeira da Silva,MID,Liverpool,0.17781985947506024
32,652,Matthew Dibley-Dias,MID,Fulham,0.17781985947506024
32,360,James McAtee,MID,Sheffield Utd,0.17781985947506024
32,733,Valintino Adedokun,DEF,Brentford,0.18020243499800237
32,355,Erling Haaland,FWD,Man City,0.1876773597187825
32,163,Jack Cork,MID,Burnley,0.17781985947506024
32,390,Anthony Martial,FWD,Man Utd,0.1876773597187825
32,154,Danny Welbeck,FWD,Brighton,0.1876773597187825
32,287,Carlos Vinícius Alves Morais,FWD,Fulham,0.1876773597187825
32,604,Olu Aina,DEF,Nott'm Forest,0.18020243499800237
32,757,Conor Bradley,DEF,Liverpool,0.18020243499800237
32,365,Rodrigo Hernandez,MID,Man City,0.17781985947506024
32,792,Daniel Muñoz,DEF,Crystal Palace,0.18020243499800237
32,386,Victor Lindelöf,DEF,Man Utd,0.18020243499800237
32,349,Kevin De Bruyne,MID,Man City,0.17781985947506024
32,636,George Shelvey,GK,Nott'm Forest,0.08514660217938716
32,659,Lucas Bergström,GK,Chelsea,0.08514660217938716
32,124,Yasin Ayari,MID,Brighton,0.17781985947506024
32,635,Lewis Miley,MID,Newcastle,0.17781985947506024
32,667,Roméo Lavia,MID,Chelsea,0.17781985947506024
32,329,Fred Onyedinma,MID,Luton,0.17781985947506024
32,462,Gustavo Henrique Furtado Scarpa,MID,Nott'm Forest,0.17781985947506024
32,104,Aaron Hickey,DEF,Brentford,0.18020243499800237
32,94,Mads Bidstrup,MID,Brentford,0.17781985947506024
32,140,Solly March,MID,Brighton,0.17781985947506024
32,200,David Datro Fofana,FWD,Burnley,0.1876773597187825
32,540,Declan Rice,MID,Arsenal,0.17781985947506024
32,748,Joe Hugill,FWD,Man Utd,0.1876773597187825
32,137,Kacper Kozłowski,MID,Brighton,0.17781985947506024
32,81,Joe Rothwell,MID,Bournemouth,0.17781985947506024
32,638,Vini de Souza Costa,MID,Sheffield Utd,0.17781985947506024
32,628,Ben Doak,MID,Liverpool,0.17781985947506024
32,475,Sander Berge,MID,Burnley,0.17781985947506024
32,296,Fabio Henrique Tavares,MID,Liverpool,0.17781985947506024
32,654,Louie Marsh,FWD,Sheffield Utd,0.1876773597187825
32,766,Willy Kambwala,DEF,Man Utd,0.18020243499800237
32,485,Oliver McBurnie,FWD,Sheffield Utd,0.1876773597187825
32,106,Mathias Jensen,MID,Brentford,0.17781985947506024
32,323,Matt Macey,GK,Luton,0.08514660217938716
32,201,Wesley Fofana,DEF,Chelsea,0.18020243499800237
32,68,Ryan Fredericks,DEF,Bournemouth,0.18020243499800237
32,563,Max Kilman,DEF,Wolves,0.18020243499800237
32,342,Nathan Aké,DEF,Man City,0.18020243499800237
32,797,Benjamin Fredrick,DEF,Brentford,0.18020243499800237
32,204,Lewis Hall,DEF,Newcastle,0.18020243499800237
32,677,Deivid Washington de Souza Eugênio,FWD,Chelsea,0.1876773597187825
32,403,Elliot Anderson,MID,Newcastle,0.17781985947506024
32,686,Oliwier Zych,GK,Aston Villa,0.08514660217938716
32,210,Mykhailo Mudryk,MID,Chelsea,0.17781985947506024
32,777,Radu Dragusin,DEF,Spurs,0.18020243499800237
32,67,Siriki Dembélé,MID,Bournemouth,0.17781985947506024
32,501,Dejan Kulusevski,MID,Spurs,0.17781985947506024
32,568,Daniel Castelo Podence,MID,Wolves,0.17781985947506024
32,202,Conor Gallagher,MID,Chelsea,0.17781985947506024
32,806,Maxime Esteve,DEF,Burnley,0.18020243499800237
32,226,Eberechi Eze,MID,Crystal Palace,0.17781985947506024
32,463,Jonjo Shelvey,MID,Nott'm Forest,0.17781985947506024
32,537,Thilo Kehrer,DEF,West Ham,0.18020243499800237
32,770,Ty Barnett,MID,Wolves,0.17781985947506024
32,719,Mackenzie Hunt,MID,Everton,0.17781985947506024
32,157,Ameen Al-Dakhil,DEF,Burnley,0.18020243499800237
32,466,Hwang Ui-jo,FWD,Nott'm Forest,0.1876773597187825
32,130,Julio Enciso,MID,Brighton,0.17781985947506024
32,692,Steven Benda,GK,Fulham,0.08514660217938716
32,77,Norberto Murara Neto,GK,Bournemouth,0.08514660217938716
32,678,Jérémy Doku,MID,Man City,0.17781985947506024
32,452,Richie Laryea,DEF,Nott'm Forest,0.18020243499800237
32,810,Joshua King,MID,Fulham,0.17781985947506024
32,283,Antonee Robinson,DEF,Fulham,0.18020243499800237
32,558,Raúl Jiménez,FWD,Fulham,0.1876773597187825
32,339,Louie Watson,MID,Luton,0.17781985947506024
32,557,Hwang Hee-chan,MID,Wolves,0.17781985947506024
32,591,Willian Borges da Silva,MID,Fulham,0.17781985947506024
32,838,Josh Acheampong,DEF,Chelsea,0.18020243499800237
32,477,Rhian Brewster,FWD,Sheffield Utd,0.1876773597187825
32,575,Tom Lockyer,DEF,Luton,0.18020243499800237
32,263,Jordan Pickford,GK,Everton,0.08514660217938716
32,620,Michael Olakigbe,MID,Brentford,0.17781985947506024
32,587,Anis Slimane,MID,Sheffield Utd,0.17781985947506024
32,406,Bruno Guimarães Rodriguez Moura,MID,Newcastle,0.17781985947506024
32,410,Ryan Fraser,MID,Newcastle,0.17781985947506024
32,273,Anthony Knockaert,MID,Fulham,0.17781985947506024
32,387,Harry Maguire,DEF,Man Utd,0.18020243499800237
32,590,Matheus Santos Carneiro Da Cunha,FWD,Wolves,0.1876773597187825
32,768,Rhys Bennett,DEF,Man Utd,0.18020243499800237
32,549,Francisco Jorge Tomás Oliveira,MID,Wolves,0.17781985947506024
32,556,Ki-Jana Hoever,DEF,Wolves,0.18020243499800237
32,608,Jacob Bruun Larsen,MID,Burnley,0.17781985947506024
32,454,Loïc Mbe Soh,DEF,Nott'm Forest,0.18020243499800237
32,599,Moussa Diaby,MID,Aston Villa,0.17781985947506024
32,321,Alfie Doughty,DEF,Luton,0.18020243499800237
32,778,James Wright,GK,Aston Villa,0.08514660217938716
32,346,João Cancelo,DEF,Man City,0.18020243499800237
32,584,Pau Torres,DEF,Aston Villa,0.18020243499800237
32,697,Santiago Bueno,DEF,Wolves,0.18020243499800237
32,3,Mohamed Elneny,MID,Arsenal,0.17781985947506024
32,245,Jarrad Branthwaite,DEF,Everton,0.18020243499800237
32,825,Kaden Rodney,MID,Crystal Palace,0.17781985947506024
32,14,Martin Ødegaard,MID,Arsenal,0.17781985947506024
32,566,Matheus Luiz Nunes,MID,Man City,0.17781985947506024
32,683,Luke Harris,MID,Fulham,0.17781985947506024
32,564,Tom King,GK,Wolves,0.08514660217938716
32,350,Rúben Gato Alves Dias,DEF,Man City,0.18020243499800237
32,333,Dan Potts,DEF,Luton,0.18020243499800237
32,517,Djed Spence,DEF,Spurs,0.18020243499800237
32,693,Luke Thomas,DEF,Sheffield Utd,0.18020243499800237
32,33,Cameron Archer,FWD,Sheffield Utd,0.1876773597187825
32,49,Emiliano Martínez Romero,GK,Aston Villa,0.08514660217938716
32,270,Bobby De Cordova-Reid,MID,Fulham,0.17781985947506024
32,542,Tomáš Souček,MID,West Ham,0.17781985947506024
32,630,Ross Barkley,MID,Luton,0.17781985947506024
32,679,Gonzalo Montiel,DEF,Nott'm Forest,0.18020243499800237
32,801,Giovanni Reyna,MID,Nott'm Forest,0.17781985947506024
32,616,Joško Gvardiol,DEF,Man City,0.18020243499800237
32,362,Cole Palmer,MID,Chelsea,0.17781985947506024
32,507,Ivan Perišić,DEF,Spurs,0.18020243499800237
32,472,Jordan Amissah,GK,Sheffield Utd,0.08514660217938716
32,376,Carlos Henrique Casimiro,MID,Man Utd,0.17781985947506024
32,384,Tom Heaton,GK,Man Utd,0.08514660217938716
32,814,Jacob Wright,MID,Man City,0.17781985947506024
32,312,Sepp van den Berg,DEF,Liverpool,0.18020243499800237
32,471,Anel Ahmedhodžić,DEF,Sheffield Utd,0.18020243499800237
32,643,Max Aarons,DEF,Bournemouth,0.18020243499800237
32,637,Josh Powell,DEF,Nott'm Forest,0.18020243499800237
32,511,Cristian Romero,DEF,Spurs,0.18020243499800237
32,546,Daniel Bentley,GK,Wolves,0.08514660217938716
32,831,Axel Piesold,MID,Luton,0.17781985947506024
32,185,Ethan Ampadu,DEF,Chelsea,0.18020243499800237
32,150,Jan Paul van Hecke,DEF,Brighton,0.18020243499800237
32,592,Yasser Larouci,DEF,Sheffield Utd,0.18020243499800237
32,196,Carney Chukwuemeka,MID,Chelsea,0.17781985947506024
32,326,Carlton Morris,FWD,Luton,0.1876773597187825
32,710,Odysseas Vlachodimos,GK,Nott'm Forest,0.08514660217938716
32,746,Ben Jackson,DEF,Brighton,0.18020243499800237
32,829,George Earthy,MID,West Ham,0.17781985947506024
32,479,Adam Davies,GK,Sheffield Utd,0.08514660217938716
32,744,Myles Peart-Harris,MID,Brentford,0.17781985947506024
32,234,Tyrick Mitchell,DEF,Crystal Palace,0.18020243499800237
32,504,James Maddison,MID,Spurs,0.17781985947506024
32,340,Cauley Woodrow,FWD,Luton,0.1876773597187825
32,308,Mohamed Salah,MID,Liverpool,0.17781985947506024
32,500,Harry Kane,FWD,Spurs,0.1876773597187825
32,367,Zack Steffen,GK,Man City,0.08514660217938716
32,82,Antoine Semenyo,FWD,Bournemouth,0.1876773597187825
32,737,Bradley Ibrahim,MID,Arsenal,0.17781985947506024
32,695,Altay Bayindir,GK,Man Utd,0.08514660217938716
32,213,Christian Pulisic,MID,Chelsea,0.17781985947506024
32,153,Adam Webster,DEF,Brighton,0.18020243499800237
32,293,Darwin Núñez Ribeiro,FWD,Liverpool,0.1876773597187825
32,611,Axel Disasi,DEF,Chelsea,0.18020243499800237
32,156,Enock Agyei,MID,Burnley,0.17781985947506024
32,1,Folarin Balogun,FWD,Arsenal,0.1876773597187825
32,51,Tyrone Mings,DEF,Aston Villa,0.18020243499800237
32,712,Nicolás Domínguez,MID,Nott'm Forest,0.17781985947506024
32,529,Conor Coventry,MID,West Ham,0.17781985947506024
32,478,Ismaila Coulibaly,MID,Sheffield Utd,0.17781985947506024
32,161,Josh Brownhill,MID,Burnley,0.17781985947506024
32,498,Fraser Forster,GK,Spurs,0.08514660217938716
32,231,Jefferson Lerma Solís,MID,Crystal Palace,0.17781985947506024
32,322,Luke Freeman,MID,Luton,0.17781985947506024
32,129,Lewis Dunk,DEF,Brighton,0.18020243499800237
32,189,César Azpilicueta,DEF,Chelsea,0.18020243499800237
32,756,Marcelo de Araújo Pitaluga Filho,GK,Liverpool,0.08514660217938716
32,805,Lorenz Assignon,DEF,Burnley,0.18020243499800237
32,441,Steve Cook,DEF,Nott'm Forest,0.18020243499800237
32,167,Hjalmar Ekdal,DEF,Burnley,0.18020243499800237
32,370,Alex Telles,DEF,Man Utd,0.18020243499800237
32,755,Luca Barrington,MID,Brighton,0.17781985947506024
32,569,José Malheiro de Sá,GK,Wolves,0.08514660217938716
32,266,João Neves Virgínia,GK,Everton,0.08514660217938716
32,276,Saša Lukić,MID,Fulham,0.17781985947506024
32,74,Emiliano Marcondes,MID,Bournemouth,0.17781985947506024
32,794,Joe White,MID,Newcastle,0.17781985947506024
32,55,Jacob Ramsey,MID,Aston Villa,0.17781985947506024
32,429,Sandro Tonali,MID,Newcastle,0.17781985947506024
32,771,Micah Hamilton,MID,Man City,0.17781985947506024
32,704,Nathan Fraser,FWD,Wolves,0.1876773597187825
32,107,Keane Lewis-Potter,MID,Brentford,0.17781985947506024
32,259,Dwight McNeil,MID,Everton,0.17781985947506024
32,786,Cameron Peupion,MID,Brighton,0.17781985947506024
32,126,Moisés Caicedo Corozo,MID,Chelsea,0.17781985947506024
32,9,Jorge Luiz Frello Filho,MID,Arsenal,0.17781985947506024
32,285,Kenny Tete,DEF,Fulham,0.18020243499800237
32,787,Harvey Griffiths,MID,Wolves,0.17781985947506024
32,162,Darko Churlinov,MID,Burnley,0.17781985947506024
32,661,Jack Harrison,MID,Everton,0.17781985947506024
32,338,Jack Walton,GK,Luton,0.08514660217938716
32,688,Timothy Castagne,DEF,Fulham,0.18020243499800237
32,84,Adam Smith,DEF,Bournemouth,0.18020243499800237
32,166,CJ Egan-Riley,DEF,Burnley,0.18020243499800237
32,207,Romelu Lukaku Bolingoli,FWD,Chelsea,0.1876773597187825
32,250,James Garner,MID,Everton,0.17781985947506024
32,217,Thiago Emiliano da Silva,DEF,Chelsea,0.18020243499800237
32,7,Rob Holding,DEF,Crystal Palace,0.18020243499800237
32,401,Aaron Wan-Bissaka,DEF,Man Utd,0.18020243499800237
32,149,Deniz Undav,FWD,Brighton,0.1876773597187825
32,380,Álvaro Fernández Carreras,DEF,Man Utd,0.18020243499800237
32,59,Bertrand Traoré,MID,Aston Villa,0.17781985947506024
32,262,Nathan Patterson,DEF,Everton,0.18020243499800237
32,212,Christopher Nkunku,FWD,Chelsea,0.1876773597187825
32,436,Serge Aurier,DEF,Nott'm Forest,0.18020243499800237
32,268,Tom Cairney,MID,Fulham,0.17781985947506024
32,435,Harry Arter,MID,Nott'm Forest,0.17781985947506024
32,718,Alex Matos,MID,Chelsea,0.17781985947506024
32,444,Mohamed Dräger,DEF,Nott'm Forest,0.18020243499800237
32,18,Rúnar Alex Rúnarsson,GK,Arsenal,0.08514660217938716
32,347,Scott Carson,GK,Man City,0.08514660217938716
32,593,Bénie Traoré,FWD,Sheffield Utd,0.1876773597187825
32,585,Jurriën Timber,DEF,Arsenal,0.18020243499800237
32,160,Jordan Beyer,DEF,Burnley,0.18020243499800237
32,482,Wes Foderingham,GK,Sheffield Utd,0.08514660217938716
32,812,Lewis Koumas,FWD,Liverpool,0.1876773597187825
32,676,Konstantinos Mavropanos,DEF,West Ham,0.18020243499800237
32,681,Diego Manuel Jadon da Silva Moreira,MID,Chelsea,0.17781985947506024
32,225,Odsonne Edouard,FWD,Crystal Palace,0.1876773597187825
32,73,Jamal Lowe,MID,Bournemouth,0.17781985947506024
32,622,Owen Dodgson,DEF,Burnley,0.18020243499800237
32,425,Matt Ritchie,MID,Newcastle,0.17781985947506024
32,168,Lyle Foster,FWD,Burnley,0.1876773597187825
32,675,Aaron Ramsey,MID,Burnley,0.17781985947506024
32,142,James Milner,MID,Brighton,0.17781985947506024
32,600,Nathan Redmond,MID,Burnley,0.17781985947506024
32,121,Mathias Jorgensen,DEF,Brentford,0.18020243499800237
32,236,Michael Olise,MID,Crystal Palace,0.17781985947506024
32,515,Oliver Skipp,MID,Spurs,0.17781985947506024
32,40,Leander Dendoncker,MID,Aston Villa,0.17781985947506024
32,455,Scott McKenna,DEF,Nott'm Forest,0.18020243499800237
32,257,Michael Keane,DEF,Everton,0.18020243499800237
32,562,Sasa Kalajdzic,FWD,Wolves,0.1876773597187825
32,526,Jarrod Bowen,MID,West Ham,0.17781985947506024
32,28,Matt Turner,GK,Nott'm Forest,0.08514660217938716
32,216,Raheem Sterling,MID,Chelsea,0.17781985947506024
32,431,Kell Watts,DEF,Newcastle,0.18020243499800237
32,315,Mads Juel Andersen,DEF,Luton,0.18020243499800237
32,95,Sergi Canós Tenés,MID,Brentford,0.17781985947506024
32,65,Ryan Christie,MID,Bournemouth,0.17781985947506024
32,120,Yegor Yarmoliuk,MID,Brentford,0.17781985947506024
32,842,Roshaun Mathurin,MID,Crystal Palace,0.17781985947506024
32,145,Robert Sánchez,GK,Chelsea,0.08514660217938716
32,71,Gavin Kilkenny,MID,Bournemouth,0.17781985947506024
32,193,Armando Broja,FWD,Fulham,0.1876773597187825
32,85,Dominic Solanke,FWD,Bournemouth,0.1876773597187825
32,468,Chris Wood,FWD,Nott'm Forest,0.1876773597187825
32,644,Alex Scott,MID,Bournemouth,0.17781985947506024
32,54,Jaden Philogene-Bidace,MID,Aston Villa,0.17781985947506024
32,670,Filip Marschall,GK,Aston Villa,0.08514660217938716
32,364,Kalvin Phillips,MID,West Ham,0.17781985947506024
32,492,Rodrigo Bentancur,MID,Spurs,0.17781985947506024
32,36,Matty Cash,DEF,Aston Villa,0.18020243499800237
32,255,Mason Holgate,DEF,Sheffield Utd,0.18020243499800237
32,334,Glen Rea,MID,Luton,0.17781985947506024
32,62,Jaidon Anthony,MID,Bournemouth,0.17781985947506024
32,139,Tariq Lamptey,DEF,Brighton,0.18020243499800237
32,647,Joseph Anang,GK,West Ham,0.08514660217938716
32,473,George Baldock,DEF,Sheffield Utd,0.18020243499800237
32,414,Jeff Hendrick,MID,Newcastle,0.17781985947506024
32,411,Mark Gillespie,GK,Newcastle,0.08514660217938716
32,717,Ronnie Stutter,FWD,Chelsea,0.1876773597187825
32,572,Nélson Cabral Semedo,DEF,Wolves,0.18020243499800237
32,832,Wesley Okoduwa,DEF,Wolves,0.18020243499800237
32,277,Kevin Mbabu,DEF,Fulham,0.18020243499800237
32,389,Tyrell Malacia,DEF,Man Utd,0.18020243499800237
32,789,Hákon Valdimarsson,GK,Brentford,0.08514660217938716
32,687,Đorđe Petrović,GK,Chelsea,0.08514660217938716
32,727,Andros Townsend,MID,Luton,0.17781985947506024
32,238,Chris Richards,DEF,Crystal Palace,0.18020243499800237
32,299,Jordan Henderson,MID,Liverpool,0.17781985947506024
32,685,Daniel Gore,MID,Man Utd,0.17781985947506024
32,369,Kyle Walker,DEF,Man City,0.18020243499800237
32,631,Jacob Brown,FWD,Luton,0.1876773597187825
32,227,Vicente Guaita,GK,Crystal Palace,0.08514660217938716
32,459,Braian Ojeda Rodríguez,MID,Nott'm Forest,0.17781985947506024
32,93,Mads Bech Sørensen,DEF,Brentford,0.18020243499800237
33,653,Femi Seriki,DEF,Sheffield Utd,0.18020243499800237
33,723,Josh Brooking,DEF,Chelsea,0.18020243499800237
33,669,Radek Vítek,GK,Man Utd,0.08514660217938717
33,621,Jack Hinshelwood,MID,Brighton,0.17781985947506027
33,397,Jadon Sancho,MID,Man Utd,0.17781985947506027
33,714,Divock Origi,FWD,Nott'm Forest,0.18767735971878255
33,828,Sam Curtis,DEF,Sheffield Utd,0.18020243499800237
33,487,Rhys Norrington-Davies,DEF,Sheffield Utd,0.18020243499800237
33,105,Vitaly Janelt,MID,Brentford,0.17781985947506027
33,607,Ionuț Radu,GK,Bournemouth,0.08514660217938717
33,655,Andre Brooks,MID,Sheffield Utd,0.17781985947506027
33,354,Jack Grealish,MID,Man City,0.17781985947506027
33,417,Emil Krafth,DEF,Newcastle,0.18020243499800237
33,574,Boubacar Traoré,MID,Wolves,0.17781985947506027
33,169,Denis Franchi,GK,Burnley,0.08514660217938717
33,335,James Shea,GK,Luton,0.08514660217938717
33,844,Christian Chigozie,DEF,Luton,0.18020243499800237
33,300,Curtis Jones,MID,Liverpool,0.17781985947506027
33,764,Myles Lewis-Skelly,MID,Arsenal,0.17781985947506027
33,732,Devan Tanton,DEF,Fulham,0.18020243499800237
33,206,Reece James,DEF,Chelsea,0.18020243499800237
33,491,Brandon Austin,GK,Spurs,0.08514660217938717
33,700,Anssumane Fati Vieira,MID,Brighton,0.17781985947506027
33,53,Robin Olsen,GK,Aston Villa,0.08514660217938717
33,813,Fabian Mrozek,GK,Liverpool,0.08514660217938717
33,781,Joe Gardner,FWD,Nott'm Forest,0.18767735971878255
33,489,Ben Osborn,MID,Sheffield Utd,0.17781985947506027
33,371,Amad Diallo,MID,Man Utd,0.17781985947506027
33,378,Anthony Elanga,MID,Nott'm Forest,0.17781985947506027
33,774,Kaelan Casey,DEF,West Ham,0.18020243499800237
33,488,Oliver Norwood,MID,Sheffield Utd,0.17781985947506027
33,465,Harry Toffolo,DEF,Nott'm Forest,0.18020243499800237
33,344,Bernardo Veiga de Carvalho e Silva,MID,Man City,0.17781985947506027
33,178,Charlie Taylor,DEF,Burnley,0.18020243499800237
33,807,Adam Wharton,MID,Crystal Palace,0.17781985947506027
33,117,Ivan Toney,FWD,Brentford,0.18767735971878255
33,725,Ji-Soo Kim,DEF,Brentford,0.18020243499800237
33,23,Nuno Varela Tavares,DEF,Nott'm Forest,0.18020243499800237
33,634,Alex Murphy,DEF,Newcastle,0.18020243499800237
33,13,Eddie Nketiah,FWD,Arsenal,0.18767735971878255
33,191,Benoît Badiashile,DEF,Chelsea,0.18020243499800237
33,22,Emile Smith Rowe,MID,Arsenal,0.17781985947506027
33,626,Jarell Quansah,DEF,Liverpool,0.18020243499800237
33,195,Ben Chilwell,DEF,Chelsea,0.18020243499800237
33,38,Philippe Coutinho Correia,MID,Aston Villa,0.17781985947506027
33,46,Tim Iroegbunam,MID,Aston Villa,0.17781985947506027
33,579,Andy Lonergan,GK,Everton,0.08514660217938717
33,690,Carlos Baleba,MID,Brighton,0.17781985947506027
33,570,Pablo Sarabia,MID,Wolves,0.17781985947506027
33,76,Kieffer Moore,FWD,Bournemouth,0.18767735971878255
33,448,Wayne Hennessey,GK,Nott'm Forest,0.08514660217938717
33,233,Remi Matthews,GK,Crystal Palace,0.08514660217938717
33,302,Ibrahima Konaté,DEF,Liverpool,0.18020243499800237
33,416,Joelinton Cássio Apolinário de Lira,MID,Newcastle,0.17781985947506027
33,795,Travis Hernes,MID,Newcastle,0.17781985947506027
33,86,Marcus Tavernier,MID,Bournemouth,0.17781985947506027
33,97,Matthew Cox,GK,Brentford,0.08514660217938717
33,848,Taylan Harris,FWD,Luton,0.18767735971878255
33,341,Manuel Akanji,DEF,Man City,0.18020243499800237
33,615,Matheus França de Oliveira,MID,Crystal Palace,0.17781985947506027
33,751,Justin Hubner,DEF,Wolves,0.18020243499800237
33,539,Lucas Tolentino Coelho de Lima,MID,West Ham,0.17781985947506027
33,617,Rasmus Højlund,FWD,Man Utd,0.18767735971878255
33,605,Luca Koleosho,MID,Burnley,0.17781985947506027
33,545,Rayan Aït-Nouri,DEF,Wolves,0.18020243499800237
33,37,Calum Chambers,DEF,Aston Villa,0.18020243499800237
33,495,Ben Davies,DEF,Spurs,0.18020243499800237
33,532,Emerson Palmieri dos Santos,DEF,West Ham,0.18020243499800237
33,303,Luis Díaz,MID,Liverpool,0.17781985947506027
33,181,Lawrence Vigouroux,GK,Burnley,0.08514660217938717
33,144,Jakub Moder,MID,Brighton,0.17781985947506027
33,767,Tommi O'Reilly,MID,Aston Villa,0.17781985947506027
33,164,Dara Costelloe,MID,Burnley,0.17781985947506027
33,702,Ashley Phillips,DEF,Spurs,0.18020243499800237
33,368,John Stones,DEF,Man City,0.18020243499800237
33,254,Idrissa Gueye,MID,Everton,0.17781985947506027
33,288,Harry Wilson,MID,Fulham,0.17781985947506027
33,192,Marcus Bettinelli,GK,Chelsea,0.08514660217938717
33,224,Malcolm Ebiowei,MID,Crystal Palace,0.17781985947506027
33,29,Benjamin White,DEF,Arsenal,0.18020243499800237
33,753,Leigh Kavanagh,DEF,Brighton,0.18020243499800237
33,393,Teden Mengi,DEF,Luton,0.18020243499800237
33,48,Ezri Konsa Ngoyo,DEF,Aston Villa,0.18020243499800237
33,705,Luis Sinisterra,MID,Bournemouth,0.17781985947506027
33,15,Thomas Partey,MID,Arsenal,0.17781985947506027
33,729,Jayden Luker,MID,Luton,0.17781985947506027
33,420,Jamal Lewis,DEF,Newcastle,0.18020243499800237
33,34,Leon Bailey,MID,Aston Villa,0.17781985947506027
33,703,Jonny Evans,DEF,Man Utd,0.18020243499800237
33,449,Ethan Horvath,GK,Nott'm Forest,0.08514660217938717
33,816,Valentín Barco,DEF,Brighton,0.18020243499800237
33,237,Luke Plange,FWD,Crystal Palace,0.18767735971878255
33,398,Luke Shaw,DEF,Man Utd,0.18020243499800237
33,784,Oliver Scarles,DEF,West Ham,0.18020243499800237
33,565,Mario Lemina,MID,Wolves,0.17781985947506027
33,155,Andi Zeqiri,FWD,Brighton,0.18767735971878255
33,265,James Tarkowski,DEF,Everton,0.18020243499800237
33,90,Kristoffer Ajer,DEF,Brentford,0.18020243499800237
33,450,Brennan Johnson,MID,Spurs,0.17781985947506027
33,851,Tyrique George,FWD,Chelsea,0.18767735971878255
33,235,Jake O'Brien,DEF,Crystal Palace,0.18020243499800237
33,846,Harry Amass,DEF,Man Utd,0.18020243499800237
33,680,Eddie Beach,GK,Chelsea,0.08514660217938717
33,817,James Sweet,DEF,Arsenal,0.18020243499800237
33,514,Ryan Sessegnon,DEF,Spurs,0.18020243499800237
33,72,Justin Kluivert,MID,Bournemouth,0.17781985947506027
33,57,Viljami Sinisalo,GK,Aston Villa,0.08514660217938717
33,499,Pierre-Emile Højbjerg,MID,Spurs,0.17781985947506027
33,613,Lesley Ugochukwu,MID,Chelsea,0.17781985947506027
33,724,Jadan Raymond,MID,Crystal Palace,0.17781985947506027
33,601,Arnaut Danjuma Groeneveld,MID,Everton,0.17781985947506027
33,205,Callum Hudson-Odoi,MID,Nott'm Forest,0.17781985947506027
33,24,Kieran Tierney,DEF,Arsenal,0.18020243499800237
33,281,Tim Ream,DEF,Fulham,0.18020243499800237
33,836,Leon Chiwome,FWD,Wolves,0.18767735971878255
33,353,Phil Foden,MID,Man City,0.17781985947506027
33,379,Christian Eriksen,MID,Man Utd,0.17781985947506027
33,552,Fábio Silva,FWD,Wolves,0.18767735971878255
33,790,Ivo Grbic,GK,Sheffield Utd,0.08514660217938717
33,521,Alfie Whiteman,GK,Spurs,0.08514660217938717
33,241,James Tomkins,DEF,Crystal Palace,0.18020243499800237
33,490,William Osula,FWD,Sheffield Utd,0.18767735971878255
33,60,Ollie Watkins,FWD,Aston Villa,0.18767735971878255
33,5,Gabriel dos Santos Magalhães,DEF,Arsenal,0.18020243499800237
33,25,Takehiro Tomiyasu,DEF,Arsenal,0.18020243499800237
33,282,Harrison Reed,MID,Fulham,0.17781985947506027
33,583,Manor Solomon,MID,Spurs,0.17781985947506027
33,11,Marcus Oliveira Alencar,MID,Arsenal,0.17781985947506027
33,375,Eric Bailly,DEF,Man Utd,0.18020243499800237
33,218,Hakim Ziyech,MID,Chelsea,0.17781985947506027
33,541,Gianluca Scamacca,FWD,West Ham,0.18767735971878255
33,660,Wilson Odobert,MID,Burnley,0.17781985947506027
33,731,Jili Buyabu,DEF,Sheffield Utd,0.18020243499800237
33,742,Benicio Baker-Boaitey,MID,Brighton,0.17781985947506027
33,110,Christian Nørgaard,MID,Brentford,0.17781985947506027
33,421,Sean Longstaff,MID,Newcastle,0.17781985947506027
33,582,Pelly Ruddock Mpanzu,MID,Luton,0.17781985947506027
33,535,Danny Ings,FWD,West Ham,0.18767735971878255
33,400,Donny van de Beek,MID,Man Utd,0.17781985947506027
33,438,Giulian Biancone,DEF,Nott'm Forest,0.18020243499800237
33,21,Albert Sambi Lokonga,MID,Luton,0.17781985947506027
33,171,Luke McNally,DEF,Burnley,0.18020243499800237
33,143,Kaoru Mitoma,MID,Brighton,0.17781985947506027
33,190,Abdul Rahman Baba,DEF,Chelsea,0.18020243499800237
33,78,Dango Ouattara,MID,Bournemouth,0.17781985947506027
33,483,Daniel Jebbison,FWD,Sheffield Utd,0.18767735971878255
33,122,Simon Adingra,MID,Brighton,0.17781985947506027
33,180,Scott Twine,MID,Burnley,0.17781985947506027
33,798,Daiki Hashioka,DEF,Luton,0.18020243499800237
33,696,Murillo Santiago Costa dos Santos,DEF,Nott'm Forest,0.18020243499800237
33,769,Owen Hesketh,MID,Wolves,0.17781985947506027
33,366,Sergio Gómez,DEF,Man City,0.18020243499800237
33,668,Wataru Endo,MID,Liverpool,0.17781985947506027
33,442,Danilo dos Santos de Oliveira,MID,Nott'm Forest,0.17781985947506027
33,113,David Raya Martin,GK,Arsenal,0.08514660217938717
33,423,Jacob Murphy,MID,Newcastle,0.17781985947506027
33,736,Reuell Walters,DEF,Arsenal,0.18020243499800237
33,614,Thomas Kaminski,GK,Luton,0.08514660217938717
33,738,Amadou Diallo,MID,Newcastle,0.17781985947506027
33,232,Jean-Philippe Mateta,FWD,Crystal Palace,0.18767735971878255
33,827,Dovydas Sasnauskas,DEF,Sheffield Utd,0.18020243499800237
33,849,Michael Dacosta Gonzalez,MID,Bournemouth,0.17781985947506027
33,79,Ben Pearson,MID,Bournemouth,0.17781985947506027
33,175,Bailey Peacock-Farrell,GK,Burnley,0.08514660217938717
33,445,Felipe Augusto de Almeida Monteiro,DEF,Nott'm Forest,0.18020243499800237
33,20,William Saliba,DEF,Arsenal,0.18020243499800237
33,174,Michael Obafemi,FWD,Burnley,0.18767735971878255
33,252,Ben Godfrey,DEF,Everton,0.18020243499800237
33,821,Franco Umeh-Chibueze,FWD,Crystal Palace,0.18767735971878255
33,182,Victor da Silva,DEF,Burnley,0.18020243499800237
33,244,André Tavares Gomes,MID,Everton,0.17781985947506027
33,519,Destiny Udogie,DEF,Spurs,0.18020243499800237
33,118,Ryan Trevitt,MID,Brentford,0.17781985947506027
33,332,Dion Pereira,MID,Luton,0.17781985947506027
33,763,Tayo Adaramola,DEF,Crystal Palace,0.18020243499800237
33,176,Connor Roberts,DEF,Burnley,0.18020243499800237
33,43,Douglas Luiz Soares de Paulo,MID,Aston Villa,0.17781985947506027
33,101,Mark Flekken,GK,Brentford,0.08514660217938717
33,409,Martin Dubravka,GK,Newcastle,0.08514660217938717
33,629,James McConnell,MID,Liverpool,0.17781985947506027
33,292,Stefan Bajcetic,MID,Liverpool,0.17781985947506027
33,267,Andreas Hoelgebaum Pereira,MID,Fulham,0.17781985947506027
33,682,Joseph Johnson,DEF,Luton,0.18020243499800237
33,826,Toby Collyer,MID,Man Utd,0.17781985947506027
33,198,Marc Cucurella Saseta,DEF,Chelsea,0.18020243499800237
33,280,João Palhinha Gonçalves,MID,Fulham,0.17781985947506027
33,494,Bryan Gil Salvatierra,MID,Spurs,0.17781985947506027
33,830,Jimi Tauriainen,MID,Chelsea,0.17781985947506027
33,467,Neco Williams,DEF,Nott'm Forest,0.18020243499800237
33,404,Harrison Ashby,DEF,Newcastle,0.18020243499800237
33,133,Billy Gilmour,MID,Brighton,0.17781985947506027
33,480,John Egan,DEF,Sheffield Utd,0.18020243499800237
33,98,Mikkel Damsgaard,MID,Brentford,0.17781985947506027
33,577,Angelo Ogbonna,DEF,West Ham,0.18020243499800237
33,474,Chris Basham,DEF,Sheffield Utd,0.18020243499800237
33,847,Teddy Sharman-Lowe,GK,Chelsea,0.08514660217938717
33,516,Son Heung-min,MID,Spurs,0.17781985947506027
33,298,Joe Gomez,DEF,Liverpool,0.18020243499800237
33,80,Darren Randolph,GK,Bournemouth,0.08514660217938717
33,536,Ben Johnson,DEF,West Ham,0.18020243499800237
33,506,Pedro Porro,DEF,Spurs,0.18020243499800237
33,159,Manuel Benson Hedilazio,MID,Burnley,0.17781985947506027
33,197,Levi Colwill,DEF,Chelsea,0.18020243499800237
33,460,Jonathan Panzo,DEF,Nott'm Forest,0.18020243499800237
33,534,Pablo Fornals Malla,MID,West Ham,0.17781985947506027
33,314,Elijah Adebayo,FWD,Luton,0.18767735971878255
33,103,Rico Henry,DEF,Brentford,0.18020243499800237
33,782,Owen Beck,DEF,Liverpool,0.18020243499800237
33,627,Bobby Clark,MID,Liverpool,0.17781985947506027
33,531,Flynn Downes,MID,West Ham,0.17781985947506027
33,802,Max Kinsey,DEF,Bournemouth,0.18020243499800237
33,619,Ben Greenwood,DEF,Bournemouth,0.18020243499800237
33,740,Alfie Dorrington,DEF,Spurs,0.18020243499800237
33,432,Joe Willock,MID,Newcastle,0.17781985947506027
33,422,Javier Manquillo Gaitán,DEF,Newcastle,0.18020243499800237
33,388,Kobbie Mainoo,MID,Man Utd,0.17781985947506027
33,246,Dominic Calvert-Lewin,FWD,Everton,0.18767735971878255
33,351,Tommy Doyle,MID,Wolves,0.17781985947506027
33,100,Halil Dervişoğlu,FWD,Brentford,0.18767735971878255
33,330,Gabriel Osho,DEF,Luton,0.18020243499800237
33,135,João Pedro Junqueira de Jesus,FWD,Brighton,0.18767735971878255
33,752,Vincent Angelini,GK,Brentford,0.08514660217938717
33,544,Kurt Zouma,DEF,West Ham,0.18020243499800237
33,461,Omar Richards,DEF,Nott'm Forest,0.18020243499800237
33,741,Mark O’Mahony,FWD,Brighton,0.18767735971878255
33,486,Iliman Ndiaye,FWD,Sheffield Utd,0.18767735971878255
33,337,Elliot Thorpe,MID,Luton,0.17781985947506027
33,348,Shea Charles,MID,Man City,0.17781985947506027
33,510,Joe Rodon,DEF,Spurs,0.18020243499800237
33,833,Habeeb Ogunneye,DEF,Man Utd,0.18020243499800237
33,258,Neal Maupay,FWD,Brentford,0.18767735971878255
33,221,Jordan Ayew,MID,Crystal Palace,0.17781985947506027
33,538,Divin Mubama,FWD,West Ham,0.18767735971878255
33,306,Nathaniel Phillips,DEF,Liverpool,0.18020243499800237
33,309,Dominik Szoboszlai,MID,Liverpool,0.17781985947506027
33,730,Ryan Oné,MID,Sheffield Utd,0.17781985947506027
33,796,Kristian Sekularac,MID,Fulham,0.17781985947506027
33,320,Jordan Clark,MID,Luton,0.17781985947506027
33,761,Elijah Campbell,DEF,Everton,0.18020243499800237
33,209,Mason Mount,MID,Man Utd,0.17781985947506027
33,91,Ellery Balcombe,GK,Brentford,0.08514660217938717
33,64,David Brooks,MID,Bournemouth,0.17781985947506027
33,134,Pascal Groß,MID,Brighton,0.17781985947506027
33,50,John McGinn,MID,Aston Villa,0.17781985947506027
33,743,Treymaurice Nyoni,MID,Liverpool,0.17781985947506027
33,505,Tanguy Ndombélé Alvaro,MID,Spurs,0.17781985947506027
33,739,Ben Parkinson,FWD,Newcastle,0.18767735971878255
33,239,Jairo Riedewald,MID,Crystal Palace,0.17781985947506027
33,119,Yoane Wissa,FWD,Brentford,0.18767735971878255
33,578,Reiss Nelson,MID,Arsenal,0.17781985947506027
33,713,Ibrahim Sangaré,MID,Nott'm Forest,0.17781985947506027
33,394,Facundo Pellistri Rebollo,MID,Man Utd,0.17781985947506027
33,69,James Hill,DEF,Bournemouth,0.18020243499800237
33,561,Bruno Cavaco Jordão,MID,Wolves,0.17781985947506027
33,147,Kjell Scherpen,GK,Brighton,0.08514660217938717
33,363,Máximo Perrone,MID,Man City,0.17781985947506027
33,278,Aleksandar Mitrović,FWD,Fulham,0.18767735971878255
33,115,Kevin Schade,MID,Brentford,0.17781985947506027
33,457,Moussa Niakhaté,DEF,Nott'm Forest,0.18020243499800237
33,581,Paul Dummett,DEF,Newcastle,0.18020243499800237
33,809,Rodrigo Duarte Ribeiro,FWD,Nott'm Forest,0.18767735971878255
33,405,Sven Botman,DEF,Newcastle,0.18020243499800237
33,841,Lewis Warrington,MID,Everton,0.17781985947506027
33,271,Issa Diop,DEF,Fulham,0.18020243499800237
33,17,Aaron Ramsdale,GK,Arsenal,0.08514660217938717
33,845,Odeluga Offiah,DEF,Brighton,0.18020243499800237
33,286,Tosin Adarabioyo,DEF,Fulham,0.18020243499800237
33,290,Trent Alexander-Arnold,DEF,Liverpool,0.18020243499800237
33,184,Anass Zaroury,MID,Burnley,0.17781985947506027
33,131,Pervis Estupiñán,DEF,Brighton,0.18020243499800237
33,698,Enso González,MID,Wolves,0.17781985947506027
33,328,Chiedozie Ogbene,FWD,Luton,0.18767735971878255
33,799,Romain Faivre,MID,Bournemouth,0.17781985947506027
33,295,Harvey Elliott,MID,Liverpool,0.17781985947506027
33,576,Jack Robinson,DEF,Sheffield Utd,0.18020243499800237
33,780,Detlef Esapa Osong,FWD,Nott'm Forest,0.18767735971878255
33,12,Gabriel Martinelli Silva,MID,Arsenal,0.17781985947506027
33,183,Wout Weghorst,FWD,Burnley,0.18767735971878255
33,44,Jhon Durán,FWD,Aston Villa,0.18767735971878255
33,345,Oscar Bobb,MID,Man City,0.17781985947506027
33,523,Michail Antonio,FWD,West Ham,0.18767735971878255
33,722,Jamie Donley,FWD,Spurs,0.18767735971878255
33,214,Malang Sarr,DEF,Chelsea,0.18020243499800237
33,834,Benjamin Arthur,DEF,Brentford,0.18020243499800237
33,589,Ângelo Gabriel Borges Damaceno,MID,Chelsea,0.17781985947506027
33,639,Micky van de Ven,DEF,Spurs,0.18020243499800237
33,662,Adama Traoré,MID,Fulham,0.17781985947506027
33,399,Shola Shoretire,FWD,Man Utd,0.18767735971878255
33,720,Ademola Ola-Adebomi,FWD,Crystal Palace,0.18767735971878255
33,391,Lisandro Martínez,DEF,Man Utd,0.18020243499800237
33,456,Alex Mighten,MID,Nott'm Forest,0.17781985947506027
33,108,Bryan Mbeumo,MID,Brentford,0.17781985947506027
33,16,Nicolas Pépé,MID,Arsenal,0.17781985947506027
33,815,Mauro Bandeira,MID,Arsenal,0.17781985947506027
33,304,Alexis Mac Allister,MID,Liverpool,0.17781985947506027
33,721,David Ozoh,MID,Crystal Palace,0.17781985947506027
33,759,Sydie Peck,MID,Sheffield Utd,0.17781985947506027
33,618,Omari Kellyman,MID,Aston Villa,0.17781985947506027
33,58,Youri Tielemans,MID,Aston Villa,0.17781985947506027
33,446,Remo Freuler,MID,Nott'm Forest,0.17781985947506027
33,89,Illia Zabarnyi,DEF,Bournemouth,0.18020243499800237
33,646,Karl Hein,GK,Arsenal,0.08514660217938717
33,127,Aaron Connolly,FWD,Brighton,0.18767735971878255
33,385,Dean Henderson,GK,Crystal Palace,0.08514660217938717
33,177,Jay Rodriguez,FWD,Burnley,0.18767735971878255
33,83,Marcos Senesi,DEF,Bournemouth,0.18020243499800237
33,30,Granit Xhaka,MID,Arsenal,0.17781985947506027
33,596,James Trafford,GK,Burnley,0.08514660217938717
33,407,Dan Burn,DEF,Newcastle,0.18020243499800237
33,525,Saïd Benrahma,MID,West Ham,0.17781985947506027
33,434,Brandon Aguilera Zamora,MID,Nott'm Forest,0.17781985947506027
33,811,Dominic Sadi,MID,Bournemouth,0.17781985947506027
33,650,Tyler Onyango,MID,Everton,0.17781985947506027
33,762,Mahamadou Susoho,MID,Man City,0.17781985947506027
33,336,Joe Taylor,FWD,Luton,0.18767735971878255
33,663,Gustavo Hamer,MID,Sheffield Utd,0.17781985947506027
33,408,Karl Darlow,GK,Newcastle,0.08514660217938717
33,701,Saman Ghoddos,MID,Brentford,0.17781985947506027
33,220,Joachim Andersen,DEF,Crystal Palace,0.18020243499800237
33,716,Alfie Gilchrist,DEF,Chelsea,0.18020243499800237
33,319,Allan Campbell,MID,Luton,0.17781985947506027
33,850,Ethan Wheatley,FWD,Man Utd,0.18767735971878255
33,325,Carlos Mendes Gomes,MID,Luton,0.17781985947506027
33,567,Pedro Lomba Neto,MID,Wolves,0.17781985947506027
33,837,Amara Nallo,DEF,Liverpool,0.18020243499800237
33,625,Luc De Fougerolles,DEF,Fulham,0.18020243499800237
33,640,Dane Scarlett,FWD,Spurs,0.18767735971878255
33,42,Lucas Digne,DEF,Aston Villa,0.18020243499800237
33,199,Enzo Fernández,MID,Chelsea,0.17781985947506027
33,775,Ben Brereton,MID,Sheffield Utd,0.17781985947506027
33,428,Matt Targett,DEF,Newcastle,0.18020243499800237
33,253,Demarai Gray,MID,Everton,0.17781985947506027
33,749,Matthew Whittingham,MID,Wolves,0.17781985947506027
33,361,Stefan Ortega Moreno,GK,Man City,0.08514660217938717
33,230,Sam Johnstone,GK,Crystal Palace,0.08514660217938717
33,734,Zack Nelson,MID,Luton,0.17781985947506027
33,788,Yerson Mosquera,DEF,Wolves,0.18020243499800237
33,35,Emiliano Buendía Stati,MID,Aston Villa,0.17781985947506027
33,32,Alexandre Moreno Lopera,DEF,Aston Villa,0.18020243499800237
33,518,Japhet Tanganga,DEF,Spurs,0.18020243499800237
33,52,Marvelous Nakamba,MID,Luton,0.17781985947506027
33,96,Nathan Collins,DEF,Brentford,0.18020243499800237
33,26,Leandro Trossard,MID,Arsenal,0.17781985947506027
33,372,Antony Matheus dos Santos,MID,Man Utd,0.17781985947506027
33,194,Trevoh Chalobah,DEF,Chelsea,0.18020243499800237
33,550,Luke Cundle,MID,Wolves,0.17781985947506027
33,533,Lukasz Fabianski,GK,West Ham,0.08514660217938717
33,772,Ethan Nwaneri,MID,Arsenal,0.17781985947506027
33,785,Callum Marshall,FWD,West Ham,0.18767735971878255
33,633,Tino Livramento,DEF,Newcastle,0.18020243499800237
33,707,Fodé Ballo-Touré,DEF,Fulham,0.18020243499800237
33,357,Aymeric Laporte,DEF,Man City,0.18020243499800237
33,673,Tyler Adams,MID,Bournemouth,0.17781985947506027
33,430,Kieran Trippier,DEF,Newcastle,0.18020243499800237
33,779,Jamie McDonnell,MID,Nott'm Forest,0.17781985947506027
33,509,Richarlison de Andrade,MID,Spurs,0.17781985947506027
33,691,Norberto Bercique Gomes Betuncal,FWD,Everton,0.18767735971878255
33,324,John McAtee,FWD,Luton,0.18767735971878255
33,476,Jayden Bogle,DEF,Sheffield Utd,0.18020243499800237
33,148,Jason Steele,GK,Brighton,0.08514660217938717
33,424,Nick Pope,GK,Newcastle,0.08514660217938717
33,6,Kai Havertz,MID,Arsenal,0.17781985947506027
33,61,Wesley Moraes Ferreira da Silva,FWD,Aston Villa,0.18767735971878255
33,528,Vladimír Coufal,DEF,West Ham,0.18020243499800237
33,396,Marcus Rashford,MID,Man Utd,0.17781985947506027
33,458,Lewis O'Brien,MID,Nott'm Forest,0.17781985947506027
33,132,Evan Ferguson,FWD,Brighton,0.18767735971878255
33,141,Tom McGill,GK,Brighton,0.08514660217938717
33,493,Yves Bissouma,MID,Spurs,0.17781985947506027
33,559,João Victor Gomes da Silva,MID,Wolves,0.17781985947506027
33,249,Abdoulaye Doucouré,MID,Everton,0.17781985947506027
33,804,Enes Ünal,FWD,Bournemouth,0.18767735971878255
33,352,Ederson Santana de Moraes,GK,Man City,0.08514660217938717
33,803,Morgan Rogers,MID,Aston Villa,0.17781985947506027
33,313,Virgil van Dijk,DEF,Liverpool,0.18020243499800237
33,439,Willy Boly,DEF,Nott'm Forest,0.18020243499800237
33,689,Mohammed Kudus,MID,West Ham,0.17781985947506027
33,392,Scott McTominay,MID,Man Utd,0.17781985947506027
33,711,Andrew Omobamidele,DEF,Nott'm Forest,0.18020243499800237
33,822,Billy Blacker,FWD,Sheffield Utd,0.18767735971878255
33,793,Kaine Kesler-Hayden,DEF,Aston Villa,0.18020243499800237
33,358,Rico Lewis,DEF,Man City,0.18020243499800237
33,382,Alejandro Garnacho,MID,Man Utd,0.17781985947506027
33,715,Jean-Ricner Bellegarde,MID,Wolves,0.17781985947506027
33,251,Jean-Philippe Gbamin,MID,Everton,0.17781985947506027
33,820,Ollie Harrison,MID,Chelsea,0.17781985947506027
33,624,Lewis Dobbin,MID,Everton,0.17781985947506027
33,760,Jenson Metcalfe,MID,Everton,0.17781985947506027
33,359,Riyad Mahrez,MID,Man City,0.17781985947506027
33,571,Matija Šarkić,GK,Wolves,0.08514660217938717
33,27,Auston Trusty,DEF,Sheffield Utd,0.18020243499800237
33,412,Anthony Gordon,MID,Newcastle,0.17781985947506027
33,443,Emmanuel Dennis,FWD,Nott'm Forest,0.18767735971878255
33,222,Nathaniel Clyne,DEF,Crystal Palace,0.18020243499800237
33,310,Thiago Alcántara do Nascimento,MID,Liverpool,0.17781985947506027
33,823,Oliver Arblaster,MID,Sheffield Utd,0.17781985947506027
33,684,Ethan Brierley,MID,Brentford,0.17781985947506027
33,776,Timo Werner,FWD,Spurs,0.18767735971878255
33,553,Ryan Giles,DEF,Luton,0.18020243499800237
33,327,Admiral Muskwe,FWD,Luton,0.18767735971878255
33,642,Edson Álvarez Velázquez,MID,West Ham,0.17781985947506027
33,10,Jakub Kiwior,DEF,Arsenal,0.18020243499800237
33,70,Lloyd Kelly,DEF,Bournemouth,0.18020243499800237
33,260,Vitalii Mykolenko,DEF,Everton,0.18020243499800237
33,648,Aidan Francis-Clarke,DEF,Luton,0.18020243499800237
33,497,Emerson Leite de Souza Junior,DEF,Spurs,0.18020243499800237
33,151,Joël Veltman,DEF,Brighton,0.18020243499800237
33,402,Miguel Almirón Rejala,MID,Newcastle,0.17781985947506027
33,179,Bobby Thomas,DEF,Burnley,0.18020243499800237
33,754,Yago de Santiago Alonso,MID,Spurs,0.17781985947506027
33,102,Charlie Goode,DEF,Brentford,0.18020243499800237
33,726,Luke Chambers,DEF,Liverpool,0.18020243499800237
33,641,Alejo Véliz,FWD,Spurs,0.18767735971878255
33,187,Kepa Arrizabalaga,GK,Chelsea,0.08514660217938717
33,88,Mark Travers,GK,Bournemouth,0.08514660217938717
33,758,Leo Castledine,MID,Chelsea,0.17781985947506027
33,750,Tawanda Chirewa,MID,Wolves,0.17781985947506027
33,765,Sam Proctor,GK,Aston Villa,0.08514660217938717
33,520,Guglielmo Vicario,GK,Spurs,0.08514660217938717
33,413,Isaac Hayden,MID,Newcastle,0.17781985947506027
33,706,Mike Trésor,MID,Burnley,0.17781985947506027
33,419,Jamaal Lascelles,DEF,Newcastle,0.18020243499800237
33,307,Andrew Robertson,DEF,Liverpool,0.18020243499800237
33,503,Giovani Lo Celso,MID,Spurs,0.17781985947506027
33,240,Jeffrey Schlupp,MID,Crystal Palace,0.17781985947506027
33,256,Alex Iwobi,MID,Fulham,0.17781985947506027
33,840,Fletcher Holman,FWD,Wolves,0.18767735971878255
33,297,Cody Gakpo,FWD,Liverpool,0.18767735971878255
33,211,Nicolas Jackson,FWD,Chelsea,0.18767735971878255
33,543,Nikola Vlašić,MID,West Ham,0.17781985947506027
33,138,Adam Lallana,MID,Brighton,0.17781985947506027
33,548,Hugo Bueno López,DEF,Wolves,0.18020243499800237
33,524,Alphonse Areola,GK,West Ham,0.08514660217938717
33,291,Alisson Ramses Becker,GK,Liverpool,0.08514660217938717
33,513,Pape Matar Sarr,MID,Spurs,0.17781985947506027
33,331,Aribim Pepple,FWD,Luton,0.18767735971878255
33,598,Matt Doherty,DEF,Wolves,0.18020243499800237
33,554,Gonçalo Manuel Ganchinho Guedes,MID,Wolves,0.17781985947506027
33,264,Ellis Simms,FWD,Everton,0.18767735971878255
33,560,Jonathan Castro Otto,DEF,Wolves,0.18020243499800237
33,437,Taiwo Awoniyi,FWD,Nott'm Forest,0.18767735971878255
33,114,Mads Roerslev Rasmussen,DEF,Brentford,0.18020243499800237
33,610,Calvin Bassey,DEF,Fulham,0.18020243499800237
33,664,James Ward-Prowse,MID,West Ham,0.17781985947506027
33,311,Konstantinos Tsimikas,DEF,Liverpool,0.18020243499800237
33,128,Mahmoud Dahoud,MID,Brighton,0.17781985947506027
33,609,Ian Maatsen,MID,Chelsea,0.17781985947506027
33,708,Ryan Gravenberch,MID,Liverpool,0.17781985947506027
33,709,Sofyan Amrabat,MID,Man Utd,0.17781985947506027
33,484,Max Lowe,DEF,Sheffield Utd,0.18020243499800237
33,243,Joe Whitworth,GK,Crystal Palace,0.08514660217938717
33,649,Thomas Cannon,FWD,Everton,0.18767735971878255
33,383,Hannibal Mejbri,MID,Man Utd,0.17781985947506027
33,47,Boubacar Kamara,MID,Aston Villa,0.17781985947506027
33,186,Andrey Nascimento dos Santos,MID,Chelsea,0.17781985947506027
33,580,Loris Karius,GK,Newcastle,0.08514660217938717
33,747,Joshua Duffus,MID,Brighton,0.17781985947506027
33,152,Bart Verbruggen,GK,Brighton,0.08514660217938717
33,586,Tahith Chong,MID,Luton,0.17781985947506027
33,56,Morgan Sanson,MID,Aston Villa,0.17781985947506027
33,275,Bernd Leno,GK,Fulham,0.08514660217938717
33,99,Josh Dasilva,MID,Brentford,0.17781985947506027
33,440,Josh Bowler,MID,Nott'm Forest,0.17781985947506027
33,671,Bashir Humphreys,DEF,Chelsea,0.18020243499800237
33,31,Oleksandr Zinchenko,DEF,Arsenal,0.18020243499800237
33,272,Tyrese Francois,MID,Fulham,0.17781985947506027
33,433,Callum Wilson,FWD,Newcastle,0.18767735971878255
33,426,Allan Saint-Maximin,MID,Newcastle,0.17781985947506027
33,773,Lewis Orford,MID,West Ham,0.17781985947506027
33,694,Han-Noah Massengo,MID,Burnley,0.17781985947506027
33,594,Zeki Amdouni,FWD,Burnley,0.18767735971878255
33,123,Steven Alzate,MID,Brighton,0.17781985947506027
33,170,Jóhann Berg Gudmundsson,MID,Burnley,0.17781985947506027
33,665,Tim Krul,GK,Luton,0.08514660217938717
33,39,Keinan Davis,FWD,Aston Villa,0.18767735971878255
33,373,Bruno Borges Fernandes,MID,Man Utd,0.17781985947506027
33,87,Hamed Traorè,MID,Bournemouth,0.17781985947506027
33,146,Jeremy Sarmiento Morante,MID,Brighton,0.17781985947506027
33,602,Issa Kaboré,DEF,Luton,0.18020243499800237
33,464,Sam Surridge,FWD,Nott'm Forest,0.18767735971878255
33,318,Reece Burke,DEF,Luton,0.18020243499800237
33,657,Jesurun Rak-Sakyi,MID,Crystal Palace,0.17781985947506027
33,699,Clément Lenglet,DEF,Aston Villa,0.18020243499800237
33,8,Gabriel Fernando de Jesus,FWD,Arsenal,0.18767735971878255
33,674,Hannes Delcroix,DEF,Burnley,0.18020243499800237
33,173,Dara O'Shea,DEF,Burnley,0.18020243499800237
33,496,Eric Dier,DEF,Spurs,0.18020243499800237
33,783,Kaide Gordon,MID,Liverpool,0.17781985947506027
33,242,Joel Ward,DEF,Crystal Palace,0.18020243499800237
33,603,Harvey Barnes,MID,Newcastle,0.17781985947506027
33,791,Cesare Casadei,MID,Chelsea,0.17781985947506027
33,356,Mateo Kovačić,MID,Man City,0.17781985947506027
33,824,Jayden Danns,FWD,Liverpool,0.18767735971878255
33,588,Ashley Young,DEF,Everton,0.18020243499800237
33,530,Aaron Cresswell,DEF,West Ham,0.18020243499800237
33,508,Sergio Reguilón,DEF,Brentford,0.18020243499800237
33,447,Morgan Gibbs-White,MID,Nott'm Forest,0.17781985947506027
33,395,Raphaël Varane,DEF,Man Utd,0.18020243499800237
33,606,Igor Julio dos Santos de Paulo,DEF,Brighton,0.18020243499800237
33,374,Brandon Williams,DEF,Man Utd,0.18020243499800237
33,502,Hugo Lloris,GK,Spurs,0.08514660217938717
33,427,Fabian Schär,DEF,Newcastle,0.18020243499800237
33,453,Orel Mangala,MID,Nott'm Forest,0.17781985947506027
33,835,Dermot Mee,GK,Man Utd,0.08514660217938717
33,800,Noha Lemina,MID,Wolves,0.17781985947506027
33,381,Frederico Rodrigues de Paula Santos,MID,Man Utd,0.17781985947506027
33,818,Joe Gauci,GK,Aston Villa,0.08514660217938717
33,284,Marek Rodák,GK,Fulham,0.08514660217938717
33,92,Shandon Baptiste,MID,Brentford,0.17781985947506027
33,136,Michał Karbownik,DEF,Brighton,0.18020243499800237
33,623,Mason Burstow,FWD,Chelsea,0.18767735971878255
33,597,André Onana,GK,Man Utd,0.08514660217938717
33,343,Julián Álvarez,FWD,Man City,0.18767735971878255
33,527,Maxwel Cornet,MID,West Ham,0.17781985947506027
33,274,Terence Kongolo,DEF,Fulham,0.18020243499800237
33,301,Caoimhin Kelleher,GK,Liverpool,0.08514660217938717
33,269,Ivan Neves Abreu Cavaleiro,MID,Fulham,0.17781985947506027
33,75,Chris Mepham,DEF,Bournemouth,0.18020243499800237
33,125,Facundo Buonanotte,MID,Brighton,0.17781985947506027
33,158,Samuel Bastien,MID,Burnley,0.17781985947506027
33,481,John Fleck,MID,Sheffield Utd,0.17781985947506027
33,279,Rodrigo Muniz Carvalho,FWD,Fulham,0.18767735971878255
33,172,Arijanet Muric,GK,Burnley,0.08514660217938717
33,843,Samy Chouchane,MID,Brighton,0.17781985947506027
33,165,Josh Cullen,MID,Burnley,0.17781985947506027
33,819,Ishé Samuels-Smith,DEF,Chelsea,0.18020243499800237
33,116,Thomas Strakosha,GK,Brentford,0.08514660217938717
33,4,Fábio Ferreira Vieira,MID,Arsenal,0.17781985947506027
33,745,Michael Ndiweni,FWD,Newcastle,0.18767735971878255
33,223,Cheick Doucouré,MID,Crystal Palace,0.17781985947506027
33,555,Joe Hodge,MID,Wolves,0.17781985947506027
33,632,Omari Forson,MID,Man Utd,0.17781985947506027
33,305,Joel Matip,DEF,Liverpool,0.18020243499800237
33,728,Callum Scanlon,DEF,Liverpool,0.18020243499800237
33,512,Davinson Sánchez,DEF,Spurs,0.18020243499800237
33,839,Dominic Dos Santos Martins,MID,Luton,0.17781985947506027
33,551,Craig Dawson,DEF,Wolves,0.18020243499800237
33,573,Toti António Gomes,DEF,Wolves,0.18020243499800237
33,522,Nayef Aguerd,DEF,West Ham,0.18020243499800237
33,377,Diogo Dalot Teixeira,DEF,Man Utd,0.18020243499800237
33,261,Amadou Onana,MID,Everton,0.17781985947506027
33,289,Adrián San Miguel del Castillo,GK,Liverpool,0.08514660217938717
33,645,Youssef Ramalho Chermiti,FWD,Everton,0.18767735971878255
33,19,Bukayo Saka,MID,Arsenal,0.17781985947506027
33,109,Ben Mee,DEF,Brentford,0.18020243499800237
33,469,Joe Worrall,DEF,Nott'm Forest,0.18020243499800237
33,41,Diego Carlos Santos Silva,DEF,Aston Villa,0.18020243499800237
33,66,Lewis Cook,MID,Bournemouth,0.17781985947506027
33,547,Bendegúz Bolla,DEF,Wolves,0.18020243499800237
33,203,Malo Gusto,DEF,Chelsea,0.18020243499800237
33,316,Amari'i Bell,DEF,Luton,0.18020243499800237
33,248,Dele Alli,MID,Everton,0.17781985947506027
33,208,Noni Madueke,MID,Chelsea,0.17781985947506027
33,595,Milos Kerkez,DEF,Bournemouth,0.18020243499800237
33,317,Luke Berry,MID,Luton,0.17781985947506027
33,45,Kortney Hause,DEF,Aston Villa,0.18020243499800237
33,229,Will Hughes,MID,Crystal Palace,0.17781985947506027
33,415,Alexander Isak,FWD,Newcastle,0.18767735971878255
33,658,John-Kymani Gordon,FWD,Crystal Palace,0.18767735971878255
33,451,Cheikhou Kouyaté,MID,Nott'm Forest,0.17781985947506027
33,2,Cédric Alves Soares,DEF,Arsenal,0.18020243499800237
33,188,Pierre-Emerick Aubameyang,FWD,Chelsea,0.18767735971878255
33,418,Garang Kuol,MID,Newcastle,0.17781985947506027
33,666,Tom Davies,MID,Sheffield Utd,0.17781985947506027
33,656,Antwoine Hackford,FWD,Sheffield Utd,0.18767735971878255
33,735,Charles Sagoe,MID,Arsenal,0.17781985947506027
33,852,Kiano Dyer,MID,Chelsea,0.17781985947506027
33,112,Ethan Pinnock,DEF,Brentford,0.18020243499800237
33,651,Jay Stansfield,FWD,Fulham,0.18767735971878255
33,808,Matz Sels,GK,Nott'm Forest,0.08514660217938717
33,470,Ryan Yates,MID,Nott'm Forest,0.17781985947506027
33,672,Nicolò Zaniolo,MID,Aston Villa,0.17781985947506027
33,111,Frank Onyeka,MID,Brentford,0.17781985947506027
33,219,Naouirou Ahamada,MID,Crystal Palace,0.17781985947506027
33,63,Philip Billing,MID,Bournemouth,0.17781985947506027
33,215,Gabriel Słonina,GK,Chelsea,0.08514660217938717
33,228,Marc Guéhi,DEF,Crystal Palace,0.18020243499800237
33,247,Seamus Coleman,DEF,Everton,0.18020243499800237
33,294,Diogo Teixeira da Silva,MID,Liverpool,0.17781985947506027
33,652,Matthew Dibley-Dias,MID,Fulham,0.17781985947506027
33,360,James McAtee,MID,Sheffield Utd,0.17781985947506027
33,733,Valintino Adedokun,DEF,Brentford,0.18020243499800237
33,355,Erling Haaland,FWD,Man City,0.18767735971878255
33,163,Jack Cork,MID,Burnley,0.17781985947506027
33,390,Anthony Martial,FWD,Man Utd,0.18767735971878255
33,154,Danny Welbeck,FWD,Brighton,0.18767735971878255
33,287,Carlos Vinícius Alves Morais,FWD,Fulham,0.18767735971878255
33,604,Olu Aina,DEF,Nott'm Forest,0.18020243499800237
33,757,Conor Bradley,DEF,Liverpool,0.18020243499800237
33,365,Rodrigo Hernandez,MID,Man City,0.17781985947506027
33,792,Daniel Muñoz,DEF,Crystal Palace,0.18020243499800237
33,386,Victor Lindelöf,DEF,Man Utd,0.18020243499800237
33,349,Kevin De Bruyne,MID,Man City,0.17781985947506027
33,636,George Shelvey,GK,Nott'm Forest,0.08514660217938717
33,659,Lucas Bergström,GK,Chelsea,0.08514660217938717
33,124,Yasin Ayari,MID,Brighton,0.17781985947506027
33,635,Lewis Miley,MID,Newcastle,0.17781985947506027
33,667,Roméo Lavia,MID,Chelsea,0.17781985947506027
33,329,Fred Onyedinma,MID,Luton,0.17781985947506027
33,462,Gustavo Henrique Furtado Scarpa,MID,Nott'm Forest,0.17781985947506027
33,104,Aaron Hickey,DEF,Brentford,0.18020243499800237
33,94,Mads Bidstrup,MID,Brentford,0.17781985947506027
33,140,Solly March,MID,Brighton,0.17781985947506027
33,200,David Datro Fofana,FWD,Burnley,0.18767735971878255
33,540,Declan Rice,MID,Arsenal,0.17781985947506027
33,748,Joe Hugill,FWD,Man Utd,0.18767735971878255
33,137,Kacper Kozłowski,MID,Brighton,0.17781985947506027
33,81,Joe Rothwell,MID,Bournemouth,0.17781985947506027
33,638,Vini de Souza Costa,MID,Sheffield Utd,0.17781985947506027
33,628,Ben Doak,MID,Liverpool,0.17781985947506027
33,475,Sander Berge,MID,Burnley,0.17781985947506027
33,296,Fabio Henrique Tavares,MID,Liverpool,0.17781985947506027
33,654,Louie Marsh,FWD,Sheffield Utd,0.18767735971878255
33,766,Willy Kambwala,DEF,Man Utd,0.18020243499800237
33,485,Oliver McBurnie,FWD,Sheffield Utd,0.18767735971878255
33,106,Mathias Jensen,MID,Brentford,0.17781985947506027
33,323,Matt Macey,GK,Luton,0.08514660217938717
33,201,Wesley Fofana,DEF,Chelsea,0.18020243499800237
33,68,Ryan Fredericks,DEF,Bournemouth,0.18020243499800237
33,563,Max Kilman,DEF,Wolves,0.18020243499800237
33,342,Nathan Aké,DEF,Man City,0.18020243499800237
33,797,Benjamin Fredrick,DEF,Brentford,0.18020243499800237
33,204,Lewis Hall,DEF,Newcastle,0.18020243499800237
33,677,Deivid Washington de Souza Eugênio,FWD,Chelsea,0.18767735971878255
33,403,Elliot Anderson,MID,Newcastle,0.17781985947506027
33,686,Oliwier Zych,GK,Aston Villa,0.08514660217938717
33,210,Mykhailo Mudryk,MID,Chelsea,0.17781985947506027
33,777,Radu Dragusin,DEF,Spurs,0.18020243499800237
33,67,Siriki Dembélé,MID,Bournemouth,0.17781985947506027
33,501,Dejan Kulusevski,MID,Spurs,0.17781985947506027
33,568,Daniel Castelo Podence,MID,Wolves,0.17781985947506027
33,202,Conor Gallagher,MID,Chelsea,0.17781985947506027
33,806,Maxime Esteve,DEF,Burnley,0.18020243499800237
33,226,Eberechi Eze,MID,Crystal Palace,0.17781985947506027
33,463,Jonjo Shelvey,MID,Nott'm Forest,0.17781985947506027
33,537,Thilo Kehrer,DEF,West Ham,0.18020243499800237
33,770,Ty Barnett,MID,Wolves,0.17781985947506027
33,719,Mackenzie Hunt,MID,Everton,0.17781985947506027
33,157,Ameen Al-Dakhil,DEF,Burnley,0.18020243499800237
33,466,Hwang Ui-jo,FWD,Nott'm Forest,0.18767735971878255
33,130,Julio Enciso,MID,Brighton,0.17781985947506027
33,692,Steven Benda,GK,Fulham,0.08514660217938717
33,77,Norberto Murara Neto,GK,Bournemouth,0.08514660217938717
33,678,Jérémy Doku,MID,Man City,0.17781985947506027
33,452,Richie Laryea,DEF,Nott'm Forest,0.18020243499800237
33,810,Joshua King,MID,Fulham,0.17781985947506027
33,283,Antonee Robinson,DEF,Fulham,0.18020243499800237
33,558,Raúl Jiménez,FWD,Fulham,0.18767735971878255
33,339,Louie Watson,MID,Luton,0.17781985947506027
33,557,Hwang Hee-chan,MID,Wolves,0.17781985947506027
33,591,Willian Borges da Silva,MID,Fulham,0.17781985947506027
33,838,Josh Acheampong,DEF,Chelsea,0.18020243499800237
33,477,Rhian Brewster,FWD,Sheffield Utd,0.18767735971878255
33,575,Tom Lockyer,DEF,Luton,0.18020243499800237
33,263,Jordan Pickford,GK,Everton,0.08514660217938717
33,620,Michael Olakigbe,MID,Brentford,0.17781985947506027
33,587,Anis Slimane,MID,Sheffield Utd,0.17781985947506027
33,406,Bruno Guimarães Rodriguez Moura,MID,Newcastle,0.17781985947506027
33,410,Ryan Fraser,MID,Newcastle,0.17781985947506027
33,273,Anthony Knockaert,MID,Fulham,0.17781985947506027
33,387,Harry Maguire,DEF,Man Utd,0.18020243499800237
33,590,Matheus Santos Carneiro Da Cunha,FWD,Wolves,0.18767735971878255
33,768,Rhys Bennett,DEF,Man Utd,0.18020243499800237
33,549,Francisco Jorge Tomás Oliveira,MID,Wolves,0.17781985947506027
33,556,Ki-Jana Hoever,DEF,Wolves,0.18020243499800237
33,608,Jacob Bruun Larsen,MID,Burnley,0.17781985947506027
33,454,Loïc Mbe Soh,DEF,Nott'm Forest,0.18020243499800237
33,599,Moussa Diaby,MID,Aston Villa,0.17781985947506027
33,321,Alfie Doughty,DEF,Luton,0.18020243499800237
33,778,James Wright,GK,Aston Villa,0.08514660217938717
33,346,João Cancelo,DEF,Man City,0.18020243499800237
33,584,Pau Torres,DEF,Aston Villa,0.18020243499800237
33,697,Santiago Bueno,DEF,Wolves,0.18020243499800237
33,3,Mohamed Elneny,MID,Arsenal,0.17781985947506027
33,245,Jarrad Branthwaite,DEF,Everton,0.18020243499800237
33,825,Kaden Rodney,MID,Crystal Palace,0.17781985947506027
33,14,Martin Ødegaard,MID,Arsenal,0.17781985947506027
33,566,Matheus Luiz Nunes,MID,Man City,0.17781985947506027
33,683,Luke Harris,MID,Fulham,0.17781985947506027
33,564,Tom King,GK,Wolves,0.08514660217938717
33,350,Rúben Gato Alves Dias,DEF,Man City,0.18020243499800237
33,333,Dan Potts,DEF,Luton,0.18020243499800237
33,517,Djed Spence,DEF,Spurs,0.18020243499800237
33,693,Luke Thomas,DEF,Sheffield Utd,0.18020243499800237
33,33,Cameron Archer,FWD,Sheffield Utd,0.18767735971878255
33,49,Emiliano Martínez Romero,GK,Aston Villa,0.08514660217938717
33,270,Bobby De Cordova-Reid,MID,Fulham,0.17781985947506027
33,542,Tomáš Souček,MID,West Ham,0.17781985947506027
33,630,Ross Barkley,MID,Luton,0.17781985947506027
33,679,Gonzalo Montiel,DEF,Nott'm Forest,0.18020243499800237
33,801,Giovanni Reyna,MID,Nott'm Forest,0.17781985947506027
33,616,Joško Gvardiol,DEF,Man City,0.18020243499800237
33,362,Cole Palmer,MID,Chelsea,0.17781985947506027
33,507,Ivan Perišić,DEF,Spurs,0.18020243499800237
33,472,Jordan Amissah,GK,Sheffield Utd,0.08514660217938717
33,376,Carlos Henrique Casimiro,MID,Man Utd,0.17781985947506027
33,384,Tom Heaton,GK,Man Utd,0.08514660217938717
33,814,Jacob Wright,MID,Man City,0.17781985947506027
33,312,Sepp van den Berg,DEF,Liverpool,0.18020243499800237
33,471,Anel Ahmedhodžić,DEF,Sheffield Utd,0.18020243499800237
33,643,Max Aarons,DEF,Bournemouth,0.18020243499800237
33,637,Josh Powell,DEF,Nott'm Forest,0.18020243499800237
33,511,Cristian Romero,DEF,Spurs,0.18020243499800237
33,546,Daniel Bentley,GK,Wolves,0.08514660217938717
33,831,Axel Piesold,MID,Luton,0.17781985947506027
33,185,Ethan Ampadu,DEF,Chelsea,0.18020243499800237
33,150,Jan Paul van Hecke,DEF,Brighton,0.18020243499800237
33,592,Yasser Larouci,DEF,Sheffield Utd,0.18020243499800237
33,196,Carney Chukwuemeka,MID,Chelsea,0.17781985947506027
33,326,Carlton Morris,FWD,Luton,0.18767735971878255
33,710,Odysseas Vlachodimos,GK,Nott'm Forest,0.08514660217938717
33,746,Ben Jackson,DEF,Brighton,0.18020243499800237
33,829,George Earthy,MID,West Ham,0.17781985947506027
33,479,Adam Davies,GK,Sheffield Utd,0.08514660217938717
33,744,Myles Peart-Harris,MID,Brentford,0.17781985947506027
33,234,Tyrick Mitchell,DEF,Crystal Palace,0.18020243499800237
33,504,James Maddison,MID,Spurs,0.17781985947506027
33,340,Cauley Woodrow,FWD,Luton,0.18767735971878255
33,308,Mohamed Salah,MID,Liverpool,0.17781985947506027
33,500,Harry Kane,FWD,Spurs,0.18767735971878255
33,367,Zack Steffen,GK,Man City,0.08514660217938717
33,82,Antoine Semenyo,FWD,Bournemouth,0.18767735971878255
33,737,Bradley Ibrahim,MID,Arsenal,0.17781985947506027
33,695,Altay Bayindir,GK,Man Utd,0.08514660217938717
33,213,Christian Pulisic,MID,Chelsea,0.17781985947506027
33,153,Adam Webster,DEF,Brighton,0.18020243499800237
33,293,Darwin Núñez Ribeiro,FWD,Liverpool,0.18767735971878255
33,611,Axel Disasi,DEF,Chelsea,0.18020243499800237
33,156,Enock Agyei,MID,Burnley,0.17781985947506027
33,1,Folarin Balogun,FWD,Arsenal,0.18767735971878255
33,51,Tyrone Mings,DEF,Aston Villa,0.18020243499800237
33,712,Nicolás Domínguez,MID,Nott'm Forest,0.17781985947506027
33,529,Conor Coventry,MID,West Ham,0.17781985947506027
33,478,Ismaila Coulibaly,MID,Sheffield Utd,0.17781985947506027
33,161,Josh Brownhill,MID,Burnley,0.17781985947506027
33,498,Fraser Forster,GK,Spurs,0.08514660217938717
33,231,Jefferson Lerma Solís,MID,Crystal Palace,0.17781985947506027
33,322,Luke Freeman,MID,Luton,0.17781985947506027
33,129,Lewis Dunk,DEF,Brighton,0.18020243499800237
33,189,César Azpilicueta,DEF,Chelsea,0.18020243499800237
33,756,Marcelo de Araújo Pitaluga Filho,GK,Liverpool,0.08514660217938717
33,805,Lorenz Assignon,DEF,Burnley,0.18020243499800237
33,441,Steve Cook,DEF,Nott'm Forest,0.18020243499800237
33,167,Hjalmar Ekdal,DEF,Burnley,0.18020243499800237
33,370,Alex Telles,DEF,Man Utd,0.18020243499800237
33,755,Luca Barrington,MID,Brighton,0.17781985947506027
33,569,José Malheiro de Sá,GK,Wolves,0.08514660217938717
33,266,João Neves Virgínia,GK,Everton,0.08514660217938717
33,276,Saša Lukić,MID,Fulham,0.17781985947506027
33,74,Emiliano Marcondes,MID,Bournemouth,0.17781985947506027
33,794,Joe White,MID,Newcastle,0.17781985947506027
33,55,Jacob Ramsey,MID,Aston Villa,0.17781985947506027
33,429,Sandro Tonali,MID,Newcastle,0.17781985947506027
33,771,Micah Hamilton,MID,Man City,0.17781985947506027
33,704,Nathan Fraser,FWD,Wolves,0.18767735971878255
33,107,Keane Lewis-Potter,MID,Brentford,0.17781985947506027
33,259,Dwight McNeil,MID,Everton,0.17781985947506027
33,786,Cameron Peupion,MID,Brighton,0.17781985947506027
33,126,Moisés Caicedo Corozo,MID,Chelsea,0.17781985947506027
33,9,Jorge Luiz Frello Filho,MID,Arsenal,0.17781985947506027
33,285,Kenny Tete,DEF,Fulham,0.18020243499800237
33,787,Harvey Griffiths,MID,Wolves,0.17781985947506027
33,162,Darko Churlinov,MID,Burnley,0.17781985947506027
33,661,Jack Harrison,MID,Everton,0.17781985947506027
33,338,Jack Walton,GK,Luton,0.08514660217938717
33,688,Timothy Castagne,DEF,Fulham,0.18020243499800237
33,84,Adam Smith,DEF,Bournemouth,0.18020243499800237
33,166,CJ Egan-Riley,DEF,Burnley,0.18020243499800237
33,207,Romelu Lukaku Bolingoli,FWD,Chelsea,0.18767735971878255
33,250,James Garner,MID,Everton,0.17781985947506027
33,217,Thiago Emiliano da Silva,DEF,Chelsea,0.18020243499800237
33,7,Rob Holding,DEF,Crystal Palace,0.18020243499800237
33,401,Aaron Wan-Bissaka,DEF,Man Utd,0.18020243499800237
33,149,Deniz Undav,FWD,Brighton,0.18767735971878255
33,380,Álvaro Fernández Carreras,DEF,Man Utd,0.18020243499800237
33,59,Bertrand Traoré,MID,Aston Villa,0.17781985947506027
33,262,Nathan Patterson,DEF,Everton,0.18020243499800237
33,212,Christopher Nkunku,FWD,Chelsea,0.18767735971878255
33,436,Serge Aurier,DEF,Nott'm Forest,0.18020243499800237
33,268,Tom Cairney,MID,Fulham,0.17781985947506027
33,435,Harry Arter,MID,Nott'm Forest,0.17781985947506027
33,718,Alex Matos,MID,Chelsea,0.17781985947506027
33,444,Mohamed Dräger,DEF,Nott'm Forest,0.18020243499800237
33,18,Rúnar Alex Rúnarsson,GK,Arsenal,0.08514660217938717
33,347,Scott Carson,GK,Man City,0.08514660217938717
33,593,Bénie Traoré,FWD,Sheffield Utd,0.18767735971878255
33,585,Jurriën Timber,DEF,Arsenal,0.18020243499800237
33,160,Jordan Beyer,DEF,Burnley,0.18020243499800237
33,482,Wes Foderingham,GK,Sheffield Utd,0.08514660217938717
33,812,Lewis Koumas,FWD,Liverpool,0.18767735971878255
33,676,Konstantinos Mavropanos,DEF,West Ham,0.18020243499800237
33,681,Diego Manuel Jadon da Silva Moreira,MID,Chelsea,0.17781985947506027
33,225,Odsonne Edouard,FWD,Crystal Palace,0.18767735971878255
33,73,Jamal Lowe,MID,Bournemouth,0.17781985947506027
33,622,Owen Dodgson,DEF,Burnley,0.18020243499800237
33,425,Matt Ritchie,MID,Newcastle,0.17781985947506027
33,168,Lyle Foster,FWD,Burnley,0.18767735971878255
33,675,Aaron Ramsey,MID,Burnley,0.17781985947506027
33,142,James Milner,MID,Brighton,0.17781985947506027
33,600,Nathan Redmond,MID,Burnley,0.17781985947506027
33,121,Mathias Jorgensen,DEF,Brentford,0.18020243499800237
33,236,Michael Olise,MID,Crystal Palace,0.17781985947506027
33,515,Oliver Skipp,MID,Spurs,0.17781985947506027
33,40,Leander Dendoncker,MID,Aston Villa,0.17781985947506027
33,455,Scott McKenna,DEF,Nott'm Forest,0.18020243499800237
33,257,Michael Keane,DEF,Everton,0.18020243499800237
33,562,Sasa Kalajdzic,FWD,Wolves,0.18767735971878255
33,526,Jarrod Bowen,MID,West Ham,0.17781985947506027
33,28,Matt Turner,GK,Nott'm Forest,0.08514660217938717
33,216,Raheem Sterling,MID,Chelsea,0.17781985947506027
33,431,Kell Watts,DEF,Newcastle,0.18020243499800237
33,315,Mads Juel Andersen,DEF,Luton,0.18020243499800237
33,95,Sergi Canós Tenés,MID,Brentford,0.17781985947506027
33,65,Ryan Christie,MID,Bournemouth,0.17781985947506027
33,120,Yegor Yarmoliuk,MID,Brentford,0.17781985947506027
33,842,Roshaun Mathurin,MID,Crystal Palace,0.17781985947506027
33,145,Robert Sánchez,GK,Chelsea,0.08514660217938717
33,71,Gavin Kilkenny,MID,Bournemouth,0.17781985947506027
33,193,Armando Broja,FWD,Fulham,0.18767735971878255
33,85,Dominic Solanke,FWD,Bournemouth,0.18767735971878255
33,468,Chris Wood,FWD,Nott'm Forest,0.18767735971878255
33,644,Alex Scott,MID,Bournemouth,0.17781985947506027
33,54,Jaden Philogene-Bidace,MID,Aston Villa,0.17781985947506027
33,670,Filip Marschall,GK,Aston Villa,0.08514660217938717
33,364,Kalvin Phillips,MID,West Ham,0.17781985947506027
33,492,Rodrigo Bentancur,MID,Spurs,0.17781985947506027
33,36,Matty Cash,DEF,Aston Villa,0.18020243499800237
33,255,Mason Holgate,DEF,Sheffield Utd,0.18020243499800237
33,334,Glen Rea,MID,Luton,0.17781985947506027
33,62,Jaidon Anthony,MID,Bournemouth,0.17781985947506027
33,139,Tariq Lamptey,DEF,Brighton,0.18020243499800237
33,647,Joseph Anang,GK,West Ham,0.08514660217938717
33,473,George Baldock,DEF,Sheffield Utd,0.18020243499800237
33,414,Jeff Hendrick,MID,Newcastle,0.17781985947506027
33,411,Mark Gillespie,GK,Newcastle,0.08514660217938717
33,717,Ronnie Stutter,FWD,Chelsea,0.18767735971878255
33,572,Nélson Cabral Semedo,DEF,Wolves,0.18020243499800237
33,832,Wesley Okoduwa,DEF,Wolves,0.18020243499800237
33,277,Kevin Mbabu,DEF,Fulham,0.18020243499800237
33,389,Tyrell Malacia,DEF,Man Utd,0.18020243499800237
33,789,Hákon Valdimarsson,GK,Brentford,0.08514660217938717
33,687,Đorđe Petrović,GK,Chelsea,0.08514660217938717
33,727,Andros Townsend,MID,Luton,0.17781985947506027
33,238,Chris Richards,DEF,Crystal Palace,0.18020243499800237
33,299,Jordan Henderson,MID,Liverpool,0.17781985947506027
33,685,Daniel Gore,MID,Man Utd,0.17781985947506027
33,369,Kyle Walker,DEF,Man City,0.18020243499800237
33,631,Jacob Brown,FWD,Luton,0.18767735971878255
33,227,Vicente Guaita,GK,Crystal Palace,0.08514660217938717
33,459,Braian Ojeda Rodríguez,MID,Nott'm Forest,0.17781985947506027
33,93,Mads Bech Sørensen,DEF,Brentford,0.18020243499800237
34,653,Femi Seriki,DEF,Sheffield Utd,0.1802024349980024
34,653,Femi Seriki,DEF,Sheffield Utd,0.1802024349980024
34,723,Josh Brooking,DEF,Chelsea,0.1802024349980024
34,669,Radek Vítek,GK,Man Utd,0.08514660217938717
34,621,Jack Hinshelwood,MID,Brighton,0.17781985947506024
34,397,Jadon Sancho,MID,Man Utd,0.17781985947506024
34,714,Divock Origi,FWD,Nott'm Forest,0.18767735971878255
34,828,Sam Curtis,DEF,Sheffield Utd,0.1802024349980024
34,828,Sam Curtis,DEF,Sheffield Utd,0.1802024349980024
34,487,Rhys Norrington-Davies,DEF,Sheffield Utd,0.1802024349980024
34,487,Rhys Norrington-Davies,DEF,Sheffield Utd,0.1802024349980024
34,105,Vitaly Janelt,MID,Brentford,0.17781985947506024
34,607,Ionuț Radu,GK,Bournemouth,0.08514660217938717
34,607,Ionuț Radu,GK,Bournemouth,0.08514660217938717
34,655,Andre Brooks,MID,Sheffield Utd,0.17781985947506024
34,655,Andre Brooks,MID,Sheffield Utd,0.17781985947506024
34,354,Jack Grealish,MID,Man City,0.17781985947506024
34,417,Emil Krafth,DEF,Newcastle,0.1802024349980024
34,574,Boubacar Traoré,MID,Wolves,0.17781985947506024
34,574,Boubacar Traoré,MID,Wolves,0.17781985947506024
34,169,Denis Franchi,GK,Burnley,0.08514660217938717
34,335,James Shea,GK,Luton,0.08514660217938717
34,844,Christian Chigozie,DEF,Luton,0.1802024349980024
34,300,Curtis Jones,MID,Liverpool,0.17781985947506024
34,300,Curtis Jones,MID,Liverpool,0.17781985947506024
34,764,Myles Lewis-Skelly,MID,Arsenal,0.17781985947506024
34,764,Myles Lewis-Skelly,MID,Arsenal,0.17781985947506024
34,732,Devan Tanton,DEF,Fulham,0.1802024349980024
34,206,Reece James,DEF,Chelsea,0.1802024349980024
34,700,Anssumane Fati Vieira,MID,Brighton,0.17781985947506024
34,53,Robin Olsen,GK,Aston Villa,0.08514660217938717
34,813,Fabian Mrozek,GK,Liverpool,0.08514660217938717
34,813,Fabian Mrozek,GK,Liverpool,0.08514660217938717
34,781,Joe Gardner,FWD,Nott'm Forest,0.18767735971878255
34,489,Ben Osborn,MID,Sheffield Utd,0.17781985947506024
34,489,Ben Osborn,MID,Sheffield Utd,0.17781985947506024
34,371,Amad Diallo,MID,Man Utd,0.17781985947506024
34,378,Anthony Elanga,MID,Nott'm Forest,0.17781985947506024
34,774,Kaelan Casey,DEF,West Ham,0.1802024349980024
34,488,Oliver Norwood,MID,Sheffield Utd,0.17781985947506024
34,488,Oliver Norwood,MID,Sheffield Utd,0.17781985947506024
34,465,Harry Toffolo,DEF,Nott'm Forest,0.1802024349980024
34,344,Bernardo Veiga de Carvalho e Silva,MID,Man City,0.17781985947506024
34,178,Charlie Taylor,DEF,Burnley,0.1802024349980024
34,807,Adam Wharton,MID,Crystal Palace,0.17781985947506024
34,807,Adam Wharton,MID,Crystal Palace,0.17781985947506024
34,117,Ivan Toney,FWD,Brentford,0.18767735971878255
34,725,Ji-Soo Kim,DEF,Brentford,0.1802024349980024
34,23,Nuno Varela Tavares,DEF,Nott'm Forest,0.1802024349980024
34,634,Alex Murphy,DEF,Newcastle,0.1802024349980024
34,13,Eddie Nketiah,FWD,Arsenal,0.18767735971878255
34,13,Eddie Nketiah,FWD,Arsenal,0.18767735971878255
34,191,Benoît Badiashile,DEF,Chelsea,0.1802024349980024
34,22,Emile Smith Rowe,MID,Arsenal,0.17781985947506024
34,22,Emile Smith Rowe,MID,Arsenal,0.17781985947506024
34,626,Jarell Quansah,DEF,Liverpool,0.1802024349980024
34,626,Jarell Quansah,DEF,Liverpool,0.1802024349980024
34,195,Ben Chilwell,DEF,Chelsea,0.1802024349980024
34,38,Philippe Coutinho Correia,MID,Aston Villa,0.17781985947506024
34,46,Tim Iroegbunam,MID,Aston Villa,0.17781985947506024
34,579,Andy Lonergan,GK,Everton,0.08514660217938717
34,579,Andy Lonergan,GK,Everton,0.08514660217938717
34,690,Carlos Baleba,MID,Brighton,0.17781985947506024
34,570,Pablo Sarabia,MID,Wolves,0.17781985947506024
34,570,Pablo Sarabia,MID,Wolves,0.17781985947506024
34,76,Kieffer Moore,FWD,Bournemouth,0.18767735971878255
34,76,Kieffer Moore,FWD,Bournemouth,0.18767735971878255
34,448,Wayne Hennessey,GK,Nott'm Forest,0.08514660217938717
34,233,Remi Matthews,GK,Crystal Palace,0.08514660217938717
34,233,Remi Matthews,GK,Crystal Palace,0.08514660217938717
34,302,Ibrahima Konaté,DEF,Liverpool,0.1802024349980024
34,302,Ibrahima Konaté,DEF,Liverpool,0.1802024349980024
34,416,Joelinton Cássio Apolinário de Lira,MID,Newcastle,0.17781985947506024
34,795,Travis Hernes,MID,Newcastle,0.17781985947506024
34,86,Marcus Tavernier,MID,Bournemouth,0.17781985947506024
34,86,Marcus Tavernier,MID,Bournemouth,0.17781985947506024
34,97,Matthew Cox,GK,Brentford,0.08514660217938717
34,848,Taylan Harris,FWD,Luton,0.18767735971878255
34,341,Manuel Akanji,DEF,Man City,0.1802024349980024
34,615,Matheus França de Oliveira,MID,Crystal Palace,0.17781985947506024
34,615,Matheus França de Oliveira,MID,Crystal Palace,0.17781985947506024
34,751,Justin Hubner,DEF,Wolves,0.1802024349980024
34,751,Justin Hubner,DEF,Wolves,0.1802024349980024
34,539,Lucas Tolentino Coelho de Lima,MID,West Ham,0.17781985947506024
34,617,Rasmus Højlund,FWD,Man Utd,0.18767735971878255
34,605,Luca Koleosho,MID,Burnley,0.17781985947506024
34,545,Rayan Aït-Nouri,DEF,Wolves,0.1802024349980024
34,545,Rayan Aït-Nouri,DEF,Wolves,0.1802024349980024
34,37,Calum Chambers,DEF,Aston Villa,0.1802024349980024
34,532,Emerson Palmieri dos Santos,DEF,West Ham,0.1802024349980024
34,303,Luis Díaz,MID,Liverpool,0.17781985947506024
34,303,Luis Díaz,MID,Liverpool,0.17781985947506024
34,181,Lawrence Vigouroux,GK,Burnley,0.08514660217938717
34,144,Jakub Moder,MID,Brighton,0.17781985947506024
34,767,Tommi O'Reilly,MID,Aston Villa,0.17781985947506024
34,164,Dara Costelloe,MID,Burnley,0.17781985947506024
34,368,John Stones,DEF,Man City,0.1802024349980024
34,254,Idrissa Gueye,MID,Everton,0.17781985947506024
34,254,Idrissa Gueye,MID,Everton,0.17781985947506024
34,288,Harry Wilson,MID,Fulham,0.17781985947506024
34,192,Marcus Bettinelli,GK,Chelsea,0.08514660217938717
34,224,Malcolm Ebiowei,MID,Crystal Palace,0.17781985947506024
34,224,Malcolm Ebiowei,MID,Crystal Palace,0.17781985947506024
34,29,Benjamin White,DEF,Arsenal,0.1802024349980024
34,29,Benjamin White,DEF,Arsenal,0.1802024349980024
34,753,Leigh Kavanagh,DEF,Brighton,0.1802024349980024
34,393,Teden Mengi,DEF,Luton,0.1802024349980024
34,48,Ezri Konsa Ngoyo,DEF,Aston Villa,0.1802024349980024
34,857,Owen Hampson,MID,Sheffield Utd,0.17781985947506024
34,857,Owen Hampson,MID,Sheffield Utd,0.17781985947506024
34,705,Luis Sinisterra,MID,Bournemouth,0.17781985947506024
34,705,Luis Sinisterra,MID,Bournemouth,0.17781985947506024
34,15,Thomas Partey,MID,Arsenal,0.17781985947506024
34,15,Thomas Partey,MID,Arsenal,0.17781985947506024
34,729,Jayden Luker,MID,Luton,0.17781985947506024
34,420,Jamal Lewis,DEF,Newcastle,0.1802024349980024
34,34,Leon Bailey,MID,Aston Villa,0.17781985947506024
34,703,Jonny Evans,DEF,Man Utd,0.1802024349980024
34,449,Ethan Horvath,GK,Nott'm Forest,0.08514660217938717
34,816,Valentín Barco,DEF,Brighton,0.1802024349980024
34,237,Luke Plange,FWD,Crystal Palace,0.18767735971878255
34,237,Luke Plange,FWD,Crystal Palace,0.18767735971878255
34,398,Luke Shaw,DEF,Man Utd,0.1802024349980024
34,784,Oliver Scarles,DEF,West Ham,0.1802024349980024
34,565,Mario Lemina,MID,Wolves,0.17781985947506024
34,565,Mario Lemina,MID,Wolves,0.17781985947506024
34,155,Andi Zeqiri,FWD,Brighton,0.18767735971878255
34,265,James Tarkowski,DEF,Everton,0.1802024349980024
34,265,James Tarkowski,DEF,Everton,0.1802024349980024
34,90,Kristoffer Ajer,DEF,Brentford,0.1802024349980024
34,851,Tyrique George,FWD,Chelsea,0.18767735971878255
34,235,Jake O'Brien,DEF,Crystal Palace,0.1802024349980024
34,235,Jake O'Brien,DEF,Crystal Palace,0.1802024349980024
34,846,Harry Amass,DEF,Man Utd,0.1802024349980024
34,680,Eddie Beach,GK,Chelsea,0.08514660217938717
34,817,James Sweet,DEF,Arsenal,0.1802024349980024
34,817,James Sweet,DEF,Arsenal,0.1802024349980024
34,72,Justin Kluivert,MID,Bournemouth,0.17781985947506024
34,72,Justin Kluivert,MID,Bournemouth,0.17781985947506024
34,57,Viljami Sinisalo,GK,Aston Villa,0.08514660217938717
34,613,Lesley Ugochukwu,MID,Chelsea,0.17781985947506024
34,724,Jadan Raymond,MID,Crystal Palace,0.17781985947506024
34,724,Jadan Raymond,MID,Crystal Palace,0.17781985947506024
34,601,Arnaut Danjuma Groeneveld,MID,Everton,0.17781985947506024
34,601,Arnaut Danjuma Groeneveld,MID,Everton,0.17781985947506024
34,205,Callum Hudson-Odoi,MID,Nott'm Forest,0.17781985947506024
34,24,Kieran Tierney,DEF,Arsenal,0.1802024349980024
34,24,Kieran Tierney,DEF,Arsenal,0.1802024349980024
34,281,Tim Ream,DEF,Fulham,0.1802024349980024
34,836,Leon Chiwome,FWD,Wolves,0.18767735971878255
34,836,Leon Chiwome,FWD,Wolves,0.18767735971878255
34,353,Phil Foden,MID,Man City,0.17781985947506024
34,379,Christian Eriksen,MID,Man Utd,0.17781985947506024
34,552,Fábio Silva,FWD,Wolves,0.18767735971878255
34,552,Fábio Silva,FWD,Wolves,0.18767735971878255
34,790,Ivo Grbic,GK,Sheffield Utd,0.08514660217938717
34,790,Ivo Grbic,GK,Sheffield Utd,0.08514660217938717
34,241,James Tomkins,DEF,Crystal Palace,0.1802024349980024
34,241,James Tomkins,DEF,Crystal Palace,0.1802024349980024
34,490,William Osula,FWD,Sheffield Utd,0.18767735971878255
34,490,William Osula,FWD,Sheffield Utd,0.18767735971878255
34,60,Ollie Watkins,FWD,Aston Villa,0.18767735971878255
34,5,Gabriel dos Santos Magalhães,DEF,Arsenal,0.1802024349980024
34,5,Gabriel dos Santos Magalhães,DEF,Arsenal,0.1802024349980024
34,25,Takehiro Tomiyasu,DEF,Arsenal,0.1802024349980024
34,25,Takehiro Tomiyasu,DEF,Arsenal,0.1802024349980024
34,282,Harrison Reed,MID,Fulham,0.17781985947506024
34,11,Marcus Oliveira Alencar,MID,Arsenal,0.17781985947506024
34,11,Marcus Oliveira Alencar,MID,Arsenal,0.17781985947506024
34,375,Eric Bailly,DEF,Man Utd,0.1802024349980024
34,218,Hakim Ziyech,MID,Chelsea,0.17781985947506024
34,541,Gianluca Scamacca,FWD,West Ham,0.18767735971878255
34,660,Wilson Odobert,MID,Burnley,0.17781985947506024
34,731,Jili Buyabu,DEF,Sheffield Utd,0.1802024349980024
34,731,Jili Buyabu,DEF,Sheffield Utd,0.1802024349980024
34,742,Benicio Baker-Boaitey,MID,Brighton,0.17781985947506024
34,110,Christian Nørgaard,MID,Brentford,0.17781985947506024
34,421,Sean Longstaff,MID,Newcastle,0.17781985947506024
34,582,Pelly Ruddock Mpanzu,MID,Luton,0.17781985947506024
34,535,Danny Ings,FWD,West Ham,0.18767735971878255
34,400,Donny van de Beek,MID,Man Utd,0.17781985947506024
34,438,Giulian Biancone,DEF,Nott'm Forest,0.1802024349980024
34,21,Albert Sambi Lokonga,MID,Luton,0.17781985947506024
34,171,Luke McNally,DEF,Burnley,0.1802024349980024
34,143,Kaoru Mitoma,MID,Brighton,0.17781985947506024
34,190,Abdul Rahman Baba,DEF,Chelsea,0.1802024349980024
34,78,Dango Ouattara,MID,Bournemouth,0.17781985947506024
34,78,Dango Ouattara,MID,Bournemouth,0.17781985947506024
34,483,Daniel Jebbison,FWD,Sheffield Utd,0.18767735971878255
34,483,Daniel Jebbison,FWD,Sheffield Utd,0.18767735971878255
34,122,Simon Adingra,MID,Brighton,0.17781985947506024
34,180,Scott Twine,MID,Burnley,0.17781985947506024
34,798,Daiki Hashioka,DEF,Luton,0.1802024349980024
34,696,Murillo Santiago Costa dos Santos,DEF,Nott'm Forest,0.1802024349980024
34,769,Owen Hesketh,MID,Wolves,0.17781985947506024
34,769,Owen Hesketh,MID,Wolves,0.17781985947506024
34,366,Sergio Gómez,DEF,Man City,0.1802024349980024
34,668,Wataru Endo,MID,Liverpool,0.17781985947506024
34,668,Wataru Endo,MID,Liverpool,0.17781985947506024
34,442,Danilo dos Santos de Oliveira,MID,Nott'm Forest,0.17781985947506024
34,113,David Raya Martin,GK,Arsenal,0.08514660217938717
34,113,David Raya Martin,GK,Arsenal,0.08514660217938717
34,423,Jacob Murphy,MID,Newcastle,0.17781985947506024
34,736,Reuell Walters,DEF,Arsenal,0.1802024349980024
34,736,Reuell Walters,DEF,Arsenal,0.1802024349980024
34,614,Thomas Kaminski,GK,Luton,0.08514660217938717
34,738,Amadou Diallo,MID,Newcastle,0.17781985947506024
34,232,Jean-Philippe Mateta,FWD,Crystal Palace,0.18767735971878255
34,232,Jean-Philippe Mateta,FWD,Crystal Palace,0.18767735971878255
34,827,Dovydas Sasnauskas,DEF,Sheffield Utd,0.1802024349980024
34,827,Dovydas Sasnauskas,DEF,Sheffield Utd,0.1802024349980024
34,849,Michael Dacosta Gonzalez,MID,Bournemouth,0.17781985947506024
34,849,Michael Dacosta Gonzalez,MID,Bournemouth,0.17781985947506024
34,79,Ben Pearson,MID,Bournemouth,0.17781985947506024
34,79,Ben Pearson,MID,Bournemouth,0.17781985947506024
34,175,Bailey Peacock-Farrell,GK,Burnley,0.08514660217938717
34,445,Felipe Augusto de Almeida Monteiro,DEF,Nott'm Forest,0.1802024349980024
34,20,William Saliba,DEF,Arsenal,0.1802024349980024
34,20,William Saliba,DEF,Arsenal,0.1802024349980024
34,174,Michael Obafemi,FWD,Burnley,0.18767735971878255
34,252,Ben Godfrey,DEF,Everton,0.1802024349980024
34,252,Ben Godfrey,DEF,Everton,0.1802024349980024
34,821,Franco Umeh-Chibueze,FWD,Crystal Palace,0.18767735971878255
34,821,Franco Umeh-Chibueze,FWD,Crystal Palace,0.18767735971878255
34,182,Victor da Silva,DEF,Burnley,0.1802024349980024
34,244,André Tavares Gomes,MID,Everton,0.17781985947506024
34,244,André Tavares Gomes,MID,Everton,0.17781985947506024
34,118,Ryan Trevitt,MID,Brentford,0.17781985947506024
34,332,Dion Pereira,MID,Luton,0.17781985947506024
34,763,Tayo Adaramola,DEF,Crystal Palace,0.1802024349980024
34,763,Tayo Adaramola,DEF,Crystal Palace,0.1802024349980024
34,176,Connor Roberts,DEF,Burnley,0.1802024349980024
34,43,Douglas Luiz Soares de Paulo,MID,Aston Villa,0.17781985947506024
34,101,Mark Flekken,GK,Brentford,0.08514660217938717
34,409,Martin Dubravka,GK,Newcastle,0.08514660217938717
34,629,James McConnell,MID,Liverpool,0.17781985947506024
34,629,James McConnell,MID,Liverpool,0.17781985947506024
34,292,Stefan Bajcetic,MID,Liverpool,0.17781985947506024
34,292,Stefan Bajcetic,MID,Liverpool,0.17781985947506024
34,267,Andreas Hoelgebaum Pereira,MID,Fulham,0.17781985947506024
34,682,Joseph Johnson,DEF,Luton,0.1802024349980024
34,826,Toby Collyer,MID,Man Utd,0.17781985947506024
34,198,Marc Cucurella Saseta,DEF,Chelsea,0.1802024349980024
34,280,João Palhinha Gonçalves,MID,Fulham,0.17781985947506024
34,830,Jimi Tauriainen,MID,Chelsea,0.17781985947506024
34,467,Neco Williams,DEF,Nott'm Forest,0.1802024349980024
34,404,Harrison Ashby,DEF,Newcastle,0.1802024349980024
34,133,Billy Gilmour,MID,Brighton,0.17781985947506024
34,480,John Egan,DEF,Sheffield Utd,0.1802024349980024
34,480,John Egan,DEF,Sheffield Utd,0.1802024349980024
34,98,Mikkel Damsgaard,MID,Brentford,0.17781985947506024
34,577,Angelo Ogbonna,DEF,West Ham,0.1802024349980024
34,474,Chris Basham,DEF,Sheffield Utd,0.1802024349980024
34,474,Chris Basham,DEF,Sheffield Utd,0.1802024349980024
34,847,Teddy Sharman-Lowe,GK,Chelsea,0.08514660217938717
34,298,Joe Gomez,DEF,Liverpool,0.1802024349980024
34,298,Joe Gomez,DEF,Liverpool,0.1802024349980024
34,80,Darren Randolph,GK,Bournemouth,0.08514660217938717
34,80,Darren Randolph,GK,Bournemouth,0.08514660217938717
34,536,Ben Johnson,DEF,West Ham,0.1802024349980024
34,159,Manuel Benson Hedilazio,MID,Burnley,0.17781985947506024
34,197,Levi Colwill,DEF,Chelsea,0.1802024349980024
34,460,Jonathan Panzo,DEF,Nott'm Forest,0.1802024349980024
34,534,Pablo Fornals Malla,MID,West Ham,0.17781985947506024
34,314,Elijah Adebayo,FWD,Luton,0.18767735971878255
34,103,Rico Henry,DEF,Brentford,0.1802024349980024
34,782,Owen Beck,DEF,Liverpool,0.1802024349980024
34,782,Owen Beck,DEF,Liverpool,0.1802024349980024
34,627,Bobby Clark,MID,Liverpool,0.17781985947506024
34,627,Bobby Clark,MID,Liverpool,0.17781985947506024
34,531,Flynn Downes,MID,West Ham,0.17781985947506024
34,802,Max Kinsey,DEF,Bournemouth,0.1802024349980024
34,802,Max Kinsey,DEF,Bournemouth,0.1802024349980024
34,619,Ben Greenwood,DEF,Bournemouth,0.1802024349980024
34,619,Ben Greenwood,DEF,Bournemouth,0.1802024349980024
34,432,Joe Willock,MID,Newcastle,0.17781985947506024
34,422,Javier Manquillo Gaitán,DEF,Newcastle,0.1802024349980024
34,388,Kobbie Mainoo,MID,Man Utd,0.17781985947506024
34,246,Dominic Calvert-Lewin,FWD,Everton,0.18767735971878255
34,246,Dominic Calvert-Lewin,FWD,Everton,0.18767735971878255
34,351,Tommy Doyle,MID,Wolves,0.17781985947506024
34,351,Tommy Doyle,MID,Wolves,0.17781985947506024
34,100,Halil Dervişoğlu,FWD,Brentford,0.18767735971878255
34,330,Gabriel Osho,DEF,Luton,0.1802024349980024
34,135,João Pedro Junqueira de Jesus,FWD,Brighton,0.18767735971878255
34,752,Vincent Angelini,GK,Brentford,0.08514660217938717
34,544,Kurt Zouma,DEF,West Ham,0.1802024349980024
34,461,Omar Richards,DEF,Nott'm Forest,0.1802024349980024
34,741,Mark O’Mahony,FWD,Brighton,0.18767735971878255
34,486,Iliman Ndiaye,FWD,Sheffield Utd,0.18767735971878255
34,486,Iliman Ndiaye,FWD,Sheffield Utd,0.18767735971878255
34,337,Elliot Thorpe,MID,Luton,0.17781985947506024
34,348,Shea Charles,MID,Man City,0.17781985947506024
34,833,Habeeb Ogunneye,DEF,Man Utd,0.1802024349980024
34,258,Neal Maupay,FWD,Brentford,0.18767735971878255
34,221,Jordan Ayew,MID,Crystal Palace,0.17781985947506024
34,221,Jordan Ayew,MID,Crystal Palace,0.17781985947506024
34,538,Divin Mubama,FWD,West Ham,0.18767735971878255
34,306,Nathaniel Phillips,DEF,Liverpool,0.1802024349980024
34,306,Nathaniel Phillips,DEF,Liverpool,0.1802024349980024
34,309,Dominik Szoboszlai,MID,Liverpool,0.17781985947506024
34,309,Dominik Szoboszlai,MID,Liverpool,0.17781985947506024
34,730,Ryan Oné,MID,Sheffield Utd,0.17781985947506024
34,730,Ryan Oné,MID,Sheffield Utd,0.17781985947506024
34,796,Kristian Sekularac,MID,Fulham,0.17781985947506024
34,320,Jordan Clark,MID,Luton,0.17781985947506024
34,761,Elijah Campbell,DEF,Everton,0.1802024349980024
34,761,Elijah Campbell,DEF,Everton,0.1802024349980024
34,209,Mason Mount,MID,Man Utd,0.17781985947506024
34,91,Ellery Balcombe,GK,Brentford,0.08514660217938717
34,64,David Brooks,MID,Bournemouth,0.17781985947506024
34,64,David Brooks,MID,Bournemouth,0.17781985947506024
34,134,Pascal Groß,MID,Brighton,0.17781985947506024
34,50,John McGinn,MID,Aston Villa,0.17781985947506024
34,743,Treymaurice Nyoni,MID,Liverpool,0.17781985947506024
34,743,Treymaurice Nyoni,MID,Liverpool,0.17781985947506024
34,739,Ben Parkinson,FWD,Newcastle,0.18767735971878255
34,239,Jairo Riedewald,MID,Crystal Palace,0.17781985947506024
34,239,Jairo Riedewald,MID,Crystal Palace,0.17781985947506024
34,119,Yoane Wissa,FWD,Brentford,0.18767735971878255
34,578,Reiss Nelson,MID,Arsenal,0.17781985947506024
34,578,Reiss Nelson,MID,Arsenal,0.17781985947506024
34,713,Ibrahim Sangaré,MID,Nott'm Forest,0.17781985947506024
34,394,Facundo Pellistri Rebollo,MID,Man Utd,0.17781985947506024
34,69,James Hill,DEF,Bournemouth,0.1802024349980024
34,69,James Hill,DEF,Bournemouth,0.1802024349980024
34,561,Bruno Cavaco Jordão,MID,Wolves,0.17781985947506024
34,561,Bruno Cavaco Jordão,MID,Wolves,0.17781985947506024
34,147,Kjell Scherpen,GK,Brighton,0.08514660217938717
34,363,Máximo Perrone,MID,Man City,0.17781985947506024
34,278,Aleksandar Mitrović,FWD,Fulham,0.18767735971878255
34,115,Kevin Schade,MID,Brentford,0.17781985947506024
34,457,Moussa Niakhaté,DEF,Nott'm Forest,0.1802024349980024
34,581,Paul Dummett,DEF,Newcastle,0.1802024349980024
34,809,Rodrigo Duarte Ribeiro,FWD,Nott'm Forest,0.18767735971878255
34,405,Sven Botman,DEF,Newcastle,0.1802024349980024
34,841,Lewis Warrington,MID,Everton,0.17781985947506024
34,841,Lewis Warrington,MID,Everton,0.17781985947506024
34,271,Issa Diop,DEF,Fulham,0.1802024349980024
34,17,Aaron Ramsdale,GK,Arsenal,0.08514660217938717
34,17,Aaron Ramsdale,GK,Arsenal,0.08514660217938717
34,845,Odeluga Offiah,DEF,Brighton,0.1802024349980024
34,286,Tosin Adarabioyo,DEF,Fulham,0.1802024349980024
34,290,Trent Alexander-Arnold,DEF,Liverpool,0.1802024349980024
34,290,Trent Alexander-Arnold,DEF,Liverpool,0.1802024349980024
34,184,Anass Zaroury,MID,Burnley,0.17781985947506024
34,131,Pervis Estupiñán,DEF,Brighton,0.1802024349980024
34,698,Enso González,MID,Wolves,0.17781985947506024
34,698,Enso González,MID,Wolves,0.17781985947506024
34,328,Chiedozie Ogbene,FWD,Luton,0.18767735971878255
34,799,Romain Faivre,MID,Bournemouth,0.17781985947506024
34,799,Romain Faivre,MID,Bournemouth,0.17781985947506024
34,295,Harvey Elliott,MID,Liverpool,0.17781985947506024
34,295,Harvey Elliott,MID,Liverpool,0.17781985947506024
34,576,Jack Robinson,DEF,Sheffield Utd,0.1802024349980024
34,576,Jack Robinson,DEF,Sheffield Utd,0.1802024349980024
34,780,Detlef Esapa Osong,FWD,Nott'm Forest,0.18767735971878255
34,12,Gabriel Martinelli Silva,MID,Arsenal,0.17781985947506024
34,12,Gabriel Martinelli Silva,MID,Arsenal,0.17781985947506024
34,183,Wout Weghorst,FWD,Burnley,0.18767735971878255
34,44,Jhon Durán,FWD,Aston Villa,0.18767735971878255
34,345,Oscar Bobb,MID,Man City,0.17781985947506024
34,523,Michail Antonio,FWD,West Ham,0.18767735971878255
34,214,Malang Sarr,DEF,Chelsea,0.1802024349980024
34,834,Benjamin Arthur,DEF,Brentford,0.1802024349980024
34,589,Ângelo Gabriel Borges Damaceno,MID,Chelsea,0.17781985947506024
34,662,Adama Traoré,MID,Fulham,0.17781985947506024
34,399,Shola Shoretire,FWD,Man Utd,0.18767735971878255
34,720,Ademola Ola-Adebomi,FWD,Crystal Palace,0.18767735971878255
34,720,Ademola Ola-Adebomi,FWD,Crystal Palace,0.18767735971878255
34,391,Lisandro Martínez,DEF,Man Utd,0.1802024349980024
34,456,Alex Mighten,MID,Nott'm Forest,0.17781985947506024
34,108,Bryan Mbeumo,MID,Brentford,0.17781985947506024
34,16,Nicolas Pépé,MID,Arsenal,0.17781985947506024
34,16,Nicolas Pépé,MID,Arsenal,0.17781985947506024
34,815,Mauro Bandeira,MID,Arsenal,0.17781985947506024
34,815,Mauro Bandeira,MID,Arsenal,0.17781985947506024
34,304,Alexis Mac Allister,MID,Liverpool,0.17781985947506024
34,304,Alexis Mac Allister,MID,Liverpool,0.17781985947506024
34,721,David Ozoh,MID,Crystal Palace,0.17781985947506024
34,721,David Ozoh,MID,Crystal Palace,0.17781985947506024
34,759,Sydie Peck,MID,Sheffield Utd,0.17781985947506024
34,759,Sydie Peck,MID,Sheffield Utd,0.17781985947506024
34,618,Omari Kellyman,MID,Aston Villa,0.17781985947506024
34,58,Youri Tielemans,MID,Aston Villa,0.17781985947506024
34,446,Remo Freuler,MID,Nott'm Forest,0.17781985947506024
34,89,Illia Zabarnyi,DEF,Bournemouth,0.1802024349980024
34,89,Illia Zabarnyi,DEF,Bournemouth,0.1802024349980024
34,646,Karl Hein,GK,Arsenal,0.08514660217938717
34,646,Karl Hein,GK,Arsenal,0.08514660217938717
34,127,Aaron Connolly,FWD,Brighton,0.18767735971878255
34,385,Dean Henderson,GK,Crystal Palace,0.08514660217938717
34,385,Dean Henderson,GK,Crystal Palace,0.08514660217938717
34,177,Jay Rodriguez,FWD,Burnley,0.18767735971878255
34,83,Marcos Senesi,DEF,Bournemouth,0.1802024349980024
34,83,Marcos Senesi,DEF,Bournemouth,0.1802024349980024
34,30,Granit Xhaka,MID,Arsenal,0.17781985947506024
34,30,Granit Xhaka,MID,Arsenal,0.17781985947506024
34,596,James Trafford,GK,Burnley,0.08514660217938717
34,407,Dan Burn,DEF,Newcastle,0.1802024349980024
34,525,Saïd Benrahma,MID,West Ham,0.17781985947506024
34,434,Brandon Aguilera Zamora,MID,Nott'm Forest,0.17781985947506024
34,811,Dominic Sadi,MID,Bournemouth,0.17781985947506024
34,811,Dominic Sadi,MID,Bournemouth,0.17781985947506024
34,650,Tyler Onyango,MID,Everton,0.17781985947506024
34,650,Tyler Onyango,MID,Everton,0.17781985947506024
34,762,Mahamadou Susoho,MID,Man City,0.17781985947506024
34,336,Joe Taylor,FWD,Luton,0.18767735971878255
34,663,Gustavo Hamer,MID,Sheffield Utd,0.17781985947506024
34,663,Gustavo Hamer,MID,Sheffield Utd,0.17781985947506024
34,408,Karl Darlow,GK,Newcastle,0.08514660217938717
34,701,Saman Ghoddos,MID,Brentford,0.17781985947506024
34,220,Joachim Andersen,DEF,Crystal Palace,0.1802024349980024
34,220,Joachim Andersen,DEF,Crystal Palace,0.1802024349980024
34,716,Alfie Gilchrist,DEF,Chelsea,0.1802024349980024
34,319,Allan Campbell,MID,Luton,0.17781985947506024
34,850,Ethan Wheatley,FWD,Man Utd,0.18767735971878255
34,325,Carlos Mendes Gomes,MID,Luton,0.17781985947506024
34,567,Pedro Lomba Neto,MID,Wolves,0.17781985947506024
34,567,Pedro Lomba Neto,MID,Wolves,0.17781985947506024
34,837,Amara Nallo,DEF,Liverpool,0.1802024349980024
34,837,Amara Nallo,DEF,Liverpool,0.1802024349980024
34,625,Luc De Fougerolles,DEF,Fulham,0.1802024349980024
34,42,Lucas Digne,DEF,Aston Villa,0.1802024349980024
34,199,Enzo Fernández,MID,Chelsea,0.17781985947506024
34,775,Ben Brereton,MID,Sheffield Utd,0.17781985947506024
34,775,Ben Brereton,MID,Sheffield Utd,0.17781985947506024
34,428,Matt Targett,DEF,Newcastle,0.1802024349980024
34,253,Demarai Gray,MID,Everton,0.17781985947506024
34,253,Demarai Gray,MID,Everton,0.17781985947506024
34,749,Matthew Whittingham,MID,Wolves,0.17781985947506024
34,749,Matthew Whittingham,MID,Wolves,0.17781985947506024
34,361,Stefan Ortega Moreno,GK,Man City,0.08514660217938717
34,230,Sam Johnstone,GK,Crystal Palace,0.08514660217938717
34,230,Sam Johnstone,GK,Crystal Palace,0.08514660217938717
34,734,Zack Nelson,MID,Luton,0.17781985947506024
34,788,Yerson Mosquera,DEF,Wolves,0.1802024349980024
34,788,Yerson Mosquera,DEF,Wolves,0.1802024349980024
34,35,Emiliano Buendía Stati,MID,Aston Villa,0.17781985947506024
34,32,Alexandre Moreno Lopera,DEF,Aston Villa,0.1802024349980024
34,52,Marvelous Nakamba,MID,Luton,0.17781985947506024
34,96,Nathan Collins,DEF,Brentford,0.1802024349980024
34,26,Leandro Trossard,MID,Arsenal,0.17781985947506024
34,26,Leandro Trossard,MID,Arsenal,0.17781985947506024
34,372,Antony Matheus dos Santos,MID,Man Utd,0.17781985947506024
34,194,Trevoh Chalobah,DEF,Chelsea,0.1802024349980024
34,550,Luke Cundle,MID,Wolves,0.17781985947506024
34,550,Luke Cundle,MID,Wolves,0.17781985947506024
34,533,Lukasz Fabianski,GK,West Ham,0.08514660217938717
34,772,Ethan Nwaneri,MID,Arsenal,0.17781985947506024
34,772,Ethan Nwaneri,MID,Arsenal,0.17781985947506024
34,785,Callum Marshall,FWD,West Ham,0.18767735971878255
34,633,Tino Livramento,DEF,Newcastle,0.1802024349980024
34,707,Fodé Ballo-Touré,DEF,Fulham,0.1802024349980024
34,357,Aymeric Laporte,DEF,Man City,0.1802024349980024
34,673,Tyler Adams,MID,Bournemouth,0.17781985947506024
34,673,Tyler Adams,MID,Bournemouth,0.17781985947506024
34,430,Kieran Trippier,DEF,Newcastle,0.1802024349980024
34,779,Jamie McDonnell,MID,Nott'm Forest,0.17781985947506024
34,691,Norberto Bercique Gomes Betuncal,FWD,Everton,0.18767735971878255
34,691,Norberto Bercique Gomes Betuncal,FWD,Everton,0.18767735971878255
34,324,John McAtee,FWD,Luton,0.18767735971878255
34,476,Jayden Bogle,DEF,Sheffield Utd,0.1802024349980024
34,476,Jayden Bogle,DEF,Sheffield Utd,0.1802024349980024
34,148,Jason Steele,GK,Brighton,0.08514660217938717
34,424,Nick Pope,GK,Newcastle,0.08514660217938717
34,6,Kai Havertz,MID,Arsenal,0.17781985947506024
34,6,Kai Havertz,MID,Arsenal,0.17781985947506024
34,61,Wesley Moraes Ferreira da Silva,FWD,Aston Villa,0.18767735971878255
34,528,Vladimír Coufal,DEF,West Ham,0.1802024349980024
34,396,Marcus Rashford,MID,Man Utd,0.17781985947506024
34,458,Lewis O'Brien,MID,Nott'm Forest,0.17781985947506024
34,132,Evan Ferguson,FWD,Brighton,0.18767735971878255
34,141,Tom McGill,GK,Brighton,0.08514660217938717
34,559,João Victor Gomes da Silva,MID,Wolves,0.17781985947506024
34,559,João Victor Gomes da Silva,MID,Wolves,0.17781985947506024
34,249,Abdoulaye Doucouré,MID,Everton,0.17781985947506024
34,249,Abdoulaye Doucouré,MID,Everton,0.17781985947506024
34,804,Enes Ünal,FWD,Bournemouth,0.18767735971878255
34,804,Enes Ünal,FWD,Bournemouth,0.18767735971878255
34,352,Ederson Santana de Moraes,GK,Man City,0.08514660217938717
34,803,Morgan Rogers,MID,Aston Villa,0.17781985947506024
34,313,Virgil van Dijk,DEF,Liverpool,0.1802024349980024
34,313,Virgil van Dijk,DEF,Liverpool,0.1802024349980024
34,439,Willy Boly,DEF,Nott'm Forest,0.1802024349980024
34,689,Mohammed Kudus,MID,West Ham,0.17781985947506024
34,392,Scott McTominay,MID,Man Utd,0.17781985947506024
34,711,Andrew Omobamidele,DEF,Nott'm Forest,0.1802024349980024
34,822,Billy Blacker,FWD,Sheffield Utd,0.18767735971878255
34,822,Billy Blacker,FWD,Sheffield Utd,0.18767735971878255
34,793,Kaine Kesler-Hayden,DEF,Aston Villa,0.1802024349980024
34,358,Rico Lewis,DEF,Man City,0.1802024349980024
34,382,Alejandro Garnacho,MID,Man Utd,0.17781985947506024
34,715,Jean-Ricner Bellegarde,MID,Wolves,0.17781985947506024
34,715,Jean-Ricner Bellegarde,MID,Wolves,0.17781985947506024
34,251,Jean-Philippe Gbamin,MID,Everton,0.17781985947506024
34,251,Jean-Philippe Gbamin,MID,Everton,0.17781985947506024
34,820,Ollie Harrison,MID,Chelsea,0.17781985947506024
34,624,Lewis Dobbin,MID,Everton,0.17781985947506024
34,624,Lewis Dobbin,MID,Everton,0.17781985947506024
34,760,Jenson Metcalfe,MID,Everton,0.17781985947506024
34,760,Jenson Metcalfe,MID,Everton,0.17781985947506024
34,359,Riyad Mahrez,MID,Man City,0.17781985947506024
34,571,Matija Šarkić,GK,Wolves,0.08514660217938717
34,571,Matija Šarkić,GK,Wolves,0.08514660217938717
34,27,Auston Trusty,DEF,Sheffield Utd,0.1802024349980024
34,27,Auston Trusty,DEF,Sheffield Utd,0.1802024349980024
34,412,Anthony Gordon,MID,Newcastle,0.17781985947506024
34,443,Emmanuel Dennis,FWD,Nott'm Forest,0.18767735971878255
34,222,Nathaniel Clyne,DEF,Crystal Palace,0.1802024349980024
34,222,Nathaniel Clyne,DEF,Crystal Palace,0.1802024349980024
34,310,Thiago Alcántara do Nascimento,MID,Liverpool,0.17781985947506024
34,310,Thiago Alcántara do Nascimento,MID,Liverpool,0.17781985947506024
34,823,Oliver Arblaster,MID,Sheffield Utd,0.17781985947506024
34,823,Oliver Arblaster,MID,Sheffield Utd,0.17781985947506024
34,684,Ethan Brierley,MID,Brentford,0.17781985947506024
34,553,Ryan Giles,DEF,Luton,0.1802024349980024
34,327,Admiral Muskwe,FWD,Luton,0.18767735971878255
34,642,Edson Álvarez Velázquez,MID,West Ham,0.17781985947506024
34,10,Jakub Kiwior,DEF,Arsenal,0.1802024349980024
34,10,Jakub Kiwior,DEF,Arsenal,0.1802024349980024
34,70,Lloyd Kelly,DEF,Bournemouth,0.1802024349980024
34,70,Lloyd Kelly,DEF,Bournemouth,0.1802024349980024
34,260,Vitalii Mykolenko,DEF,Everton,0.1802024349980024
34,260,Vitalii Mykolenko,DEF,Everton,0.1802024349980024
34,855,Callan McKenna,GK,Bournemouth,0.08514660217938717
34,855,Callan McKenna,GK,Bournemouth,0.08514660217938717
34,648,Aidan Francis-Clarke,DEF,Luton,0.1802024349980024
34,151,Joël Veltman,DEF,Brighton,0.1802024349980024
34,402,Miguel Almirón Rejala,MID,Newcastle,0.17781985947506024
34,179,Bobby Thomas,DEF,Burnley,0.1802024349980024
34,102,Charlie Goode,DEF,Brentford,0.1802024349980024
34,726,Luke Chambers,DEF,Liverpool,0.1802024349980024
34,726,Luke Chambers,DEF,Liverpool,0.1802024349980024
34,187,Kepa Arrizabalaga,GK,Chelsea,0.08514660217938717
34,88,Mark Travers,GK,Bournemouth,0.08514660217938717
34,88,Mark Travers,GK,Bournemouth,0.08514660217938717
34,758,Leo Castledine,MID,Chelsea,0.17781985947506024
34,750,Tawanda Chirewa,MID,Wolves,0.17781985947506024
34,750,Tawanda Chirewa,MID,Wolves,0.17781985947506024
34,765,Sam Proctor,GK,Aston Villa,0.08514660217938717
34,413,Isaac Hayden,MID,Newcastle,0.17781985947506024
34,706,Mike Trésor,MID,Burnley,0.17781985947506024
34,419,Jamaal Lascelles,DEF,Newcastle,0.1802024349980024
34,307,Andrew Robertson,DEF,Liverpool,0.1802024349980024
34,307,Andrew Robertson,DEF,Liverpool,0.1802024349980024
34,856,Louis Jackson,DEF,Man Utd,0.1802024349980024
34,240,Jeffrey Schlupp,MID,Crystal Palace,0.17781985947506024
34,240,Jeffrey Schlupp,MID,Crystal Palace,0.17781985947506024
34,256,Alex Iwobi,MID,Fulham,0.17781985947506024
34,840,Fletcher Holman,FWD,Wolves,0.18767735971878255
34,840,Fletcher Holman,FWD,Wolves,0.18767735971878255
34,297,Cody Gakpo,FWD,Liverpool,0.18767735971878255
34,297,Cody Gakpo,FWD,Liverpool,0.18767735971878255
34,211,Nicolas Jackson,FWD,Chelsea,0.18767735971878255
34,543,Nikola Vlašić,MID,West Ham,0.17781985947506024
34,138,Adam Lallana,MID,Brighton,0.17781985947506024
34,548,Hugo Bueno López,DEF,Wolves,0.1802024349980024
34,548,Hugo Bueno López,DEF,Wolves,0.1802024349980024
34,524,Alphonse Areola,GK,West Ham,0.08514660217938717
34,291,Alisson Ramses Becker,GK,Liverpool,0.08514660217938717
34,291,Alisson Ramses Becker,GK,Liverpool,0.08514660217938717
34,331,Aribim Pepple,FWD,Luton,0.18767735971878255
34,598,Matt Doherty,DEF,Wolves,0.1802024349980024
34,598,Matt Doherty,DEF,Wolves,0.1802024349980024
34,554,Gonçalo Manuel Ganchinho Guedes,MID,Wolves,0.17781985947506024
34,554,Gonçalo Manuel Ganchinho Guedes,MID,Wolves,0.17781985947506024
34,264,Ellis Simms,FWD,Everton,0.18767735971878255
34,264,Ellis Simms,FWD,Everton,0.18767735971878255
34,560,Jonathan Castro Otto,DEF,Wolves,0.1802024349980024
34,560,Jonathan Castro Otto,DEF,Wolves,0.1802024349980024
34,437,Taiwo Awoniyi,FWD,Nott'm Forest,0.18767735971878255
34,114,Mads Roerslev Rasmussen,DEF,Brentford,0.1802024349980024
34,610,Calvin Bassey,DEF,Fulham,0.1802024349980024
34,664,James Ward-Prowse,MID,West Ham,0.17781985947506024
34,311,Konstantinos Tsimikas,DEF,Liverpool,0.1802024349980024
34,311,Konstantinos Tsimikas,DEF,Liverpool,0.1802024349980024
34,128,Mahmoud Dahoud,MID,Brighton,0.17781985947506024
34,609,Ian Maatsen,MID,Chelsea,0.17781985947506024
34,708,Ryan Gravenberch,MID,Liverpool,0.17781985947506024
34,708,Ryan Gravenberch,MID,Liverpool,0.17781985947506024
34,709,Sofyan Amrabat,MID,Man Utd,0.17781985947506024
34,484,Max Lowe,DEF,Sheffield Utd,0.1802024349980024
34,484,Max Lowe,DEF,Sheffield Utd,0.1802024349980024
34,243,Joe Whitworth,GK,Crystal Palace,0.08514660217938717
34,243,Joe Whitworth,GK,Crystal Palace,0.08514660217938717
34,649,Thomas Cannon,FWD,Everton,0.18767735971878255
34,649,Thomas Cannon,FWD,Everton,0.18767735971878255
34,383,Hannibal Mejbri,MID,Man Utd,0.17781985947506024
34,47,Boubacar Kamara,MID,Aston Villa,0.17781985947506024
34,186,Andrey Nascimento dos Santos,MID,Chelsea,0.17781985947506024
34,580,Loris Karius,GK,Newcastle,0.08514660217938717
34,747,Joshua Duffus,MID,Brighton,0.17781985947506024
34,152,Bart Verbruggen,GK,Brighton,0.08514660217938717
34,586,Tahith Chong,MID,Luton,0.17781985947506024
34,56,Morgan Sanson,MID,Aston Villa,0.17781985947506024
34,275,Bernd Leno,GK,Fulham,0.08514660217938717
34,99,Josh Dasilva,MID,Brentford,0.17781985947506024
34,440,Josh Bowler,MID,Nott'm Forest,0.17781985947506024
34,671,Bashir Humphreys,DEF,Chelsea,0.1802024349980024
34,31,Oleksandr Zinchenko,DEF,Arsenal,0.1802024349980024
34,31,Oleksandr Zinchenko,DEF,Arsenal,0.1802024349980024
34,272,Tyrese Francois,MID,Fulham,0.17781985947506024
34,433,Callum Wilson,FWD,Newcastle,0.18767735971878255
34,426,Allan Saint-Maximin,MID,Newcastle,0.17781985947506024
34,773,Lewis Orford,MID,West Ham,0.17781985947506024
34,694,Han-Noah Massengo,MID,Burnley,0.17781985947506024
34,594,Zeki Amdouni,FWD,Burnley,0.18767735971878255
34,123,Steven Alzate,MID,Brighton,0.17781985947506024
34,170,Jóhann Berg Gudmundsson,MID,Burnley,0.17781985947506024
34,665,Tim Krul,GK,Luton,0.08514660217938717
34,39,Keinan Davis,FWD,Aston Villa,0.18767735971878255
34,373,Bruno Borges Fernandes,MID,Man Utd,0.17781985947506024
34,87,Hamed Traorè,MID,Bournemouth,0.17781985947506024
34,87,Hamed Traorè,MID,Bournemouth,0.17781985947506024
34,146,Jeremy Sarmiento Morante,MID,Brighton,0.17781985947506024
34,602,Issa Kaboré,DEF,Luton,0.1802024349980024
34,464,Sam Surridge,FWD,Nott'm Forest,0.18767735971878255
34,318,Reece Burke,DEF,Luton,0.1802024349980024
34,657,Jesurun Rak-Sakyi,MID,Crystal Palace,0.17781985947506024
34,657,Jesurun Rak-Sakyi,MID,Crystal Palace,0.17781985947506024
34,699,Clément Lenglet,DEF,Aston Villa,0.1802024349980024
34,8,Gabriel Fernando de Jesus,FWD,Arsenal,0.18767735971878255
34,8,Gabriel Fernando de Jesus,FWD,Arsenal,0.18767735971878255
34,674,Hannes Delcroix,DEF,Burnley,0.1802024349980024
34,173,Dara O'Shea,DEF,Burnley,0.1802024349980024
34,783,Kaide Gordon,MID,Liverpool,0.17781985947506024
34,783,Kaide Gordon,MID,Liverpool,0.17781985947506024
34,242,Joel Ward,DEF,Crystal Palace,0.1802024349980024
34,242,Joel Ward,DEF,Crystal Palace,0.1802024349980024
34,603,Harvey Barnes,MID,Newcastle,0.17781985947506024
34,791,Cesare Casadei,MID,Chelsea,0.17781985947506024
34,356,Mateo Kovačić,MID,Man City,0.17781985947506024
34,824,Jayden Danns,FWD,Liverpool,0.18767735971878255
34,824,Jayden Danns,FWD,Liverpool,0.18767735971878255
34,588,Ashley Young,DEF,Everton,0.1802024349980024
34,588,Ashley Young,DEF,Everton,0.1802024349980024
34,530,Aaron Cresswell,DEF,West Ham,0.1802024349980024
34,508,Sergio Reguilón,DEF,Brentford,0.1802024349980024
34,447,Morgan Gibbs-White,MID,Nott'm Forest,0.17781985947506024
34,395,Raphaël Varane,DEF,Man Utd,0.1802024349980024
34,606,Igor Julio dos Santos de Paulo,DEF,Brighton,0.1802024349980024
34,374,Brandon Williams,DEF,Man Utd,0.1802024349980024
34,427,Fabian Schär,DEF,Newcastle,0.1802024349980024
34,453,Orel Mangala,MID,Nott'm Forest,0.17781985947506024
34,835,Dermot Mee,GK,Man Utd,0.08514660217938717
34,800,Noha Lemina,MID,Wolves,0.17781985947506024
34,800,Noha Lemina,MID,Wolves,0.17781985947506024
34,381,Frederico Rodrigues de Paula Santos,MID,Man Utd,0.17781985947506024
34,818,Joe Gauci,GK,Aston Villa,0.08514660217938717
34,284,Marek Rodák,GK,Fulham,0.08514660217938717
34,92,Shandon Baptiste,MID,Brentford,0.17781985947506024
34,136,Michał Karbownik,DEF,Brighton,0.1802024349980024
34,623,Mason Burstow,FWD,Chelsea,0.18767735971878255
34,597,André Onana,GK,Man Utd,0.08514660217938717
34,343,Julián Álvarez,FWD,Man City,0.18767735971878255
34,527,Maxwel Cornet,MID,West Ham,0.17781985947506024
34,274,Terence Kongolo,DEF,Fulham,0.1802024349980024
34,301,Caoimhin Kelleher,GK,Liverpool,0.08514660217938717
34,301,Caoimhin Kelleher,GK,Liverpool,0.08514660217938717
34,269,Ivan Neves Abreu Cavaleiro,MID,Fulham,0.17781985947506024
34,75,Chris Mepham,DEF,Bournemouth,0.1802024349980024
34,75,Chris Mepham,DEF,Bournemouth,0.1802024349980024
34,125,Facundo Buonanotte,MID,Brighton,0.17781985947506024
34,158,Samuel Bastien,MID,Burnley,0.17781985947506024
34,481,John Fleck,MID,Sheffield Utd,0.17781985947506024
34,481,John Fleck,MID,Sheffield Utd,0.17781985947506024
34,279,Rodrigo Muniz Carvalho,FWD,Fulham,0.18767735971878255
34,172,Arijanet Muric,GK,Burnley,0.08514660217938717
34,843,Samy Chouchane,MID,Brighton,0.17781985947506024
34,165,Josh Cullen,MID,Burnley,0.17781985947506024
34,819,Ishé Samuels-Smith,DEF,Chelsea,0.1802024349980024
34,116,Thomas Strakosha,GK,Brentford,0.08514660217938717
34,4,Fábio Ferreira Vieira,MID,Arsenal,0.17781985947506024
34,4,Fábio Ferreira Vieira,MID,Arsenal,0.17781985947506024
34,745,Michael Ndiweni,FWD,Newcastle,0.18767735971878255
34,223,Cheick Doucouré,MID,Crystal Palace,0.17781985947506024
34,223,Cheick Doucouré,MID,Crystal Palace,0.17781985947506024
34,555,Joe Hodge,MID,Wolves,0.17781985947506024
34,555,Joe Hodge,MID,Wolves,0.17781985947506024
34,632,Omari Forson,MID,Man Utd,0.17781985947506024
34,305,Joel Matip,DEF,Liverpool,0.1802024349980024
34,305,Joel Matip,DEF,Liverpool,0.1802024349980024
34,728,Callum Scanlon,DEF,Liverpool,0.1802024349980024
34,728,Callum Scanlon,DEF,Liverpool,0.1802024349980024
34,839,Dominic Dos Santos Martins,MID,Luton,0.17781985947506024
34,551,Craig Dawson,DEF,Wolves,0.1802024349980024
34,551,Craig Dawson,DEF,Wolves,0.1802024349980024
34,573,Toti António Gomes,DEF,Wolves,0.1802024349980024
34,573,Toti António Gomes,DEF,Wolves,0.1802024349980024
34,522,Nayef Aguerd,DEF,West Ham,0.1802024349980024
34,377,Diogo Dalot Teixeira,DEF,Man Utd,0.1802024349980024
34,261,Amadou Onana,MID,Everton,0.17781985947506024
34,261,Amadou Onana,MID,Everton,0.17781985947506024
34,289,Adrián San Miguel del Castillo,GK,Liverpool,0.08514660217938717
34,289,Adrián San Miguel del Castillo,GK,Liverpool,0.08514660217938717
34,645,Youssef Ramalho Chermiti,FWD,Everton,0.18767735971878255
34,645,Youssef Ramalho Chermiti,FWD,Everton,0.18767735971878255
34,19,Bukayo Saka,MID,Arsenal,0.17781985947506024
34,19,Bukayo Saka,MID,Arsenal,0.17781985947506024
34,109,Ben Mee,DEF,Brentford,0.1802024349980024
34,469,Joe Worrall,DEF,Nott'm Forest,0.1802024349980024
34,41,Diego Carlos Santos Silva,DEF,Aston Villa,0.1802024349980024
34,66,Lewis Cook,MID,Bournemouth,0.17781985947506024
34,66,Lewis Cook,MID,Bournemouth,0.17781985947506024
34,547,Bendegúz Bolla,DEF,Wolves,0.1802024349980024
34,547,Bendegúz Bolla,DEF,Wolves,0.1802024349980024
34,203,Malo Gusto,DEF,Chelsea,0.1802024349980024
34,316,Amari'i Bell,DEF,Luton,0.1802024349980024
34,248,Dele Alli,MID,Everton,0.17781985947506024
34,248,Dele Alli,MID,Everton,0.17781985947506024
34,208,Noni Madueke,MID,Chelsea,0.17781985947506024
34,595,Milos Kerkez,DEF,Bournemouth,0.1802024349980024
34,595,Milos Kerkez,DEF,Bournemouth,0.1802024349980024
34,317,Luke Berry,MID,Luton,0.17781985947506024
34,45,Kortney Hause,DEF,Aston Villa,0.1802024349980024
34,229,Will Hughes,MID,Crystal Palace,0.17781985947506024
34,229,Will Hughes,MID,Crystal Palace,0.17781985947506024
34,415,Alexander Isak,FWD,Newcastle,0.18767735971878255
34,658,John-Kymani Gordon,FWD,Crystal Palace,0.18767735971878255
34,658,John-Kymani Gordon,FWD,Crystal Palace,0.18767735971878255
34,451,Cheikhou Kouyaté,MID,Nott'm Forest,0.17781985947506024
34,2,Cédric Alves Soares,DEF,Arsenal,0.1802024349980024
34,2,Cédric Alves Soares,DEF,Arsenal,0.1802024349980024
34,188,Pierre-Emerick Aubameyang,FWD,Chelsea,0.18767735971878255
34,418,Garang Kuol,MID,Newcastle,0.17781985947506024
34,666,Tom Davies,MID,Sheffield Utd,0.17781985947506024
34,666,Tom Davies,MID,Sheffield Utd,0.17781985947506024
34,656,Antwoine Hackford,FWD,Sheffield Utd,0.18767735971878255
34,656,Antwoine Hackford,FWD,Sheffield Utd,0.18767735971878255
34,735,Charles Sagoe,MID,Arsenal,0.17781985947506024
34,735,Charles Sagoe,MID,Arsenal,0.17781985947506024
34,852,Kiano Dyer,MID,Chelsea,0.17781985947506024
34,112,Ethan Pinnock,DEF,Brentford,0.1802024349980024
34,651,Jay Stansfield,FWD,Fulham,0.18767735971878255
34,808,Matz Sels,GK,Nott'm Forest,0.08514660217938717
34,470,Ryan Yates,MID,Nott'm Forest,0.17781985947506024
34,672,Nicolò Zaniolo,MID,Aston Villa,0.17781985947506024
34,111,Frank Onyeka,MID,Brentford,0.17781985947506024
34,219,Naouirou Ahamada,MID,Crystal Palace,0.17781985947506024
34,219,Naouirou Ahamada,MID,Crystal Palace,0.17781985947506024
34,63,Philip Billing,MID,Bournemouth,0.17781985947506024
34,63,Philip Billing,MID,Bournemouth,0.17781985947506024
34,215,Gabriel Słonina,GK,Chelsea,0.08514660217938717
34,228,Marc Guéhi,DEF,Crystal Palace,0.1802024349980024
34,228,Marc Guéhi,DEF,Crystal Palace,0.1802024349980024
34,247,Seamus Coleman,DEF,Everton,0.1802024349980024
34,247,Seamus Coleman,DEF,Everton,0.1802024349980024
34,294,Diogo Teixeira da Silva,MID,Liverpool,0.17781985947506024
34,294,Diogo Teixeira da Silva,MID,Liverpool,0.17781985947506024
34,652,Matthew Dibley-Dias,MID,Fulham,0.17781985947506024
34,360,James McAtee,MID,Sheffield Utd,0.17781985947506024
34,360,James McAtee,MID,Sheffield Utd,0.17781985947506024
34,733,Valintino Adedokun,DEF,Brentford,0.1802024349980024
34,355,Erling Haaland,FWD,Man City,0.18767735971878255
34,163,Jack Cork,MID,Burnley,0.17781985947506024
34,390,Anthony Martial,FWD,Man Utd,0.18767735971878255
34,154,Danny Welbeck,FWD,Brighton,0.18767735971878255
34,287,Carlos Vinícius Alves Morais,FWD,Fulham,0.18767735971878255
34,604,Olu Aina,DEF,Nott'm Forest,0.1802024349980024
34,757,Conor Bradley,DEF,Liverpool,0.1802024349980024
34,757,Conor Bradley,DEF,Liverpool,0.1802024349980024
34,365,Rodrigo Hernandez,MID,Man City,0.17781985947506024
34,792,Daniel Muñoz,DEF,Crystal Palace,0.1802024349980024
34,792,Daniel Muñoz,DEF,Crystal Palace,0.1802024349980024
34,386,Victor Lindelöf,DEF,Man Utd,0.1802024349980024
34,349,Kevin De Bruyne,MID,Man City,0.17781985947506024
34,636,George Shelvey,GK,Nott'm Forest,0.08514660217938717
34,659,Lucas Bergström,GK,Chelsea,0.08514660217938717
34,124,Yasin Ayari,MID,Brighton,0.17781985947506024
34,635,Lewis Miley,MID,Newcastle,0.17781985947506024
34,667,Roméo Lavia,MID,Chelsea,0.17781985947506024
34,329,Fred Onyedinma,MID,Luton,0.17781985947506024
34,462,Gustavo Henrique Furtado Scarpa,MID,Nott'm Forest,0.17781985947506024
34,104,Aaron Hickey,DEF,Brentford,0.1802024349980024
34,94,Mads Bidstrup,MID,Brentford,0.17781985947506024
34,140,Solly March,MID,Brighton,0.17781985947506024
34,200,David Datro Fofana,FWD,Burnley,0.18767735971878255
34,540,Declan Rice,MID,Arsenal,0.17781985947506024
34,540,Declan Rice,MID,Arsenal,0.17781985947506024
34,748,Joe Hugill,FWD,Man Utd,0.18767735971878255
34,137,Kacper Kozłowski,MID,Brighton,0.17781985947506024
34,81,Joe Rothwell,MID,Bournemouth,0.17781985947506024
34,81,Joe Rothwell,MID,Bournemouth,0.17781985947506024
34,638,Vini de Souza Costa,MID,Sheffield Utd,0.17781985947506024
34,638,Vini de Souza Costa,MID,Sheffield Utd,0.17781985947506024
34,628,Ben Doak,MID,Liverpool,0.17781985947506024
34,628,Ben Doak,MID,Liverpool,0.17781985947506024
34,475,Sander Berge,MID,Burnley,0.17781985947506024
34,296,Fabio Henrique Tavares,MID,Liverpool,0.17781985947506024
34,296,Fabio Henrique Tavares,MID,Liverpool,0.17781985947506024
34,654,Louie Marsh,FWD,Sheffield Utd,0.18767735971878255
34,654,Louie Marsh,FWD,Sheffield Utd,0.18767735971878255
34,766,Willy Kambwala,DEF,Man Utd,0.1802024349980024
34,485,Oliver McBurnie,FWD,Sheffield Utd,0.18767735971878255
34,485,Oliver McBurnie,FWD,Sheffield Utd,0.18767735971878255
34,106,Mathias Jensen,MID,Brentford,0.17781985947506024
34,323,Matt Macey,GK,Luton,0.08514660217938717
34,201,Wesley Fofana,DEF,Chelsea,0.1802024349980024
34,68,Ryan Fredericks,DEF,Bournemouth,0.1802024349980024
34,68,Ryan Fredericks,DEF,Bournemouth,0.1802024349980024
34,563,Max Kilman,DEF,Wolves,0.1802024349980024
34,563,Max Kilman,DEF,Wolves,0.1802024349980024
34,342,Nathan Aké,DEF,Man City,0.1802024349980024
34,797,Benjamin Fredrick,DEF,Brentford,0.1802024349980024
34,204,Lewis Hall,DEF,Newcastle,0.1802024349980024
34,677,Deivid Washington de Souza Eugênio,FWD,Chelsea,0.18767735971878255
34,403,Elliot Anderson,MID,Newcastle,0.17781985947506024
34,686,Oliwier Zych,GK,Aston Villa,0.08514660217938717
34,210,Mykhailo Mudryk,MID,Chelsea,0.17781985947506024
34,67,Siriki Dembélé,MID,Bournemouth,0.17781985947506024
34,67,Siriki Dembélé,MID,Bournemouth,0.17781985947506024
34,568,Daniel Castelo Podence,MID,Wolves,0.17781985947506024
34,568,Daniel Castelo Podence,MID,Wolves,0.17781985947506024
34,202,Conor Gallagher,MID,Chelsea,0.17781985947506024
34,806,Maxime Esteve,DEF,Burnley,0.1802024349980024
34,226,Eberechi Eze,MID,Crystal Palace,0.17781985947506024
34,226,Eberechi Eze,MID,Crystal Palace,0.17781985947506024
34,463,Jonjo Shelvey,MID,Nott'm Forest,0.17781985947506024
34,537,Thilo Kehrer,DEF,West Ham,0.1802024349980024
34,770,Ty Barnett,MID,Wolves,0.17781985947506024
34,770,Ty Barnett,MID,Wolves,0.17781985947506024
34,719,Mackenzie Hunt,MID,Everton,0.17781985947506024
34,719,Mackenzie Hunt,MID,Everton,0.17781985947506024
34,157,Ameen Al-Dakhil,DEF,Burnley,0.1802024349980024
34,466,Hwang Ui-jo,FWD,Nott'm Forest,0.18767735971878255
34,130,Julio Enciso,MID,Brighton,0.17781985947506024
34,692,Steven Benda,GK,Fulham,0.08514660217938717
34,77,Norberto Murara Neto,GK,Bournemouth,0.08514660217938717
34,77,Norberto Murara Neto,GK,Bournemouth,0.08514660217938717
34,678,Jérémy Doku,MID,Man City,0.17781985947506024
34,452,Richie Laryea,DEF,Nott'm Forest,0.1802024349980024
34,810,Joshua King,MID,Fulham,0.17781985947506024
34,283,Antonee Robinson,DEF,Fulham,0.1802024349980024
34,558,Raúl Jiménez,FWD,Fulham,0.18767735971878255
34,854,Finley Munroe,DEF,Aston Villa,0.1802024349980024
34,339,Louie Watson,MID,Luton,0.17781985947506024
34,557,Hwang Hee-chan,MID,Wolves,0.17781985947506024
34,557,Hwang Hee-chan,MID,Wolves,0.17781985947506024
34,591,Willian Borges da Silva,MID,Fulham,0.17781985947506024
34,838,Josh Acheampong,DEF,Chelsea,0.1802024349980024
34,477,Rhian Brewster,FWD,Sheffield Utd,0.18767735971878255
34,477,Rhian Brewster,FWD,Sheffield Utd,0.18767735971878255
34,575,Tom Lockyer,DEF,Luton,0.1802024349980024
34,263,Jordan Pickford,GK,Everton,0.08514660217938717
34,263,Jordan Pickford,GK,Everton,0.08514660217938717
34,620,Michael Olakigbe,MID,Brentford,0.17781985947506024
34,587,Anis Slimane,MID,Sheffield Utd,0.17781985947506024
34,587,Anis Slimane,MID,Sheffield Utd,0.17781985947506024
34,406,Bruno Guimarães Rodriguez Moura,MID,Newcastle,0.17781985947506024
34,410,Ryan Fraser,MID,Newcastle,0.17781985947506024
34,273,Anthony Knockaert,MID,Fulham,0.17781985947506024
34,387,Harry Maguire,DEF,Man Utd,0.1802024349980024
34,590,Matheus Santos Carneiro Da Cunha,FWD,Wolves,0.18767735971878255
34,590,Matheus Santos Carneiro Da Cunha,FWD,Wolves,0.18767735971878255
34,768,Rhys Bennett,DEF,Man Utd,0.1802024349980024
34,549,Francisco Jorge Tomás Oliveira,MID,Wolves,0.17781985947506024
34,549,Francisco Jorge Tomás Oliveira,MID,Wolves,0.17781985947506024
34,556,Ki-Jana Hoever,DEF,Wolves,0.1802024349980024
34,556,Ki-Jana Hoever,DEF,Wolves,0.1802024349980024
34,608,Jacob Bruun Larsen,MID,Burnley,0.17781985947506024
34,454,Loïc Mbe Soh,DEF,Nott'm Forest,0.1802024349980024
34,853,Temple Ojinnaka,MID,Wolves,0.17781985947506024
34,853,Temple Ojinnaka,MID,Wolves,0.17781985947506024
34,599,Moussa Diaby,MID,Aston Villa,0.17781985947506024
34,321,Alfie Doughty,DEF,Luton,0.1802024349980024
34,778,James Wright,GK,Aston Villa,0.08514660217938717
34,346,João Cancelo,DEF,Man City,0.1802024349980024
34,584,Pau Torres,DEF,Aston Villa,0.1802024349980024
34,697,Santiago Bueno,DEF,Wolves,0.1802024349980024
34,697,Santiago Bueno,DEF,Wolves,0.1802024349980024
34,3,Mohamed Elneny,MID,Arsenal,0.17781985947506024
34,3,Mohamed Elneny,MID,Arsenal,0.17781985947506024
34,245,Jarrad Branthwaite,DEF,Everton,0.1802024349980024
34,245,Jarrad Branthwaite,DEF,Everton,0.1802024349980024
34,825,Kaden Rodney,MID,Crystal Palace,0.17781985947506024
34,825,Kaden Rodney,MID,Crystal Palace,0.17781985947506024
34,14,Martin Ødegaard,MID,Arsenal,0.17781985947506024
34,14,Martin Ødegaard,MID,Arsenal,0.17781985947506024
34,566,Matheus Luiz Nunes,MID,Man City,0.17781985947506024
34,683,Luke Harris,MID,Fulham,0.17781985947506024
34,564,Tom King,GK,Wolves,0.08514660217938717
34,564,Tom King,GK,Wolves,0.08514660217938717
34,350,Rúben Gato Alves Dias,DEF,Man City,0.1802024349980024
34,333,Dan Potts,DEF,Luton,0.1802024349980024
34,693,Luke Thomas,DEF,Sheffield Utd,0.1802024349980024
34,693,Luke Thomas,DEF,Sheffield Utd,0.1802024349980024
34,33,Cameron Archer,FWD,Sheffield Utd,0.18767735971878255
34,33,Cameron Archer,FWD,Sheffield Utd,0.18767735971878255
34,49,Emiliano Martínez Romero,GK,Aston Villa,0.08514660217938717
34,270,Bobby De Cordova-Reid,MID,Fulham,0.17781985947506024
34,542,Tomáš Souček,MID,West Ham,0.17781985947506024
34,630,Ross Barkley,MID,Luton,0.17781985947506024
34,679,Gonzalo Montiel,DEF,Nott'm Forest,0.1802024349980024
34,801,Giovanni Reyna,MID,Nott'm Forest,0.17781985947506024
34,616,Joško Gvardiol,DEF,Man City,0.1802024349980024
34,362,Cole Palmer,MID,Chelsea,0.17781985947506024
34,472,Jordan Amissah,GK,Sheffield Utd,0.08514660217938717
34,472,Jordan Amissah,GK,Sheffield Utd,0.08514660217938717
34,376,Carlos Henrique Casimiro,MID,Man Utd,0.17781985947506024
34,384,Tom Heaton,GK,Man Utd,0.08514660217938717
34,814,Jacob Wright,MID,Man City,0.17781985947506024
34,312,Sepp van den Berg,DEF,Liverpool,0.1802024349980024
34,312,Sepp van den Berg,DEF,Liverpool,0.1802024349980024
34,471,Anel Ahmedhodžić,DEF,Sheffield Utd,0.1802024349980024
34,471,Anel Ahmedhodžić,DEF,Sheffield Utd,0.1802024349980024
34,643,Max Aarons,DEF,Bournemouth,0.1802024349980024
34,643,Max Aarons,DEF,Bournemouth,0.1802024349980024
34,637,Josh Powell,DEF,Nott'm Forest,0.1802024349980024
34,546,Daniel Bentley,GK,Wolves,0.08514660217938717
34,546,Daniel Bentley,GK,Wolves,0.08514660217938717
34,831,Axel Piesold,MID,Luton,0.17781985947506024
34,185,Ethan Ampadu,DEF,Chelsea,0.1802024349980024
34,150,Jan Paul van Hecke,DEF,Brighton,0.1802024349980024
34,592,Yasser Larouci,DEF,Sheffield Utd,0.1802024349980024
34,592,Yasser Larouci,DEF,Sheffield Utd,0.1802024349980024
34,196,Carney Chukwuemeka,MID,Chelsea,0.17781985947506024
34,326,Carlton Morris,FWD,Luton,0.18767735971878255
34,710,Odysseas Vlachodimos,GK,Nott'm Forest,0.08514660217938717
34,746,Ben Jackson,DEF,Brighton,0.1802024349980024
34,829,George Earthy,MID,West Ham,0.17781985947506024
34,479,Adam Davies,GK,Sheffield Utd,0.08514660217938717
34,479,Adam Davies,GK,Sheffield Utd,0.08514660217938717
34,744,Myles Peart-Harris,MID,Brentford,0.17781985947506024
34,234,Tyrick Mitchell,DEF,Crystal Palace,0.1802024349980024
34,234,Tyrick Mitchell,DEF,Crystal Palace,0.1802024349980024
34,340,Cauley Woodrow,FWD,Luton,0.18767735971878255
34,308,Mohamed Salah,MID,Liverpool,0.17781985947506024
34,308,Mohamed Salah,MID,Liverpool,0.17781985947506024
34,367,Zack Steffen,GK,Man City,0.08514660217938717
34,82,Antoine Semenyo,FWD,Bournemouth,0.18767735971878255
34,82,Antoine Semenyo,FWD,Bournemouth,0.18767735971878255
34,737,Bradley Ibrahim,MID,Arsenal,0.17781985947506024
34,737,Bradley Ibrahim,MID,Arsenal,0.17781985947506024
34,695,Altay Bayindir,GK,Man Utd,0.08514660217938717
34,213,Christian Pulisic,MID,Chelsea,0.17781985947506024
34,153,Adam Webster,DEF,Brighton,0.1802024349980024
34,293,Darwin Núñez Ribeiro,FWD,Liverpool,0.18767735971878255
34,293,Darwin Núñez Ribeiro,FWD,Liverpool,0.18767735971878255
34,611,Axel Disasi,DEF,Chelsea,0.1802024349980024
34,156,Enock Agyei,MID,Burnley,0.17781985947506024
34,1,Folarin Balogun,FWD,Arsenal,0.18767735971878255
34,1,Folarin Balogun,FWD,Arsenal,0.18767735971878255
34,51,Tyrone Mings,DEF,Aston Villa,0.1802024349980024
34,712,Nicolás Domínguez,MID,Nott'm Forest,0.17781985947506024
34,529,Conor Coventry,MID,West Ham,0.17781985947506024
34,478,Ismaila Coulibaly,MID,Sheffield Utd,0.17781985947506024
34,478,Ismaila Coulibaly,MID,Sheffield Utd,0.17781985947506024
34,161,Josh Brownhill,MID,Burnley,0.17781985947506024
34,231,Jefferson Lerma Solís,MID,Crystal Palace,0.17781985947506024
34,231,Jefferson Lerma Solís,MID,Crystal Palace,0.17781985947506024
34,322,Luke Freeman,MID,Luton,0.17781985947506024
34,129,Lewis Dunk,DEF,Brighton,0.1802024349980024
34,189,César Azpilicueta,DEF,Chelsea,0.1802024349980024
34,756,Marcelo de Araújo Pitaluga Filho,GK,Liverpool,0.08514660217938717
34,756,Marcelo de Araújo Pitaluga Filho,GK,Liverpool,0.08514660217938717
34,805,Lorenz Assignon,DEF,Burnley,0.1802024349980024
34,441,Steve Cook,DEF,Nott'm Forest,0.1802024349980024
34,167,Hjalmar Ekdal,DEF,Burnley,0.1802024349980024
34,370,Alex Telles,DEF,Man Utd,0.1802024349980024
34,755,Luca Barrington,MID,Brighton,0.17781985947506024
34,569,José Malheiro de Sá,GK,Wolves,0.08514660217938717
34,569,José Malheiro de Sá,GK,Wolves,0.08514660217938717
34,266,João Neves Virgínia,GK,Everton,0.08514660217938717
34,266,João Neves Virgínia,GK,Everton,0.08514660217938717
34,276,Saša Lukić,MID,Fulham,0.17781985947506024
34,74,Emiliano Marcondes,MID,Bournemouth,0.17781985947506024
34,74,Emiliano Marcondes,MID,Bournemouth,0.17781985947506024
34,794,Joe White,MID,Newcastle,0.17781985947506024
34,55,Jacob Ramsey,MID,Aston Villa,0.17781985947506024
34,429,Sandro Tonali,MID,Newcastle,0.17781985947506024
34,771,Micah Hamilton,MID,Man City,0.17781985947506024
34,704,Nathan Fraser,FWD,Wolves,0.18767735971878255
34,704,Nathan Fraser,FWD,Wolves,0.18767735971878255
34,107,Keane Lewis-Potter,MID,Brentford,0.17781985947506024
34,259,Dwight McNeil,MID,Everton,0.17781985947506024
34,259,Dwight McNeil,MID,Everton,0.17781985947506024
34,786,Cameron Peupion,MID,Brighton,0.17781985947506024
34,126,Moisés Caicedo Corozo,MID,Chelsea,0.17781985947506024
34,9,Jorge Luiz Frello Filho,MID,Arsenal,0.17781985947506024
34,9,Jorge Luiz Frello Filho,MID,Arsenal,0.17781985947506024
34,285,Kenny Tete,DEF,Fulham,0.1802024349980024
34,787,Harvey Griffiths,MID,Wolves,0.17781985947506024
34,787,Harvey Griffiths,MID,Wolves,0.17781985947506024
34,162,Darko Churlinov,MID,Burnley,0.17781985947506024
34,661,Jack Harrison,MID,Everton,0.17781985947506024
34,661,Jack Harrison,MID,Everton,0.17781985947506024
34,338,Jack Walton,GK,Luton,0.08514660217938717
34,688,Timothy Castagne,DEF,Fulham,0.1802024349980024
34,84,Adam Smith,DEF,Bournemouth,0.1802024349980024
34,84,Adam Smith,DEF,Bournemouth,0.1802024349980024
34,166,CJ Egan-Riley,DEF,Burnley,0.1802024349980024
34,207,Romelu Lukaku Bolingoli,FWD,Chelsea,0.18767735971878255
34,250,James Garner,MID,Everton,0.17781985947506024
34,250,James Garner,MID,Everton,0.17781985947506024
34,217,Thiago Emiliano da Silva,DEF,Chelsea,0.1802024349980024
34,7,Rob Holding,DEF,Crystal Palace,0.1802024349980024
34,7,Rob Holding,DEF,Crystal Palace,0.1802024349980024
34,401,Aaron Wan-Bissaka,DEF,Man Utd,0.1802024349980024
34,149,Deniz Undav,FWD,Brighton,0.18767735971878255
34,380,Álvaro Fernández Carreras,DEF,Man Utd,0.1802024349980024
34,59,Bertrand Traoré,MID,Aston Villa,0.17781985947506024
34,262,Nathan Patterson,DEF,Everton,0.1802024349980024
34,262,Nathan Patterson,DEF,Everton,0.1802024349980024
34,212,Christopher Nkunku,FWD,Chelsea,0.18767735971878255
34,436,Serge Aurier,DEF,Nott'm Forest,0.1802024349980024
34,268,Tom Cairney,MID,Fulham,0.17781985947506024
34,435,Harry Arter,MID,Nott'm Forest,0.17781985947506024
34,718,Alex Matos,MID,Chelsea,0.17781985947506024
34,444,Mohamed Dräger,DEF,Nott'm Forest,0.1802024349980024
34,18,Rúnar Alex Rúnarsson,GK,Arsenal,0.08514660217938717
34,18,Rúnar Alex Rúnarsson,GK,Arsenal,0.08514660217938717
34,347,Scott Carson,GK,Man City,0.08514660217938717
34,593,Bénie Traoré,FWD,Sheffield Utd,0.18767735971878255
34,593,Bénie Traoré,FWD,Sheffield Utd,0.18767735971878255
34,585,Jurriën Timber,DEF,Arsenal,0.1802024349980024
34,585,Jurriën Timber,DEF,Arsenal,0.1802024349980024
34,160,Jordan Beyer,DEF,Burnley,0.1802024349980024
34,482,Wes Foderingham,GK,Sheffield Utd,0.08514660217938717
34,482,Wes Foderingham,GK,Sheffield Utd,0.08514660217938717
34,812,Lewis Koumas,FWD,Liverpool,0.18767735971878255
34,812,Lewis Koumas,FWD,Liverpool,0.18767735971878255
34,676,Konstantinos Mavropanos,DEF,West Ham,0.1802024349980024
34,681,Diego Manuel Jadon da Silva Moreira,MID,Chelsea,0.17781985947506024
34,225,Odsonne Edouard,FWD,Crystal Palace,0.18767735971878255
34,225,Odsonne Edouard,FWD,Crystal Palace,0.18767735971878255
34,73,Jamal Lowe,MID,Bournemouth,0.17781985947506024
34,73,Jamal Lowe,MID,Bournemouth,0.17781985947506024
34,622,Owen Dodgson,DEF,Burnley,0.1802024349980024
34,425,Matt Ritchie,MID,Newcastle,0.17781985947506024
34,168,Lyle Foster,FWD,Burnley,0.18767735971878255
34,675,Aaron Ramsey,MID,Burnley,0.17781985947506024
34,142,James Milner,MID,Brighton,0.17781985947506024
34,600,Nathan Redmond,MID,Burnley,0.17781985947506024
34,121,Mathias Jorgensen,DEF,Brentford,0.1802024349980024
34,236,Michael Olise,MID,Crystal Palace,0.17781985947506024
34,236,Michael Olise,MID,Crystal Palace,0.17781985947506024
34,40,Leander Dendoncker,MID,Aston Villa,0.17781985947506024
34,455,Scott McKenna,DEF,Nott'm Forest,0.1802024349980024
34,257,Michael Keane,DEF,Everton,0.1802024349980024
34,257,Michael Keane,DEF,Everton,0.1802024349980024
34,562,Sasa Kalajdzic,FWD,Wolves,0.18767735971878255
34,562,Sasa Kalajdzic,FWD,Wolves,0.18767735971878255
34,526,Jarrod Bowen,MID,West Ham,0.17781985947506024
34,28,Matt Turner,GK,Nott'm Forest,0.08514660217938717
34,216,Raheem Sterling,MID,Chelsea,0.17781985947506024
34,431,Kell Watts,DEF,Newcastle,0.1802024349980024
34,315,Mads Juel Andersen,DEF,Luton,0.1802024349980024
34,95,Sergi Canós Tenés,MID,Brentford,0.17781985947506024
34,65,Ryan Christie,MID,Bournemouth,0.17781985947506024
34,65,Ryan Christie,MID,Bournemouth,0.17781985947506024
34,120,Yegor Yarmoliuk,MID,Brentford,0.17781985947506024
34,842,Roshaun Mathurin,MID,Crystal Palace,0.17781985947506024
34,842,Roshaun Mathurin,MID,Crystal Palace,0.17781985947506024
34,145,Robert Sánchez,GK,Chelsea,0.08514660217938717
34,71,Gavin Kilkenny,MID,Bournemouth,0.17781985947506024
34,71,Gavin Kilkenny,MID,Bournemouth,0.17781985947506024
34,193,Armando Broja,FWD,Fulham,0.18767735971878255
34,85,Dominic Solanke,FWD,Bournemouth,0.18767735971878255
34,85,Dominic Solanke,FWD,Bournemouth,0.18767735971878255
34,468,Chris Wood,FWD,Nott'm Forest,0.18767735971878255
34,644,Alex Scott,MID,Bournemouth,0.17781985947506024
34,644,Alex Scott,MID,Bournemouth,0.17781985947506024
34,54,Jaden Philogene-Bidace,MID,Aston Villa,0.17781985947506024
34,670,Filip Marschall,GK,Aston Villa,0.08514660217938717
34,364,Kalvin Phillips,MID,West Ham,0.17781985947506024
34,36,Matty Cash,DEF,Aston Villa,0.1802024349980024
34,255,Mason Holgate,DEF,Sheffield Utd,0.1802024349980024
34,255,Mason Holgate,DEF,Sheffield Utd,0.1802024349980024
34,334,Glen Rea,MID,Luton,0.17781985947506024
34,62,Jaidon Anthony,MID,Bournemouth,0.17781985947506024
34,62,Jaidon Anthony,MID,Bournemouth,0.17781985947506024
34,139,Tariq Lamptey,DEF,Brighton,0.1802024349980024
34,647,Joseph Anang,GK,West Ham,0.08514660217938717
34,473,George Baldock,DEF,Sheffield Utd,0.1802024349980024
34,473,George Baldock,DEF,Sheffield Utd,0.1802024349980024
34,414,Jeff Hendrick,MID,Newcastle,0.17781985947506024
34,411,Mark Gillespie,GK,Newcastle,0.08514660217938717
34,717,Ronnie Stutter,FWD,Chelsea,0.18767735971878255
34,572,Nélson Cabral Semedo,DEF,Wolves,0.1802024349980024
34,572,Nélson Cabral Semedo,DEF,Wolves,0.1802024349980024
34,832,Wesley Okoduwa,DEF,Wolves,0.1802024349980024
34,832,Wesley Okoduwa,DEF,Wolves,0.1802024349980024
34,277,Kevin Mbabu,DEF,Fulham,0.1802024349980024
34,389,Tyrell Malacia,DEF,Man Utd,0.1802024349980024
34,789,Hákon Valdimarsson,GK,Brentford,0.08514660217938717
34,687,Đorđe Petrović,GK,Chelsea,0.08514660217938717
34,727,Andros Townsend,MID,Luton,0.17781985947506024
34,238,Chris Richards,DEF,Crystal Palace,0.1802024349980024
34,238,Chris Richards,DEF,Crystal Palace,0.1802024349980024
34,299,Jordan Henderson,MID,Liverpool,0.17781985947506024
34,299,Jordan Henderson,MID,Liverpool,0.17781985947506024
34,685,Daniel Gore,MID,Man Utd,0.17781985947506024
34,369,Kyle Walker,DEF,Man City,0.1802024349980024
34,631,Jacob Brown,FWD,Luton,0.18767735971878255
34,227,Vicente Guaita,GK,Crystal Palace,0.08514660217938717
34,227,Vicente Guaita,GK,Crystal Palace,0.08514660217938717
34,459,Braian Ojeda Rodríguez,MID,Nott'm Forest,0.17781985947506024
34,93,Mads Bech Sørensen,DEF,Brentford,0.1802024349980024
35,653,Femi Seriki,DEF,Sheffield Utd,0.18020243499800234
35,723,Josh Brooking,DEF,Chelsea,0.18020243499800234
35,723,Josh Brooking,DEF,Chelsea,0.18020243499800234
35,669,Radek Vítek,GK,Man Utd,0.08514660217938717
35,621,Jack Hinshelwood,MID,Brighton,0.17781985947506024
35,397,Jadon Sancho,MID,Man Utd,0.17781985947506024
35,714,Divock Origi,FWD,Nott'm Forest,0.18767735971878252
35,828,Sam Curtis,DEF,Sheffield Utd,0.18020243499800234
35,487,Rhys Norrington-Davies,DEF,Sheffield Utd,0.18020243499800234
35,105,Vitaly Janelt,MID,Brentford,0.17781985947506024
35,607,Ionuț Radu,GK,Bournemouth,0.08514660217938717
35,655,Andre Brooks,MID,Sheffield Utd,0.17781985947506024
35,354,Jack Grealish,MID,Man City,0.17781985947506024
35,417,Emil Krafth,DEF,Newcastle,0.18020243499800234
35,574,Boubacar Traoré,MID,Wolves,0.17781985947506024
35,169,Denis Franchi,GK,Burnley,0.08514660217938717
35,335,James Shea,GK,Luton,0.08514660217938717
35,844,Christian Chigozie,DEF,Luton,0.18020243499800234
35,300,Curtis Jones,MID,Liverpool,0.17781985947506024
35,764,Myles Lewis-Skelly,MID,Arsenal,0.17781985947506024
35,732,Devan Tanton,DEF,Fulham,0.18020243499800234
35,206,Reece James,DEF,Chelsea,0.18020243499800234
35,206,Reece James,DEF,Chelsea,0.18020243499800234
35,491,Brandon Austin,GK,Spurs,0.08514660217938717
35,491,Brandon Austin,GK,Spurs,0.08514660217938717
35,700,Anssumane Fati Vieira,MID,Brighton,0.17781985947506024
35,53,Robin Olsen,GK,Aston Villa,0.08514660217938717
35,813,Fabian Mrozek,GK,Liverpool,0.08514660217938717
35,781,Joe Gardner,FWD,Nott'm Forest,0.18767735971878252
35,489,Ben Osborn,MID,Sheffield Utd,0.17781985947506024
35,371,Amad Diallo,MID,Man Utd,0.17781985947506024
35,378,Anthony Elanga,MID,Nott'm Forest,0.17781985947506024
35,774,Kaelan Casey,DEF,West Ham,0.18020243499800234
35,488,Oliver Norwood,MID,Sheffield Utd,0.17781985947506024
35,465,Harry Toffolo,DEF,Nott'm Forest,0.18020243499800234
35,344,Bernardo Veiga de Carvalho e Silva,MID,Man City,0.17781985947506024
35,178,Charlie Taylor,DEF,Burnley,0.18020243499800234
35,807,Adam Wharton,MID,Crystal Palace,0.17781985947506024
35,117,Ivan Toney,FWD,Brentford,0.18767735971878252
35,725,Ji-Soo Kim,DEF,Brentford,0.18020243499800234
35,23,Nuno Varela Tavares,DEF,Nott'm Forest,0.18020243499800234
35,634,Alex Murphy,DEF,Newcastle,0.18020243499800234
35,13,Eddie Nketiah,FWD,Arsenal,0.18767735971878252
35,191,Benoît Badiashile,DEF,Chelsea,0.18020243499800234
35,191,Benoît Badiashile,DEF,Chelsea,0.18020243499800234
35,22,Emile Smith Rowe,MID,Arsenal,0.17781985947506024
35,626,Jarell Quansah,DEF,Liverpool,0.18020243499800234
35,195,Ben Chilwell,DEF,Chelsea,0.18020243499800234
35,195,Ben Chilwell,DEF,Chelsea,0.18020243499800234
35,38,Philippe Coutinho Correia,MID,Aston Villa,0.17781985947506024
35,46,Tim Iroegbunam,MID,Aston Villa,0.17781985947506024
35,579,Andy Lonergan,GK,Everton,0.08514660217938717
35,690,Carlos Baleba,MID,Brighton,0.17781985947506024
35,570,Pablo Sarabia,MID,Wolves,0.17781985947506024
35,76,Kieffer Moore,FWD,Bournemouth,0.18767735971878252
35,448,Wayne Hennessey,GK,Nott'm Forest,0.08514660217938717
35,233,Remi Matthews,GK,Crystal Palace,0.08514660217938717
35,302,Ibrahima Konaté,DEF,Liverpool,0.18020243499800234
35,416,Joelinton Cássio Apolinário de Lira,MID,Newcastle,0.17781985947506024
35,795,Travis Hernes,MID,Newcastle,0.17781985947506024
35,86,Marcus Tavernier,MID,Bournemouth,0.17781985947506024
35,97,Matthew Cox,GK,Brentford,0.08514660217938717
35,848,Taylan Harris,FWD,Luton,0.18767735971878252
35,341,Manuel Akanji,DEF,Man City,0.18020243499800234
35,615,Matheus França de Oliveira,MID,Crystal Palace,0.17781985947506024
35,751,Justin Hubner,DEF,Wolves,0.18020243499800234
35,539,Lucas Tolentino Coelho de Lima,MID,West Ham,0.17781985947506024
35,617,Rasmus Højlund,FWD,Man Utd,0.18767735971878252
35,605,Luca Koleosho,MID,Burnley,0.17781985947506024
35,545,Rayan Aït-Nouri,DEF,Wolves,0.18020243499800234
35,37,Calum Chambers,DEF,Aston Villa,0.18020243499800234
35,495,Ben Davies,DEF,Spurs,0.18020243499800234
35,495,Ben Davies,DEF,Spurs,0.18020243499800234
35,532,Emerson Palmieri dos Santos,DEF,West Ham,0.18020243499800234
35,303,Luis Díaz,MID,Liverpool,0.17781985947506024
35,181,Lawrence Vigouroux,GK,Burnley,0.08514660217938717
35,144,Jakub Moder,MID,Brighton,0.17781985947506024
35,767,Tommi O'Reilly,MID,Aston Villa,0.17781985947506024
35,164,Dara Costelloe,MID,Burnley,0.17781985947506024
35,702,Ashley Phillips,DEF,Spurs,0.18020243499800234
35,702,Ashley Phillips,DEF,Spurs,0.18020243499800234
35,368,John Stones,DEF,Man City,0.18020243499800234
35,254,Idrissa Gueye,MID,Everton,0.17781985947506024
35,288,Harry Wilson,MID,Fulham,0.17781985947506024
35,192,Marcus Bettinelli,GK,Chelsea,0.08514660217938717
35,192,Marcus Bettinelli,GK,Chelsea,0.08514660217938717
35,224,Malcolm Ebiowei,MID,Crystal Palace,0.17781985947506024
35,29,Benjamin White,DEF,Arsenal,0.18020243499800234
35,753,Leigh Kavanagh,DEF,Brighton,0.18020243499800234
35,393,Teden Mengi,DEF,Luton,0.18020243499800234
35,48,Ezri Konsa Ngoyo,DEF,Aston Villa,0.18020243499800234
35,857,Owen Hampson,MID,Sheffield Utd,0.17781985947506024
35,705,Luis Sinisterra,MID,Bournemouth,0.17781985947506024
35,15,Thomas Partey,MID,Arsenal,0.17781985947506024
35,729,Jayden Luker,MID,Luton,0.17781985947506024
35,420,Jamal Lewis,DEF,Newcastle,0.18020243499800234
35,34,Leon Bailey,MID,Aston Villa,0.17781985947506024
35,703,Jonny Evans,DEF,Man Utd,0.18020243499800234
35,449,Ethan Horvath,GK,Nott'm Forest,0.08514660217938717
35,816,Valentín Barco,DEF,Brighton,0.18020243499800234
35,237,Luke Plange,FWD,Crystal Palace,0.18767735971878252
35,398,Luke Shaw,DEF,Man Utd,0.18020243499800234
35,784,Oliver Scarles,DEF,West Ham,0.18020243499800234
35,565,Mario Lemina,MID,Wolves,0.17781985947506024
35,155,Andi Zeqiri,FWD,Brighton,0.18767735971878252
35,265,James Tarkowski,DEF,Everton,0.18020243499800234
35,90,Kristoffer Ajer,DEF,Brentford,0.18020243499800234
35,450,Brennan Johnson,MID,Spurs,0.17781985947506024
35,450,Brennan Johnson,MID,Spurs,0.17781985947506024
35,851,Tyrique George,FWD,Chelsea,0.18767735971878252
35,851,Tyrique George,FWD,Chelsea,0.18767735971878252
35,235,Jake O'Brien,DEF,Crystal Palace,0.18020243499800234
35,846,Harry Amass,DEF,Man Utd,0.18020243499800234
35,680,Eddie Beach,GK,Chelsea,0.08514660217938717
35,680,Eddie Beach,GK,Chelsea,0.08514660217938717
35,817,James Sweet,DEF,Arsenal,0.18020243499800234
35,514,Ryan Sessegnon,DEF,Spurs,0.18020243499800234
35,514,Ryan Sessegnon,DEF,Spurs,0.18020243499800234
35,72,Justin Kluivert,MID,Bournemouth,0.17781985947506024
35,57,Viljami Sinisalo,GK,Aston Villa,0.08514660217938717
35,499,Pierre-Emile Højbjerg,MID,Spurs,0.17781985947506024
35,499,Pierre-Emile Højbjerg,MID,Spurs,0.17781985947506024
35,613,Lesley Ugochukwu,MID,Chelsea,0.17781985947506024
35,613,Lesley Ugochukwu,MID,Chelsea,0.17781985947506024
35,724,Jadan Raymond,MID,Crystal Palace,0.17781985947506024
35,601,Arnaut Danjuma Groeneveld,MID,Everton,0.17781985947506024
35,205,Callum Hudson-Odoi,MID,Nott'm Forest,0.17781985947506024
35,24,Kieran Tierney,DEF,Arsenal,0.18020243499800234
35,281,Tim Ream,DEF,Fulham,0.18020243499800234
35,836,Leon Chiwome,FWD,Wolves,0.18767735971878252
35,353,Phil Foden,MID,Man City,0.17781985947506024
35,379,Christian Eriksen,MID,Man Utd,0.17781985947506024
35,552,Fábio Silva,FWD,Wolves,0.18767735971878252
35,790,Ivo Grbic,GK,Sheffield Utd,0.08514660217938717
35,521,Alfie Whiteman,GK,Spurs,0.08514660217938717
35,521,Alfie Whiteman,GK,Spurs,0.08514660217938717
35,241,James Tomkins,DEF,Crystal Palace,0.18020243499800234
35,490,William Osula,FWD,Sheffield Utd,0.18767735971878252
35,60,Ollie Watkins,FWD,Aston Villa,0.18767735971878252
35,5,Gabriel dos Santos Magalhães,DEF,Arsenal,0.18020243499800234
35,25,Takehiro Tomiyasu,DEF,Arsenal,0.18020243499800234
35,282,Harrison Reed,MID,Fulham,0.17781985947506024
35,583,Manor Solomon,MID,Spurs,0.17781985947506024
35,583,Manor Solomon,MID,Spurs,0.17781985947506024
35,11,Marcus Oliveira Alencar,MID,Arsenal,0.17781985947506024
35,375,Eric Bailly,DEF,Man Utd,0.18020243499800234
35,218,Hakim Ziyech,MID,Chelsea,0.17781985947506024
35,218,Hakim Ziyech,MID,Chelsea,0.17781985947506024
35,541,Gianluca Scamacca,FWD,West Ham,0.18767735971878252
35,660,Wilson Odobert,MID,Burnley,0.17781985947506024
35,731,Jili Buyabu,DEF,Sheffield Utd,0.18020243499800234
35,742,Benicio Baker-Boaitey,MID,Brighton,0.17781985947506024
35,110,Christian Nørgaard,MID,Brentford,0.17781985947506024
35,421,Sean Longstaff,MID,Newcastle,0.17781985947506024
35,582,Pelly Ruddock Mpanzu,MID,Luton,0.17781985947506024
35,535,Danny Ings,FWD,West Ham,0.18767735971878252
35,400,Donny van de Beek,MID,Man Utd,0.17781985947506024
35,438,Giulian Biancone,DEF,Nott'm Forest,0.18020243499800234
35,21,Albert Sambi Lokonga,MID,Luton,0.17781985947506024
35,171,Luke McNally,DEF,Burnley,0.18020243499800234
35,143,Kaoru Mitoma,MID,Brighton,0.17781985947506024
35,190,Abdul Rahman Baba,DEF,Chelsea,0.18020243499800234
35,190,Abdul Rahman Baba,DEF,Chelsea,0.18020243499800234
35,78,Dango Ouattara,MID,Bournemouth,0.17781985947506024
35,483,Daniel Jebbison,FWD,Sheffield Utd,0.18767735971878252
35,122,Simon Adingra,MID,Brighton,0.17781985947506024
35,180,Scott Twine,MID,Burnley,0.17781985947506024
35,798,Daiki Hashioka,DEF,Luton,0.18020243499800234
35,696,Murillo Santiago Costa dos Santos,DEF,Nott'm Forest,0.18020243499800234
35,769,Owen Hesketh,MID,Wolves,0.17781985947506024
35,366,Sergio Gómez,DEF,Man City,0.18020243499800234
35,668,Wataru Endo,MID,Liverpool,0.17781985947506024
35,442,Danilo dos Santos de Oliveira,MID,Nott'm Forest,0.17781985947506024
35,113,David Raya Martin,GK,Arsenal,0.08514660217938717
35,423,Jacob Murphy,MID,Newcastle,0.17781985947506024
35,736,Reuell Walters,DEF,Arsenal,0.18020243499800234
35,614,Thomas Kaminski,GK,Luton,0.08514660217938717
35,738,Amadou Diallo,MID,Newcastle,0.17781985947506024
35,232,Jean-Philippe Mateta,FWD,Crystal Palace,0.18767735971878252
35,827,Dovydas Sasnauskas,DEF,Sheffield Utd,0.18020243499800234
35,849,Michael Dacosta Gonzalez,MID,Bournemouth,0.17781985947506024
35,79,Ben Pearson,MID,Bournemouth,0.17781985947506024
35,175,Bailey Peacock-Farrell,GK,Burnley,0.08514660217938717
35,445,Felipe Augusto de Almeida Monteiro,DEF,Nott'm Forest,0.18020243499800234
35,20,William Saliba,DEF,Arsenal,0.18020243499800234
35,174,Michael Obafemi,FWD,Burnley,0.18767735971878252
35,252,Ben Godfrey,DEF,Everton,0.18020243499800234
35,821,Franco Umeh-Chibueze,FWD,Crystal Palace,0.18767735971878252
35,182,Victor da Silva,DEF,Burnley,0.18020243499800234
35,244,André Tavares Gomes,MID,Everton,0.17781985947506024
35,519,Destiny Udogie,DEF,Spurs,0.18020243499800234
35,519,Destiny Udogie,DEF,Spurs,0.18020243499800234
35,118,Ryan Trevitt,MID,Brentford,0.17781985947506024
35,332,Dion Pereira,MID,Luton,0.17781985947506024
35,763,Tayo Adaramola,DEF,Crystal Palace,0.18020243499800234
35,176,Connor Roberts,DEF,Burnley,0.18020243499800234
35,43,Douglas Luiz Soares de Paulo,MID,Aston Villa,0.17781985947506024
35,101,Mark Flekken,GK,Brentford,0.08514660217938717
35,409,Martin Dubravka,GK,Newcastle,0.08514660217938717
35,629,James McConnell,MID,Liverpool,0.17781985947506024
35,292,Stefan Bajcetic,MID,Liverpool,0.17781985947506024
35,267,Andreas Hoelgebaum Pereira,MID,Fulham,0.17781985947506024
35,682,Joseph Johnson,DEF,Luton,0.18020243499800234
35,826,Toby Collyer,MID,Man Utd,0.17781985947506024
35,198,Marc Cucurella Saseta,DEF,Chelsea,0.18020243499800234
35,198,Marc Cucurella Saseta,DEF,Chelsea,0.18020243499800234
35,280,João Palhinha Gonçalves,MID,Fulham,0.17781985947506024
35,494,Bryan Gil Salvatierra,MID,Spurs,0.17781985947506024
35,494,Bryan Gil Salvatierra,MID,Spurs,0.17781985947506024
35,830,Jimi Tauriainen,MID,Chelsea,0.17781985947506024
35,830,Jimi Tauriainen,MID,Chelsea,0.17781985947506024
35,467,Neco Williams,DEF,Nott'm Forest,0.18020243499800234
35,404,Harrison Ashby,DEF,Newcastle,0.18020243499800234
35,133,Billy Gilmour,MID,Brighton,0.17781985947506024
35,480,John Egan,DEF,Sheffield Utd,0.18020243499800234
35,98,Mikkel Damsgaard,MID,Brentford,0.17781985947506024
35,577,Angelo Ogbonna,DEF,West Ham,0.18020243499800234
35,474,Chris Basham,DEF,Sheffield Utd,0.18020243499800234
35,847,Teddy Sharman-Lowe,GK,Chelsea,0.08514660217938717
35,847,Teddy Sharman-Lowe,GK,Chelsea,0.08514660217938717
35,516,Son Heung-min,MID,Spurs,0.17781985947506024
35,516,Son Heung-min,MID,Spurs,0.17781985947506024
35,298,Joe Gomez,DEF,Liverpool,0.18020243499800234
35,80,Darren Randolph,GK,Bournemouth,0.08514660217938717
35,536,Ben Johnson,DEF,West Ham,0.18020243499800234
35,506,Pedro Porro,DEF,Spurs,0.18020243499800234
35,506,Pedro Porro,DEF,Spurs,0.18020243499800234
35,159,Manuel Benson Hedilazio,MID,Burnley,0.17781985947506024
35,197,Levi Colwill,DEF,Chelsea,0.18020243499800234
35,197,Levi Colwill,DEF,Chelsea,0.18020243499800234
35,460,Jonathan Panzo,DEF,Nott'm Forest,0.18020243499800234
35,534,Pablo Fornals Malla,MID,West Ham,0.17781985947506024
35,314,Elijah Adebayo,FWD,Luton,0.18767735971878252
35,103,Rico Henry,DEF,Brentford,0.18020243499800234
35,782,Owen Beck,DEF,Liverpool,0.18020243499800234
35,627,Bobby Clark,MID,Liverpool,0.17781985947506024
35,531,Flynn Downes,MID,West Ham,0.17781985947506024
35,802,Max Kinsey,DEF,Bournemouth,0.18020243499800234
35,619,Ben Greenwood,DEF,Bournemouth,0.18020243499800234
35,740,Alfie Dorrington,DEF,Spurs,0.18020243499800234
35,740,Alfie Dorrington,DEF,Spurs,0.18020243499800234
35,432,Joe Willock,MID,Newcastle,0.17781985947506024
35,422,Javier Manquillo Gaitán,DEF,Newcastle,0.18020243499800234
35,388,Kobbie Mainoo,MID,Man Utd,0.17781985947506024
35,246,Dominic Calvert-Lewin,FWD,Everton,0.18767735971878252
35,351,Tommy Doyle,MID,Wolves,0.17781985947506024
35,100,Halil Dervişoğlu,FWD,Brentford,0.18767735971878252
35,330,Gabriel Osho,DEF,Luton,0.18020243499800234
35,135,João Pedro Junqueira de Jesus,FWD,Brighton,0.18767735971878252
35,752,Vincent Angelini,GK,Brentford,0.08514660217938717
35,544,Kurt Zouma,DEF,West Ham,0.18020243499800234
35,461,Omar Richards,DEF,Nott'm Forest,0.18020243499800234
35,741,Mark O’Mahony,FWD,Brighton,0.18767735971878252
35,486,Iliman Ndiaye,FWD,Sheffield Utd,0.18767735971878252
35,337,Elliot Thorpe,MID,Luton,0.17781985947506024
35,348,Shea Charles,MID,Man City,0.17781985947506024
35,510,Joe Rodon,DEF,Spurs,0.18020243499800234
35,510,Joe Rodon,DEF,Spurs,0.18020243499800234
35,833,Habeeb Ogunneye,DEF,Man Utd,0.18020243499800234
35,258,Neal Maupay,FWD,Brentford,0.18767735971878252
35,221,Jordan Ayew,MID,Crystal Palace,0.17781985947506024
35,538,Divin Mubama,FWD,West Ham,0.18767735971878252
35,306,Nathaniel Phillips,DEF,Liverpool,0.18020243499800234
35,309,Dominik Szoboszlai,MID,Liverpool,0.17781985947506024
35,730,Ryan Oné,MID,Sheffield Utd,0.17781985947506024
35,796,Kristian Sekularac,MID,Fulham,0.17781985947506024
35,320,Jordan Clark,MID,Luton,0.17781985947506024
35,761,Elijah Campbell,DEF,Everton,0.18020243499800234
35,209,Mason Mount,MID,Man Utd,0.17781985947506024
35,91,Ellery Balcombe,GK,Brentford,0.08514660217938717
35,64,David Brooks,MID,Bournemouth,0.17781985947506024
35,134,Pascal Groß,MID,Brighton,0.17781985947506024
35,50,John McGinn,MID,Aston Villa,0.17781985947506024
35,743,Treymaurice Nyoni,MID,Liverpool,0.17781985947506024
35,505,Tanguy Ndombélé Alvaro,MID,Spurs,0.17781985947506024
35,505,Tanguy Ndombélé Alvaro,MID,Spurs,0.17781985947506024
35,739,Ben Parkinson,FWD,Newcastle,0.18767735971878252
35,239,Jairo Riedewald,MID,Crystal Palace,0.17781985947506024
35,119,Yoane Wissa,FWD,Brentford,0.18767735971878252
35,578,Reiss Nelson,MID,Arsenal,0.17781985947506024
35,713,Ibrahim Sangaré,MID,Nott'm Forest,0.17781985947506024
35,394,Facundo Pellistri Rebollo,MID,Man Utd,0.17781985947506024
35,69,James Hill,DEF,Bournemouth,0.18020243499800234
35,561,Bruno Cavaco Jordão,MID,Wolves,0.17781985947506024
35,147,Kjell Scherpen,GK,Brighton,0.08514660217938717
35,363,Máximo Perrone,MID,Man City,0.17781985947506024
35,278,Aleksandar Mitrović,FWD,Fulham,0.18767735971878252
35,115,Kevin Schade,MID,Brentford,0.17781985947506024
35,457,Moussa Niakhaté,DEF,Nott'm Forest,0.18020243499800234
35,581,Paul Dummett,DEF,Newcastle,0.18020243499800234
35,809,Rodrigo Duarte Ribeiro,FWD,Nott'm Forest,0.18767735971878252
35,405,Sven Botman,DEF,Newcastle,0.18020243499800234
35,841,Lewis Warrington,MID,Everton,0.17781985947506024
35,271,Issa Diop,DEF,Fulham,0.18020243499800234
35,17,Aaron Ramsdale,GK,Arsenal,0.08514660217938717
35,845,Odeluga Offiah,DEF,Brighton,0.18020243499800234
35,286,Tosin Adarabioyo,DEF,Fulham,0.18020243499800234
35,290,Trent Alexander-Arnold,DEF,Liverpool,0.18020243499800234
35,184,Anass Zaroury,MID,Burnley,0.17781985947506024
35,131,Pervis Estupiñán,DEF,Brighton,0.18020243499800234
35,698,Enso González,MID,Wolves,0.17781985947506024
35,328,Chiedozie Ogbene,FWD,Luton,0.18767735971878252
35,799,Romain Faivre,MID,Bournemouth,0.17781985947506024
35,295,Harvey Elliott,MID,Liverpool,0.17781985947506024
35,576,Jack Robinson,DEF,Sheffield Utd,0.18020243499800234
35,780,Detlef Esapa Osong,FWD,Nott'm Forest,0.18767735971878252
35,12,Gabriel Martinelli Silva,MID,Arsenal,0.17781985947506024
35,183,Wout Weghorst,FWD,Burnley,0.18767735971878252
35,44,Jhon Durán,FWD,Aston Villa,0.18767735971878252
35,345,Oscar Bobb,MID,Man City,0.17781985947506024
35,523,Michail Antonio,FWD,West Ham,0.18767735971878252
35,722,Jamie Donley,FWD,Spurs,0.18767735971878252
35,722,Jamie Donley,FWD,Spurs,0.18767735971878252
35,214,Malang Sarr,DEF,Chelsea,0.18020243499800234
35,214,Malang Sarr,DEF,Chelsea,0.18020243499800234
35,834,Benjamin Arthur,DEF,Brentford,0.18020243499800234
35,589,Ângelo Gabriel Borges Damaceno,MID,Chelsea,0.17781985947506024
35,589,Ângelo Gabriel Borges Damaceno,MID,Chelsea,0.17781985947506024
35,639,Micky van de Ven,DEF,Spurs,0.18020243499800234
35,639,Micky van de Ven,DEF,Spurs,0.18020243499800234
35,662,Adama Traoré,MID,Fulham,0.17781985947506024
35,399,Shola Shoretire,FWD,Man Utd,0.18767735971878252
35,720,Ademola Ola-Adebomi,FWD,Crystal Palace,0.18767735971878252
35,391,Lisandro Martínez,DEF,Man Utd,0.18020243499800234
35,456,Alex Mighten,MID,Nott'm Forest,0.17781985947506024
35,108,Bryan Mbeumo,MID,Brentford,0.17781985947506024
35,16,Nicolas Pépé,MID,Arsenal,0.17781985947506024
35,815,Mauro Bandeira,MID,Arsenal,0.17781985947506024
35,304,Alexis Mac Allister,MID,Liverpool,0.17781985947506024
35,721,David Ozoh,MID,Crystal Palace,0.17781985947506024
35,759,Sydie Peck,MID,Sheffield Utd,0.17781985947506024
35,618,Omari Kellyman,MID,Aston Villa,0.17781985947506024
35,58,Youri Tielemans,MID,Aston Villa,0.17781985947506024
35,446,Remo Freuler,MID,Nott'm Forest,0.17781985947506024
35,89,Illia Zabarnyi,DEF,Bournemouth,0.18020243499800234
35,646,Karl Hein,GK,Arsenal,0.08514660217938717
35,127,Aaron Connolly,FWD,Brighton,0.18767735971878252
35,385,Dean Henderson,GK,Crystal Palace,0.08514660217938717
35,177,Jay Rodriguez,FWD,Burnley,0.18767735971878252
35,83,Marcos Senesi,DEF,Bournemouth,0.18020243499800234
35,30,Granit Xhaka,MID,Arsenal,0.17781985947506024
35,596,James Trafford,GK,Burnley,0.08514660217938717
35,407,Dan Burn,DEF,Newcastle,0.18020243499800234
35,525,Saïd Benrahma,MID,West Ham,0.17781985947506024
35,434,Brandon Aguilera Zamora,MID,Nott'm Forest,0.17781985947506024
35,811,Dominic Sadi,MID,Bournemouth,0.17781985947506024
35,650,Tyler Onyango,MID,Everton,0.17781985947506024
35,762,Mahamadou Susoho,MID,Man City,0.17781985947506024
35,336,Joe Taylor,FWD,Luton,0.18767735971878252
35,663,Gustavo Hamer,MID,Sheffield Utd,0.17781985947506024
35,408,Karl Darlow,GK,Newcastle,0.08514660217938717
35,701,Saman Ghoddos,MID,Brentford,0.17781985947506024
35,220,Joachim Andersen,DEF,Crystal Palace,0.18020243499800234
35,716,Alfie Gilchrist,DEF,Chelsea,0.18020243499800234
35,716,Alfie Gilchrist,DEF,Chelsea,0.18020243499800234
35,319,Allan Campbell,MID,Luton,0.17781985947506024
35,850,Ethan Wheatley,FWD,Man Utd,0.18767735971878252
35,325,Carlos Mendes Gomes,MID,Luton,0.17781985947506024
35,567,Pedro Lomba Neto,MID,Wolves,0.17781985947506024
35,837,Amara Nallo,DEF,Liverpool,0.18020243499800234
35,625,Luc De Fougerolles,DEF,Fulham,0.18020243499800234
35,640,Dane Scarlett,FWD,Spurs,0.18767735971878252
35,640,Dane Scarlett,FWD,Spurs,0.18767735971878252
35,42,Lucas Digne,DEF,Aston Villa,0.18020243499800234
35,199,Enzo Fernández,MID,Chelsea,0.17781985947506024
35,199,Enzo Fernández,MID,Chelsea,0.17781985947506024
35,775,Ben Brereton,MID,Sheffield Utd,0.17781985947506024
35,860,Mikey Moore,MID,Spurs,0.17781985947506024
35,860,Mikey Moore,MID,Spurs,0.17781985947506024
35,428,Matt Targett,DEF,Newcastle,0.18020243499800234
35,253,Demarai Gray,MID,Everton,0.17781985947506024
35,749,Matthew Whittingham,MID,Wolves,0.17781985947506024
35,361,Stefan Ortega Moreno,GK,Man City,0.08514660217938717
35,230,Sam Johnstone,GK,Crystal Palace,0.08514660217938717
35,734,Zack Nelson,MID,Luton,0.17781985947506024
35,788,Yerson Mosquera,DEF,Wolves,0.18020243499800234
35,35,Emiliano Buendía Stati,MID,Aston Villa,0.17781985947506024
35,32,Alexandre Moreno Lopera,DEF,Aston Villa,0.18020243499800234
35,518,Japhet Tanganga,DEF,Spurs,0.18020243499800234
35,518,Japhet Tanganga,DEF,Spurs,0.18020243499800234
35,52,Marvelous Nakamba,MID,Luton,0.17781985947506024
35,96,Nathan Collins,DEF,Brentford,0.18020243499800234
35,26,Leandro Trossard,MID,Arsenal,0.17781985947506024
35,372,Antony Matheus dos Santos,MID,Man Utd,0.17781985947506024
35,194,Trevoh Chalobah,DEF,Chelsea,0.18020243499800234
35,194,Trevoh Chalobah,DEF,Chelsea,0.18020243499800234
35,550,Luke Cundle,MID,Wolves,0.17781985947506024
35,533,Lukasz Fabianski,GK,West Ham,0.08514660217938717
35,772,Ethan Nwaneri,MID,Arsenal,0.17781985947506024
35,785,Callum Marshall,FWD,West Ham,0.18767735971878252
35,633,Tino Livramento,DEF,Newcastle,0.18020243499800234
35,707,Fodé Ballo-Touré,DEF,Fulham,0.18020243499800234
35,357,Aymeric Laporte,DEF,Man City,0.18020243499800234
35,673,Tyler Adams,MID,Bournemouth,0.17781985947506024
35,430,Kieran Trippier,DEF,Newcastle,0.18020243499800234
35,779,Jamie McDonnell,MID,Nott'm Forest,0.17781985947506024
35,509,Richarlison de Andrade,MID,Spurs,0.17781985947506024
35,509,Richarlison de Andrade,MID,Spurs,0.17781985947506024
35,691,Norberto Bercique Gomes Betuncal,FWD,Everton,0.18767735971878252
35,324,John McAtee,FWD,Luton,0.18767735971878252
35,476,Jayden Bogle,DEF,Sheffield Utd,0.18020243499800234
35,148,Jason Steele,GK,Brighton,0.08514660217938717
35,424,Nick Pope,GK,Newcastle,0.08514660217938717
35,6,Kai Havertz,MID,Arsenal,0.17781985947506024
35,61,Wesley Moraes Ferreira da Silva,FWD,Aston Villa,0.18767735971878252
35,528,Vladimír Coufal,DEF,West Ham,0.18020243499800234
35,396,Marcus Rashford,MID,Man Utd,0.17781985947506024
35,458,Lewis O'Brien,MID,Nott'm Forest,0.17781985947506024
35,132,Evan Ferguson,FWD,Brighton,0.18767735971878252
35,141,Tom McGill,GK,Brighton,0.08514660217938717
35,493,Yves Bissouma,MID,Spurs,0.17781985947506024
35,493,Yves Bissouma,MID,Spurs,0.17781985947506024
35,559,João Victor Gomes da Silva,MID,Wolves,0.17781985947506024
35,249,Abdoulaye Doucouré,MID,Everton,0.17781985947506024
35,804,Enes Ünal,FWD,Bournemouth,0.18767735971878252
35,352,Ederson Santana de Moraes,GK,Man City,0.08514660217938717
35,803,Morgan Rogers,MID,Aston Villa,0.17781985947506024
35,313,Virgil van Dijk,DEF,Liverpool,0.18020243499800234
35,439,Willy Boly,DEF,Nott'm Forest,0.18020243499800234
35,689,Mohammed Kudus,MID,West Ham,0.17781985947506024
35,392,Scott McTominay,MID,Man Utd,0.17781985947506024
35,711,Andrew Omobamidele,DEF,Nott'm Forest,0.18020243499800234
35,822,Billy Blacker,FWD,Sheffield Utd,0.18767735971878252
35,793,Kaine Kesler-Hayden,DEF,Aston Villa,0.18020243499800234
35,358,Rico Lewis,DEF,Man City,0.18020243499800234
35,382,Alejandro Garnacho,MID,Man Utd,0.17781985947506024
35,715,Jean-Ricner Bellegarde,MID,Wolves,0.17781985947506024
35,251,Jean-Philippe Gbamin,MID,Everton,0.17781985947506024
35,820,Ollie Harrison,MID,Chelsea,0.17781985947506024
35,820,Ollie Harrison,MID,Chelsea,0.17781985947506024
35,624,Lewis Dobbin,MID,Everton,0.17781985947506024
35,760,Jenson Metcalfe,MID,Everton,0.17781985947506024
35,359,Riyad Mahrez,MID,Man City,0.17781985947506024
35,571,Matija Šarkić,GK,Wolves,0.08514660217938717
35,27,Auston Trusty,DEF,Sheffield Utd,0.18020243499800234
35,412,Anthony Gordon,MID,Newcastle,0.17781985947506024
35,443,Emmanuel Dennis,FWD,Nott'm Forest,0.18767735971878252
35,222,Nathaniel Clyne,DEF,Crystal Palace,0.18020243499800234
35,310,Thiago Alcántara do Nascimento,MID,Liverpool,0.17781985947506024
35,823,Oliver Arblaster,MID,Sheffield Utd,0.17781985947506024
35,684,Ethan Brierley,MID,Brentford,0.17781985947506024
35,776,Timo Werner,FWD,Spurs,0.18767735971878252
35,776,Timo Werner,FWD,Spurs,0.18767735971878252
35,553,Ryan Giles,DEF,Luton,0.18020243499800234
35,327,Admiral Muskwe,FWD,Luton,0.18767735971878252
35,642,Edson Álvarez Velázquez,MID,West Ham,0.17781985947506024
35,10,Jakub Kiwior,DEF,Arsenal,0.18020243499800234
35,70,Lloyd Kelly,DEF,Bournemouth,0.18020243499800234
35,260,Vitalii Mykolenko,DEF,Everton,0.18020243499800234
35,855,Callan McKenna,GK,Bournemouth,0.08514660217938717
35,648,Aidan Francis-Clarke,DEF,Luton,0.18020243499800234
35,497,Emerson Leite de Souza Junior,DEF,Spurs,0.18020243499800234
35,497,Emerson Leite de Souza Junior,DEF,Spurs,0.18020243499800234
35,151,Joël Veltman,DEF,Brighton,0.18020243499800234
35,402,Miguel Almirón Rejala,MID,Newcastle,0.17781985947506024
35,179,Bobby Thomas,DEF,Burnley,0.18020243499800234
35,754,Yago de Santiago Alonso,MID,Spurs,0.17781985947506024
35,754,Yago de Santiago Alonso,MID,Spurs,0.17781985947506024
35,102,Charlie Goode,DEF,Brentford,0.18020243499800234
35,726,Luke Chambers,DEF,Liverpool,0.18020243499800234
35,641,Alejo Véliz,FWD,Spurs,0.18767735971878252
35,641,Alejo Véliz,FWD,Spurs,0.18767735971878252
35,187,Kepa Arrizabalaga,GK,Chelsea,0.08514660217938717
35,187,Kepa Arrizabalaga,GK,Chelsea,0.08514660217938717
35,88,Mark Travers,GK,Bournemouth,0.08514660217938717
35,758,Leo Castledine,MID,Chelsea,0.17781985947506024
35,758,Leo Castledine,MID,Chelsea,0.17781985947506024
35,750,Tawanda Chirewa,MID,Wolves,0.17781985947506024
35,765,Sam Proctor,GK,Aston Villa,0.08514660217938717
35,520,Guglielmo Vicario,GK,Spurs,0.08514660217938717
35,520,Guglielmo Vicario,GK,Spurs,0.08514660217938717
35,413,Isaac Hayden,MID,Newcastle,0.17781985947506024
35,706,Mike Trésor,MID,Burnley,0.17781985947506024
35,419,Jamaal Lascelles,DEF,Newcastle,0.18020243499800234
35,307,Andrew Robertson,DEF,Liverpool,0.18020243499800234
35,503,Giovani Lo Celso,MID,Spurs,0.17781985947506024
35,503,Giovani Lo Celso,MID,Spurs,0.17781985947506024
35,856,Louis Jackson,DEF,Man Utd,0.18020243499800234
35,240,Jeffrey Schlupp,MID,Crystal Palace,0.17781985947506024
35,256,Alex Iwobi,MID,Fulham,0.17781985947506024
35,840,Fletcher Holman,FWD,Wolves,0.18767735971878252
35,297,Cody Gakpo,FWD,Liverpool,0.18767735971878252
35,211,Nicolas Jackson,FWD,Chelsea,0.18767735971878252
35,211,Nicolas Jackson,FWD,Chelsea,0.18767735971878252
35,543,Nikola Vlašić,MID,West Ham,0.17781985947506024
35,138,Adam Lallana,MID,Brighton,0.17781985947506024
35,548,Hugo Bueno López,DEF,Wolves,0.18020243499800234
35,524,Alphonse Areola,GK,West Ham,0.08514660217938717
35,291,Alisson Ramses Becker,GK,Liverpool,0.08514660217938717
35,513,Pape Matar Sarr,MID,Spurs,0.17781985947506024
35,513,Pape Matar Sarr,MID,Spurs,0.17781985947506024
35,331,Aribim Pepple,FWD,Luton,0.18767735971878252
35,598,Matt Doherty,DEF,Wolves,0.18020243499800234
35,554,Gonçalo Manuel Ganchinho Guedes,MID,Wolves,0.17781985947506024
35,264,Ellis Simms,FWD,Everton,0.18767735971878252
35,560,Jonathan Castro Otto,DEF,Wolves,0.18020243499800234
35,437,Taiwo Awoniyi,FWD,Nott'm Forest,0.18767735971878252
35,114,Mads Roerslev Rasmussen,DEF,Brentford,0.18020243499800234
35,610,Calvin Bassey,DEF,Fulham,0.18020243499800234
35,664,James Ward-Prowse,MID,West Ham,0.17781985947506024
35,311,Konstantinos Tsimikas,DEF,Liverpool,0.18020243499800234
35,128,Mahmoud Dahoud,MID,Brighton,0.17781985947506024
35,609,Ian Maatsen,MID,Chelsea,0.17781985947506024
35,609,Ian Maatsen,MID,Chelsea,0.17781985947506024
35,708,Ryan Gravenberch,MID,Liverpool,0.17781985947506024
35,709,Sofyan Amrabat,MID,Man Utd,0.17781985947506024
35,484,Max Lowe,DEF,Sheffield Utd,0.18020243499800234
35,243,Joe Whitworth,GK,Crystal Palace,0.08514660217938717
35,649,Thomas Cannon,FWD,Everton,0.18767735971878252
35,383,Hannibal Mejbri,MID,Man Utd,0.17781985947506024
35,47,Boubacar Kamara,MID,Aston Villa,0.17781985947506024
35,186,Andrey Nascimento dos Santos,MID,Chelsea,0.17781985947506024
35,186,Andrey Nascimento dos Santos,MID,Chelsea,0.17781985947506024
35,580,Loris Karius,GK,Newcastle,0.08514660217938717
35,747,Joshua Duffus,MID,Brighton,0.17781985947506024
35,152,Bart Verbruggen,GK,Brighton,0.08514660217938717
35,586,Tahith Chong,MID,Luton,0.17781985947506024
35,56,Morgan Sanson,MID,Aston Villa,0.17781985947506024
35,275,Bernd Leno,GK,Fulham,0.08514660217938717
35,99,Josh Dasilva,MID,Brentford,0.17781985947506024
35,440,Josh Bowler,MID,Nott'm Forest,0.17781985947506024
35,671,Bashir Humphreys,DEF,Chelsea,0.18020243499800234
35,671,Bashir Humphreys,DEF,Chelsea,0.18020243499800234
35,31,Oleksandr Zinchenko,DEF,Arsenal,0.18020243499800234
35,272,Tyrese Francois,MID,Fulham,0.17781985947506024
35,433,Callum Wilson,FWD,Newcastle,0.18767735971878252
35,426,Allan Saint-Maximin,MID,Newcastle,0.17781985947506024
35,773,Lewis Orford,MID,West Ham,0.17781985947506024
35,694,Han-Noah Massengo,MID,Burnley,0.17781985947506024
35,594,Zeki Amdouni,FWD,Burnley,0.18767735971878252
35,123,Steven Alzate,MID,Brighton,0.17781985947506024
35,170,Jóhann Berg Gudmundsson,MID,Burnley,0.17781985947506024
35,665,Tim Krul,GK,Luton,0.08514660217938717
35,39,Keinan Davis,FWD,Aston Villa,0.18767735971878252
35,373,Bruno Borges Fernandes,MID,Man Utd,0.17781985947506024
35,87,Hamed Traorè,MID,Bournemouth,0.17781985947506024
35,146,Jeremy Sarmiento Morante,MID,Brighton,0.17781985947506024
35,602,Issa Kaboré,DEF,Luton,0.18020243499800234
35,464,Sam Surridge,FWD,Nott'm Forest,0.18767735971878252
35,318,Reece Burke,DEF,Luton,0.18020243499800234
35,657,Jesurun Rak-Sakyi,MID,Crystal Palace,0.17781985947506024
35,699,Clément Lenglet,DEF,Aston Villa,0.18020243499800234
35,8,Gabriel Fernando de Jesus,FWD,Arsenal,0.18767735971878252
35,674,Hannes Delcroix,DEF,Burnley,0.18020243499800234
35,173,Dara O'Shea,DEF,Burnley,0.18020243499800234
35,496,Eric Dier,DEF,Spurs,0.18020243499800234
35,496,Eric Dier,DEF,Spurs,0.18020243499800234
35,783,Kaide Gordon,MID,Liverpool,0.17781985947506024
35,242,Joel Ward,DEF,Crystal Palace,0.18020243499800234
35,603,Harvey Barnes,MID,Newcastle,0.17781985947506024
35,791,Cesare Casadei,MID,Chelsea,0.17781985947506024
35,791,Cesare Casadei,MID,Chelsea,0.17781985947506024
35,356,Mateo Kovačić,MID,Man City,0.17781985947506024
35,824,Jayden Danns,FWD,Liverpool,0.18767735971878252
35,588,Ashley Young,DEF,Everton,0.18020243499800234
35,530,Aaron Cresswell,DEF,West Ham,0.18020243499800234
35,508,Sergio Reguilón,DEF,Brentford,0.18020243499800234
35,447,Morgan Gibbs-White,MID,Nott'm Forest,0.17781985947506024
35,395,Raphaël Varane,DEF,Man Utd,0.18020243499800234
35,606,Igor Julio dos Santos de Paulo,DEF,Brighton,0.18020243499800234
35,374,Brandon Williams,DEF,Man Utd,0.18020243499800234
35,502,Hugo Lloris,GK,Spurs,0.08514660217938717
35,502,Hugo Lloris,GK,Spurs,0.08514660217938717
35,427,Fabian Schär,DEF,Newcastle,0.18020243499800234
35,453,Orel Mangala,MID,Nott'm Forest,0.17781985947506024
35,835,Dermot Mee,GK,Man Utd,0.08514660217938717
35,800,Noha Lemina,MID,Wolves,0.17781985947506024
35,381,Frederico Rodrigues de Paula Santos,MID,Man Utd,0.17781985947506024
35,818,Joe Gauci,GK,Aston Villa,0.08514660217938717
35,284,Marek Rodák,GK,Fulham,0.08514660217938717
35,92,Shandon Baptiste,MID,Brentford,0.17781985947506024
35,136,Michał Karbownik,DEF,Brighton,0.18020243499800234
35,623,Mason Burstow,FWD,Chelsea,0.18767735971878252
35,623,Mason Burstow,FWD,Chelsea,0.18767735971878252
35,597,André Onana,GK,Man Utd,0.08514660217938717
35,343,Julián Álvarez,FWD,Man City,0.18767735971878252
35,527,Maxwel Cornet,MID,West Ham,0.17781985947506024
35,274,Terence Kongolo,DEF,Fulham,0.18020243499800234
35,301,Caoimhin Kelleher,GK,Liverpool,0.08514660217938717
35,269,Ivan Neves Abreu Cavaleiro,MID,Fulham,0.17781985947506024
35,75,Chris Mepham,DEF,Bournemouth,0.18020243499800234
35,125,Facundo Buonanotte,MID,Brighton,0.17781985947506024
35,158,Samuel Bastien,MID,Burnley,0.17781985947506024
35,481,John Fleck,MID,Sheffield Utd,0.17781985947506024
35,279,Rodrigo Muniz Carvalho,FWD,Fulham,0.18767735971878252
35,172,Arijanet Muric,GK,Burnley,0.08514660217938717
35,843,Samy Chouchane,MID,Brighton,0.17781985947506024
35,165,Josh Cullen,MID,Burnley,0.17781985947506024
35,819,Ishé Samuels-Smith,DEF,Chelsea,0.18020243499800234
35,819,Ishé Samuels-Smith,DEF,Chelsea,0.18020243499800234
35,116,Thomas Strakosha,GK,Brentford,0.08514660217938717
35,4,Fábio Ferreira Vieira,MID,Arsenal,0.17781985947506024
35,745,Michael Ndiweni,FWD,Newcastle,0.18767735971878252
35,223,Cheick Doucouré,MID,Crystal Palace,0.17781985947506024
35,555,Joe Hodge,MID,Wolves,0.17781985947506024
35,632,Omari Forson,MID,Man Utd,0.17781985947506024
35,305,Joel Matip,DEF,Liverpool,0.18020243499800234
35,728,Callum Scanlon,DEF,Liverpool,0.18020243499800234
35,512,Davinson Sánchez,DEF,Spurs,0.18020243499800234
35,512,Davinson Sánchez,DEF,Spurs,0.18020243499800234
35,839,Dominic Dos Santos Martins,MID,Luton,0.17781985947506024
35,551,Craig Dawson,DEF,Wolves,0.18020243499800234
35,573,Toti António Gomes,DEF,Wolves,0.18020243499800234
35,522,Nayef Aguerd,DEF,West Ham,0.18020243499800234
35,377,Diogo Dalot Teixeira,DEF,Man Utd,0.18020243499800234
35,261,Amadou Onana,MID,Everton,0.17781985947506024
35,289,Adrián San Miguel del Castillo,GK,Liverpool,0.08514660217938717
35,645,Youssef Ramalho Chermiti,FWD,Everton,0.18767735971878252
35,19,Bukayo Saka,MID,Arsenal,0.17781985947506024
35,109,Ben Mee,DEF,Brentford,0.18020243499800234
35,469,Joe Worrall,DEF,Nott'm Forest,0.18020243499800234
35,41,Diego Carlos Santos Silva,DEF,Aston Villa,0.18020243499800234
35,66,Lewis Cook,MID,Bournemouth,0.17781985947506024
35,547,Bendegúz Bolla,DEF,Wolves,0.18020243499800234
35,203,Malo Gusto,DEF,Chelsea,0.18020243499800234
35,203,Malo Gusto,DEF,Chelsea,0.18020243499800234
35,316,Amari'i Bell,DEF,Luton,0.18020243499800234
35,248,Dele Alli,MID,Everton,0.17781985947506024
35,208,Noni Madueke,MID,Chelsea,0.17781985947506024
35,208,Noni Madueke,MID,Chelsea,0.17781985947506024
35,595,Milos Kerkez,DEF,Bournemouth,0.18020243499800234
35,317,Luke Berry,MID,Luton,0.17781985947506024
35,45,Kortney Hause,DEF,Aston Villa,0.18020243499800234
35,229,Will Hughes,MID,Crystal Palace,0.17781985947506024
35,415,Alexander Isak,FWD,Newcastle,0.18767735971878252
35,658,John-Kymani Gordon,FWD,Crystal Palace,0.18767735971878252
35,451,Cheikhou Kouyaté,MID,Nott'm Forest,0.17781985947506024
35,2,Cédric Alves Soares,DEF,Arsenal,0.18020243499800234
35,188,Pierre-Emerick Aubameyang,FWD,Chelsea,0.18767735971878252
35,188,Pierre-Emerick Aubameyang,FWD,Chelsea,0.18767735971878252
35,418,Garang Kuol,MID,Newcastle,0.17781985947506024
35,666,Tom Davies,MID,Sheffield Utd,0.17781985947506024
35,656,Antwoine Hackford,FWD,Sheffield Utd,0.18767735971878252
35,735,Charles Sagoe,MID,Arsenal,0.17781985947506024
35,852,Kiano Dyer,MID,Chelsea,0.17781985947506024
35,852,Kiano Dyer,MID,Chelsea,0.17781985947506024
35,112,Ethan Pinnock,DEF,Brentford,0.18020243499800234
35,651,Jay Stansfield,FWD,Fulham,0.18767735971878252
35,808,Matz Sels,GK,Nott'm Forest,0.08514660217938717
35,470,Ryan Yates,MID,Nott'm Forest,0.17781985947506024
35,672,Nicolò Zaniolo,MID,Aston Villa,0.17781985947506024
35,111,Frank Onyeka,MID,Brentford,0.17781985947506024
35,219,Naouirou Ahamada,MID,Crystal Palace,0.17781985947506024
35,63,Philip Billing,MID,Bournemouth,0.17781985947506024
35,858,Ted Curd,GK,Chelsea,0.08514660217938717
35,858,Ted Curd,GK,Chelsea,0.08514660217938717
35,215,Gabriel Słonina,GK,Chelsea,0.08514660217938717
35,215,Gabriel Słonina,GK,Chelsea,0.08514660217938717
35,228,Marc Guéhi,DEF,Crystal Palace,0.18020243499800234
35,247,Seamus Coleman,DEF,Everton,0.18020243499800234
35,294,Diogo Teixeira da Silva,MID,Liverpool,0.17781985947506024
35,652,Matthew Dibley-Dias,MID,Fulham,0.17781985947506024
35,360,James McAtee,MID,Sheffield Utd,0.17781985947506024
35,733,Valintino Adedokun,DEF,Brentford,0.18020243499800234
35,355,Erling Haaland,FWD,Man City,0.18767735971878252
35,163,Jack Cork,MID,Burnley,0.17781985947506024
35,390,Anthony Martial,FWD,Man Utd,0.18767735971878252
35,154,Danny Welbeck,FWD,Brighton,0.18767735971878252
35,287,Carlos Vinícius Alves Morais,FWD,Fulham,0.18767735971878252
35,604,Olu Aina,DEF,Nott'm Forest,0.18020243499800234
35,757,Conor Bradley,DEF,Liverpool,0.18020243499800234
35,365,Rodrigo Hernandez,MID,Man City,0.17781985947506024
35,792,Daniel Muñoz,DEF,Crystal Palace,0.18020243499800234
35,386,Victor Lindelöf,DEF,Man Utd,0.18020243499800234
35,349,Kevin De Bruyne,MID,Man City,0.17781985947506024
35,636,George Shelvey,GK,Nott'm Forest,0.08514660217938717
35,659,Lucas Bergström,GK,Chelsea,0.08514660217938717
35,659,Lucas Bergström,GK,Chelsea,0.08514660217938717
35,124,Yasin Ayari,MID,Brighton,0.17781985947506024
35,635,Lewis Miley,MID,Newcastle,0.17781985947506024
35,667,Roméo Lavia,MID,Chelsea,0.17781985947506024
35,667,Roméo Lavia,MID,Chelsea,0.17781985947506024
35,329,Fred Onyedinma,MID,Luton,0.17781985947506024
35,462,Gustavo Henrique Furtado Scarpa,MID,Nott'm Forest,0.17781985947506024
35,104,Aaron Hickey,DEF,Brentford,0.18020243499800234
35,94,Mads Bidstrup,MID,Brentford,0.17781985947506024
35,140,Solly March,MID,Brighton,0.17781985947506024
35,200,David Datro Fofana,FWD,Burnley,0.18767735971878252
35,540,Declan Rice,MID,Arsenal,0.17781985947506024
35,748,Joe Hugill,FWD,Man Utd,0.18767735971878252
35,137,Kacper Kozłowski,MID,Brighton,0.17781985947506024
35,81,Joe Rothwell,MID,Bournemouth,0.17781985947506024
35,638,Vini de Souza Costa,MID,Sheffield Utd,0.17781985947506024
35,628,Ben Doak,MID,Liverpool,0.17781985947506024
35,475,Sander Berge,MID,Burnley,0.17781985947506024
35,296,Fabio Henrique Tavares,MID,Liverpool,0.17781985947506024
35,654,Louie Marsh,FWD,Sheffield Utd,0.18767735971878252
35,766,Willy Kambwala,DEF,Man Utd,0.18020243499800234
35,485,Oliver McBurnie,FWD,Sheffield Utd,0.18767735971878252
35,106,Mathias Jensen,MID,Brentford,0.17781985947506024
35,323,Matt Macey,GK,Luton,0.08514660217938717
35,201,Wesley Fofana,DEF,Chelsea,0.18020243499800234
35,201,Wesley Fofana,DEF,Chelsea,0.18020243499800234
35,68,Ryan Fredericks,DEF,Bournemouth,0.18020243499800234
35,563,Max Kilman,DEF,Wolves,0.18020243499800234
35,342,Nathan Aké,DEF,Man City,0.18020243499800234
35,797,Benjamin Fredrick,DEF,Brentford,0.18020243499800234
35,204,Lewis Hall,DEF,Newcastle,0.18020243499800234
35,677,Deivid Washington de Souza Eugênio,FWD,Chelsea,0.18767735971878252
35,677,Deivid Washington de Souza Eugênio,FWD,Chelsea,0.18767735971878252
35,403,Elliot Anderson,MID,Newcastle,0.17781985947506024
35,686,Oliwier Zych,GK,Aston Villa,0.08514660217938717
35,210,Mykhailo Mudryk,MID,Chelsea,0.17781985947506024
35,210,Mykhailo Mudryk,MID,Chelsea,0.17781985947506024
35,777,Radu Dragusin,DEF,Spurs,0.18020243499800234
35,777,Radu Dragusin,DEF,Spurs,0.18020243499800234
35,67,Siriki Dembélé,MID,Bournemouth,0.17781985947506024
35,501,Dejan Kulusevski,MID,Spurs,0.17781985947506024
35,501,Dejan Kulusevski,MID,Spurs,0.17781985947506024
35,568,Daniel Castelo Podence,MID,Wolves,0.17781985947506024
35,202,Conor Gallagher,MID,Chelsea,0.17781985947506024
35,202,Conor Gallagher,MID,Chelsea,0.17781985947506024
35,806,Maxime Esteve,DEF,Burnley,0.18020243499800234
35,226,Eberechi Eze,MID,Crystal Palace,0.17781985947506024
35,463,Jonjo Shelvey,MID,Nott'm Forest,0.17781985947506024
35,537,Thilo Kehrer,DEF,West Ham,0.18020243499800234
35,770,Ty Barnett,MID,Wolves,0.17781985947506024
35,719,Mackenzie Hunt,MID,Everton,0.17781985947506024
35,157,Ameen Al-Dakhil,DEF,Burnley,0.18020243499800234
35,466,Hwang Ui-jo,FWD,Nott'm Forest,0.18767735971878252
35,130,Julio Enciso,MID,Brighton,0.17781985947506024
35,692,Steven Benda,GK,Fulham,0.08514660217938717
35,77,Norberto Murara Neto,GK,Bournemouth,0.08514660217938717
35,678,Jérémy Doku,MID,Man City,0.17781985947506024
35,452,Richie Laryea,DEF,Nott'm Forest,0.18020243499800234
35,810,Joshua King,MID,Fulham,0.17781985947506024
35,283,Antonee Robinson,DEF,Fulham,0.18020243499800234
35,558,Raúl Jiménez,FWD,Fulham,0.18767735971878252
35,854,Finley Munroe,DEF,Aston Villa,0.18020243499800234
35,339,Louie Watson,MID,Luton,0.17781985947506024
35,557,Hwang Hee-chan,MID,Wolves,0.17781985947506024
35,591,Willian Borges da Silva,MID,Fulham,0.17781985947506024
35,838,Josh Acheampong,DEF,Chelsea,0.18020243499800234
35,838,Josh Acheampong,DEF,Chelsea,0.18020243499800234
35,477,Rhian Brewster,FWD,Sheffield Utd,0.18767735971878252
35,575,Tom Lockyer,DEF,Luton,0.18020243499800234
35,263,Jordan Pickford,GK,Everton,0.08514660217938717
35,620,Michael Olakigbe,MID,Brentford,0.17781985947506024
35,587,Anis Slimane,MID,Sheffield Utd,0.17781985947506024
35,406,Bruno Guimarães Rodriguez Moura,MID,Newcastle,0.17781985947506024
35,410,Ryan Fraser,MID,Newcastle,0.17781985947506024
35,273,Anthony Knockaert,MID,Fulham,0.17781985947506024
35,387,Harry Maguire,DEF,Man Utd,0.18020243499800234
35,590,Matheus Santos Carneiro Da Cunha,FWD,Wolves,0.18767735971878252
35,768,Rhys Bennett,DEF,Man Utd,0.18020243499800234
35,549,Francisco Jorge Tomás Oliveira,MID,Wolves,0.17781985947506024
35,556,Ki-Jana Hoever,DEF,Wolves,0.18020243499800234
35,608,Jacob Bruun Larsen,MID,Burnley,0.17781985947506024
35,454,Loïc Mbe Soh,DEF,Nott'm Forest,0.18020243499800234
35,853,Temple Ojinnaka,MID,Wolves,0.17781985947506024
35,599,Moussa Diaby,MID,Aston Villa,0.17781985947506024
35,321,Alfie Doughty,DEF,Luton,0.18020243499800234
35,778,James Wright,GK,Aston Villa,0.08514660217938717
35,346,João Cancelo,DEF,Man City,0.18020243499800234
35,584,Pau Torres,DEF,Aston Villa,0.18020243499800234
35,697,Santiago Bueno,DEF,Wolves,0.18020243499800234
35,3,Mohamed Elneny,MID,Arsenal,0.17781985947506024
35,245,Jarrad Branthwaite,DEF,Everton,0.18020243499800234
35,825,Kaden Rodney,MID,Crystal Palace,0.17781985947506024
35,14,Martin Ødegaard,MID,Arsenal,0.17781985947506024
35,566,Matheus Luiz Nunes,MID,Man City,0.17781985947506024
35,683,Luke Harris,MID,Fulham,0.17781985947506024
35,564,Tom King,GK,Wolves,0.08514660217938717
35,350,Rúben Gato Alves Dias,DEF,Man City,0.18020243499800234
35,333,Dan Potts,DEF,Luton,0.18020243499800234
35,517,Djed Spence,DEF,Spurs,0.18020243499800234
35,517,Djed Spence,DEF,Spurs,0.18020243499800234
35,693,Luke Thomas,DEF,Sheffield Utd,0.18020243499800234
35,33,Cameron Archer,FWD,Sheffield Utd,0.18767735971878252
35,49,Emiliano Martínez Romero,GK,Aston Villa,0.08514660217938717
35,270,Bobby De Cordova-Reid,MID,Fulham,0.17781985947506024
35,542,Tomáš Souček,MID,West Ham,0.17781985947506024
35,630,Ross Barkley,MID,Luton,0.17781985947506024
35,679,Gonzalo Montiel,DEF,Nott'm Forest,0.18020243499800234
35,801,Giovanni Reyna,MID,Nott'm Forest,0.17781985947506024
35,616,Joško Gvardiol,DEF,Man City,0.18020243499800234
35,362,Cole Palmer,MID,Chelsea,0.17781985947506024
35,362,Cole Palmer,MID,Chelsea,0.17781985947506024
35,507,Ivan Perišić,DEF,Spurs,0.18020243499800234
35,507,Ivan Perišić,DEF,Spurs,0.18020243499800234
35,472,Jordan Amissah,GK,Sheffield Utd,0.08514660217938717
35,376,Carlos Henrique Casimiro,MID,Man Utd,0.17781985947506024
35,384,Tom Heaton,GK,Man Utd,0.08514660217938717
35,814,Jacob Wright,MID,Man City,0.17781985947506024
35,312,Sepp van den Berg,DEF,Liverpool,0.18020243499800234
35,471,Anel Ahmedhodžić,DEF,Sheffield Utd,0.18020243499800234
35,643,Max Aarons,DEF,Bournemouth,0.18020243499800234
35,637,Josh Powell,DEF,Nott'm Forest,0.18020243499800234
35,511,Cristian Romero,DEF,Spurs,0.18020243499800234
35,511,Cristian Romero,DEF,Spurs,0.18020243499800234
35,546,Daniel Bentley,GK,Wolves,0.08514660217938717
35,831,Axel Piesold,MID,Luton,0.17781985947506024
35,185,Ethan Ampadu,DEF,Chelsea,0.18020243499800234
35,185,Ethan Ampadu,DEF,Chelsea,0.18020243499800234
35,150,Jan Paul van Hecke,DEF,Brighton,0.18020243499800234
35,592,Yasser Larouci,DEF,Sheffield Utd,0.18020243499800234
35,196,Carney Chukwuemeka,MID,Chelsea,0.17781985947506024
35,196,Carney Chukwuemeka,MID,Chelsea,0.17781985947506024
35,326,Carlton Morris,FWD,Luton,0.18767735971878252
35,710,Odysseas Vlachodimos,GK,Nott'm Forest,0.08514660217938717
35,746,Ben Jackson,DEF,Brighton,0.18020243499800234
35,829,George Earthy,MID,West Ham,0.17781985947506024
35,479,Adam Davies,GK,Sheffield Utd,0.08514660217938717
35,744,Myles Peart-Harris,MID,Brentford,0.17781985947506024
35,234,Tyrick Mitchell,DEF,Crystal Palace,0.18020243499800234
35,504,James Maddison,MID,Spurs,0.17781985947506024
35,504,James Maddison,MID,Spurs,0.17781985947506024
35,340,Cauley Woodrow,FWD,Luton,0.18767735971878252
35,308,Mohamed Salah,MID,Liverpool,0.17781985947506024
35,500,Harry Kane,FWD,Spurs,0.18767735971878252
35,500,Harry Kane,FWD,Spurs,0.18767735971878252
35,367,Zack Steffen,GK,Man City,0.08514660217938717
35,82,Antoine Semenyo,FWD,Bournemouth,0.18767735971878252
35,737,Bradley Ibrahim,MID,Arsenal,0.17781985947506024
35,695,Altay Bayindir,GK,Man Utd,0.08514660217938717
35,213,Christian Pulisic,MID,Chelsea,0.17781985947506024
35,213,Christian Pulisic,MID,Chelsea,0.17781985947506024
35,153,Adam Webster,DEF,Brighton,0.18020243499800234
35,293,Darwin Núñez Ribeiro,FWD,Liverpool,0.18767735971878252
35,611,Axel Disasi,DEF,Chelsea,0.18020243499800234
35,611,Axel Disasi,DEF,Chelsea,0.18020243499800234
35,156,Enock Agyei,MID,Burnley,0.17781985947506024
35,1,Folarin Balogun,FWD,Arsenal,0.18767735971878252
35,51,Tyrone Mings,DEF,Aston Villa,0.18020243499800234
35,712,Nicolás Domínguez,MID,Nott'm Forest,0.17781985947506024
35,529,Conor Coventry,MID,West Ham,0.17781985947506024
35,478,Ismaila Coulibaly,MID,Sheffield Utd,0.17781985947506024
35,161,Josh Brownhill,MID,Burnley,0.17781985947506024
35,498,Fraser Forster,GK,Spurs,0.08514660217938717
35,498,Fraser Forster,GK,Spurs,0.08514660217938717
35,231,Jefferson Lerma Solís,MID,Crystal Palace,0.17781985947506024
35,322,Luke Freeman,MID,Luton,0.17781985947506024
35,129,Lewis Dunk,DEF,Brighton,0.18020243499800234
35,189,César Azpilicueta,DEF,Chelsea,0.18020243499800234
35,189,César Azpilicueta,DEF,Chelsea,0.18020243499800234
35,756,Marcelo de Araújo Pitaluga Filho,GK,Liverpool,0.08514660217938717
35,805,Lorenz Assignon,DEF,Burnley,0.18020243499800234
35,441,Steve Cook,DEF,Nott'm Forest,0.18020243499800234
35,167,Hjalmar Ekdal,DEF,Burnley,0.18020243499800234
35,370,Alex Telles,DEF,Man Utd,0.18020243499800234
35,755,Luca Barrington,MID,Brighton,0.17781985947506024
35,569,José Malheiro de Sá,GK,Wolves,0.08514660217938717
35,266,João Neves Virgínia,GK,Everton,0.08514660217938717
35,276,Saša Lukić,MID,Fulham,0.17781985947506024
35,74,Emiliano Marcondes,MID,Bournemouth,0.17781985947506024
35,794,Joe White,MID,Newcastle,0.17781985947506024
35,55,Jacob Ramsey,MID,Aston Villa,0.17781985947506024
35,429,Sandro Tonali,MID,Newcastle,0.17781985947506024
35,771,Micah Hamilton,MID,Man City,0.17781985947506024
35,704,Nathan Fraser,FWD,Wolves,0.18767735971878252
35,107,Keane Lewis-Potter,MID,Brentford,0.17781985947506024
35,259,Dwight McNeil,MID,Everton,0.17781985947506024
35,786,Cameron Peupion,MID,Brighton,0.17781985947506024
35,126,Moisés Caicedo Corozo,MID,Chelsea,0.17781985947506024
35,126,Moisés Caicedo Corozo,MID,Chelsea,0.17781985947506024
35,9,Jorge Luiz Frello Filho,MID,Arsenal,0.17781985947506024
35,285,Kenny Tete,DEF,Fulham,0.18020243499800234
35,787,Harvey Griffiths,MID,Wolves,0.17781985947506024
35,162,Darko Churlinov,MID,Burnley,0.17781985947506024
35,661,Jack Harrison,MID,Everton,0.17781985947506024
35,338,Jack Walton,GK,Luton,0.08514660217938717
35,688,Timothy Castagne,DEF,Fulham,0.18020243499800234
35,84,Adam Smith,DEF,Bournemouth,0.18020243499800234
35,166,CJ Egan-Riley,DEF,Burnley,0.18020243499800234
35,207,Romelu Lukaku Bolingoli,FWD,Chelsea,0.18767735971878252
35,207,Romelu Lukaku Bolingoli,FWD,Chelsea,0.18767735971878252
35,250,James Garner,MID,Everton,0.17781985947506024
35,217,Thiago Emiliano da Silva,DEF,Chelsea,0.18020243499800234
35,217,Thiago Emiliano da Silva,DEF,Chelsea,0.18020243499800234
35,7,Rob Holding,DEF,Crystal Palace,0.18020243499800234
35,401,Aaron Wan-Bissaka,DEF,Man Utd,0.18020243499800234
35,149,Deniz Undav,FWD,Brighton,0.18767735971878252
35,380,Álvaro Fernández Carreras,DEF,Man Utd,0.18020243499800234
35,59,Bertrand Traoré,MID,Aston Villa,0.17781985947506024
35,262,Nathan Patterson,DEF,Everton,0.18020243499800234
35,212,Christopher Nkunku,FWD,Chelsea,0.18767735971878252
35,212,Christopher Nkunku,FWD,Chelsea,0.18767735971878252
35,436,Serge Aurier,DEF,Nott'm Forest,0.18020243499800234
35,268,Tom Cairney,MID,Fulham,0.17781985947506024
35,435,Harry Arter,MID,Nott'm Forest,0.17781985947506024
35,718,Alex Matos,MID,Chelsea,0.17781985947506024
35,718,Alex Matos,MID,Chelsea,0.17781985947506024
35,444,Mohamed Dräger,DEF,Nott'm Forest,0.18020243499800234
35,18,Rúnar Alex Rúnarsson,GK,Arsenal,0.08514660217938717
35,347,Scott Carson,GK,Man City,0.08514660217938717
35,859,Zak Sturge,DEF,Chelsea,0.18020243499800234
35,859,Zak Sturge,DEF,Chelsea,0.18020243499800234
35,593,Bénie Traoré,FWD,Sheffield Utd,0.18767735971878252
35,585,Jurriën Timber,DEF,Arsenal,0.18020243499800234
35,160,Jordan Beyer,DEF,Burnley,0.18020243499800234
35,482,Wes Foderingham,GK,Sheffield Utd,0.08514660217938717
35,812,Lewis Koumas,FWD,Liverpool,0.18767735971878252
35,676,Konstantinos Mavropanos,DEF,West Ham,0.18020243499800234
35,681,Diego Manuel Jadon da Silva Moreira,MID,Chelsea,0.17781985947506024
35,681,Diego Manuel Jadon da Silva Moreira,MID,Chelsea,0.17781985947506024
35,225,Odsonne Edouard,FWD,Crystal Palace,0.18767735971878252
35,73,Jamal Lowe,MID,Bournemouth,0.17781985947506024
35,622,Owen Dodgson,DEF,Burnley,0.18020243499800234
35,425,Matt Ritchie,MID,Newcastle,0.17781985947506024
35,168,Lyle Foster,FWD,Burnley,0.18767735971878252
35,675,Aaron Ramsey,MID,Burnley,0.17781985947506024
35,142,James Milner,MID,Brighton,0.17781985947506024
35,600,Nathan Redmond,MID,Burnley,0.17781985947506024
35,121,Mathias Jorgensen,DEF,Brentford,0.18020243499800234
35,236,Michael Olise,MID,Crystal Palace,0.17781985947506024
35,515,Oliver Skipp,MID,Spurs,0.17781985947506024
35,515,Oliver Skipp,MID,Spurs,0.17781985947506024
35,40,Leander Dendoncker,MID,Aston Villa,0.17781985947506024
35,455,Scott McKenna,DEF,Nott'm Forest,0.18020243499800234
35,257,Michael Keane,DEF,Everton,0.18020243499800234
35,562,Sasa Kalajdzic,FWD,Wolves,0.18767735971878252
35,526,Jarrod Bowen,MID,West Ham,0.17781985947506024
35,28,Matt Turner,GK,Nott'm Forest,0.08514660217938717
35,216,Raheem Sterling,MID,Chelsea,0.17781985947506024
35,216,Raheem Sterling,MID,Chelsea,0.17781985947506024
35,431,Kell Watts,DEF,Newcastle,0.18020243499800234
35,315,Mads Juel Andersen,DEF,Luton,0.18020243499800234
35,95,Sergi Canós Tenés,MID,Brentford,0.17781985947506024
35,65,Ryan Christie,MID,Bournemouth,0.17781985947506024
35,120,Yegor Yarmoliuk,MID,Brentford,0.17781985947506024
35,842,Roshaun Mathurin,MID,Crystal Palace,0.17781985947506024
35,145,Robert Sánchez,GK,Chelsea,0.08514660217938717
35,145,Robert Sánchez,GK,Chelsea,0.08514660217938717
35,71,Gavin Kilkenny,MID,Bournemouth,0.17781985947506024
35,193,Armando Broja,FWD,Fulham,0.18767735971878252
35,85,Dominic Solanke,FWD,Bournemouth,0.18767735971878252
35,468,Chris Wood,FWD,Nott'm Forest,0.18767735971878252
35,644,Alex Scott,MID,Bournemouth,0.17781985947506024
35,54,Jaden Philogene-Bidace,MID,Aston Villa,0.17781985947506024
35,670,Filip Marschall,GK,Aston Villa,0.08514660217938717
35,364,Kalvin Phillips,MID,West Ham,0.17781985947506024
35,492,Rodrigo Bentancur,MID,Spurs,0.17781985947506024
35,492,Rodrigo Bentancur,MID,Spurs,0.17781985947506024
35,36,Matty Cash,DEF,Aston Villa,0.18020243499800234
35,255,Mason Holgate,DEF,Sheffield Utd,0.18020243499800234
35,334,Glen Rea,MID,Luton,0.17781985947506024
35,62,Jaidon Anthony,MID,Bournemouth,0.17781985947506024
35,139,Tariq Lamptey,DEF,Brighton,0.18020243499800234
35,647,Joseph Anang,GK,West Ham,0.08514660217938717
35,473,George Baldock,DEF,Sheffield Utd,0.18020243499800234
35,414,Jeff Hendrick,MID,Newcastle,0.17781985947506024
35,411,Mark Gillespie,GK,Newcastle,0.08514660217938717
35,717,Ronnie Stutter,FWD,Chelsea,0.18767735971878252
35,717,Ronnie Stutter,FWD,Chelsea,0.18767735971878252
35,572,Nélson Cabral Semedo,DEF,Wolves,0.18020243499800234
35,832,Wesley Okoduwa,DEF,Wolves,0.18020243499800234
35,277,Kevin Mbabu,DEF,Fulham,0.18020243499800234
35,389,Tyrell Malacia,DEF,Man Utd,0.18020243499800234
35,789,Hákon Valdimarsson,GK,Brentford,0.08514660217938717
35,687,Đorđe Petrović,GK,Chelsea,0.08514660217938717
35,687,Đorđe Petrović,GK,Chelsea,0.08514660217938717
35,727,Andros Townsend,MID,Luton,0.17781985947506024
35,238,Chris Richards,DEF,Crystal Palace,0.18020243499800234
35,299,Jordan Henderson,MID,Liverpool,0.17781985947506024
35,685,Daniel Gore,MID,Man Utd,0.17781985947506024
35,369,Kyle Walker,DEF,Man City,0.18020243499800234
35,631,Jacob Brown,FWD,Luton,0.18767735971878252
35,227,Vicente Guaita,GK,Crystal Palace,0.08514660217938717
35,459,Braian Ojeda Rodríguez,MID,Nott'm Forest,0.17781985947506024
35,93,Mads Bech Sørensen,DEF,Brentford,0.18020243499800234
36,653,Femi Seriki,DEF,Sheffield Utd,0.18020243499800237
36,723,Josh Brooking,DEF,Chelsea,0.18020243499800237
36,669,Radek Vítek,GK,Man Utd,0.0851466021793872
36,621,Jack Hinshelwood,MID,Brighton,0.17781985947506027
36,397,Jadon Sancho,MID,Man Utd,0.17781985947506027
36,714,Divock Origi,FWD,Nott'm Forest,0.18767735971878258
36,828,Sam Curtis,DEF,Sheffield Utd,0.18020243499800237
36,487,Rhys Norrington-Davies,DEF,Sheffield Utd,0.18020243499800237
36,105,Vitaly Janelt,MID,Brentford,0.17781985947506027
36,607,Ionuț Radu,GK,Bournemouth,0.0851466021793872
36,655,Andre Brooks,MID,Sheffield Utd,0.17781985947506027
36,354,Jack Grealish,MID,Man City,0.17781985947506027
36,417,Emil Krafth,DEF,Newcastle,0.18020243499800237
36,574,Boubacar Traoré,MID,Wolves,0.17781985947506027
36,169,Denis Franchi,GK,Burnley,0.0851466021793872
36,335,James Shea,GK,Luton,0.0851466021793872
36,844,Christian Chigozie,DEF,Luton,0.18020243499800237
36,300,Curtis Jones,MID,Liverpool,0.17781985947506027
36,764,Myles Lewis-Skelly,MID,Arsenal,0.17781985947506027
36,732,Devan Tanton,DEF,Fulham,0.18020243499800237
36,206,Reece James,DEF,Chelsea,0.18020243499800237
36,491,Brandon Austin,GK,Spurs,0.0851466021793872
36,700,Anssumane Fati Vieira,MID,Brighton,0.17781985947506027
36,53,Robin Olsen,GK,Aston Villa,0.0851466021793872
36,813,Fabian Mrozek,GK,Liverpool,0.0851466021793872
36,781,Joe Gardner,FWD,Nott'm Forest,0.18767735971878258
36,489,Ben Osborn,MID,Sheffield Utd,0.17781985947506027
36,371,Amad Diallo,MID,Man Utd,0.17781985947506027
36,378,Anthony Elanga,MID,Nott'm Forest,0.17781985947506027
36,774,Kaelan Casey,DEF,West Ham,0.18020243499800237
36,488,Oliver Norwood,MID,Sheffield Utd,0.17781985947506027
36,465,Harry Toffolo,DEF,Nott'm Forest,0.18020243499800237
36,344,Bernardo Veiga de Carvalho e Silva,MID,Man City,0.17781985947506027
36,178,Charlie Taylor,DEF,Burnley,0.18020243499800237
36,807,Adam Wharton,MID,Crystal Palace,0.17781985947506027
36,117,Ivan Toney,FWD,Brentford,0.18767735971878258
36,725,Ji-Soo Kim,DEF,Brentford,0.18020243499800237
36,23,Nuno Varela Tavares,DEF,Nott'm Forest,0.18020243499800237
36,634,Alex Murphy,DEF,Newcastle,0.18020243499800237
36,13,Eddie Nketiah,FWD,Arsenal,0.18767735971878258
36,191,Benoît Badiashile,DEF,Chelsea,0.18020243499800237
36,22,Emile Smith Rowe,MID,Arsenal,0.17781985947506027
36,626,Jarell Quansah,DEF,Liverpool,0.18020243499800237
36,195,Ben Chilwell,DEF,Chelsea,0.18020243499800237
36,38,Philippe Coutinho Correia,MID,Aston Villa,0.17781985947506027
36,46,Tim Iroegbunam,MID,Aston Villa,0.17781985947506027
36,579,Andy Lonergan,GK,Everton,0.0851466021793872
36,690,Carlos Baleba,MID,Brighton,0.17781985947506027
36,570,Pablo Sarabia,MID,Wolves,0.17781985947506027
36,76,Kieffer Moore,FWD,Bournemouth,0.18767735971878258
36,448,Wayne Hennessey,GK,Nott'm Forest,0.0851466021793872
36,233,Remi Matthews,GK,Crystal Palace,0.0851466021793872
36,302,Ibrahima Konaté,DEF,Liverpool,0.18020243499800237
36,416,Joelinton Cássio Apolinário de Lira,MID,Newcastle,0.17781985947506027
36,795,Travis Hernes,MID,Newcastle,0.17781985947506027
36,86,Marcus Tavernier,MID,Bournemouth,0.17781985947506027
36,97,Matthew Cox,GK,Brentford,0.0851466021793872
36,848,Taylan Harris,FWD,Luton,0.18767735971878258
36,341,Manuel Akanji,DEF,Man City,0.18020243499800237
36,615,Matheus França de Oliveira,MID,Crystal Palace,0.17781985947506027
36,751,Justin Hubner,DEF,Wolves,0.18020243499800237
36,539,Lucas Tolentino Coelho de Lima,MID,West Ham,0.17781985947506027
36,617,Rasmus Højlund,FWD,Man Utd,0.18767735971878258
36,605,Luca Koleosho,MID,Burnley,0.17781985947506027
36,545,Rayan Aït-Nouri,DEF,Wolves,0.18020243499800237
36,37,Calum Chambers,DEF,Aston Villa,0.18020243499800237
36,495,Ben Davies,DEF,Spurs,0.18020243499800237
36,532,Emerson Palmieri dos Santos,DEF,West Ham,0.18020243499800237
36,303,Luis Díaz,MID,Liverpool,0.17781985947506027
36,181,Lawrence Vigouroux,GK,Burnley,0.0851466021793872
36,144,Jakub Moder,MID,Brighton,0.17781985947506027
36,767,Tommi O'Reilly,MID,Aston Villa,0.17781985947506027
36,164,Dara Costelloe,MID,Burnley,0.17781985947506027
36,702,Ashley Phillips,DEF,Spurs,0.18020243499800237
36,368,John Stones,DEF,Man City,0.18020243499800237
36,254,Idrissa Gueye,MID,Everton,0.17781985947506027
36,288,Harry Wilson,MID,Fulham,0.17781985947506027
36,192,Marcus Bettinelli,GK,Chelsea,0.0851466021793872
36,224,Malcolm Ebiowei,MID,Crystal Palace,0.17781985947506027
36,29,Benjamin White,DEF,Arsenal,0.18020243499800237
36,753,Leigh Kavanagh,DEF,Brighton,0.18020243499800237
36,393,Teden Mengi,DEF,Luton,0.18020243499800237
36,48,Ezri Konsa Ngoyo,DEF,Aston Villa,0.18020243499800237
36,857,Owen Hampson,MID,Sheffield Utd,0.17781985947506027
36,705,Luis Sinisterra,MID,Bournemouth,0.17781985947506027
36,15,Thomas Partey,MID,Arsenal,0.17781985947506027
36,729,Jayden Luker,MID,Luton,0.17781985947506027
36,420,Jamal Lewis,DEF,Newcastle,0.18020243499800237
36,34,Leon Bailey,MID,Aston Villa,0.17781985947506027
36,703,Jonny Evans,DEF,Man Utd,0.18020243499800237
36,449,Ethan Horvath,GK,Nott'm Forest,0.0851466021793872
36,816,Valentín Barco,DEF,Brighton,0.18020243499800237
36,237,Luke Plange,FWD,Crystal Palace,0.18767735971878258
36,398,Luke Shaw,DEF,Man Utd,0.18020243499800237
36,784,Oliver Scarles,DEF,West Ham,0.18020243499800237
36,565,Mario Lemina,MID,Wolves,0.17781985947506027
36,155,Andi Zeqiri,FWD,Brighton,0.18767735971878258
36,265,James Tarkowski,DEF,Everton,0.18020243499800237
36,90,Kristoffer Ajer,DEF,Brentford,0.18020243499800237
36,450,Brennan Johnson,MID,Spurs,0.17781985947506027
36,851,Tyrique George,FWD,Chelsea,0.18767735971878258
36,235,Jake O'Brien,DEF,Crystal Palace,0.18020243499800237
36,846,Harry Amass,DEF,Man Utd,0.18020243499800237
36,680,Eddie Beach,GK,Chelsea,0.0851466021793872
36,817,James Sweet,DEF,Arsenal,0.18020243499800237
36,514,Ryan Sessegnon,DEF,Spurs,0.18020243499800237
36,72,Justin Kluivert,MID,Bournemouth,0.17781985947506027
36,57,Viljami Sinisalo,GK,Aston Villa,0.0851466021793872
36,499,Pierre-Emile Højbjerg,MID,Spurs,0.17781985947506027
36,613,Lesley Ugochukwu,MID,Chelsea,0.17781985947506027
36,724,Jadan Raymond,MID,Crystal Palace,0.17781985947506027
36,601,Arnaut Danjuma Groeneveld,MID,Everton,0.17781985947506027
36,205,Callum Hudson-Odoi,MID,Nott'm Forest,0.17781985947506027
36,24,Kieran Tierney,DEF,Arsenal,0.18020243499800237
36,281,Tim Ream,DEF,Fulham,0.18020243499800237
36,836,Leon Chiwome,FWD,Wolves,0.18767735971878258
36,353,Phil Foden,MID,Man City,0.17781985947506027
36,379,Christian Eriksen,MID,Man Utd,0.17781985947506027
36,552,Fábio Silva,FWD,Wolves,0.18767735971878258
36,790,Ivo Grbic,GK,Sheffield Utd,0.0851466021793872
36,521,Alfie Whiteman,GK,Spurs,0.0851466021793872
36,241,James Tomkins,DEF,Crystal Palace,0.18020243499800237
36,490,William Osula,FWD,Sheffield Utd,0.18767735971878258
36,60,Ollie Watkins,FWD,Aston Villa,0.18767735971878258
36,5,Gabriel dos Santos Magalhães,DEF,Arsenal,0.18020243499800237
36,25,Takehiro Tomiyasu,DEF,Arsenal,0.18020243499800237
36,282,Harrison Reed,MID,Fulham,0.17781985947506027
36,583,Manor Solomon,MID,Spurs,0.17781985947506027
36,11,Marcus Oliveira Alencar,MID,Arsenal,0.17781985947506027
36,375,Eric Bailly,DEF,Man Utd,0.18020243499800237
36,218,Hakim Ziyech,MID,Chelsea,0.17781985947506027
36,541,Gianluca Scamacca,FWD,West Ham,0.18767735971878258
36,660,Wilson Odobert,MID,Burnley,0.17781985947506027
36,731,Jili Buyabu,DEF,Sheffield Utd,0.18020243499800237
36,742,Benicio Baker-Boaitey,MID,Brighton,0.17781985947506027
36,110,Christian Nørgaard,MID,Brentford,0.17781985947506027
36,421,Sean Longstaff,MID,Newcastle,0.17781985947506027
36,582,Pelly Ruddock Mpanzu,MID,Luton,0.17781985947506027
36,535,Danny Ings,FWD,West Ham,0.18767735971878258
36,400,Donny van de Beek,MID,Man Utd,0.17781985947506027
36,438,Giulian Biancone,DEF,Nott'm Forest,0.18020243499800237
36,21,Albert Sambi Lokonga,MID,Luton,0.17781985947506027
36,171,Luke McNally,DEF,Burnley,0.18020243499800237
36,143,Kaoru Mitoma,MID,Brighton,0.17781985947506027
36,190,Abdul Rahman Baba,DEF,Chelsea,0.18020243499800237
36,78,Dango Ouattara,MID,Bournemouth,0.17781985947506027
36,483,Daniel Jebbison,FWD,Sheffield Utd,0.18767735971878258
36,122,Simon Adingra,MID,Brighton,0.17781985947506027
36,180,Scott Twine,MID,Burnley,0.17781985947506027
36,798,Daiki Hashioka,DEF,Luton,0.18020243499800237
36,696,Murillo Santiago Costa dos Santos,DEF,Nott'm Forest,0.18020243499800237
36,769,Owen Hesketh,MID,Wolves,0.17781985947506027
36,366,Sergio Gómez,DEF,Man City,0.18020243499800237
36,668,Wataru Endo,MID,Liverpool,0.17781985947506027
36,442,Danilo dos Santos de Oliveira,MID,Nott'm Forest,0.17781985947506027
36,113,David Raya Martin,GK,Arsenal,0.0851466021793872
36,423,Jacob Murphy,MID,Newcastle,0.17781985947506027
36,736,Reuell Walters,DEF,Arsenal,0.18020243499800237
36,614,Thomas Kaminski,GK,Luton,0.0851466021793872
36,738,Amadou Diallo,MID,Newcastle,0.17781985947506027
36,232,Jean-Philippe Mateta,FWD,Crystal Palace,0.18767735971878258
36,827,Dovydas Sasnauskas,DEF,Sheffield Utd,0.18020243499800237
36,849,Michael Dacosta Gonzalez,MID,Bournemouth,0.17781985947506027
36,79,Ben Pearson,MID,Bournemouth,0.17781985947506027
36,175,Bailey Peacock-Farrell,GK,Burnley,0.0851466021793872
36,445,Felipe Augusto de Almeida Monteiro,DEF,Nott'm Forest,0.18020243499800237
36,20,William Saliba,DEF,Arsenal,0.18020243499800237
36,174,Michael Obafemi,FWD,Burnley,0.18767735971878258
36,252,Ben Godfrey,DEF,Everton,0.18020243499800237
36,821,Franco Umeh-Chibueze,FWD,Crystal Palace,0.18767735971878258
36,182,Victor da Silva,DEF,Burnley,0.18020243499800237
36,244,André Tavares Gomes,MID,Everton,0.17781985947506027
36,519,Destiny Udogie,DEF,Spurs,0.18020243499800237
36,118,Ryan Trevitt,MID,Brentford,0.17781985947506027
36,332,Dion Pereira,MID,Luton,0.17781985947506027
36,763,Tayo Adaramola,DEF,Crystal Palace,0.18020243499800237
36,176,Connor Roberts,DEF,Burnley,0.18020243499800237
36,43,Douglas Luiz Soares de Paulo,MID,Aston Villa,0.17781985947506027
36,101,Mark Flekken,GK,Brentford,0.0851466021793872
36,409,Martin Dubravka,GK,Newcastle,0.0851466021793872
36,629,James McConnell,MID,Liverpool,0.17781985947506027
36,292,Stefan Bajcetic,MID,Liverpool,0.17781985947506027
36,267,Andreas Hoelgebaum Pereira,MID,Fulham,0.17781985947506027
36,682,Joseph Johnson,DEF,Luton,0.18020243499800237
36,826,Toby Collyer,MID,Man Utd,0.17781985947506027
36,198,Marc Cucurella Saseta,DEF,Chelsea,0.18020243499800237
36,280,João Palhinha Gonçalves,MID,Fulham,0.17781985947506027
36,494,Bryan Gil Salvatierra,MID,Spurs,0.17781985947506027
36,830,Jimi Tauriainen,MID,Chelsea,0.17781985947506027
36,467,Neco Williams,DEF,Nott'm Forest,0.18020243499800237
36,404,Harrison Ashby,DEF,Newcastle,0.18020243499800237
36,133,Billy Gilmour,MID,Brighton,0.17781985947506027
36,480,John Egan,DEF,Sheffield Utd,0.18020243499800237
36,98,Mikkel Damsgaard,MID,Brentford,0.17781985947506027
36,577,Angelo Ogbonna,DEF,West Ham,0.18020243499800237
36,474,Chris Basham,DEF,Sheffield Utd,0.18020243499800237
36,847,Teddy Sharman-Lowe,GK,Chelsea,0.0851466021793872
36,516,Son Heung-min,MID,Spurs,0.17781985947506027
36,298,Joe Gomez,DEF,Liverpool,0.18020243499800237
36,80,Darren Randolph,GK,Bournemouth,0.0851466021793872
36,536,Ben Johnson,DEF,West Ham,0.18020243499800237
36,506,Pedro Porro,DEF,Spurs,0.18020243499800237
36,159,Manuel Benson Hedilazio,MID,Burnley,0.17781985947506027
36,197,Levi Colwill,DEF,Chelsea,0.18020243499800237
36,460,Jonathan Panzo,DEF,Nott'm Forest,0.18020243499800237
36,534,Pablo Fornals Malla,MID,West Ham,0.17781985947506027
36,314,Elijah Adebayo,FWD,Luton,0.18767735971878258
36,103,Rico Henry,DEF,Brentford,0.18020243499800237
36,782,Owen Beck,DEF,Liverpool,0.18020243499800237
36,627,Bobby Clark,MID,Liverpool,0.17781985947506027
36,531,Flynn Downes,MID,West Ham,0.17781985947506027
36,802,Max Kinsey,DEF,Bournemouth,0.18020243499800237
36,619,Ben Greenwood,DEF,Bournemouth,0.18020243499800237
36,740,Alfie Dorrington,DEF,Spurs,0.18020243499800237
36,432,Joe Willock,MID,Newcastle,0.17781985947506027
36,422,Javier Manquillo Gaitán,DEF,Newcastle,0.18020243499800237
36,388,Kobbie Mainoo,MID,Man Utd,0.17781985947506027
36,246,Dominic Calvert-Lewin,FWD,Everton,0.18767735971878258
36,351,Tommy Doyle,MID,Wolves,0.17781985947506027
36,100,Halil Dervişoğlu,FWD,Brentford,0.18767735971878258
36,330,Gabriel Osho,DEF,Luton,0.18020243499800237
36,135,João Pedro Junqueira de Jesus,FWD,Brighton,0.18767735971878258
36,752,Vincent Angelini,GK,Brentford,0.0851466021793872
36,544,Kurt Zouma,DEF,West Ham,0.18020243499800237
36,461,Omar Richards,DEF,Nott'm Forest,0.18020243499800237
36,741,Mark O’Mahony,FWD,Brighton,0.18767735971878258
36,486,Iliman Ndiaye,FWD,Sheffield Utd,0.18767735971878258
36,337,Elliot Thorpe,MID,Luton,0.17781985947506027
36,348,Shea Charles,MID,Man City,0.17781985947506027
36,510,Joe Rodon,DEF,Spurs,0.18020243499800237
36,833,Habeeb Ogunneye,DEF,Man Utd,0.18020243499800237
36,258,Neal Maupay,FWD,Brentford,0.18767735971878258
36,221,Jordan Ayew,MID,Crystal Palace,0.17781985947506027
36,538,Divin Mubama,FWD,West Ham,0.18767735971878258
36,306,Nathaniel Phillips,DEF,Liverpool,0.18020243499800237
36,309,Dominik Szoboszlai,MID,Liverpool,0.17781985947506027
36,730,Ryan Oné,MID,Sheffield Utd,0.17781985947506027
36,796,Kristian Sekularac,MID,Fulham,0.17781985947506027
36,320,Jordan Clark,MID,Luton,0.17781985947506027
36,761,Elijah Campbell,DEF,Everton,0.18020243499800237
36,209,Mason Mount,MID,Man Utd,0.17781985947506027
36,91,Ellery Balcombe,GK,Brentford,0.0851466021793872
36,64,David Brooks,MID,Bournemouth,0.17781985947506027
36,134,Pascal Groß,MID,Brighton,0.17781985947506027
36,50,John McGinn,MID,Aston Villa,0.17781985947506027
36,743,Treymaurice Nyoni,MID,Liverpool,0.17781985947506027
36,505,Tanguy Ndombélé Alvaro,MID,Spurs,0.17781985947506027
36,739,Ben Parkinson,FWD,Newcastle,0.18767735971878258
36,239,Jairo Riedewald,MID,Crystal Palace,0.17781985947506027
36,119,Yoane Wissa,FWD,Brentford,0.18767735971878258
36,578,Reiss Nelson,MID,Arsenal,0.17781985947506027
36,713,Ibrahim Sangaré,MID,Nott'm Forest,0.17781985947506027
36,394,Facundo Pellistri Rebollo,MID,Man Utd,0.17781985947506027
36,69,James Hill,DEF,Bournemouth,0.18020243499800237
36,561,Bruno Cavaco Jordão,MID,Wolves,0.17781985947506027
36,147,Kjell Scherpen,GK,Brighton,0.0851466021793872
36,363,Máximo Perrone,MID,Man City,0.17781985947506027
36,278,Aleksandar Mitrović,FWD,Fulham,0.18767735971878258
36,115,Kevin Schade,MID,Brentford,0.17781985947506027
36,457,Moussa Niakhaté,DEF,Nott'm Forest,0.18020243499800237
36,581,Paul Dummett,DEF,Newcastle,0.18020243499800237
36,809,Rodrigo Duarte Ribeiro,FWD,Nott'm Forest,0.18767735971878258
36,405,Sven Botman,DEF,Newcastle,0.18020243499800237
36,841,Lewis Warrington,MID,Everton,0.17781985947506027
36,271,Issa Diop,DEF,Fulham,0.18020243499800237
36,17,Aaron Ramsdale,GK,Arsenal,0.0851466021793872
36,845,Odeluga Offiah,DEF,Brighton,0.18020243499800237
36,286,Tosin Adarabioyo,DEF,Fulham,0.18020243499800237
36,290,Trent Alexander-Arnold,DEF,Liverpool,0.18020243499800237
36,184,Anass Zaroury,MID,Burnley,0.17781985947506027
36,131,Pervis Estupiñán,DEF,Brighton,0.18020243499800237
36,698,Enso González,MID,Wolves,0.17781985947506027
36,328,Chiedozie Ogbene,FWD,Luton,0.18767735971878258
36,799,Romain Faivre,MID,Bournemouth,0.17781985947506027
36,295,Harvey Elliott,MID,Liverpool,0.17781985947506027
36,576,Jack Robinson,DEF,Sheffield Utd,0.18020243499800237
36,780,Detlef Esapa Osong,FWD,Nott'm Forest,0.18767735971878258
36,12,Gabriel Martinelli Silva,MID,Arsenal,0.17781985947506027
36,183,Wout Weghorst,FWD,Burnley,0.18767735971878258
36,44,Jhon Durán,FWD,Aston Villa,0.18767735971878258
36,345,Oscar Bobb,MID,Man City,0.17781985947506027
36,523,Michail Antonio,FWD,West Ham,0.18767735971878258
36,722,Jamie Donley,FWD,Spurs,0.18767735971878258
36,214,Malang Sarr,DEF,Chelsea,0.18020243499800237
36,834,Benjamin Arthur,DEF,Brentford,0.18020243499800237
36,589,Ângelo Gabriel Borges Damaceno,MID,Chelsea,0.17781985947506027
36,639,Micky van de Ven,DEF,Spurs,0.18020243499800237
36,662,Adama Traoré,MID,Fulham,0.17781985947506027
36,399,Shola Shoretire,FWD,Man Utd,0.18767735971878258
36,720,Ademola Ola-Adebomi,FWD,Crystal Palace,0.18767735971878258
36,391,Lisandro Martínez,DEF,Man Utd,0.18020243499800237
36,456,Alex Mighten,MID,Nott'm Forest,0.17781985947506027
36,108,Bryan Mbeumo,MID,Brentford,0.17781985947506027
36,16,Nicolas Pépé,MID,Arsenal,0.17781985947506027
36,815,Mauro Bandeira,MID,Arsenal,0.17781985947506027
36,304,Alexis Mac Allister,MID,Liverpool,0.17781985947506027
36,721,David Ozoh,MID,Crystal Palace,0.17781985947506027
36,759,Sydie Peck,MID,Sheffield Utd,0.17781985947506027
36,618,Omari Kellyman,MID,Aston Villa,0.17781985947506027
36,58,Youri Tielemans,MID,Aston Villa,0.17781985947506027
36,446,Remo Freuler,MID,Nott'm Forest,0.17781985947506027
36,89,Illia Zabarnyi,DEF,Bournemouth,0.18020243499800237
36,646,Karl Hein,GK,Arsenal,0.0851466021793872
36,127,Aaron Connolly,FWD,Brighton,0.18767735971878258
36,385,Dean Henderson,GK,Crystal Palace,0.0851466021793872
36,177,Jay Rodriguez,FWD,Burnley,0.18767735971878258
36,83,Marcos Senesi,DEF,Bournemouth,0.18020243499800237
36,30,Granit Xhaka,MID,Arsenal,0.17781985947506027
36,596,James Trafford,GK,Burnley,0.0851466021793872
36,407,Dan Burn,DEF,Newcastle,0.18020243499800237
36,525,Saïd Benrahma,MID,West Ham,0.17781985947506027
36,434,Brandon Aguilera Zamora,MID,Nott'm Forest,0.17781985947506027
36,811,Dominic Sadi,MID,Bournemouth,0.17781985947506027
36,650,Tyler Onyango,MID,Everton,0.17781985947506027
36,762,Mahamadou Susoho,MID,Man City,0.17781985947506027
36,336,Joe Taylor,FWD,Luton,0.18767735971878258
36,663,Gustavo Hamer,MID,Sheffield Utd,0.17781985947506027
36,408,Karl Darlow,GK,Newcastle,0.0851466021793872
36,701,Saman Ghoddos,MID,Brentford,0.17781985947506027
36,220,Joachim Andersen,DEF,Crystal Palace,0.18020243499800237
36,716,Alfie Gilchrist,DEF,Chelsea,0.18020243499800237
36,319,Allan Campbell,MID,Luton,0.17781985947506027
36,850,Ethan Wheatley,FWD,Man Utd,0.18767735971878258
36,325,Carlos Mendes Gomes,MID,Luton,0.17781985947506027
36,567,Pedro Lomba Neto,MID,Wolves,0.17781985947506027
36,837,Amara Nallo,DEF,Liverpool,0.18020243499800237
36,625,Luc De Fougerolles,DEF,Fulham,0.18020243499800237
36,640,Dane Scarlett,FWD,Spurs,0.18767735971878258
36,42,Lucas Digne,DEF,Aston Villa,0.18020243499800237
36,199,Enzo Fernández,MID,Chelsea,0.17781985947506027
36,775,Ben Brereton,MID,Sheffield Utd,0.17781985947506027
36,860,Mikey Moore,MID,Spurs,0.17781985947506027
36,428,Matt Targett,DEF,Newcastle,0.18020243499800237
36,253,Demarai Gray,MID,Everton,0.17781985947506027
36,749,Matthew Whittingham,MID,Wolves,0.17781985947506027
36,361,Stefan Ortega Moreno,GK,Man City,0.0851466021793872
36,230,Sam Johnstone,GK,Crystal Palace,0.0851466021793872
36,734,Zack Nelson,MID,Luton,0.17781985947506027
36,788,Yerson Mosquera,DEF,Wolves,0.18020243499800237
36,35,Emiliano Buendía Stati,MID,Aston Villa,0.17781985947506027
36,32,Alexandre Moreno Lopera,DEF,Aston Villa,0.18020243499800237
36,518,Japhet Tanganga,DEF,Spurs,0.18020243499800237
36,52,Marvelous Nakamba,MID,Luton,0.17781985947506027
36,96,Nathan Collins,DEF,Brentford,0.18020243499800237
36,26,Leandro Trossard,MID,Arsenal,0.17781985947506027
36,372,Antony Matheus dos Santos,MID,Man Utd,0.17781985947506027
36,194,Trevoh Chalobah,DEF,Chelsea,0.18020243499800237
36,550,Luke Cundle,MID,Wolves,0.17781985947506027
36,533,Lukasz Fabianski,GK,West Ham,0.0851466021793872
36,772,Ethan Nwaneri,MID,Arsenal,0.17781985947506027
36,785,Callum Marshall,FWD,West Ham,0.18767735971878258
36,633,Tino Livramento,DEF,Newcastle,0.18020243499800237
36,707,Fodé Ballo-Touré,DEF,Fulham,0.18020243499800237
36,357,Aymeric Laporte,DEF,Man City,0.18020243499800237
36,673,Tyler Adams,MID,Bournemouth,0.17781985947506027
36,430,Kieran Trippier,DEF,Newcastle,0.18020243499800237
36,779,Jamie McDonnell,MID,Nott'm Forest,0.17781985947506027
36,509,Richarlison de Andrade,MID,Spurs,0.17781985947506027
36,691,Norberto Bercique Gomes Betuncal,FWD,Everton,0.18767735971878258
36,324,John McAtee,FWD,Luton,0.18767735971878258
36,476,Jayden Bogle,DEF,Sheffield Utd,0.18020243499800237
36,148,Jason Steele,GK,Brighton,0.0851466021793872
36,424,Nick Pope,GK,Newcastle,0.0851466021793872
36,6,Kai Havertz,MID,Arsenal,0.17781985947506027
36,61,Wesley Moraes Ferreira da Silva,FWD,Aston Villa,0.18767735971878258
36,528,Vladimír Coufal,DEF,West Ham,0.18020243499800237
36,396,Marcus Rashford,MID,Man Utd,0.17781985947506027
36,458,Lewis O'Brien,MID,Nott'm Forest,0.17781985947506027
36,132,Evan Ferguson,FWD,Brighton,0.18767735971878258
36,141,Tom McGill,GK,Brighton,0.0851466021793872
36,493,Yves Bissouma,MID,Spurs,0.17781985947506027
36,559,João Victor Gomes da Silva,MID,Wolves,0.17781985947506027
36,249,Abdoulaye Doucouré,MID,Everton,0.17781985947506027
36,804,Enes Ünal,FWD,Bournemouth,0.18767735971878258
36,352,Ederson Santana de Moraes,GK,Man City,0.0851466021793872
36,803,Morgan Rogers,MID,Aston Villa,0.17781985947506027
36,313,Virgil van Dijk,DEF,Liverpool,0.18020243499800237
36,439,Willy Boly,DEF,Nott'm Forest,0.18020243499800237
36,689,Mohammed Kudus,MID,West Ham,0.17781985947506027
36,392,Scott McTominay,MID,Man Utd,0.17781985947506027
36,711,Andrew Omobamidele,DEF,Nott'm Forest,0.18020243499800237
36,822,Billy Blacker,FWD,Sheffield Utd,0.18767735971878258
36,793,Kaine Kesler-Hayden,DEF,Aston Villa,0.18020243499800237
36,358,Rico Lewis,DEF,Man City,0.18020243499800237
36,382,Alejandro Garnacho,MID,Man Utd,0.17781985947506027
36,715,Jean-Ricner Bellegarde,MID,Wolves,0.17781985947506027
36,251,Jean-Philippe Gbamin,MID,Everton,0.17781985947506027
36,820,Ollie Harrison,MID,Chelsea,0.17781985947506027
36,624,Lewis Dobbin,MID,Everton,0.17781985947506027
36,760,Jenson Metcalfe,MID,Everton,0.17781985947506027
36,359,Riyad Mahrez,MID,Man City,0.17781985947506027
36,571,Matija Šarkić,GK,Wolves,0.0851466021793872
36,27,Auston Trusty,DEF,Sheffield Utd,0.18020243499800237
36,412,Anthony Gordon,MID,Newcastle,0.17781985947506027
36,443,Emmanuel Dennis,FWD,Nott'm Forest,0.18767735971878258
36,222,Nathaniel Clyne,DEF,Crystal Palace,0.18020243499800237
36,310,Thiago Alcántara do Nascimento,MID,Liverpool,0.17781985947506027
36,823,Oliver Arblaster,MID,Sheffield Utd,0.17781985947506027
36,684,Ethan Brierley,MID,Brentford,0.17781985947506027
36,776,Timo Werner,FWD,Spurs,0.18767735971878258
36,553,Ryan Giles,DEF,Luton,0.18020243499800237
36,327,Admiral Muskwe,FWD,Luton,0.18767735971878258
36,642,Edson Álvarez Velázquez,MID,West Ham,0.17781985947506027
36,10,Jakub Kiwior,DEF,Arsenal,0.18020243499800237
36,70,Lloyd Kelly,DEF,Bournemouth,0.18020243499800237
36,260,Vitalii Mykolenko,DEF,Everton,0.18020243499800237
36,855,Callan McKenna,GK,Bournemouth,0.0851466021793872
36,648,Aidan Francis-Clarke,DEF,Luton,0.18020243499800237
36,497,Emerson Leite de Souza Junior,DEF,Spurs,0.18020243499800237
36,151,Joël Veltman,DEF,Brighton,0.18020243499800237
36,402,Miguel Almirón Rejala,MID,Newcastle,0.17781985947506027
36,179,Bobby Thomas,DEF,Burnley,0.18020243499800237
36,754,Yago de Santiago Alonso,MID,Spurs,0.17781985947506027
36,102,Charlie Goode,DEF,Brentford,0.18020243499800237
36,726,Luke Chambers,DEF,Liverpool,0.18020243499800237
36,641,Alejo Véliz,FWD,Spurs,0.18767735971878258
36,187,Kepa Arrizabalaga,GK,Chelsea,0.0851466021793872
36,88,Mark Travers,GK,Bournemouth,0.0851466021793872
36,758,Leo Castledine,MID,Chelsea,0.17781985947506027
36,750,Tawanda Chirewa,MID,Wolves,0.17781985947506027
36,765,Sam Proctor,GK,Aston Villa,0.0851466021793872
36,520,Guglielmo Vicario,GK,Spurs,0.0851466021793872
36,413,Isaac Hayden,MID,Newcastle,0.17781985947506027
36,706,Mike Trésor,MID,Burnley,0.17781985947506027
36,419,Jamaal Lascelles,DEF,Newcastle,0.18020243499800237
36,307,Andrew Robertson,DEF,Liverpool,0.18020243499800237
36,503,Giovani Lo Celso,MID,Spurs,0.17781985947506027
36,856,Louis Jackson,DEF,Man Utd,0.18020243499800237
36,240,Jeffrey Schlupp,MID,Crystal Palace,0.17781985947506027
36,256,Alex Iwobi,MID,Fulham,0.17781985947506027
36,840,Fletcher Holman,FWD,Wolves,0.18767735971878258
36,297,Cody Gakpo,FWD,Liverpool,0.18767735971878258
36,211,Nicolas Jackson,FWD,Chelsea,0.18767735971878258
36,543,Nikola Vlašić,MID,West Ham,0.17781985947506027
36,138,Adam Lallana,MID,Brighton,0.17781985947506027
36,548,Hugo Bueno López,DEF,Wolves,0.18020243499800237
36,524,Alphonse Areola,GK,West Ham,0.0851466021793872
36,291,Alisson Ramses Becker,GK,Liverpool,0.0851466021793872
36,513,Pape Matar Sarr,MID,Spurs,0.17781985947506027
36,331,Aribim Pepple,FWD,Luton,0.18767735971878258
36,598,Matt Doherty,DEF,Wolves,0.18020243499800237
36,554,Gonçalo Manuel Ganchinho Guedes,MID,Wolves,0.17781985947506027
36,264,Ellis Simms,FWD,Everton,0.18767735971878258
36,560,Jonathan Castro Otto,DEF,Wolves,0.18020243499800237
36,437,Taiwo Awoniyi,FWD,Nott'm Forest,0.18767735971878258
36,114,Mads Roerslev Rasmussen,DEF,Brentford,0.18020243499800237
36,610,Calvin Bassey,DEF,Fulham,0.18020243499800237
36,664,James Ward-Prowse,MID,West Ham,0.17781985947506027
36,311,Konstantinos Tsimikas,DEF,Liverpool,0.18020243499800237
36,128,Mahmoud Dahoud,MID,Brighton,0.17781985947506027
36,609,Ian Maatsen,MID,Chelsea,0.17781985947506027
36,708,Ryan Gravenberch,MID,Liverpool,0.17781985947506027
36,709,Sofyan Amrabat,MID,Man Utd,0.17781985947506027
36,484,Max Lowe,DEF,Sheffield Utd,0.18020243499800237
36,243,Joe Whitworth,GK,Crystal Palace,0.0851466021793872
36,649,Thomas Cannon,FWD,Everton,0.18767735971878258
36,383,Hannibal Mejbri,MID,Man Utd,0.17781985947506027
36,47,Boubacar Kamara,MID,Aston Villa,0.17781985947506027
36,186,Andrey Nascimento dos Santos,MID,Chelsea,0.17781985947506027
36,580,Loris Karius,GK,Newcastle,0.0851466021793872
36,747,Joshua Duffus,MID,Brighton,0.17781985947506027
36,152,Bart Verbruggen,GK,Brighton,0.0851466021793872
36,586,Tahith Chong,MID,Luton,0.17781985947506027
36,56,Morgan Sanson,MID,Aston Villa,0.17781985947506027
36,275,Bernd Leno,GK,Fulham,0.0851466021793872
36,99,Josh Dasilva,MID,Brentford,0.17781985947506027
36,440,Josh Bowler,MID,Nott'm Forest,0.17781985947506027
36,671,Bashir Humphreys,DEF,Chelsea,0.18020243499800237
36,31,Oleksandr Zinchenko,DEF,Arsenal,0.18020243499800237
36,272,Tyrese Francois,MID,Fulham,0.17781985947506027
36,433,Callum Wilson,FWD,Newcastle,0.18767735971878258
36,426,Allan Saint-Maximin,MID,Newcastle,0.17781985947506027
36,773,Lewis Orford,MID,West Ham,0.17781985947506027
36,694,Han-Noah Massengo,MID,Burnley,0.17781985947506027
36,594,Zeki Amdouni,FWD,Burnley,0.18767735971878258
36,123,Steven Alzate,MID,Brighton,0.17781985947506027
36,170,Jóhann Berg Gudmundsson,MID,Burnley,0.17781985947506027
36,665,Tim Krul,GK,Luton,0.0851466021793872
36,39,Keinan Davis,FWD,Aston Villa,0.18767735971878258
36,373,Bruno Borges Fernandes,MID,Man Utd,0.17781985947506027
36,87,Hamed Traorè,MID,Bournemouth,0.17781985947506027
36,146,Jeremy Sarmiento Morante,MID,Brighton,0.17781985947506027
36,602,Issa Kaboré,DEF,Luton,0.18020243499800237
36,464,Sam Surridge,FWD,Nott'm Forest,0.18767735971878258
36,318,Reece Burke,DEF,Luton,0.18020243499800237
36,657,Jesurun Rak-Sakyi,MID,Crystal Palace,0.17781985947506027
36,699,Clément Lenglet,DEF,Aston Villa,0.18020243499800237
36,8,Gabriel Fernando de Jesus,FWD,Arsenal,0.18767735971878258
36,674,Hannes Delcroix,DEF,Burnley,0.18020243499800237
36,173,Dara O'Shea,DEF,Burnley,0.18020243499800237
36,496,Eric Dier,DEF,Spurs,0.18020243499800237
36,783,Kaide Gordon,MID,Liverpool,0.17781985947506027
36,242,Joel Ward,DEF,Crystal Palace,0.18020243499800237
36,603,Harvey Barnes,MID,Newcastle,0.17781985947506027
36,791,Cesare Casadei,MID,Chelsea,0.17781985947506027
36,356,Mateo Kovačić,MID,Man City,0.17781985947506027
36,824,Jayden Danns,FWD,Liverpool,0.18767735971878258
36,588,Ashley Young,DEF,Everton,0.18020243499800237
36,530,Aaron Cresswell,DEF,West Ham,0.18020243499800237
36,508,Sergio Reguilón,DEF,Brentford,0.18020243499800237
36,447,Morgan Gibbs-White,MID,Nott'm Forest,0.17781985947506027
36,395,Raphaël Varane,DEF,Man Utd,0.18020243499800237
36,606,Igor Julio dos Santos de Paulo,DEF,Brighton,0.18020243499800237
36,374,Brandon Williams,DEF,Man Utd,0.18020243499800237
36,502,Hugo Lloris,GK,Spurs,0.0851466021793872
36,427,Fabian Schär,DEF,Newcastle,0.18020243499800237
36,453,Orel Mangala,MID,Nott'm Forest,0.17781985947506027
36,835,Dermot Mee,GK,Man Utd,0.0851466021793872
36,800,Noha Lemina,MID,Wolves,0.17781985947506027
36,381,Frederico Rodrigues de Paula Santos,MID,Man Utd,0.17781985947506027
36,818,Joe Gauci,GK,Aston Villa,0.0851466021793872
36,284,Marek Rodák,GK,Fulham,0.0851466021793872
36,92,Shandon Baptiste,MID,Brentford,0.17781985947506027
36,136,Michał Karbownik,DEF,Brighton,0.18020243499800237
36,623,Mason Burstow,FWD,Chelsea,0.18767735971878258
36,597,André Onana,GK,Man Utd,0.0851466021793872
36,343,Julián Álvarez,FWD,Man City,0.18767735971878258
36,527,Maxwel Cornet,MID,West Ham,0.17781985947506027
36,274,Terence Kongolo,DEF,Fulham,0.18020243499800237
36,301,Caoimhin Kelleher,GK,Liverpool,0.0851466021793872
36,269,Ivan Neves Abreu Cavaleiro,MID,Fulham,0.17781985947506027
36,75,Chris Mepham,DEF,Bournemouth,0.18020243499800237
36,125,Facundo Buonanotte,MID,Brighton,0.17781985947506027
36,158,Samuel Bastien,MID,Burnley,0.17781985947506027
36,481,John Fleck,MID,Sheffield Utd,0.17781985947506027
36,279,Rodrigo Muniz Carvalho,FWD,Fulham,0.18767735971878258
36,172,Arijanet Muric,GK,Burnley,0.0851466021793872
36,843,Samy Chouchane,MID,Brighton,0.17781985947506027
36,165,Josh Cullen,MID,Burnley,0.17781985947506027
36,819,Ishé Samuels-Smith,DEF,Chelsea,0.18020243499800237
36,116,Thomas Strakosha,GK,Brentford,0.0851466021793872
36,4,Fábio Ferreira Vieira,MID,Arsenal,0.17781985947506027
36,745,Michael Ndiweni,FWD,Newcastle,0.18767735971878258
36,223,Cheick Doucouré,MID,Crystal Palace,0.17781985947506027
36,555,Joe Hodge,MID,Wolves,0.17781985947506027
36,632,Omari Forson,MID,Man Utd,0.17781985947506027
36,305,Joel Matip,DEF,Liverpool,0.18020243499800237
36,728,Callum Scanlon,DEF,Liverpool,0.18020243499800237
36,512,Davinson Sánchez,DEF,Spurs,0.18020243499800237
36,839,Dominic Dos Santos Martins,MID,Luton,0.17781985947506027
36,551,Craig Dawson,DEF,Wolves,0.18020243499800237
36,573,Toti António Gomes,DEF,Wolves,0.18020243499800237
36,522,Nayef Aguerd,DEF,West Ham,0.18020243499800237
36,377,Diogo Dalot Teixeira,DEF,Man Utd,0.18020243499800237
36,261,Amadou Onana,MID,Everton,0.17781985947506027
36,289,Adrián San Miguel del Castillo,GK,Liverpool,0.0851466021793872
36,645,Youssef Ramalho Chermiti,FWD,Everton,0.18767735971878258
36,19,Bukayo Saka,MID,Arsenal,0.17781985947506027
36,109,Ben Mee,DEF,Brentford,0.18020243499800237
36,469,Joe Worrall,DEF,Nott'm Forest,0.18020243499800237
36,41,Diego Carlos Santos Silva,DEF,Aston Villa,0.18020243499800237
36,66,Lewis Cook,MID,Bournemouth,0.17781985947506027
36,547,Bendegúz Bolla,DEF,Wolves,0.18020243499800237
36,203,Malo Gusto,DEF,Chelsea,0.18020243499800237
36,316,Amari'i Bell,DEF,Luton,0.18020243499800237
36,248,Dele Alli,MID,Everton,0.17781985947506027
36,208,Noni Madueke,MID,Chelsea,0.17781985947506027
36,595,Milos Kerkez,DEF,Bournemouth,0.18020243499800237
36,317,Luke Berry,MID,Luton,0.17781985947506027
36,45,Kortney Hause,DEF,Aston Villa,0.18020243499800237
36,229,Will Hughes,MID,Crystal Palace,0.17781985947506027
36,415,Alexander Isak,FWD,Newcastle,0.18767735971878258
36,658,John-Kymani Gordon,FWD,Crystal Palace,0.18767735971878258
36,451,Cheikhou Kouyaté,MID,Nott'm Forest,0.17781985947506027
36,2,Cédric Alves Soares,DEF,Arsenal,0.18020243499800237
36,188,Pierre-Emerick Aubameyang,FWD,Chelsea,0.18767735971878258
36,418,Garang Kuol,MID,Newcastle,0.17781985947506027
36,666,Tom Davies,MID,Sheffield Utd,0.17781985947506027
36,656,Antwoine Hackford,FWD,Sheffield Utd,0.18767735971878258
36,735,Charles Sagoe,MID,Arsenal,0.17781985947506027
36,852,Kiano Dyer,MID,Chelsea,0.17781985947506027
36,112,Ethan Pinnock,DEF,Brentford,0.18020243499800237
36,651,Jay Stansfield,FWD,Fulham,0.18767735971878258
36,808,Matz Sels,GK,Nott'm Forest,0.0851466021793872
36,470,Ryan Yates,MID,Nott'm Forest,0.17781985947506027
36,672,Nicolò Zaniolo,MID,Aston Villa,0.17781985947506027
36,111,Frank Onyeka,MID,Brentford,0.17781985947506027
36,219,Naouirou Ahamada,MID,Crystal Palace,0.17781985947506027
36,63,Philip Billing,MID,Bournemouth,0.17781985947506027
36,858,Ted Curd,GK,Chelsea,0.0851466021793872
36,215,Gabriel Słonina,GK,Chelsea,0.0851466021793872
36,228,Marc Guéhi,DEF,Crystal Palace,0.18020243499800237
36,247,Seamus Coleman,DEF,Everton,0.18020243499800237
36,294,Diogo Teixeira da Silva,MID,Liverpool,0.17781985947506027
36,652,Matthew Dibley-Dias,MID,Fulham,0.17781985947506027
36,360,James McAtee,MID,Sheffield Utd,0.17781985947506027
36,733,Valintino Adedokun,DEF,Brentford,0.18020243499800237
36,355,Erling Haaland,FWD,Man City,0.18767735971878258
36,163,Jack Cork,MID,Burnley,0.17781985947506027
36,390,Anthony Martial,FWD,Man Utd,0.18767735971878258
36,154,Danny Welbeck,FWD,Brighton,0.18767735971878258
36,287,Carlos Vinícius Alves Morais,FWD,Fulham,0.18767735971878258
36,604,Olu Aina,DEF,Nott'm Forest,0.18020243499800237
36,757,Conor Bradley,DEF,Liverpool,0.18020243499800237
36,365,Rodrigo Hernandez,MID,Man City,0.17781985947506027
36,792,Daniel Muñoz,DEF,Crystal Palace,0.18020243499800237
36,386,Victor Lindelöf,DEF,Man Utd,0.18020243499800237
36,349,Kevin De Bruyne,MID,Man City,0.17781985947506027
36,636,George Shelvey,GK,Nott'm Forest,0.0851466021793872
36,659,Lucas Bergström,GK,Chelsea,0.0851466021793872
36,124,Yasin Ayari,MID,Brighton,0.17781985947506027
36,635,Lewis Miley,MID,Newcastle,0.17781985947506027
36,667,Roméo Lavia,MID,Chelsea,0.17781985947506027
36,329,Fred Onyedinma,MID,Luton,0.17781985947506027
36,462,Gustavo Henrique Furtado Scarpa,MID,Nott'm Forest,0.17781985947506027
36,104,Aaron Hickey,DEF,Brentford,0.18020243499800237
36,94,Mads Bidstrup,MID,Brentford,0.17781985947506027
36,140,Solly March,MID,Brighton,0.17781985947506027
36,200,David Datro Fofana,FWD,Burnley,0.18767735971878258
36,540,Declan Rice,MID,Arsenal,0.17781985947506027
36,748,Joe Hugill,FWD,Man Utd,0.18767735971878258
36,137,Kacper Kozłowski,MID,Brighton,0.17781985947506027
36,81,Joe Rothwell,MID,Bournemouth,0.17781985947506027
36,638,Vini de Souza Costa,MID,Sheffield Utd,0.17781985947506027
36,628,Ben Doak,MID,Liverpool,0.17781985947506027
36,475,Sander Berge,MID,Burnley,0.17781985947506027
36,296,Fabio Henrique Tavares,MID,Liverpool,0.17781985947506027
36,654,Louie Marsh,FWD,Sheffield Utd,0.18767735971878258
36,766,Willy Kambwala,DEF,Man Utd,0.18020243499800237
36,485,Oliver McBurnie,FWD,Sheffield Utd,0.18767735971878258
36,106,Mathias Jensen,MID,Brentford,0.17781985947506027
36,323,Matt Macey,GK,Luton,0.0851466021793872
36,201,Wesley Fofana,DEF,Chelsea,0.18020243499800237
36,68,Ryan Fredericks,DEF,Bournemouth,0.18020243499800237
36,563,Max Kilman,DEF,Wolves,0.18020243499800237
36,342,Nathan Aké,DEF,Man City,0.18020243499800237
36,797,Benjamin Fredrick,DEF,Brentford,0.18020243499800237
36,204,Lewis Hall,DEF,Newcastle,0.18020243499800237
36,677,Deivid Washington de Souza Eugênio,FWD,Chelsea,0.18767735971878258
36,403,Elliot Anderson,MID,Newcastle,0.17781985947506027
36,686,Oliwier Zych,GK,Aston Villa,0.0851466021793872
36,210,Mykhailo Mudryk,MID,Chelsea,0.17781985947506027
36,777,Radu Dragusin,DEF,Spurs,0.18020243499800237
36,67,Siriki Dembélé,MID,Bournemouth,0.17781985947506027
36,501,Dejan Kulusevski,MID,Spurs,0.17781985947506027
36,568,Daniel Castelo Podence,MID,Wolves,0.17781985947506027
36,202,Conor Gallagher,MID,Chelsea,0.17781985947506027
36,806,Maxime Esteve,DEF,Burnley,0.18020243499800237
36,226,Eberechi Eze,MID,Crystal Palace,0.17781985947506027
36,463,Jonjo Shelvey,MID,Nott'm Forest,0.17781985947506027
36,537,Thilo Kehrer,DEF,West Ham,0.18020243499800237
36,770,Ty Barnett,MID,Wolves,0.17781985947506027
36,719,Mackenzie Hunt,MID,Everton,0.17781985947506027
36,157,Ameen Al-Dakhil,DEF,Burnley,0.18020243499800237
36,466,Hwang Ui-jo,FWD,Nott'm Forest,0.18767735971878258
36,130,Julio Enciso,MID,Brighton,0.17781985947506027
36,692,Steven Benda,GK,Fulham,0.0851466021793872
36,77,Norberto Murara Neto,GK,Bournemouth,0.0851466021793872
36,678,Jérémy Doku,MID,Man City,0.17781985947506027
36,452,Richie Laryea,DEF,Nott'm Forest,0.18020243499800237
36,810,Joshua King,MID,Fulham,0.17781985947506027
36,283,Antonee Robinson,DEF,Fulham,0.18020243499800237
36,558,Raúl Jiménez,FWD,Fulham,0.18767735971878258
36,854,Finley Munroe,DEF,Aston Villa,0.18020243499800237
36,339,Louie Watson,MID,Luton,0.17781985947506027
36,557,Hwang Hee-chan,MID,Wolves,0.17781985947506027
36,591,Willian Borges da Silva,MID,Fulham,0.17781985947506027
36,838,Josh Acheampong,DEF,Chelsea,0.18020243499800237
36,477,Rhian Brewster,FWD,Sheffield Utd,0.18767735971878258
36,575,Tom Lockyer,DEF,Luton,0.18020243499800237
36,263,Jordan Pickford,GK,Everton,0.0851466021793872
36,620,Michael Olakigbe,MID,Brentford,0.17781985947506027
36,587,Anis Slimane,MID,Sheffield Utd,0.17781985947506027
36,406,Bruno Guimarães Rodriguez Moura,MID,Newcastle,0.17781985947506027
36,410,Ryan Fraser,MID,Newcastle,0.17781985947506027
36,273,Anthony Knockaert,MID,Fulham,0.17781985947506027
36,387,Harry Maguire,DEF,Man Utd,0.18020243499800237
36,590,Matheus Santos Carneiro Da Cunha,FWD,Wolves,0.18767735971878258
36,768,Rhys Bennett,DEF,Man Utd,0.18020243499800237
36,549,Francisco Jorge Tomás Oliveira,MID,Wolves,0.17781985947506027
36,556,Ki-Jana Hoever,DEF,Wolves,0.18020243499800237
36,608,Jacob Bruun Larsen,MID,Burnley,0.17781985947506027
36,454,Loïc Mbe Soh,DEF,Nott'm Forest,0.18020243499800237
36,853,Temple Ojinnaka,MID,Wolves,0.17781985947506027
36,599,Moussa Diaby,MID,Aston Villa,0.17781985947506027
36,321,Alfie Doughty,DEF,Luton,0.18020243499800237
36,778,James Wright,GK,Aston Villa,0.0851466021793872
36,346,João Cancelo,DEF,Man City,0.18020243499800237
36,584,Pau Torres,DEF,Aston Villa,0.18020243499800237
36,697,Santiago Bueno,DEF,Wolves,0.18020243499800237
36,3,Mohamed Elneny,MID,Arsenal,0.17781985947506027
36,245,Jarrad Branthwaite,DEF,Everton,0.18020243499800237
36,825,Kaden Rodney,MID,Crystal Palace,0.17781985947506027
36,14,Martin Ødegaard,MID,Arsenal,0.17781985947506027
36,566,Matheus Luiz Nunes,MID,Man City,0.17781985947506027
36,683,Luke Harris,MID,Fulham,0.17781985947506027
36,564,Tom King,GK,Wolves,0.0851466021793872
36,350,Rúben Gato Alves Dias,DEF,Man City,0.18020243499800237
36,333,Dan Potts,DEF,Luton,0.18020243499800237
36,517,Djed Spence,DEF,Spurs,0.18020243499800237
36,693,Luke Thomas,DEF,Sheffield Utd,0.18020243499800237
36,33,Cameron Archer,FWD,Sheffield Utd,0.18767735971878258
36,49,Emiliano Martínez Romero,GK,Aston Villa,0.0851466021793872
36,270,Bobby De Cordova-Reid,MID,Fulham,0.17781985947506027
36,542,Tomáš Souček,MID,West Ham,0.17781985947506027
36,630,Ross Barkley,MID,Luton,0.17781985947506027
36,679,Gonzalo Montiel,DEF,Nott'm Forest,0.18020243499800237
36,801,Giovanni Reyna,MID,Nott'm Forest,0.17781985947506027
36,616,Joško Gvardiol,DEF,Man City,0.18020243499800237
36,362,Cole Palmer,MID,Chelsea,0.17781985947506027
36,507,Ivan Perišić,DEF,Spurs,0.18020243499800237
36,472,Jordan Amissah,GK,Sheffield Utd,0.0851466021793872
36,376,Carlos Henrique Casimiro,MID,Man Utd,0.17781985947506027
36,384,Tom Heaton,GK,Man Utd,0.0851466021793872
36,814,Jacob Wright,MID,Man City,0.17781985947506027
36,312,Sepp van den Berg,DEF,Liverpool,0.18020243499800237
36,471,Anel Ahmedhodžić,DEF,Sheffield Utd,0.18020243499800237
36,643,Max Aarons,DEF,Bournemouth,0.18020243499800237
36,637,Josh Powell,DEF,Nott'm Forest,0.18020243499800237
36,511,Cristian Romero,DEF,Spurs,0.18020243499800237
36,546,Daniel Bentley,GK,Wolves,0.0851466021793872
36,831,Axel Piesold,MID,Luton,0.17781985947506027
36,185,Ethan Ampadu,DEF,Chelsea,0.18020243499800237
36,150,Jan Paul van Hecke,DEF,Brighton,0.18020243499800237
36,592,Yasser Larouci,DEF,Sheffield Utd,0.18020243499800237
36,196,Carney Chukwuemeka,MID,Chelsea,0.17781985947506027
36,326,Carlton Morris,FWD,Luton,0.18767735971878258
36,710,Odysseas Vlachodimos,GK,Nott'm Forest,0.0851466021793872
36,746,Ben Jackson,DEF,Brighton,0.18020243499800237
36,829,George Earthy,MID,West Ham,0.17781985947506027
36,479,Adam Davies,GK,Sheffield Utd,0.0851466021793872
36,744,Myles Peart-Harris,MID,Brentford,0.17781985947506027
36,234,Tyrick Mitchell,DEF,Crystal Palace,0.18020243499800237
36,504,James Maddison,MID,Spurs,0.17781985947506027
36,340,Cauley Woodrow,FWD,Luton,0.18767735971878258
36,308,Mohamed Salah,MID,Liverpool,0.17781985947506027
36,500,Harry Kane,FWD,Spurs,0.18767735971878258
36,367,Zack Steffen,GK,Man City,0.0851466021793872
36,82,Antoine Semenyo,FWD,Bournemouth,0.18767735971878258
36,737,Bradley Ibrahim,MID,Arsenal,0.17781985947506027
36,695,Altay Bayindir,GK,Man Utd,0.0851466021793872
36,213,Christian Pulisic,MID,Chelsea,0.17781985947506027
36,153,Adam Webster,DEF,Brighton,0.18020243499800237
36,293,Darwin Núñez Ribeiro,FWD,Liverpool,0.18767735971878258
36,611,Axel Disasi,DEF,Chelsea,0.18020243499800237
36,156,Enock Agyei,MID,Burnley,0.17781985947506027
36,1,Folarin Balogun,FWD,Arsenal,0.18767735971878258
36,51,Tyrone Mings,DEF,Aston Villa,0.18020243499800237
36,712,Nicolás Domínguez,MID,Nott'm Forest,0.17781985947506027
36,529,Conor Coventry,MID,West Ham,0.17781985947506027
36,478,Ismaila Coulibaly,MID,Sheffield Utd,0.17781985947506027
36,161,Josh Brownhill,MID,Burnley,0.17781985947506027
36,498,Fraser Forster,GK,Spurs,0.0851466021793872
36,231,Jefferson Lerma Solís,MID,Crystal Palace,0.17781985947506027
36,322,Luke Freeman,MID,Luton,0.17781985947506027
36,129,Lewis Dunk,DEF,Brighton,0.18020243499800237
36,189,César Azpilicueta,DEF,Chelsea,0.18020243499800237
36,756,Marcelo de Araújo Pitaluga Filho,GK,Liverpool,0.0851466021793872
36,805,Lorenz Assignon,DEF,Burnley,0.18020243499800237
36,441,Steve Cook,DEF,Nott'm Forest,0.18020243499800237
36,167,Hjalmar Ekdal,DEF,Burnley,0.18020243499800237
36,370,Alex Telles,DEF,Man Utd,0.18020243499800237
36,755,Luca Barrington,MID,Brighton,0.17781985947506027
36,569,José Malheiro de Sá,GK,Wolves,0.0851466021793872
36,266,João Neves Virgínia,GK,Everton,0.0851466021793872
36,276,Saša Lukić,MID,Fulham,0.17781985947506027
36,74,Emiliano Marcondes,MID,Bournemouth,0.17781985947506027
36,794,Joe White,MID,Newcastle,0.17781985947506027
36,55,Jacob Ramsey,MID,Aston Villa,0.17781985947506027
36,429,Sandro Tonali,MID,Newcastle,0.17781985947506027
36,771,Micah Hamilton,MID,Man City,0.17781985947506027
36,704,Nathan Fraser,FWD,Wolves,0.18767735971878258
36,107,Keane Lewis-Potter,MID,Brentford,0.17781985947506027
36,259,Dwight McNeil,MID,Everton,0.17781985947506027
36,786,Cameron Peupion,MID,Brighton,0.17781985947506027
36,126,Moisés Caicedo Corozo,MID,Chelsea,0.17781985947506027
36,9,Jorge Luiz Frello Filho,MID,Arsenal,0.17781985947506027
36,285,Kenny Tete,DEF,Fulham,0.18020243499800237
36,787,Harvey Griffiths,MID,Wolves,0.17781985947506027
36,162,Darko Churlinov,MID,Burnley,0.17781985947506027
36,661,Jack Harrison,MID,Everton,0.17781985947506027
36,338,Jack Walton,GK,Luton,0.0851466021793872
36,688,Timothy Castagne,DEF,Fulham,0.18020243499800237
36,84,Adam Smith,DEF,Bournemouth,0.18020243499800237
36,166,CJ Egan-Riley,DEF,Burnley,0.18020243499800237
36,207,Romelu Lukaku Bolingoli,FWD,Chelsea,0.18767735971878258
36,250,James Garner,MID,Everton,0.17781985947506027
36,217,Thiago Emiliano da Silva,DEF,Chelsea,0.18020243499800237
36,7,Rob Holding,DEF,Crystal Palace,0.18020243499800237
36,401,Aaron Wan-Bissaka,DEF,Man Utd,0.18020243499800237
36,149,Deniz Undav,FWD,Brighton,0.18767735971878258
36,380,Álvaro Fernández Carreras,DEF,Man Utd,0.18020243499800237
36,59,Bertrand Traoré,MID,Aston Villa,0.17781985947506027
36,262,Nathan Patterson,DEF,Everton,0.18020243499800237
36,212,Christopher Nkunku,FWD,Chelsea,0.18767735971878258
36,436,Serge Aurier,DEF,Nott'm Forest,0.18020243499800237
36,268,Tom Cairney,MID,Fulham,0.17781985947506027
36,435,Harry Arter,MID,Nott'm Forest,0.17781985947506027
36,718,Alex Matos,MID,Chelsea,0.17781985947506027
36,444,Mohamed Dräger,DEF,Nott'm Forest,0.18020243499800237
36,18,Rúnar Alex Rúnarsson,GK,Arsenal,0.0851466021793872
36,347,Scott Carson,GK,Man City,0.0851466021793872
36,859,Zak Sturge,DEF,Chelsea,0.18020243499800237
36,593,Bénie Traoré,FWD,Sheffield Utd,0.18767735971878258
36,585,Jurriën Timber,DEF,Arsenal,0.18020243499800237
36,160,Jordan Beyer,DEF,Burnley,0.18020243499800237
36,482,Wes Foderingham,GK,Sheffield Utd,0.0851466021793872
36,812,Lewis Koumas,FWD,Liverpool,0.18767735971878258
36,676,Konstantinos Mavropanos,DEF,West Ham,0.18020243499800237
36,681,Diego Manuel Jadon da Silva Moreira,MID,Chelsea,0.17781985947506027
36,225,Odsonne Edouard,FWD,Crystal Palace,0.18767735971878258
36,73,Jamal Lowe,MID,Bournemouth,0.17781985947506027
36,622,Owen Dodgson,DEF,Burnley,0.18020243499800237
36,425,Matt Ritchie,MID,Newcastle,0.17781985947506027
36,168,Lyle Foster,FWD,Burnley,0.18767735971878258
36,675,Aaron Ramsey,MID,Burnley,0.17781985947506027
36,142,James Milner,MID,Brighton,0.17781985947506027
36,600,Nathan Redmond,MID,Burnley,0.17781985947506027
36,121,Mathias Jorgensen,DEF,Brentford,0.18020243499800237
36,236,Michael Olise,MID,Crystal Palace,0.17781985947506027
36,515,Oliver Skipp,MID,Spurs,0.17781985947506027
36,40,Leander Dendoncker,MID,Aston Villa,0.17781985947506027
36,455,Scott McKenna,DEF,Nott'm Forest,0.18020243499800237
36,257,Michael Keane,DEF,Everton,0.18020243499800237
36,562,Sasa Kalajdzic,FWD,Wolves,0.18767735971878258
36,526,Jarrod Bowen,MID,West Ham,0.17781985947506027
36,28,Matt Turner,GK,Nott'm Forest,0.0851466021793872
36,216,Raheem Sterling,MID,Chelsea,0.17781985947506027
36,431,Kell Watts,DEF,Newcastle,0.18020243499800237
36,315,Mads Juel Andersen,DEF,Luton,0.18020243499800237
36,95,Sergi Canós Tenés,MID,Brentford,0.17781985947506027
36,65,Ryan Christie,MID,Bournemouth,0.17781985947506027
36,120,Yegor Yarmoliuk,MID,Brentford,0.17781985947506027
36,842,Roshaun Mathurin,MID,Crystal Palace,0.17781985947506027
36,145,Robert Sánchez,GK,Chelsea,0.0851466021793872
36,71,Gavin Kilkenny,MID,Bournemouth,0.17781985947506027
36,193,Armando Broja,FWD,Fulham,0.18767735971878258
36,85,Dominic Solanke,FWD,Bournemouth,0.18767735971878258
36,468,Chris Wood,FWD,Nott'm Forest,0.18767735971878258
36,644,Alex Scott,MID,Bournemouth,0.17781985947506027
36,54,Jaden Philogene-Bidace,MID,Aston Villa,0.17781985947506027
36,670,Filip Marschall,GK,Aston Villa,0.0851466021793872
36,364,Kalvin Phillips,MID,West Ham,0.17781985947506027
36,492,Rodrigo Bentancur,MID,Spurs,0.17781985947506027
36,36,Matty Cash,DEF,Aston Villa,0.18020243499800237
36,255,Mason Holgate,DEF,Sheffield Utd,0.18020243499800237
36,334,Glen Rea,MID,Luton,0.17781985947506027
36,62,Jaidon Anthony,MID,Bournemouth,0.17781985947506027
36,139,Tariq Lamptey,DEF,Brighton,0.18020243499800237
36,647,Joseph Anang,GK,West Ham,0.0851466021793872
36,473,George Baldock,DEF,Sheffield Utd,0.18020243499800237
36,414,Jeff Hendrick,MID,Newcastle,0.17781985947506027
36,411,Mark Gillespie,GK,Newcastle,0.0851466021793872
36,717,Ronnie Stutter,FWD,Chelsea,0.18767735971878258
36,572,Nélson Cabral Semedo,DEF,Wolves,0.18020243499800237
36,832,Wesley Okoduwa,DEF,Wolves,0.18020243499800237
36,277,Kevin Mbabu,DEF,Fulham,0.18020243499800237
36,389,Tyrell Malacia,DEF,Man Utd,0.18020243499800237
36,789,Hákon Valdimarsson,GK,Brentford,0.0851466021793872
36,687,Đorđe Petrović,GK,Chelsea,0.0851466021793872
36,727,Andros Townsend,MID,Luton,0.17781985947506027
36,238,Chris Richards,DEF,Crystal Palace,0.18020243499800237
36,299,Jordan Henderson,MID,Liverpool,0.17781985947506027
36,685,Daniel Gore,MID,Man Utd,0.17781985947506027
36,369,Kyle Walker,DEF,Man City,0.18020243499800237
36,631,Jacob Brown,FWD,Luton,0.18767735971878258
36,227,Vicente Guaita,GK,Crystal Palace,0.0851466021793872
36,459,Braian Ojeda Rodríguez,MID,Nott'm Forest,0.17781985947506027
36,93,Mads Bech Sørensen,DEF,Brentford,0.18020243499800237
37,653,Femi Seriki,DEF,Sheffield Utd,0.1802024349980024
37,723,Josh Brooking,DEF,Chelsea,0.1802024349980024
37,723,Josh Brooking,DEF,Chelsea,0.1802024349980024
37,669,Radek Vítek,GK,Man Utd,0.08514660217938719
37,669,Radek Vítek,GK,Man Utd,0.08514660217938719
37,621,Jack Hinshelwood,MID,Brighton,0.17781985947506024
37,621,Jack Hinshelwood,MID,Brighton,0.17781985947506024
37,397,Jadon Sancho,MID,Man Utd,0.17781985947506024
37,397,Jadon Sancho,MID,Man Utd,0.17781985947506024
37,714,Divock Origi,FWD,Nott'm Forest,0.18767735971878258
37,828,Sam Curtis,DEF,Sheffield Utd,0.1802024349980024
37,487,Rhys Norrington-Davies,DEF,Sheffield Utd,0.1802024349980024
37,105,Vitaly Janelt,MID,Brentford,0.17781985947506024
37,607,Ionuț Radu,GK,Bournemouth,0.08514660217938719
37,655,Andre Brooks,MID,Sheffield Utd,0.17781985947506024
37,354,Jack Grealish,MID,Man City,0.17781985947506024
37,354,Jack Grealish,MID,Man City,0.17781985947506024
37,417,Emil Krafth,DEF,Newcastle,0.1802024349980024
37,417,Emil Krafth,DEF,Newcastle,0.1802024349980024
37,574,Boubacar Traoré,MID,Wolves,0.17781985947506024
37,169,Denis Franchi,GK,Burnley,0.08514660217938719
37,335,James Shea,GK,Luton,0.08514660217938719
37,844,Christian Chigozie,DEF,Luton,0.1802024349980024
37,300,Curtis Jones,MID,Liverpool,0.17781985947506024
37,764,Myles Lewis-Skelly,MID,Arsenal,0.17781985947506024
37,732,Devan Tanton,DEF,Fulham,0.1802024349980024
37,206,Reece James,DEF,Chelsea,0.1802024349980024
37,206,Reece James,DEF,Chelsea,0.1802024349980024
37,491,Brandon Austin,GK,Spurs,0.08514660217938719
37,491,Brandon Austin,GK,Spurs,0.08514660217938719
37,700,Anssumane Fati Vieira,MID,Brighton,0.17781985947506024
37,700,Anssumane Fati Vieira,MID,Brighton,0.17781985947506024
37,53,Robin Olsen,GK,Aston Villa,0.08514660217938719
37,813,Fabian Mrozek,GK,Liverpool,0.08514660217938719
37,781,Joe Gardner,FWD,Nott'm Forest,0.18767735971878258
37,489,Ben Osborn,MID,Sheffield Utd,0.17781985947506024
37,371,Amad Diallo,MID,Man Utd,0.17781985947506024
37,371,Amad Diallo,MID,Man Utd,0.17781985947506024
37,378,Anthony Elanga,MID,Nott'm Forest,0.17781985947506024
37,774,Kaelan Casey,DEF,West Ham,0.1802024349980024
37,488,Oliver Norwood,MID,Sheffield Utd,0.17781985947506024
37,465,Harry Toffolo,DEF,Nott'm Forest,0.1802024349980024
37,344,Bernardo Veiga de Carvalho e Silva,MID,Man City,0.17781985947506024
37,344,Bernardo Veiga de Carvalho e Silva,MID,Man City,0.17781985947506024
37,178,Charlie Taylor,DEF,Burnley,0.1802024349980024
37,807,Adam Wharton,MID,Crystal Palace,0.17781985947506024
37,117,Ivan Toney,FWD,Brentford,0.18767735971878258
37,725,Ji-Soo Kim,DEF,Brentford,0.1802024349980024
37,23,Nuno Varela Tavares,DEF,Nott'm Forest,0.1802024349980024
37,634,Alex Murphy,DEF,Newcastle,0.1802024349980024
37,634,Alex Murphy,DEF,Newcastle,0.1802024349980024
37,13,Eddie Nketiah,FWD,Arsenal,0.18767735971878258
37,191,Benoît Badiashile,DEF,Chelsea,0.1802024349980024
37,191,Benoît Badiashile,DEF,Chelsea,0.1802024349980024
37,22,Emile Smith Rowe,MID,Arsenal,0.17781985947506024
37,626,Jarell Quansah,DEF,Liverpool,0.1802024349980024
37,195,Ben Chilwell,DEF,Chelsea,0.1802024349980024
37,195,Ben Chilwell,DEF,Chelsea,0.1802024349980024
37,38,Philippe Coutinho Correia,MID,Aston Villa,0.17781985947506024
37,46,Tim Iroegbunam,MID,Aston Villa,0.17781985947506024
37,579,Andy Lonergan,GK,Everton,0.08514660217938719
37,690,Carlos Baleba,MID,Brighton,0.17781985947506024
37,690,Carlos Baleba,MID,Brighton,0.17781985947506024
37,570,Pablo Sarabia,MID,Wolves,0.17781985947506024
37,76,Kieffer Moore,FWD,Bournemouth,0.18767735971878258
37,448,Wayne Hennessey,GK,Nott'm Forest,0.08514660217938719
37,233,Remi Matthews,GK,Crystal Palace,0.08514660217938719
37,302,Ibrahima Konaté,DEF,Liverpool,0.1802024349980024
37,416,Joelinton Cássio Apolinário de Lira,MID,Newcastle,0.17781985947506024
37,416,Joelinton Cássio Apolinário de Lira,MID,Newcastle,0.17781985947506024
37,795,Travis Hernes,MID,Newcastle,0.17781985947506024
37,795,Travis Hernes,MID,Newcastle,0.17781985947506024
37,86,Marcus Tavernier,MID,Bournemouth,0.17781985947506024
37,97,Matthew Cox,GK,Brentford,0.08514660217938719
37,848,Taylan Harris,FWD,Luton,0.18767735971878258
37,341,Manuel Akanji,DEF,Man City,0.1802024349980024
37,341,Manuel Akanji,DEF,Man City,0.1802024349980024
37,615,Matheus França de Oliveira,MID,Crystal Palace,0.17781985947506024
37,751,Justin Hubner,DEF,Wolves,0.1802024349980024
37,539,Lucas Tolentino Coelho de Lima,MID,West Ham,0.17781985947506024
37,617,Rasmus Højlund,FWD,Man Utd,0.18767735971878258
37,617,Rasmus Højlund,FWD,Man Utd,0.18767735971878258
37,605,Luca Koleosho,MID,Burnley,0.17781985947506024
37,545,Rayan Aït-Nouri,DEF,Wolves,0.1802024349980024
37,37,Calum Chambers,DEF,Aston Villa,0.1802024349980024
37,495,Ben Davies,DEF,Spurs,0.1802024349980024
37,495,Ben Davies,DEF,Spurs,0.1802024349980024
37,532,Emerson Palmieri dos Santos,DEF,West Ham,0.1802024349980024
37,303,Luis Díaz,MID,Liverpool,0.17781985947506024
37,181,Lawrence Vigouroux,GK,Burnley,0.08514660217938719
37,144,Jakub Moder,MID,Brighton,0.17781985947506024
37,144,Jakub Moder,MID,Brighton,0.17781985947506024
37,767,Tommi O'Reilly,MID,Aston Villa,0.17781985947506024
37,164,Dara Costelloe,MID,Burnley,0.17781985947506024
37,702,Ashley Phillips,DEF,Spurs,0.1802024349980024
37,702,Ashley Phillips,DEF,Spurs,0.1802024349980024
37,368,John Stones,DEF,Man City,0.1802024349980024
37,368,John Stones,DEF,Man City,0.1802024349980024
37,254,Idrissa Gueye,MID,Everton,0.17781985947506024
37,288,Harry Wilson,MID,Fulham,0.17781985947506024
37,192,Marcus Bettinelli,GK,Chelsea,0.08514660217938719
37,192,Marcus Bettinelli,GK,Chelsea,0.08514660217938719
37,224,Malcolm Ebiowei,MID,Crystal Palace,0.17781985947506024
37,29,Benjamin White,DEF,Arsenal,0.1802024349980024
37,753,Leigh Kavanagh,DEF,Brighton,0.1802024349980024
37,753,Leigh Kavanagh,DEF,Brighton,0.1802024349980024
37,393,Teden Mengi,DEF,Luton,0.1802024349980024
37,48,Ezri Konsa Ngoyo,DEF,Aston Villa,0.1802024349980024
37,857,Owen Hampson,MID,Sheffield Utd,0.17781985947506024
37,705,Luis Sinisterra,MID,Bournemouth,0.17781985947506024
37,15,Thomas Partey,MID,Arsenal,0.17781985947506024
37,729,Jayden Luker,MID,Luton,0.17781985947506024
37,420,Jamal Lewis,DEF,Newcastle,0.1802024349980024
37,420,Jamal Lewis,DEF,Newcastle,0.1802024349980024
37,34,Leon Bailey,MID,Aston Villa,0.17781985947506024
37,703,Jonny Evans,DEF,Man Utd,0.1802024349980024
37,703,Jonny Evans,DEF,Man Utd,0.1802024349980024
37,449,Ethan Horvath,GK,Nott'm Forest,0.08514660217938719
37,816,Valentín Barco,DEF,Brighton,0.1802024349980024
37,816,Valentín Barco,DEF,Brighton,0.1802024349980024
37,237,Luke Plange,FWD,Crystal Palace,0.18767735971878258
37,398,Luke Shaw,DEF,Man Utd,0.1802024349980024
37,398,Luke Shaw,DEF,Man Utd,0.1802024349980024
37,784,Oliver Scarles,DEF,West Ham,0.1802024349980024
37,565,Mario Lemina,MID,Wolves,0.17781985947506024
37,155,Andi Zeqiri,FWD,Brighton,0.18767735971878258
37,155,Andi Zeqiri,FWD,Brighton,0.18767735971878258
37,265,James Tarkowski,DEF,Everton,0.1802024349980024
37,90,Kristoffer Ajer,DEF,Brentford,0.1802024349980024
37,450,Brennan Johnson,MID,Spurs,0.17781985947506024
37,450,Brennan Johnson,MID,Spurs,0.17781985947506024
37,851,Tyrique George,FWD,Chelsea,0.18767735971878258
37,851,Tyrique George,FWD,Chelsea,0.18767735971878258
37,235,Jake O'Brien,DEF,Crystal Palace,0.1802024349980024
37,846,Harry Amass,DEF,Man Utd,0.1802024349980024
37,846,Harry Amass,DEF,Man Utd,0.1802024349980024
37,680,Eddie Beach,GK,Chelsea,0.08514660217938719
37,680,Eddie Beach,GK,Chelsea,0.08514660217938719
37,817,James Sweet,DEF,Arsenal,0.1802024349980024
37,514,Ryan Sessegnon,DEF,Spurs,0.1802024349980024
37,514,Ryan Sessegnon,DEF,Spurs,0.1802024349980024
37,72,Justin Kluivert,MID,Bournemouth,0.17781985947506024
37,57,Viljami Sinisalo,GK,Aston Villa,0.08514660217938719
37,499,Pierre-Emile Højbjerg,MID,Spurs,0.17781985947506024
37,499,Pierre-Emile Højbjerg,MID,Spurs,0.17781985947506024
37,613,Lesley Ugochukwu,MID,Chelsea,0.17781985947506024
37,613,Lesley Ugochukwu,MID,Chelsea,0.17781985947506024
37,724,Jadan Raymond,MID,Crystal Palace,0.17781985947506024
37,601,Arnaut Danjuma Groeneveld,MID,Everton,0.17781985947506024
37,205,Callum Hudson-Odoi,MID,Nott'm Forest,0.17781985947506024
37,24,Kieran Tierney,DEF,Arsenal,0.1802024349980024
37,281,Tim Ream,DEF,Fulham,0.1802024349980024
37,836,Leon Chiwome,FWD,Wolves,0.18767735971878258
37,353,Phil Foden,MID,Man City,0.17781985947506024
37,353,Phil Foden,MID,Man City,0.17781985947506024
37,379,Christian Eriksen,MID,Man Utd,0.17781985947506024
37,379,Christian Eriksen,MID,Man Utd,0.17781985947506024
37,552,Fábio Silva,FWD,Wolves,0.18767735971878258
37,790,Ivo Grbic,GK,Sheffield Utd,0.08514660217938719
37,521,Alfie Whiteman,GK,Spurs,0.08514660217938719
37,521,Alfie Whiteman,GK,Spurs,0.08514660217938719
37,241,James Tomkins,DEF,Crystal Palace,0.1802024349980024
37,490,William Osula,FWD,Sheffield Utd,0.18767735971878258
37,60,Ollie Watkins,FWD,Aston Villa,0.18767735971878258
37,5,Gabriel dos Santos Magalhães,DEF,Arsenal,0.1802024349980024
37,25,Takehiro Tomiyasu,DEF,Arsenal,0.1802024349980024
37,282,Harrison Reed,MID,Fulham,0.17781985947506024
37,583,Manor Solomon,MID,Spurs,0.17781985947506024
37,583,Manor Solomon,MID,Spurs,0.17781985947506024
37,11,Marcus Oliveira Alencar,MID,Arsenal,0.17781985947506024
37,375,Eric Bailly,DEF,Man Utd,0.1802024349980024
37,375,Eric Bailly,DEF,Man Utd,0.1802024349980024
37,218,Hakim Ziyech,MID,Chelsea,0.17781985947506024
37,218,Hakim Ziyech,MID,Chelsea,0.17781985947506024
37,541,Gianluca Scamacca,FWD,West Ham,0.18767735971878258
37,660,Wilson Odobert,MID,Burnley,0.17781985947506024
37,731,Jili Buyabu,DEF,Sheffield Utd,0.1802024349980024
37,742,Benicio Baker-Boaitey,MID,Brighton,0.17781985947506024
37,742,Benicio Baker-Boaitey,MID,Brighton,0.17781985947506024
37,110,Christian Nørgaard,MID,Brentford,0.17781985947506024
37,421,Sean Longstaff,MID,Newcastle,0.17781985947506024
37,421,Sean Longstaff,MID,Newcastle,0.17781985947506024
37,582,Pelly Ruddock Mpanzu,MID,Luton,0.17781985947506024
37,535,Danny Ings,FWD,West Ham,0.18767735971878258
37,400,Donny van de Beek,MID,Man Utd,0.17781985947506024
37,400,Donny van de Beek,MID,Man Utd,0.17781985947506024
37,438,Giulian Biancone,DEF,Nott'm Forest,0.1802024349980024
37,21,Albert Sambi Lokonga,MID,Luton,0.17781985947506024
37,171,Luke McNally,DEF,Burnley,0.1802024349980024
37,143,Kaoru Mitoma,MID,Brighton,0.17781985947506024
37,143,Kaoru Mitoma,MID,Brighton,0.17781985947506024
37,190,Abdul Rahman Baba,DEF,Chelsea,0.1802024349980024
37,190,Abdul Rahman Baba,DEF,Chelsea,0.1802024349980024
37,78,Dango Ouattara,MID,Bournemouth,0.17781985947506024
37,483,Daniel Jebbison,FWD,Sheffield Utd,0.18767735971878258
37,122,Simon Adingra,MID,Brighton,0.17781985947506024
37,122,Simon Adingra,MID,Brighton,0.17781985947506024
37,180,Scott Twine,MID,Burnley,0.17781985947506024
37,798,Daiki Hashioka,DEF,Luton,0.1802024349980024
37,696,Murillo Santiago Costa dos Santos,DEF,Nott'm Forest,0.1802024349980024
37,769,Owen Hesketh,MID,Wolves,0.17781985947506024
37,366,Sergio Gómez,DEF,Man City,0.1802024349980024
37,366,Sergio Gómez,DEF,Man City,0.1802024349980024
37,668,Wataru Endo,MID,Liverpool,0.17781985947506024
37,442,Danilo dos Santos de Oliveira,MID,Nott'm Forest,0.17781985947506024
37,113,David Raya Martin,GK,Arsenal,0.08514660217938719
37,423,Jacob Murphy,MID,Newcastle,0.17781985947506024
37,423,Jacob Murphy,MID,Newcastle,0.17781985947506024
37,736,Reuell Walters,DEF,Arsenal,0.1802024349980024
37,614,Thomas Kaminski,GK,Luton,0.08514660217938719
37,738,Amadou Diallo,MID,Newcastle,0.17781985947506024
37,738,Amadou Diallo,MID,Newcastle,0.17781985947506024
37,232,Jean-Philippe Mateta,FWD,Crystal Palace,0.18767735971878258
37,827,Dovydas Sasnauskas,DEF,Sheffield Utd,0.1802024349980024
37,849,Michael Dacosta Gonzalez,MID,Bournemouth,0.17781985947506024
37,79,Ben Pearson,MID,Bournemouth,0.17781985947506024
37,175,Bailey Peacock-Farrell,GK,Burnley,0.08514660217938719
37,445,Felipe Augusto de Almeida Monteiro,DEF,Nott'm Forest,0.1802024349980024
37,20,William Saliba,DEF,Arsenal,0.1802024349980024
37,174,Michael Obafemi,FWD,Burnley,0.18767735971878258
37,252,Ben Godfrey,DEF,Everton,0.1802024349980024
37,821,Franco Umeh-Chibueze,FWD,Crystal Palace,0.18767735971878258
37,182,Victor da Silva,DEF,Burnley,0.1802024349980024
37,244,André Tavares Gomes,MID,Everton,0.17781985947506024
37,519,Destiny Udogie,DEF,Spurs,0.1802024349980024
37,519,Destiny Udogie,DEF,Spurs,0.1802024349980024
37,118,Ryan Trevitt,MID,Brentford,0.17781985947506024
37,332,Dion Pereira,MID,Luton,0.17781985947506024
37,763,Tayo Adaramola,DEF,Crystal Palace,0.1802024349980024
37,176,Connor Roberts,DEF,Burnley,0.1802024349980024
37,43,Douglas Luiz Soares de Paulo,MID,Aston Villa,0.17781985947506024
37,101,Mark Flekken,GK,Brentford,0.08514660217938719
37,409,Martin Dubravka,GK,Newcastle,0.08514660217938719
37,409,Martin Dubravka,GK,Newcastle,0.08514660217938719
37,629,James McConnell,MID,Liverpool,0.17781985947506024
37,292,Stefan Bajcetic,MID,Liverpool,0.17781985947506024
37,267,Andreas Hoelgebaum Pereira,MID,Fulham,0.17781985947506024
37,682,Joseph Johnson,DEF,Luton,0.1802024349980024
37,826,Toby Collyer,MID,Man Utd,0.17781985947506024
37,826,Toby Collyer,MID,Man Utd,0.17781985947506024
37,198,Marc Cucurella Saseta,DEF,Chelsea,0.1802024349980024
37,198,Marc Cucurella Saseta,DEF,Chelsea,0.1802024349980024
37,280,João Palhinha Gonçalves,MID,Fulham,0.17781985947506024
37,494,Bryan Gil Salvatierra,MID,Spurs,0.17781985947506024
37,494,Bryan Gil Salvatierra,MID,Spurs,0.17781985947506024
37,830,Jimi Tauriainen,MID,Chelsea,0.17781985947506024
37,830,Jimi Tauriainen,MID,Chelsea,0.17781985947506024
37,467,Neco Williams,DEF,Nott'm Forest,0.1802024349980024
37,404,Harrison Ashby,DEF,Newcastle,0.1802024349980024
37,404,Harrison Ashby,DEF,Newcastle,0.1802024349980024
37,133,Billy Gilmour,MID,Brighton,0.17781985947506024
37,133,Billy Gilmour,MID,Brighton,0.17781985947506024
37,480,John Egan,DEF,Sheffield Utd,0.1802024349980024
37,98,Mikkel Damsgaard,MID,Brentford,0.17781985947506024
37,577,Angelo Ogbonna,DEF,West Ham,0.1802024349980024
37,474,Chris Basham,DEF,Sheffield Utd,0.1802024349980024
37,847,Teddy Sharman-Lowe,GK,Chelsea,0.08514660217938719
37,847,Teddy Sharman-Lowe,GK,Chelsea,0.08514660217938719
37,516,Son Heung-min,MID,Spurs,0.17781985947506024
37,516,Son Heung-min,MID,Spurs,0.17781985947506024
37,298,Joe Gomez,DEF,Liverpool,0.1802024349980024
37,80,Darren Randolph,GK,Bournemouth,0.08514660217938719
37,536,Ben Johnson,DEF,West Ham,0.1802024349980024
37,506,Pedro Porro,DEF,Spurs,0.1802024349980024
37,506,Pedro Porro,DEF,Spurs,0.1802024349980024
37,159,Manuel Benson Hedilazio,MID,Burnley,0.17781985947506024
37,197,Levi Colwill,DEF,Chelsea,0.1802024349980024
37,197,Levi Colwill,DEF,Chelsea,0.1802024349980024
37,460,Jonathan Panzo,DEF,Nott'm Forest,0.1802024349980024
37,534,Pablo Fornals Malla,MID,West Ham,0.17781985947506024
37,314,Elijah Adebayo,FWD,Luton,0.18767735971878258
37,103,Rico Henry,DEF,Brentford,0.1802024349980024
37,782,Owen Beck,DEF,Liverpool,0.1802024349980024
37,627,Bobby Clark,MID,Liverpool,0.17781985947506024
37,531,Flynn Downes,MID,West Ham,0.17781985947506024
37,802,Max Kinsey,DEF,Bournemouth,0.1802024349980024
37,619,Ben Greenwood,DEF,Bournemouth,0.1802024349980024
37,740,Alfie Dorrington,DEF,Spurs,0.1802024349980024
37,740,Alfie Dorrington,DEF,Spurs,0.1802024349980024
37,432,Joe Willock,MID,Newcastle,0.17781985947506024
37,432,Joe Willock,MID,Newcastle,0.17781985947506024
37,422,Javier Manquillo Gaitán,DEF,Newcastle,0.1802024349980024
37,422,Javier Manquillo Gaitán,DEF,Newcastle,0.1802024349980024
37,388,Kobbie Mainoo,MID,Man Utd,0.17781985947506024
37,388,Kobbie Mainoo,MID,Man Utd,0.17781985947506024
37,246,Dominic Calvert-Lewin,FWD,Everton,0.18767735971878258
37,351,Tommy Doyle,MID,Wolves,0.17781985947506024
37,100,Halil Dervişoğlu,FWD,Brentford,0.18767735971878258
37,330,Gabriel Osho,DEF,Luton,0.1802024349980024
37,135,João Pedro Junqueira de Jesus,FWD,Brighton,0.18767735971878258
37,135,João Pedro Junqueira de Jesus,FWD,Brighton,0.18767735971878258
37,752,Vincent Angelini,GK,Brentford,0.08514660217938719
37,544,Kurt Zouma,DEF,West Ham,0.1802024349980024
37,461,Omar Richards,DEF,Nott'm Forest,0.1802024349980024
37,741,Mark O’Mahony,FWD,Brighton,0.18767735971878258
37,741,Mark O’Mahony,FWD,Brighton,0.18767735971878258
37,486,Iliman Ndiaye,FWD,Sheffield Utd,0.18767735971878258
37,337,Elliot Thorpe,MID,Luton,0.17781985947506024
37,348,Shea Charles,MID,Man City,0.17781985947506024
37,348,Shea Charles,MID,Man City,0.17781985947506024
37,510,Joe Rodon,DEF,Spurs,0.1802024349980024
37,510,Joe Rodon,DEF,Spurs,0.1802024349980024
37,833,Habeeb Ogunneye,DEF,Man Utd,0.1802024349980024
37,833,Habeeb Ogunneye,DEF,Man Utd,0.1802024349980024
37,258,Neal Maupay,FWD,Brentford,0.18767735971878258
37,221,Jordan Ayew,MID,Crystal Palace,0.17781985947506024
37,538,Divin Mubama,FWD,West Ham,0.18767735971878258
37,306,Nathaniel Phillips,DEF,Liverpool,0.1802024349980024
37,309,Dominik Szoboszlai,MID,Liverpool,0.17781985947506024
37,730,Ryan Oné,MID,Sheffield Utd,0.17781985947506024
37,796,Kristian Sekularac,MID,Fulham,0.17781985947506024
37,320,Jordan Clark,MID,Luton,0.17781985947506024
37,761,Elijah Campbell,DEF,Everton,0.1802024349980024
37,209,Mason Mount,MID,Man Utd,0.17781985947506024
37,209,Mason Mount,MID,Man Utd,0.17781985947506024
37,91,Ellery Balcombe,GK,Brentford,0.08514660217938719
37,64,David Brooks,MID,Bournemouth,0.17781985947506024
37,134,Pascal Groß,MID,Brighton,0.17781985947506024
37,134,Pascal Groß,MID,Brighton,0.17781985947506024
37,50,John McGinn,MID,Aston Villa,0.17781985947506024
37,743,Treymaurice Nyoni,MID,Liverpool,0.17781985947506024
37,505,Tanguy Ndombélé Alvaro,MID,Spurs,0.17781985947506024
37,505,Tanguy Ndombélé Alvaro,MID,Spurs,0.17781985947506024
37,739,Ben Parkinson,FWD,Newcastle,0.18767735971878258
37,739,Ben Parkinson,FWD,Newcastle,0.18767735971878258
37,239,Jairo Riedewald,MID,Crystal Palace,0.17781985947506024
37,119,Yoane Wissa,FWD,Brentford,0.18767735971878258
37,578,Reiss Nelson,MID,Arsenal,0.17781985947506024
37,713,Ibrahim Sangaré,MID,Nott'm Forest,0.17781985947506024
37,394,Facundo Pellistri Rebollo,MID,Man Utd,0.17781985947506024
37,394,Facundo Pellistri Rebollo,MID,Man Utd,0.17781985947506024
37,69,James Hill,DEF,Bournemouth,0.1802024349980024
37,561,Bruno Cavaco Jordão,MID,Wolves,0.17781985947506024
37,147,Kjell Scherpen,GK,Brighton,0.08514660217938719
37,147,Kjell Scherpen,GK,Brighton,0.08514660217938719
37,363,Máximo Perrone,MID,Man City,0.17781985947506024
37,363,Máximo Perrone,MID,Man City,0.17781985947506024
37,278,Aleksandar Mitrović,FWD,Fulham,0.18767735971878258
37,115,Kevin Schade,MID,Brentford,0.17781985947506024
37,457,Moussa Niakhaté,DEF,Nott'm Forest,0.1802024349980024
37,581,Paul Dummett,DEF,Newcastle,0.1802024349980024
37,581,Paul Dummett,DEF,Newcastle,0.1802024349980024
37,809,Rodrigo Duarte Ribeiro,FWD,Nott'm Forest,0.18767735971878258
37,405,Sven Botman,DEF,Newcastle,0.1802024349980024
37,405,Sven Botman,DEF,Newcastle,0.1802024349980024
37,841,Lewis Warrington,MID,Everton,0.17781985947506024
37,271,Issa Diop,DEF,Fulham,0.1802024349980024
37,17,Aaron Ramsdale,GK,Arsenal,0.08514660217938719
37,845,Odeluga Offiah,DEF,Brighton,0.1802024349980024
37,845,Odeluga Offiah,DEF,Brighton,0.1802024349980024
37,286,Tosin Adarabioyo,DEF,Fulham,0.1802024349980024
37,290,Trent Alexander-Arnold,DEF,Liverpool,0.1802024349980024
37,184,Anass Zaroury,MID,Burnley,0.17781985947506024
37,131,Pervis Estupiñán,DEF,Brighton,0.1802024349980024
37,131,Pervis Estupiñán,DEF,Brighton,0.1802024349980024
37,698,Enso González,MID,Wolves,0.17781985947506024
37,328,Chiedozie Ogbene,FWD,Luton,0.18767735971878258
37,799,Romain Faivre,MID,Bournemouth,0.17781985947506024
37,295,Harvey Elliott,MID,Liverpool,0.17781985947506024
37,576,Jack Robinson,DEF,Sheffield Utd,0.1802024349980024
37,780,Detlef Esapa Osong,FWD,Nott'm Forest,0.18767735971878258
37,12,Gabriel Martinelli Silva,MID,Arsenal,0.17781985947506024
37,183,Wout Weghorst,FWD,Burnley,0.18767735971878258
37,44,Jhon Durán,FWD,Aston Villa,0.18767735971878258
37,345,Oscar Bobb,MID,Man City,0.17781985947506024
37,345,Oscar Bobb,MID,Man City,0.17781985947506024
37,523,Michail Antonio,FWD,West Ham,0.18767735971878258
37,722,Jamie Donley,FWD,Spurs,0.18767735971878258
37,722,Jamie Donley,FWD,Spurs,0.18767735971878258
37,214,Malang Sarr,DEF,Chelsea,0.1802024349980024
37,214,Malang Sarr,DEF,Chelsea,0.1802024349980024
37,834,Benjamin Arthur,DEF,Brentford,0.1802024349980024
37,589,Ângelo Gabriel Borges Damaceno,MID,Chelsea,0.17781985947506024
37,589,Ângelo Gabriel Borges Damaceno,MID,Chelsea,0.17781985947506024
37,639,Micky van de Ven,DEF,Spurs,0.1802024349980024
37,639,Micky van de Ven,DEF,Spurs,0.1802024349980024
37,662,Adama Traoré,MID,Fulham,0.17781985947506024
37,399,Shola Shoretire,FWD,Man Utd,0.18767735971878258
37,399,Shola Shoretire,FWD,Man Utd,0.18767735971878258
37,720,Ademola Ola-Adebomi,FWD,Crystal Palace,0.18767735971878258
37,391,Lisandro Martínez,DEF,Man Utd,0.1802024349980024
37,391,Lisandro Martínez,DEF,Man Utd,0.1802024349980024
37,456,Alex Mighten,MID,Nott'm Forest,0.17781985947506024
37,108,Bryan Mbeumo,MID,Brentford,0.17781985947506024
37,16,Nicolas Pépé,MID,Arsenal,0.17781985947506024
37,815,Mauro Bandeira,MID,Arsenal,0.17781985947506024
37,304,Alexis Mac Allister,MID,Liverpool,0.17781985947506024
37,721,David Ozoh,MID,Crystal Palace,0.17781985947506024
37,759,Sydie Peck,MID,Sheffield Utd,0.17781985947506024
37,618,Omari Kellyman,MID,Aston Villa,0.17781985947506024
37,58,Youri Tielemans,MID,Aston Villa,0.17781985947506024
37,446,Remo Freuler,MID,Nott'm Forest,0.17781985947506024
37,89,Illia Zabarnyi,DEF,Bournemouth,0.1802024349980024
37,646,Karl Hein,GK,Arsenal,0.08514660217938719
37,127,Aaron Connolly,FWD,Brighton,0.18767735971878258
37,127,Aaron Connolly,FWD,Brighton,0.18767735971878258
37,385,Dean Henderson,GK,Crystal Palace,0.08514660217938719
37,177,Jay Rodriguez,FWD,Burnley,0.18767735971878258
37,83,Marcos Senesi,DEF,Bournemouth,0.1802024349980024
37,30,Granit Xhaka,MID,Arsenal,0.17781985947506024
37,596,James Trafford,GK,Burnley,0.08514660217938719
37,407,Dan Burn,DEF,Newcastle,0.1802024349980024
37,407,Dan Burn,DEF,Newcastle,0.1802024349980024
37,525,Saïd Benrahma,MID,West Ham,0.17781985947506024
37,434,Brandon Aguilera Zamora,MID,Nott'm Forest,0.17781985947506024
37,811,Dominic Sadi,MID,Bournemouth,0.17781985947506024
37,650,Tyler Onyango,MID,Everton,0.17781985947506024
37,762,Mahamadou Susoho,MID,Man City,0.17781985947506024
37,762,Mahamadou Susoho,MID,Man City,0.17781985947506024
37,336,Joe Taylor,FWD,Luton,0.18767735971878258
37,663,Gustavo Hamer,MID,Sheffield Utd,0.17781985947506024
37,408,Karl Darlow,GK,Newcastle,0.08514660217938719
37,408,Karl Darlow,GK,Newcastle,0.08514660217938719
37,701,Saman Ghoddos,MID,Brentford,0.17781985947506024
37,220,Joachim Andersen,DEF,Crystal Palace,0.1802024349980024
37,716,Alfie Gilchrist,DEF,Chelsea,0.1802024349980024
37,716,Alfie Gilchrist,DEF,Chelsea,0.1802024349980024
37,319,Allan Campbell,MID,Luton,0.17781985947506024
37,850,Ethan Wheatley,FWD,Man Utd,0.18767735971878258
37,850,Ethan Wheatley,FWD,Man Utd,0.18767735971878258
37,325,Carlos Mendes Gomes,MID,Luton,0.17781985947506024
37,567,Pedro Lomba Neto,MID,Wolves,0.17781985947506024
37,837,Amara Nallo,DEF,Liverpool,0.1802024349980024
37,625,Luc De Fougerolles,DEF,Fulham,0.1802024349980024
37,640,Dane Scarlett,FWD,Spurs,0.18767735971878258
37,640,Dane Scarlett,FWD,Spurs,0.18767735971878258
37,42,Lucas Digne,DEF,Aston Villa,0.1802024349980024
37,199,Enzo Fernández,MID,Chelsea,0.17781985947506024
37,199,Enzo Fernández,MID,Chelsea,0.17781985947506024
37,775,Ben Brereton,MID,Sheffield Utd,0.17781985947506024
37,860,Mikey Moore,MID,Spurs,0.17781985947506024
37,860,Mikey Moore,MID,Spurs,0.17781985947506024
37,428,Matt Targett,DEF,Newcastle,0.1802024349980024
37,428,Matt Targett,DEF,Newcastle,0.1802024349980024
37,253,Demarai Gray,MID,Everton,0.17781985947506024
37,749,Matthew Whittingham,MID,Wolves,0.17781985947506024
37,361,Stefan Ortega Moreno,GK,Man City,0.08514660217938719
37,361,Stefan Ortega Moreno,GK,Man City,0.08514660217938719
37,230,Sam Johnstone,GK,Crystal Palace,0.08514660217938719
37,734,Zack Nelson,MID,Luton,0.17781985947506024
37,788,Yerson Mosquera,DEF,Wolves,0.1802024349980024
37,35,Emiliano Buendía Stati,MID,Aston Villa,0.17781985947506024
37,32,Alexandre Moreno Lopera,DEF,Aston Villa,0.1802024349980024
37,518,Japhet Tanganga,DEF,Spurs,0.1802024349980024
37,518,Japhet Tanganga,DEF,Spurs,0.1802024349980024
37,52,Marvelous Nakamba,MID,Luton,0.17781985947506024
37,96,Nathan Collins,DEF,Brentford,0.1802024349980024
37,26,Leandro Trossard,MID,Arsenal,0.17781985947506024
37,372,Antony Matheus dos Santos,MID,Man Utd,0.17781985947506024
37,372,Antony Matheus dos Santos,MID,Man Utd,0.17781985947506024
37,194,Trevoh Chalobah,DEF,Chelsea,0.1802024349980024
37,194,Trevoh Chalobah,DEF,Chelsea,0.1802024349980024
37,550,Luke Cundle,MID,Wolves,0.17781985947506024
37,533,Lukasz Fabianski,GK,West Ham,0.08514660217938719
37,772,Ethan Nwaneri,MID,Arsenal,0.17781985947506024
37,785,Callum Marshall,FWD,West Ham,0.18767735971878258
37,633,Tino Livramento,DEF,Newcastle,0.1802024349980024
37,633,Tino Livramento,DEF,Newcastle,0.1802024349980024
37,707,Fodé Ballo-Touré,DEF,Fulham,0.1802024349980024
37,357,Aymeric Laporte,DEF,Man City,0.1802024349980024
37,357,Aymeric Laporte,DEF,Man City,0.1802024349980024
37,673,Tyler Adams,MID,Bournemouth,0.17781985947506024
37,430,Kieran Trippier,DEF,Newcastle,0.1802024349980024
37,430,Kieran Trippier,DEF,Newcastle,0.1802024349980024
37,779,Jamie McDonnell,MID,Nott'm Forest,0.17781985947506024
37,509,Richarlison de Andrade,MID,Spurs,0.17781985947506024
37,509,Richarlison de Andrade,MID,Spurs,0.17781985947506024
37,691,Norberto Bercique Gomes Betuncal,FWD,Everton,0.18767735971878258
37,324,John McAtee,FWD,Luton,0.18767735971878258
37,476,Jayden Bogle,DEF,Sheffield Utd,0.1802024349980024
37,148,Jason Steele,GK,Brighton,0.08514660217938719
37,148,Jason Steele,GK,Brighton,0.08514660217938719
37,424,Nick Pope,GK,Newcastle,0.08514660217938719
37,424,Nick Pope,GK,Newcastle,0.08514660217938719
37,6,Kai Havertz,MID,Arsenal,0.17781985947506024
37,61,Wesley Moraes Ferreira da Silva,FWD,Aston Villa,0.18767735971878258
37,528,Vladimír Coufal,DEF,West Ham,0.1802024349980024
37,396,Marcus Rashford,MID,Man Utd,0.17781985947506024
37,396,Marcus Rashford,MID,Man Utd,0.17781985947506024
37,458,Lewis O'Brien,MID,Nott'm Forest,0.17781985947506024
37,132,Evan Ferguson,FWD,Brighton,0.18767735971878258
37,132,Evan Ferguson,FWD,Brighton,0.18767735971878258
37,141,Tom McGill,GK,Brighton,0.08514660217938719
37,141,Tom McGill,GK,Brighton,0.08514660217938719
37,493,Yves Bissouma,MID,Spurs,0.17781985947506024
37,493,Yves Bissouma,MID,Spurs,0.17781985947506024
37,559,João Victor Gomes da Silva,MID,Wolves,0.17781985947506024
37,249,Abdoulaye Doucouré,MID,Everton,0.17781985947506024
37,804,Enes Ünal,FWD,Bournemouth,0.18767735971878258
37,352,Ederson Santana de Moraes,GK,Man City,0.08514660217938719
37,352,Ederson Santana de Moraes,GK,Man City,0.08514660217938719
37,803,Morgan Rogers,MID,Aston Villa,0.17781985947506024
37,313,Virgil van Dijk,DEF,Liverpool,0.1802024349980024
37,439,Willy Boly,DEF,Nott'm Forest,0.1802024349980024
37,689,Mohammed Kudus,MID,West Ham,0.17781985947506024
37,392,Scott McTominay,MID,Man Utd,0.17781985947506024
37,392,Scott McTominay,MID,Man Utd,0.17781985947506024
37,711,Andrew Omobamidele,DEF,Nott'm Forest,0.1802024349980024
37,822,Billy Blacker,FWD,Sheffield Utd,0.18767735971878258
37,793,Kaine Kesler-Hayden,DEF,Aston Villa,0.1802024349980024
37,358,Rico Lewis,DEF,Man City,0.1802024349980024
37,358,Rico Lewis,DEF,Man City,0.1802024349980024
37,382,Alejandro Garnacho,MID,Man Utd,0.17781985947506024
37,382,Alejandro Garnacho,MID,Man Utd,0.17781985947506024
37,715,Jean-Ricner Bellegarde,MID,Wolves,0.17781985947506024
37,251,Jean-Philippe Gbamin,MID,Everton,0.17781985947506024
37,820,Ollie Harrison,MID,Chelsea,0.17781985947506024
37,820,Ollie Harrison,MID,Chelsea,0.17781985947506024
37,624,Lewis Dobbin,MID,Everton,0.17781985947506024
37,760,Jenson Metcalfe,MID,Everton,0.17781985947506024
37,359,Riyad Mahrez,MID,Man City,0.17781985947506024
37,359,Riyad Mahrez,MID,Man City,0.17781985947506024
37,571,Matija Šarkić,GK,Wolves,0.08514660217938719
37,27,Auston Trusty,DEF,Sheffield Utd,0.1802024349980024
37,412,Anthony Gordon,MID,Newcastle,0.17781985947506024
37,412,Anthony Gordon,MID,Newcastle,0.17781985947506024
37,443,Emmanuel Dennis,FWD,Nott'm Forest,0.18767735971878258
37,222,Nathaniel Clyne,DEF,Crystal Palace,0.1802024349980024
37,310,Thiago Alcántara do Nascimento,MID,Liverpool,0.17781985947506024
37,823,Oliver Arblaster,MID,Sheffield Utd,0.17781985947506024
37,684,Ethan Brierley,MID,Brentford,0.17781985947506024
37,776,Timo Werner,FWD,Spurs,0.18767735971878258
37,776,Timo Werner,FWD,Spurs,0.18767735971878258
37,553,Ryan Giles,DEF,Luton,0.1802024349980024
37,327,Admiral Muskwe,FWD,Luton,0.18767735971878258
37,642,Edson Álvarez Velázquez,MID,West Ham,0.17781985947506024
37,10,Jakub Kiwior,DEF,Arsenal,0.1802024349980024
37,70,Lloyd Kelly,DEF,Bournemouth,0.1802024349980024
37,260,Vitalii Mykolenko,DEF,Everton,0.1802024349980024
37,855,Callan McKenna,GK,Bournemouth,0.08514660217938719
37,648,Aidan Francis-Clarke,DEF,Luton,0.1802024349980024
37,497,Emerson Leite de Souza Junior,DEF,Spurs,0.1802024349980024
37,497,Emerson Leite de Souza Junior,DEF,Spurs,0.1802024349980024
37,151,Joël Veltman,DEF,Brighton,0.1802024349980024
37,151,Joël Veltman,DEF,Brighton,0.1802024349980024
37,402,Miguel Almirón Rejala,MID,Newcastle,0.17781985947506024
37,402,Miguel Almirón Rejala,MID,Newcastle,0.17781985947506024
37,179,Bobby Thomas,DEF,Burnley,0.1802024349980024
37,754,Yago de Santiago Alonso,MID,Spurs,0.17781985947506024
37,754,Yago de Santiago Alonso,MID,Spurs,0.17781985947506024
37,102,Charlie Goode,DEF,Brentford,0.1802024349980024
37,726,Luke Chambers,DEF,Liverpool,0.1802024349980024
37,641,Alejo Véliz,FWD,Spurs,0.18767735971878258
37,641,Alejo Véliz,FWD,Spurs,0.18767735971878258
37,187,Kepa Arrizabalaga,GK,Chelsea,0.08514660217938719
37,187,Kepa Arrizabalaga,GK,Chelsea,0.08514660217938719
37,88,Mark Travers,GK,Bournemouth,0.08514660217938719
37,758,Leo Castledine,MID,Chelsea,0.17781985947506024
37,758,Leo Castledine,MID,Chelsea,0.17781985947506024
37,750,Tawanda Chirewa,MID,Wolves,0.17781985947506024
37,765,Sam Proctor,GK,Aston Villa,0.08514660217938719
37,520,Guglielmo Vicario,GK,Spurs,0.08514660217938719
37,520,Guglielmo Vicario,GK,Spurs,0.08514660217938719
37,413,Isaac Hayden,MID,Newcastle,0.17781985947506024
37,413,Isaac Hayden,MID,Newcastle,0.17781985947506024
37,706,Mike Trésor,MID,Burnley,0.17781985947506024
37,419,Jamaal Lascelles,DEF,Newcastle,0.1802024349980024
37,419,Jamaal Lascelles,DEF,Newcastle,0.1802024349980024
37,307,Andrew Robertson,DEF,Liverpool,0.1802024349980024
37,503,Giovani Lo Celso,MID,Spurs,0.17781985947506024
37,503,Giovani Lo Celso,MID,Spurs,0.17781985947506024
37,856,Louis Jackson,DEF,Man Utd,0.1802024349980024
37,856,Louis Jackson,DEF,Man Utd,0.1802024349980024
37,240,Jeffrey Schlupp,MID,Crystal Palace,0.17781985947506024
37,256,Alex Iwobi,MID,Fulham,0.17781985947506024
37,840,Fletcher Holman,FWD,Wolves,0.18767735971878258
37,297,Cody Gakpo,FWD,Liverpool,0.18767735971878258
37,211,Nicolas Jackson,FWD,Chelsea,0.18767735971878258
37,211,Nicolas Jackson,FWD,Chelsea,0.18767735971878258
37,543,Nikola Vlašić,MID,West Ham,0.17781985947506024
37,138,Adam Lallana,MID,Brighton,0.17781985947506024
37,138,Adam Lallana,MID,Brighton,0.17781985947506024
37,548,Hugo Bueno López,DEF,Wolves,0.1802024349980024
37,524,Alphonse Areola,GK,West Ham,0.08514660217938719
37,291,Alisson Ramses Becker,GK,Liverpool,0.08514660217938719
37,513,Pape Matar Sarr,MID,Spurs,0.17781985947506024
37,513,Pape Matar Sarr,MID,Spurs,0.17781985947506024
37,331,Aribim Pepple,FWD,Luton,0.18767735971878258
37,598,Matt Doherty,DEF,Wolves,0.1802024349980024
37,554,Gonçalo Manuel Ganchinho Guedes,MID,Wolves,0.17781985947506024
37,264,Ellis Simms,FWD,Everton,0.18767735971878258
37,560,Jonathan Castro Otto,DEF,Wolves,0.1802024349980024
37,437,Taiwo Awoniyi,FWD,Nott'm Forest,0.18767735971878258
37,114,Mads Roerslev Rasmussen,DEF,Brentford,0.1802024349980024
37,610,Calvin Bassey,DEF,Fulham,0.1802024349980024
37,664,James Ward-Prowse,MID,West Ham,0.17781985947506024
37,311,Konstantinos Tsimikas,DEF,Liverpool,0.1802024349980024
37,128,Mahmoud Dahoud,MID,Brighton,0.17781985947506024
37,128,Mahmoud Dahoud,MID,Brighton,0.17781985947506024
37,609,Ian Maatsen,MID,Chelsea,0.17781985947506024
37,609,Ian Maatsen,MID,Chelsea,0.17781985947506024
37,708,Ryan Gravenberch,MID,Liverpool,0.17781985947506024
37,709,Sofyan Amrabat,MID,Man Utd,0.17781985947506024
37,709,Sofyan Amrabat,MID,Man Utd,0.17781985947506024
37,484,Max Lowe,DEF,Sheffield Utd,0.1802024349980024
37,243,Joe Whitworth,GK,Crystal Palace,0.08514660217938719
37,649,Thomas Cannon,FWD,Everton,0.18767735971878258
37,383,Hannibal Mejbri,MID,Man Utd,0.17781985947506024
37,383,Hannibal Mejbri,MID,Man Utd,0.17781985947506024
37,47,Boubacar Kamara,MID,Aston Villa,0.17781985947506024
37,186,Andrey Nascimento dos Santos,MID,Chelsea,0.17781985947506024
37,186,Andrey Nascimento dos Santos,MID,Chelsea,0.17781985947506024
37,580,Loris Karius,GK,Newcastle,0.08514660217938719
37,580,Loris Karius,GK,Newcastle,0.08514660217938719
37,747,Joshua Duffus,MID,Brighton,0.17781985947506024
37,747,Joshua Duffus,MID,Brighton,0.17781985947506024
37,152,Bart Verbruggen,GK,Brighton,0.08514660217938719
37,152,Bart Verbruggen,GK,Brighton,0.08514660217938719
37,586,Tahith Chong,MID,Luton,0.17781985947506024
37,56,Morgan Sanson,MID,Aston Villa,0.17781985947506024
37,275,Bernd Leno,GK,Fulham,0.08514660217938719
37,99,Josh Dasilva,MID,Brentford,0.17781985947506024
37,440,Josh Bowler,MID,Nott'm Forest,0.17781985947506024
37,671,Bashir Humphreys,DEF,Chelsea,0.1802024349980024
37,671,Bashir Humphreys,DEF,Chelsea,0.1802024349980024
37,31,Oleksandr Zinchenko,DEF,Arsenal,0.1802024349980024
37,272,Tyrese Francois,MID,Fulham,0.17781985947506024
37,433,Callum Wilson,FWD,Newcastle,0.18767735971878258
37,433,Callum Wilson,FWD,Newcastle,0.18767735971878258
37,426,Allan Saint-Maximin,MID,Newcastle,0.17781985947506024
37,426,Allan Saint-Maximin,MID,Newcastle,0.17781985947506024
37,773,Lewis Orford,MID,West Ham,0.17781985947506024
37,694,Han-Noah Massengo,MID,Burnley,0.17781985947506024
37,594,Zeki Amdouni,FWD,Burnley,0.18767735971878258
37,123,Steven Alzate,MID,Brighton,0.17781985947506024
37,123,Steven Alzate,MID,Brighton,0.17781985947506024
37,170,Jóhann Berg Gudmundsson,MID,Burnley,0.17781985947506024
37,665,Tim Krul,GK,Luton,0.08514660217938719
37,39,Keinan Davis,FWD,Aston Villa,0.18767735971878258
37,373,Bruno Borges Fernandes,MID,Man Utd,0.17781985947506024
37,373,Bruno Borges Fernandes,MID,Man Utd,0.17781985947506024
37,87,Hamed Traorè,MID,Bournemouth,0.17781985947506024
37,146,Jeremy Sarmiento Morante,MID,Brighton,0.17781985947506024
37,146,Jeremy Sarmiento Morante,MID,Brighton,0.17781985947506024
37,602,Issa Kaboré,DEF,Luton,0.1802024349980024
37,464,Sam Surridge,FWD,Nott'm Forest,0.18767735971878258
37,318,Reece Burke,DEF,Luton,0.1802024349980024
37,657,Jesurun Rak-Sakyi,MID,Crystal Palace,0.17781985947506024
37,699,Clément Lenglet,DEF,Aston Villa,0.1802024349980024
37,8,Gabriel Fernando de Jesus,FWD,Arsenal,0.18767735971878258
37,674,Hannes Delcroix,DEF,Burnley,0.1802024349980024
37,173,Dara O'Shea,DEF,Burnley,0.1802024349980024
37,496,Eric Dier,DEF,Spurs,0.1802024349980024
37,496,Eric Dier,DEF,Spurs,0.1802024349980024
37,783,Kaide Gordon,MID,Liverpool,0.17781985947506024
37,242,Joel Ward,DEF,Crystal Palace,0.1802024349980024
37,603,Harvey Barnes,MID,Newcastle,0.17781985947506024
37,603,Harvey Barnes,MID,Newcastle,0.17781985947506024
37,791,Cesare Casadei,MID,Chelsea,0.17781985947506024
37,791,Cesare Casadei,MID,Chelsea,0.17781985947506024
37,356,Mateo Kovačić,MID,Man City,0.17781985947506024
37,356,Mateo Kovačić,MID,Man City,0.17781985947506024
37,824,Jayden Danns,FWD,Liverpool,0.18767735971878258
37,588,Ashley Young,DEF,Everton,0.1802024349980024
37,530,Aaron Cresswell,DEF,West Ham,0.1802024349980024
37,508,Sergio Reguilón,DEF,Brentford,0.1802024349980024
37,447,Morgan Gibbs-White,MID,Nott'm Forest,0.17781985947506024
37,395,Raphaël Varane,DEF,Man Utd,0.1802024349980024
37,395,Raphaël Varane,DEF,Man Utd,0.1802024349980024
37,606,Igor Julio dos Santos de Paulo,DEF,Brighton,0.1802024349980024
37,606,Igor Julio dos Santos de Paulo,DEF,Brighton,0.1802024349980024
37,374,Brandon Williams,DEF,Man Utd,0.1802024349980024
37,374,Brandon Williams,DEF,Man Utd,0.1802024349980024
37,502,Hugo Lloris,GK,Spurs,0.08514660217938719
37,502,Hugo Lloris,GK,Spurs,0.08514660217938719
37,427,Fabian Schär,DEF,Newcastle,0.1802024349980024
37,427,Fabian Schär,DEF,Newcastle,0.1802024349980024
37,453,Orel Mangala,MID,Nott'm Forest,0.17781985947506024
37,835,Dermot Mee,GK,Man Utd,0.08514660217938719
37,835,Dermot Mee,GK,Man Utd,0.08514660217938719
37,800,Noha Lemina,MID,Wolves,0.17781985947506024
37,381,Frederico Rodrigues de Paula Santos,MID,Man Utd,0.17781985947506024
37,381,Frederico Rodrigues de Paula Santos,MID,Man Utd,0.17781985947506024
37,818,Joe Gauci,GK,Aston Villa,0.08514660217938719
37,284,Marek Rodák,GK,Fulham,0.08514660217938719
37,92,Shandon Baptiste,MID,Brentford,0.17781985947506024
37,136,Michał Karbownik,DEF,Brighton,0.1802024349980024
37,136,Michał Karbownik,DEF,Brighton,0.1802024349980024
37,623,Mason Burstow,FWD,Chelsea,0.18767735971878258
37,623,Mason Burstow,FWD,Chelsea,0.18767735971878258
37,597,André Onana,GK,Man Utd,0.08514660217938719
37,597,André Onana,GK,Man Utd,0.08514660217938719
37,343,Julián Álvarez,FWD,Man City,0.18767735971878258
37,343,Julián Álvarez,FWD,Man City,0.18767735971878258
37,527,Maxwel Cornet,MID,West Ham,0.17781985947506024
37,274,Terence Kongolo,DEF,Fulham,0.1802024349980024
37,301,Caoimhin Kelleher,GK,Liverpool,0.08514660217938719
37,269,Ivan Neves Abreu Cavaleiro,MID,Fulham,0.17781985947506024
37,75,Chris Mepham,DEF,Bournemouth,0.1802024349980024
37,125,Facundo Buonanotte,MID,Brighton,0.17781985947506024
37,125,Facundo Buonanotte,MID,Brighton,0.17781985947506024
37,158,Samuel Bastien,MID,Burnley,0.17781985947506024
37,481,John Fleck,MID,Sheffield Utd,0.17781985947506024
37,279,Rodrigo Muniz Carvalho,FWD,Fulham,0.18767735971878258
37,172,Arijanet Muric,GK,Burnley,0.08514660217938719
37,843,Samy Chouchane,MID,Brighton,0.17781985947506024
37,843,Samy Chouchane,MID,Brighton,0.17781985947506024
37,165,Josh Cullen,MID,Burnley,0.17781985947506024
37,819,Ishé Samuels-Smith,DEF,Chelsea,0.1802024349980024
37,819,Ishé Samuels-Smith,DEF,Chelsea,0.1802024349980024
37,116,Thomas Strakosha,GK,Brentford,0.08514660217938719
37,4,Fábio Ferreira Vieira,MID,Arsenal,0.17781985947506024
37,745,Michael Ndiweni,FWD,Newcastle,0.18767735971878258
37,745,Michael Ndiweni,FWD,Newcastle,0.18767735971878258
37,223,Cheick Doucouré,MID,Crystal Palace,0.17781985947506024
37,555,Joe Hodge,MID,Wolves,0.17781985947506024
37,632,Omari Forson,MID,Man Utd,0.17781985947506024
37,632,Omari Forson,MID,Man Utd,0.17781985947506024
37,305,Joel Matip,DEF,Liverpool,0.1802024349980024
37,728,Callum Scanlon,DEF,Liverpool,0.1802024349980024
37,512,Davinson Sánchez,DEF,Spurs,0.1802024349980024
37,512,Davinson Sánchez,DEF,Spurs,0.1802024349980024
37,839,Dominic Dos Santos Martins,MID,Luton,0.17781985947506024
37,551,Craig Dawson,DEF,Wolves,0.1802024349980024
37,573,Toti António Gomes,DEF,Wolves,0.1802024349980024
37,522,Nayef Aguerd,DEF,West Ham,0.1802024349980024
37,377,Diogo Dalot Teixeira,DEF,Man Utd,0.1802024349980024
37,377,Diogo Dalot Teixeira,DEF,Man Utd,0.1802024349980024
37,261,Amadou Onana,MID,Everton,0.17781985947506024
37,289,Adrián San Miguel del Castillo,GK,Liverpool,0.08514660217938719
37,645,Youssef Ramalho Chermiti,FWD,Everton,0.18767735971878258
37,19,Bukayo Saka,MID,Arsenal,0.17781985947506024
37,109,Ben Mee,DEF,Brentford,0.1802024349980024
37,469,Joe Worrall,DEF,Nott'm Forest,0.1802024349980024
37,41,Diego Carlos Santos Silva,DEF,Aston Villa,0.1802024349980024
37,66,Lewis Cook,MID,Bournemouth,0.17781985947506024
37,547,Bendegúz Bolla,DEF,Wolves,0.1802024349980024
37,203,Malo Gusto,DEF,Chelsea,0.1802024349980024
37,203,Malo Gusto,DEF,Chelsea,0.1802024349980024
37,316,Amari'i Bell,DEF,Luton,0.1802024349980024
37,248,Dele Alli,MID,Everton,0.17781985947506024
37,208,Noni Madueke,MID,Chelsea,0.17781985947506024
37,208,Noni Madueke,MID,Chelsea,0.17781985947506024
37,595,Milos Kerkez,DEF,Bournemouth,0.1802024349980024
37,317,Luke Berry,MID,Luton,0.17781985947506024
37,45,Kortney Hause,DEF,Aston Villa,0.1802024349980024
37,229,Will Hughes,MID,Crystal Palace,0.17781985947506024
37,415,Alexander Isak,FWD,Newcastle,0.18767735971878258
37,415,Alexander Isak,FWD,Newcastle,0.18767735971878258
37,658,John-Kymani Gordon,FWD,Crystal Palace,0.18767735971878258
37,451,Cheikhou Kouyaté,MID,Nott'm Forest,0.17781985947506024
37,2,Cédric Alves Soares,DEF,Arsenal,0.1802024349980024
37,188,Pierre-Emerick Aubameyang,FWD,Chelsea,0.18767735971878258
37,188,Pierre-Emerick Aubameyang,FWD,Chelsea,0.18767735971878258
37,418,Garang Kuol,MID,Newcastle,0.17781985947506024
37,418,Garang Kuol,MID,Newcastle,0.17781985947506024
37,666,Tom Davies,MID,Sheffield Utd,0.17781985947506024
37,656,Antwoine Hackford,FWD,Sheffield Utd,0.18767735971878258
37,735,Charles Sagoe,MID,Arsenal,0.17781985947506024
37,852,Kiano Dyer,MID,Chelsea,0.17781985947506024
37,852,Kiano Dyer,MID,Chelsea,0.17781985947506024
37,112,Ethan Pinnock,DEF,Brentford,0.1802024349980024
37,862,Tyrese Hall,MID,Spurs,0.17781985947506024
37,862,Tyrese Hall,MID,Spurs,0.17781985947506024
37,651,Jay Stansfield,FWD,Fulham,0.18767735971878258
37,808,Matz Sels,GK,Nott'm Forest,0.08514660217938719
37,470,Ryan Yates,MID,Nott'm Forest,0.17781985947506024
37,672,Nicolò Zaniolo,MID,Aston Villa,0.17781985947506024
37,111,Frank Onyeka,MID,Brentford,0.17781985947506024
37,219,Naouirou Ahamada,MID,Crystal Palace,0.17781985947506024
37,63,Philip Billing,MID,Bournemouth,0.17781985947506024
37,858,Ted Curd,GK,Chelsea,0.08514660217938719
37,858,Ted Curd,GK,Chelsea,0.08514660217938719
37,215,Gabriel Słonina,GK,Chelsea,0.08514660217938719
37,215,Gabriel Słonina,GK,Chelsea,0.08514660217938719
37,228,Marc Guéhi,DEF,Crystal Palace,0.1802024349980024
37,247,Seamus Coleman,DEF,Everton,0.1802024349980024
37,294,Diogo Teixeira da Silva,MID,Liverpool,0.17781985947506024
37,652,Matthew Dibley-Dias,MID,Fulham,0.17781985947506024
37,360,James McAtee,MID,Sheffield Utd,0.17781985947506024
37,733,Valintino Adedokun,DEF,Brentford,0.1802024349980024
37,355,Erling Haaland,FWD,Man City,0.18767735971878258
37,355,Erling Haaland,FWD,Man City,0.18767735971878258
37,163,Jack Cork,MID,Burnley,0.17781985947506024
37,390,Anthony Martial,FWD,Man Utd,0.18767735971878258
37,390,Anthony Martial,FWD,Man Utd,0.18767735971878258
37,154,Danny Welbeck,FWD,Brighton,0.18767735971878258
37,154,Danny Welbeck,FWD,Brighton,0.18767735971878258
37,287,Carlos Vinícius Alves Morais,FWD,Fulham,0.18767735971878258
37,604,Olu Aina,DEF,Nott'm Forest,0.1802024349980024
37,757,Conor Bradley,DEF,Liverpool,0.1802024349980024
37,365,Rodrigo Hernandez,MID,Man City,0.17781985947506024
37,365,Rodrigo Hernandez,MID,Man City,0.17781985947506024
37,792,Daniel Muñoz,DEF,Crystal Palace,0.1802024349980024
37,386,Victor Lindelöf,DEF,Man Utd,0.1802024349980024
37,386,Victor Lindelöf,DEF,Man Utd,0.1802024349980024
37,349,Kevin De Bruyne,MID,Man City,0.17781985947506024
37,349,Kevin De Bruyne,MID,Man City,0.17781985947506024
37,636,George Shelvey,GK,Nott'm Forest,0.08514660217938719
37,659,Lucas Bergström,GK,Chelsea,0.08514660217938719
37,659,Lucas Bergström,GK,Chelsea,0.08514660217938719
37,124,Yasin Ayari,MID,Brighton,0.17781985947506024
37,124,Yasin Ayari,MID,Brighton,0.17781985947506024
37,635,Lewis Miley,MID,Newcastle,0.17781985947506024
37,635,Lewis Miley,MID,Newcastle,0.17781985947506024
37,667,Roméo Lavia,MID,Chelsea,0.17781985947506024
37,667,Roméo Lavia,MID,Chelsea,0.17781985947506024
37,329,Fred Onyedinma,MID,Luton,0.17781985947506024
37,462,Gustavo Henrique Furtado Scarpa,MID,Nott'm Forest,0.17781985947506024
37,104,Aaron Hickey,DEF,Brentford,0.1802024349980024
37,94,Mads Bidstrup,MID,Brentford,0.17781985947506024
37,140,Solly March,MID,Brighton,0.17781985947506024
37,140,Solly March,MID,Brighton,0.17781985947506024
37,200,David Datro Fofana,FWD,Burnley,0.18767735971878258
37,540,Declan Rice,MID,Arsenal,0.17781985947506024
37,748,Joe Hugill,FWD,Man Utd,0.18767735971878258
37,748,Joe Hugill,FWD,Man Utd,0.18767735971878258
37,137,Kacper Kozłowski,MID,Brighton,0.17781985947506024
37,137,Kacper Kozłowski,MID,Brighton,0.17781985947506024
37,81,Joe Rothwell,MID,Bournemouth,0.17781985947506024
37,638,Vini de Souza Costa,MID,Sheffield Utd,0.17781985947506024
37,628,Ben Doak,MID,Liverpool,0.17781985947506024
37,475,Sander Berge,MID,Burnley,0.17781985947506024
37,296,Fabio Henrique Tavares,MID,Liverpool,0.17781985947506024
37,654,Louie Marsh,FWD,Sheffield Utd,0.18767735971878258
37,766,Willy Kambwala,DEF,Man Utd,0.1802024349980024
37,766,Willy Kambwala,DEF,Man Utd,0.1802024349980024
37,485,Oliver McBurnie,FWD,Sheffield Utd,0.18767735971878258
37,106,Mathias Jensen,MID,Brentford,0.17781985947506024
37,323,Matt Macey,GK,Luton,0.08514660217938719
37,201,Wesley Fofana,DEF,Chelsea,0.1802024349980024
37,201,Wesley Fofana,DEF,Chelsea,0.1802024349980024
37,68,Ryan Fredericks,DEF,Bournemouth,0.1802024349980024
37,563,Max Kilman,DEF,Wolves,0.1802024349980024
37,342,Nathan Aké,DEF,Man City,0.1802024349980024
37,342,Nathan Aké,DEF,Man City,0.1802024349980024
37,797,Benjamin Fredrick,DEF,Brentford,0.1802024349980024
37,204,Lewis Hall,DEF,Newcastle,0.1802024349980024
37,204,Lewis Hall,DEF,Newcastle,0.1802024349980024
37,677,Deivid Washington de Souza Eugênio,FWD,Chelsea,0.18767735971878258
37,677,Deivid Washington de Souza Eugênio,FWD,Chelsea,0.18767735971878258
37,403,Elliot Anderson,MID,Newcastle,0.17781985947506024
37,403,Elliot Anderson,MID,Newcastle,0.17781985947506024
37,686,Oliwier Zych,GK,Aston Villa,0.08514660217938719
37,210,Mykhailo Mudryk,MID,Chelsea,0.17781985947506024
37,210,Mykhailo Mudryk,MID,Chelsea,0.17781985947506024
37,777,Radu Dragusin,DEF,Spurs,0.1802024349980024
37,777,Radu Dragusin,DEF,Spurs,0.1802024349980024
37,67,Siriki Dembélé,MID,Bournemouth,0.17781985947506024
37,501,Dejan Kulusevski,MID,Spurs,0.17781985947506024
37,501,Dejan Kulusevski,MID,Spurs,0.17781985947506024
37,568,Daniel Castelo Podence,MID,Wolves,0.17781985947506024
37,202,Conor Gallagher,MID,Chelsea,0.17781985947506024
37,202,Conor Gallagher,MID,Chelsea,0.17781985947506024
37,806,Maxime Esteve,DEF,Burnley,0.1802024349980024
37,226,Eberechi Eze,MID,Crystal Palace,0.17781985947506024
37,463,Jonjo Shelvey,MID,Nott'm Forest,0.17781985947506024
37,537,Thilo Kehrer,DEF,West Ham,0.1802024349980024
37,770,Ty Barnett,MID,Wolves,0.17781985947506024
37,719,Mackenzie Hunt,MID,Everton,0.17781985947506024
37,157,Ameen Al-Dakhil,DEF,Burnley,0.1802024349980024
37,466,Hwang Ui-jo,FWD,Nott'm Forest,0.18767735971878258
37,130,Julio Enciso,MID,Brighton,0.17781985947506024
37,130,Julio Enciso,MID,Brighton,0.17781985947506024
37,692,Steven Benda,GK,Fulham,0.08514660217938719
37,77,Norberto Murara Neto,GK,Bournemouth,0.08514660217938719
37,678,Jérémy Doku,MID,Man City,0.17781985947506024
37,678,Jérémy Doku,MID,Man City,0.17781985947506024
37,452,Richie Laryea,DEF,Nott'm Forest,0.1802024349980024
37,810,Joshua King,MID,Fulham,0.17781985947506024
37,283,Antonee Robinson,DEF,Fulham,0.1802024349980024
37,558,Raúl Jiménez,FWD,Fulham,0.18767735971878258
37,854,Finley Munroe,DEF,Aston Villa,0.1802024349980024
37,339,Louie Watson,MID,Luton,0.17781985947506024
37,557,Hwang Hee-chan,MID,Wolves,0.17781985947506024
37,591,Willian Borges da Silva,MID,Fulham,0.17781985947506024
37,838,Josh Acheampong,DEF,Chelsea,0.1802024349980024
37,838,Josh Acheampong,DEF,Chelsea,0.1802024349980024
37,477,Rhian Brewster,FWD,Sheffield Utd,0.18767735971878258
37,575,Tom Lockyer,DEF,Luton,0.1802024349980024
37,263,Jordan Pickford,GK,Everton,0.08514660217938719
37,620,Michael Olakigbe,MID,Brentford,0.17781985947506024
37,587,Anis Slimane,MID,Sheffield Utd,0.17781985947506024
37,406,Bruno Guimarães Rodriguez Moura,MID,Newcastle,0.17781985947506024
37,406,Bruno Guimarães Rodriguez Moura,MID,Newcastle,0.17781985947506024
37,410,Ryan Fraser,MID,Newcastle,0.17781985947506024
37,410,Ryan Fraser,MID,Newcastle,0.17781985947506024
37,273,Anthony Knockaert,MID,Fulham,0.17781985947506024
37,387,Harry Maguire,DEF,Man Utd,0.1802024349980024
37,387,Harry Maguire,DEF,Man Utd,0.1802024349980024
37,590,Matheus Santos Carneiro Da Cunha,FWD,Wolves,0.18767735971878258
37,768,Rhys Bennett,DEF,Man Utd,0.1802024349980024
37,768,Rhys Bennett,DEF,Man Utd,0.1802024349980024
37,549,Francisco Jorge Tomás Oliveira,MID,Wolves,0.17781985947506024
37,556,Ki-Jana Hoever,DEF,Wolves,0.1802024349980024
37,608,Jacob Bruun Larsen,MID,Burnley,0.17781985947506024
37,454,Loïc Mbe Soh,DEF,Nott'm Forest,0.1802024349980024
37,853,Temple Ojinnaka,MID,Wolves,0.17781985947506024
37,599,Moussa Diaby,MID,Aston Villa,0.17781985947506024
37,321,Alfie Doughty,DEF,Luton,0.1802024349980024
37,778,James Wright,GK,Aston Villa,0.08514660217938719
37,346,João Cancelo,DEF,Man City,0.1802024349980024
37,346,João Cancelo,DEF,Man City,0.1802024349980024
37,584,Pau Torres,DEF,Aston Villa,0.1802024349980024
37,697,Santiago Bueno,DEF,Wolves,0.1802024349980024
37,3,Mohamed Elneny,MID,Arsenal,0.17781985947506024
37,245,Jarrad Branthwaite,DEF,Everton,0.1802024349980024
37,825,Kaden Rodney,MID,Crystal Palace,0.17781985947506024
37,14,Martin Ødegaard,MID,Arsenal,0.17781985947506024
37,566,Matheus Luiz Nunes,MID,Man City,0.17781985947506024
37,566,Matheus Luiz Nunes,MID,Man City,0.17781985947506024
37,683,Luke Harris,MID,Fulham,0.17781985947506024
37,564,Tom King,GK,Wolves,0.08514660217938719
37,350,Rúben Gato Alves Dias,DEF,Man City,0.1802024349980024
37,350,Rúben Gato Alves Dias,DEF,Man City,0.1802024349980024
37,333,Dan Potts,DEF,Luton,0.1802024349980024
37,517,Djed Spence,DEF,Spurs,0.1802024349980024
37,517,Djed Spence,DEF,Spurs,0.1802024349980024
37,693,Luke Thomas,DEF,Sheffield Utd,0.1802024349980024
37,33,Cameron Archer,FWD,Sheffield Utd,0.18767735971878258
37,49,Emiliano Martínez Romero,GK,Aston Villa,0.08514660217938719
37,270,Bobby De Cordova-Reid,MID,Fulham,0.17781985947506024
37,542,Tomáš Souček,MID,West Ham,0.17781985947506024
37,630,Ross Barkley,MID,Luton,0.17781985947506024
37,679,Gonzalo Montiel,DEF,Nott'm Forest,0.1802024349980024
37,801,Giovanni Reyna,MID,Nott'm Forest,0.17781985947506024
37,616,Joško Gvardiol,DEF,Man City,0.1802024349980024
37,616,Joško Gvardiol,DEF,Man City,0.1802024349980024
37,362,Cole Palmer,MID,Chelsea,0.17781985947506024
37,362,Cole Palmer,MID,Chelsea,0.17781985947506024
37,507,Ivan Perišić,DEF,Spurs,0.1802024349980024
37,507,Ivan Perišić,DEF,Spurs,0.1802024349980024
37,472,Jordan Amissah,GK,Sheffield Utd,0.08514660217938719
37,376,Carlos Henrique Casimiro,MID,Man Utd,0.17781985947506024
37,376,Carlos Henrique Casimiro,MID,Man Utd,0.17781985947506024
37,861,Noël Atom,DEF,Brighton,0.1802024349980024
37,861,Noël Atom,DEF,Brighton,0.1802024349980024
37,384,Tom Heaton,GK,Man Utd,0.08514660217938719
37,384,Tom Heaton,GK,Man Utd,0.08514660217938719
37,814,Jacob Wright,MID,Man City,0.17781985947506024
37,814,Jacob Wright,MID,Man City,0.17781985947506024
37,312,Sepp van den Berg,DEF,Liverpool,0.1802024349980024
37,471,Anel Ahmedhodžić,DEF,Sheffield Utd,0.1802024349980024
37,643,Max Aarons,DEF,Bournemouth,0.1802024349980024
37,637,Josh Powell,DEF,Nott'm Forest,0.1802024349980024
37,511,Cristian Romero,DEF,Spurs,0.1802024349980024
37,511,Cristian Romero,DEF,Spurs,0.1802024349980024
37,546,Daniel Bentley,GK,Wolves,0.08514660217938719
37,831,Axel Piesold,MID,Luton,0.17781985947506024
37,185,Ethan Ampadu,DEF,Chelsea,0.1802024349980024
37,185,Ethan Ampadu,DEF,Chelsea,0.1802024349980024
37,150,Jan Paul van Hecke,DEF,Brighton,0.1802024349980024
37,150,Jan Paul van Hecke,DEF,Brighton,0.1802024349980024
37,592,Yasser Larouci,DEF,Sheffield Utd,0.1802024349980024
37,196,Carney Chukwuemeka,MID,Chelsea,0.17781985947506024
37,196,Carney Chukwuemeka,MID,Chelsea,0.17781985947506024
37,326,Carlton Morris,FWD,Luton,0.18767735971878258
37,710,Odysseas Vlachodimos,GK,Nott'm Forest,0.08514660217938719
37,746,Ben Jackson,DEF,Brighton,0.1802024349980024
37,746,Ben Jackson,DEF,Brighton,0.1802024349980024
37,829,George Earthy,MID,West Ham,0.17781985947506024
37,479,Adam Davies,GK,Sheffield Utd,0.08514660217938719
37,744,Myles Peart-Harris,MID,Brentford,0.17781985947506024
37,234,Tyrick Mitchell,DEF,Crystal Palace,0.1802024349980024
37,504,James Maddison,MID,Spurs,0.17781985947506024
37,504,James Maddison,MID,Spurs,0.17781985947506024
37,340,Cauley Woodrow,FWD,Luton,0.18767735971878258
37,308,Mohamed Salah,MID,Liverpool,0.17781985947506024
37,500,Harry Kane,FWD,Spurs,0.18767735971878258
37,500,Harry Kane,FWD,Spurs,0.18767735971878258
37,367,Zack Steffen,GK,Man City,0.08514660217938719
37,367,Zack Steffen,GK,Man City,0.08514660217938719
37,82,Antoine Semenyo,FWD,Bournemouth,0.18767735971878258
37,737,Bradley Ibrahim,MID,Arsenal,0.17781985947506024
37,695,Altay Bayindir,GK,Man Utd,0.08514660217938719
37,695,Altay Bayindir,GK,Man Utd,0.08514660217938719
37,213,Christian Pulisic,MID,Chelsea,0.17781985947506024
37,213,Christian Pulisic,MID,Chelsea,0.17781985947506024
37,153,Adam Webster,DEF,Brighton,0.1802024349980024
37,153,Adam Webster,DEF,Brighton,0.1802024349980024
37,293,Darwin Núñez Ribeiro,FWD,Liverpool,0.18767735971878258
37,611,Axel Disasi,DEF,Chelsea,0.1802024349980024
37,611,Axel Disasi,DEF,Chelsea,0.1802024349980024
37,156,Enock Agyei,MID,Burnley,0.17781985947506024
37,1,Folarin Balogun,FWD,Arsenal,0.18767735971878258
37,51,Tyrone Mings,DEF,Aston Villa,0.1802024349980024
37,712,Nicolás Domínguez,MID,Nott'm Forest,0.17781985947506024
37,529,Conor Coventry,MID,West Ham,0.17781985947506024
37,478,Ismaila Coulibaly,MID,Sheffield Utd,0.17781985947506024
37,161,Josh Brownhill,MID,Burnley,0.17781985947506024
37,498,Fraser Forster,GK,Spurs,0.08514660217938719
37,498,Fraser Forster,GK,Spurs,0.08514660217938719
37,231,Jefferson Lerma Solís,MID,Crystal Palace,0.17781985947506024
37,322,Luke Freeman,MID,Luton,0.17781985947506024
37,129,Lewis Dunk,DEF,Brighton,0.1802024349980024
37,129,Lewis Dunk,DEF,Brighton,0.1802024349980024
37,189,César Azpilicueta,DEF,Chelsea,0.1802024349980024
37,189,César Azpilicueta,DEF,Chelsea,0.1802024349980024
37,756,Marcelo de Araújo Pitaluga Filho,GK,Liverpool,0.08514660217938719
37,805,Lorenz Assignon,DEF,Burnley,0.1802024349980024
37,441,Steve Cook,DEF,Nott'm Forest,0.1802024349980024
37,167,Hjalmar Ekdal,DEF,Burnley,0.1802024349980024
37,370,Alex Telles,DEF,Man Utd,0.1802024349980024
37,370,Alex Telles,DEF,Man Utd,0.1802024349980024
37,755,Luca Barrington,MID,Brighton,0.17781985947506024
37,755,Luca Barrington,MID,Brighton,0.17781985947506024
37,569,José Malheiro de Sá,GK,Wolves,0.08514660217938719
37,266,João Neves Virgínia,GK,Everton,0.08514660217938719
37,276,Saša Lukić,MID,Fulham,0.17781985947506024
37,74,Emiliano Marcondes,MID,Bournemouth,0.17781985947506024
37,794,Joe White,MID,Newcastle,0.17781985947506024
37,794,Joe White,MID,Newcastle,0.17781985947506024
37,55,Jacob Ramsey,MID,Aston Villa,0.17781985947506024
37,429,Sandro Tonali,MID,Newcastle,0.17781985947506024
37,429,Sandro Tonali,MID,Newcastle,0.17781985947506024
37,771,Micah Hamilton,MID,Man City,0.17781985947506024
37,771,Micah Hamilton,MID,Man City,0.17781985947506024
37,704,Nathan Fraser,FWD,Wolves,0.18767735971878258
37,107,Keane Lewis-Potter,MID,Brentford,0.17781985947506024
37,259,Dwight McNeil,MID,Everton,0.17781985947506024
37,786,Cameron Peupion,MID,Brighton,0.17781985947506024
37,786,Cameron Peupion,MID,Brighton,0.17781985947506024
37,126,Moisés Caicedo Corozo,MID,Chelsea,0.17781985947506024
37,126,Moisés Caicedo Corozo,MID,Chelsea,0.17781985947506024
37,9,Jorge Luiz Frello Filho,MID,Arsenal,0.17781985947506024
37,285,Kenny Tete,DEF,Fulham,0.1802024349980024
37,787,Harvey Griffiths,MID,Wolves,0.17781985947506024
37,162,Darko Churlinov,MID,Burnley,0.17781985947506024
37,661,Jack Harrison,MID,Everton,0.17781985947506024
37,338,Jack Walton,GK,Luton,0.08514660217938719
37,688,Timothy Castagne,DEF,Fulham,0.1802024349980024
37,84,Adam Smith,DEF,Bournemouth,0.1802024349980024
37,166,CJ Egan-Riley,DEF,Burnley,0.1802024349980024
37,207,Romelu Lukaku Bolingoli,FWD,Chelsea,0.18767735971878258
37,207,Romelu Lukaku Bolingoli,FWD,Chelsea,0.18767735971878258
37,250,James Garner,MID,Everton,0.17781985947506024
37,217,Thiago Emiliano da Silva,DEF,Chelsea,0.1802024349980024
37,217,Thiago Emiliano da Silva,DEF,Chelsea,0.1802024349980024
37,7,Rob Holding,DEF,Crystal Palace,0.1802024349980024
37,401,Aaron Wan-Bissaka,DEF,Man Utd,0.1802024349980024
37,401,Aaron Wan-Bissaka,DEF,Man Utd,0.1802024349980024
37,149,Deniz Undav,FWD,Brighton,0.18767735971878258
37,149,Deniz Undav,FWD,Brighton,0.18767735971878258
37,380,Álvaro Fernández Carreras,DEF,Man Utd,0.1802024349980024
37,380,Álvaro Fernández Carreras,DEF,Man Utd,0.1802024349980024
37,59,Bertrand Traoré,MID,Aston Villa,0.17781985947506024
37,262,Nathan Patterson,DEF,Everton,0.1802024349980024
37,212,Christopher Nkunku,FWD,Chelsea,0.18767735971878258
37,212,Christopher Nkunku,FWD,Chelsea,0.18767735971878258
37,436,Serge Aurier,DEF,Nott'm Forest,0.1802024349980024
37,268,Tom Cairney,MID,Fulham,0.17781985947506024
37,435,Harry Arter,MID,Nott'm Forest,0.17781985947506024
37,718,Alex Matos,MID,Chelsea,0.17781985947506024
37,718,Alex Matos,MID,Chelsea,0.17781985947506024
37,444,Mohamed Dräger,DEF,Nott'm Forest,0.1802024349980024
37,18,Rúnar Alex Rúnarsson,GK,Arsenal,0.08514660217938719
37,347,Scott Carson,GK,Man City,0.08514660217938719
37,347,Scott Carson,GK,Man City,0.08514660217938719
37,859,Zak Sturge,DEF,Chelsea,0.1802024349980024
37,859,Zak Sturge,DEF,Chelsea,0.1802024349980024
37,593,Bénie Traoré,FWD,Sheffield Utd,0.18767735971878258
37,585,Jurriën Timber,DEF,Arsenal,0.1802024349980024
37,160,Jordan Beyer,DEF,Burnley,0.1802024349980024
37,482,Wes Foderingham,GK,Sheffield Utd,0.08514660217938719
37,812,Lewis Koumas,FWD,Liverpool,0.18767735971878258
37,676,Konstantinos Mavropanos,DEF,West Ham,0.1802024349980024
37,681,Diego Manuel Jadon da Silva Moreira,MID,Chelsea,0.17781985947506024
37,681,Diego Manuel Jadon da Silva Moreira,MID,Chelsea,0.17781985947506024
37,225,Odsonne Edouard,FWD,Crystal Palace,0.18767735971878258
37,73,Jamal Lowe,MID,Bournemouth,0.17781985947506024
37,622,Owen Dodgson,DEF,Burnley,0.1802024349980024
37,425,Matt Ritchie,MID,Newcastle,0.17781985947506024
37,425,Matt Ritchie,MID,Newcastle,0.17781985947506024
37,168,Lyle Foster,FWD,Burnley,0.18767735971878258
37,675,Aaron Ramsey,MID,Burnley,0.17781985947506024
37,142,James Milner,MID,Brighton,0.17781985947506024
37,142,James Milner,MID,Brighton,0.17781985947506024
37,600,Nathan Redmond,MID,Burnley,0.17781985947506024
37,121,Mathias Jorgensen,DEF,Brentford,0.1802024349980024
37,236,Michael Olise,MID,Crystal Palace,0.17781985947506024
37,515,Oliver Skipp,MID,Spurs,0.17781985947506024
37,515,Oliver Skipp,MID,Spurs,0.17781985947506024
37,40,Leander Dendoncker,MID,Aston Villa,0.17781985947506024
37,455,Scott McKenna,DEF,Nott'm Forest,0.1802024349980024
37,257,Michael Keane,DEF,Everton,0.1802024349980024
37,562,Sasa Kalajdzic,FWD,Wolves,0.18767735971878258
37,526,Jarrod Bowen,MID,West Ham,0.17781985947506024
37,28,Matt Turner,GK,Nott'm Forest,0.08514660217938719
37,216,Raheem Sterling,MID,Chelsea,0.17781985947506024
37,216,Raheem Sterling,MID,Chelsea,0.17781985947506024
37,431,Kell Watts,DEF,Newcastle,0.1802024349980024
37,431,Kell Watts,DEF,Newcastle,0.1802024349980024
37,315,Mads Juel Andersen,DEF,Luton,0.1802024349980024
37,95,Sergi Canós Tenés,MID,Brentford,0.17781985947506024
37,65,Ryan Christie,MID,Bournemouth,0.17781985947506024
37,120,Yegor Yarmoliuk,MID,Brentford,0.17781985947506024
37,842,Roshaun Mathurin,MID,Crystal Palace,0.17781985947506024
37,145,Robert Sánchez,GK,Chelsea,0.08514660217938719
37,145,Robert Sánchez,GK,Chelsea,0.08514660217938719
37,71,Gavin Kilkenny,MID,Bournemouth,0.17781985947506024
37,193,Armando Broja,FWD,Fulham,0.18767735971878258
37,85,Dominic Solanke,FWD,Bournemouth,0.18767735971878258
37,468,Chris Wood,FWD,Nott'm Forest,0.18767735971878258
37,644,Alex Scott,MID,Bournemouth,0.17781985947506024
37,54,Jaden Philogene-Bidace,MID,Aston Villa,0.17781985947506024
37,670,Filip Marschall,GK,Aston Villa,0.08514660217938719
37,364,Kalvin Phillips,MID,West Ham,0.17781985947506024
37,492,Rodrigo Bentancur,MID,Spurs,0.17781985947506024
37,492,Rodrigo Bentancur,MID,Spurs,0.17781985947506024
37,36,Matty Cash,DEF,Aston Villa,0.1802024349980024
37,255,Mason Holgate,DEF,Sheffield Utd,0.1802024349980024
37,334,Glen Rea,MID,Luton,0.17781985947506024
37,62,Jaidon Anthony,MID,Bournemouth,0.17781985947506024
37,139,Tariq Lamptey,DEF,Brighton,0.1802024349980024
37,139,Tariq Lamptey,DEF,Brighton,0.1802024349980024
37,647,Joseph Anang,GK,West Ham,0.08514660217938719
37,473,George Baldock,DEF,Sheffield Utd,0.1802024349980024
37,414,Jeff Hendrick,MID,Newcastle,0.17781985947506024
37,414,Jeff Hendrick,MID,Newcastle,0.17781985947506024
37,411,Mark Gillespie,GK,Newcastle,0.08514660217938719
37,411,Mark Gillespie,GK,Newcastle,0.08514660217938719
37,717,Ronnie Stutter,FWD,Chelsea,0.18767735971878258
37,717,Ronnie Stutter,FWD,Chelsea,0.18767735971878258
37,572,Nélson Cabral Semedo,DEF,Wolves,0.1802024349980024
37,832,Wesley Okoduwa,DEF,Wolves,0.1802024349980024
37,277,Kevin Mbabu,DEF,Fulham,0.1802024349980024
37,389,Tyrell Malacia,DEF,Man Utd,0.1802024349980024
37,389,Tyrell Malacia,DEF,Man Utd,0.1802024349980024
37,789,Hákon Valdimarsson,GK,Brentford,0.08514660217938719
37,687,Đorđe Petrović,GK,Chelsea,0.08514660217938719
37,687,Đorđe Petrović,GK,Chelsea,0.08514660217938719
37,727,Andros Townsend,MID,Luton,0.17781985947506024
37,238,Chris Richards,DEF,Crystal Palace,0.1802024349980024
37,299,Jordan Henderson,MID,Liverpool,0.17781985947506024
37,685,Daniel Gore,MID,Man Utd,0.17781985947506024
37,685,Daniel Gore,MID,Man Utd,0.17781985947506024
37,369,Kyle Walker,DEF,Man City,0.1802024349980024
37,369,Kyle Walker,DEF,Man City,0.1802024349980024
37,631,Jacob Brown,FWD,Luton,0.18767735971878258
37,227,Vicente Guaita,GK,Crystal Palace,0.08514660217938719
37,459,Braian Ojeda Rodríguez,MID,Nott'm Forest,0.17781985947506024
37,93,Mads Bech Sørensen,DEF,Brentford,0.1802024349980024
38,653,Femi Seriki,DEF,Sheffield Utd,0.18020243499800234
38,723,Josh Brooking,DEF,Chelsea,0.18020243499800234
38,669,Radek Vítek,GK,Man Utd,0.08514660217938719
38,621,Jack Hinshelwood,MID,Brighton,0.17781985947506024
38,397,Jadon Sancho,MID,Man Utd,0.17781985947506024
38,714,Divock Origi,FWD,Nott'm Forest,0.18767735971878252
38,828,Sam Curtis,DEF,Sheffield Utd,0.18020243499800234
38,487,Rhys Norrington-Davies,DEF,Sheffield Utd,0.18020243499800234
38,105,Vitaly Janelt,MID,Brentford,0.17781985947506024
38,607,Ionuț Radu,GK,Bournemouth,0.08514660217938719
38,655,Andre Brooks,MID,Sheffield Utd,0.17781985947506024
38,354,Jack Grealish,MID,Man City,0.17781985947506024
38,417,Emil Krafth,DEF,Newcastle,0.18020243499800234
38,574,Boubacar Traoré,MID,Wolves,0.17781985947506024
38,169,Denis Franchi,GK,Burnley,0.08514660217938719
38,335,James Shea,GK,Luton,0.08514660217938719
38,844,Christian Chigozie,DEF,Luton,0.18020243499800234
38,300,Curtis Jones,MID,Liverpool,0.17781985947506024
38,764,Myles Lewis-Skelly,MID,Arsenal,0.17781985947506024
38,732,Devan Tanton,DEF,Fulham,0.18020243499800234
38,206,Reece James,DEF,Chelsea,0.18020243499800234
38,491,Brandon Austin,GK,Spurs,0.08514660217938719
38,700,Anssumane Fati Vieira,MID,Brighton,0.17781985947506024
38,53,Robin Olsen,GK,Aston Villa,0.08514660217938719
38,813,Fabian Mrozek,GK,Liverpool,0.08514660217938719
38,781,Joe Gardner,FWD,Nott'm Forest,0.18767735971878252
38,489,Ben Osborn,MID,Sheffield Utd,0.17781985947506024
38,371,Amad Diallo,MID,Man Utd,0.17781985947506024
38,378,Anthony Elanga,MID,Nott'm Forest,0.17781985947506024
38,774,Kaelan Casey,DEF,West Ham,0.18020243499800234
38,488,Oliver Norwood,MID,Sheffield Utd,0.17781985947506024
38,465,Harry Toffolo,DEF,Nott'm Forest,0.18020243499800234
38,866,Lander Emery,GK,Aston Villa,0.08514660217938719
38,344,Bernardo Veiga de Carvalho e Silva,MID,Man City,0.17781985947506024
38,178,Charlie Taylor,DEF,Burnley,0.18020243499800234
38,807,Adam Wharton,MID,Crystal Palace,0.17781985947506024
38,117,Ivan Toney,FWD,Brentford,0.18767735971878252
38,725,Ji-Soo Kim,DEF,Brentford,0.18020243499800234
38,23,Nuno Varela Tavares,DEF,Nott'm Forest,0.18020243499800234
38,634,Alex Murphy,DEF,Newcastle,0.18020243499800234
38,13,Eddie Nketiah,FWD,Arsenal,0.18767735971878252
38,191,Benoît Badiashile,DEF,Chelsea,0.18020243499800234
38,22,Emile Smith Rowe,MID,Arsenal,0.17781985947506024
38,626,Jarell Quansah,DEF,Liverpool,0.18020243499800234
38,195,Ben Chilwell,DEF,Chelsea,0.18020243499800234
38,38,Philippe Coutinho Correia,MID,Aston Villa,0.17781985947506024
38,46,Tim Iroegbunam,MID,Aston Villa,0.17781985947506024
38,579,Andy Lonergan,GK,Everton,0.08514660217938719
38,690,Carlos Baleba,MID,Brighton,0.17781985947506024
38,570,Pablo Sarabia,MID,Wolves,0.17781985947506024
38,76,Kieffer Moore,FWD,Bournemouth,0.18767735971878252
38,448,Wayne Hennessey,GK,Nott'm Forest,0.08514660217938719
38,233,Remi Matthews,GK,Crystal Palace,0.08514660217938719
38,302,Ibrahima Konaté,DEF,Liverpool,0.18020243499800234
38,416,Joelinton Cássio Apolinário de Lira,MID,Newcastle,0.17781985947506024
38,795,Travis Hernes,MID,Newcastle,0.17781985947506024
38,86,Marcus Tavernier,MID,Bournemouth,0.17781985947506024
38,97,Matthew Cox,GK,Brentford,0.08514660217938719
38,848,Taylan Harris,FWD,Luton,0.18767735971878252
38,341,Manuel Akanji,DEF,Man City,0.18020243499800234
38,615,Matheus França de Oliveira,MID,Crystal Palace,0.17781985947506024
38,751,Justin Hubner,DEF,Wolves,0.18020243499800234
38,539,Lucas Tolentino Coelho de Lima,MID,West Ham,0.17781985947506024
38,617,Rasmus Højlund,FWD,Man Utd,0.18767735971878252
38,605,Luca Koleosho,MID,Burnley,0.17781985947506024
38,545,Rayan Aït-Nouri,DEF,Wolves,0.18020243499800234
38,37,Calum Chambers,DEF,Aston Villa,0.18020243499800234
38,495,Ben Davies,DEF,Spurs,0.18020243499800234
38,532,Emerson Palmieri dos Santos,DEF,West Ham,0.18020243499800234
38,303,Luis Díaz,MID,Liverpool,0.17781985947506024
38,181,Lawrence Vigouroux,GK,Burnley,0.08514660217938719
38,144,Jakub Moder,MID,Brighton,0.17781985947506024
38,767,Tommi O'Reilly,MID,Aston Villa,0.17781985947506024
38,164,Dara Costelloe,MID,Burnley,0.17781985947506024
38,702,Ashley Phillips,DEF,Spurs,0.18020243499800234
38,368,John Stones,DEF,Man City,0.18020243499800234
38,254,Idrissa Gueye,MID,Everton,0.17781985947506024
38,288,Harry Wilson,MID,Fulham,0.17781985947506024
38,192,Marcus Bettinelli,GK,Chelsea,0.08514660217938719
38,224,Malcolm Ebiowei,MID,Crystal Palace,0.17781985947506024
38,29,Benjamin White,DEF,Arsenal,0.18020243499800234
38,753,Leigh Kavanagh,DEF,Brighton,0.18020243499800234
38,393,Teden Mengi,DEF,Luton,0.18020243499800234
38,48,Ezri Konsa Ngoyo,DEF,Aston Villa,0.18020243499800234
38,857,Owen Hampson,MID,Sheffield Utd,0.17781985947506024
38,705,Luis Sinisterra,MID,Bournemouth,0.17781985947506024
38,15,Thomas Partey,MID,Arsenal,0.17781985947506024
38,729,Jayden Luker,MID,Luton,0.17781985947506024
38,420,Jamal Lewis,DEF,Newcastle,0.18020243499800234
38,34,Leon Bailey,MID,Aston Villa,0.17781985947506024
38,703,Jonny Evans,DEF,Man Utd,0.18020243499800234
38,449,Ethan Horvath,GK,Nott'm Forest,0.08514660217938719
38,816,Valentín Barco,DEF,Brighton,0.18020243499800234
38,237,Luke Plange,FWD,Crystal Palace,0.18767735971878252
38,398,Luke Shaw,DEF,Man Utd,0.18020243499800234
38,784,Oliver Scarles,DEF,West Ham,0.18020243499800234
38,565,Mario Lemina,MID,Wolves,0.17781985947506024
38,155,Andi Zeqiri,FWD,Brighton,0.18767735971878252
38,265,James Tarkowski,DEF,Everton,0.18020243499800234
38,90,Kristoffer Ajer,DEF,Brentford,0.18020243499800234
38,450,Brennan Johnson,MID,Spurs,0.17781985947506024
38,851,Tyrique George,FWD,Chelsea,0.18767735971878252
38,235,Jake O'Brien,DEF,Crystal Palace,0.18020243499800234
38,846,Harry Amass,DEF,Man Utd,0.18020243499800234
38,680,Eddie Beach,GK,Chelsea,0.08514660217938719
38,817,James Sweet,DEF,Arsenal,0.18020243499800234
38,514,Ryan Sessegnon,DEF,Spurs,0.18020243499800234
38,72,Justin Kluivert,MID,Bournemouth,0.17781985947506024
38,57,Viljami Sinisalo,GK,Aston Villa,0.08514660217938719
38,499,Pierre-Emile Højbjerg,MID,Spurs,0.17781985947506024
38,613,Lesley Ugochukwu,MID,Chelsea,0.17781985947506024
38,724,Jadan Raymond,MID,Crystal Palace,0.17781985947506024
38,601,Arnaut Danjuma Groeneveld,MID,Everton,0.17781985947506024
38,205,Callum Hudson-Odoi,MID,Nott'm Forest,0.17781985947506024
38,24,Kieran Tierney,DEF,Arsenal,0.18020243499800234
38,281,Tim Ream,DEF,Fulham,0.18020243499800234
38,836,Leon Chiwome,FWD,Wolves,0.18767735971878252
38,353,Phil Foden,MID,Man City,0.17781985947506024
38,379,Christian Eriksen,MID,Man Utd,0.17781985947506024
38,552,Fábio Silva,FWD,Wolves,0.18767735971878252
38,790,Ivo Grbic,GK,Sheffield Utd,0.08514660217938719
38,521,Alfie Whiteman,GK,Spurs,0.08514660217938719
38,241,James Tomkins,DEF,Crystal Palace,0.18020243499800234
38,490,William Osula,FWD,Sheffield Utd,0.18767735971878252
38,60,Ollie Watkins,FWD,Aston Villa,0.18767735971878252
38,5,Gabriel dos Santos Magalhães,DEF,Arsenal,0.18020243499800234
38,25,Takehiro Tomiyasu,DEF,Arsenal,0.18020243499800234
38,282,Harrison Reed,MID,Fulham,0.17781985947506024
38,583,Manor Solomon,MID,Spurs,0.17781985947506024
38,11,Marcus Oliveira Alencar,MID,Arsenal,0.17781985947506024
38,375,Eric Bailly,DEF,Man Utd,0.18020243499800234
38,218,Hakim Ziyech,MID,Chelsea,0.17781985947506024
38,541,Gianluca Scamacca,FWD,West Ham,0.18767735971878252
38,660,Wilson Odobert,MID,Burnley,0.17781985947506024
38,731,Jili Buyabu,DEF,Sheffield Utd,0.18020243499800234
38,742,Benicio Baker-Boaitey,MID,Brighton,0.17781985947506024
38,110,Christian Nørgaard,MID,Brentford,0.17781985947506024
38,421,Sean Longstaff,MID,Newcastle,0.17781985947506024
38,582,Pelly Ruddock Mpanzu,MID,Luton,0.17781985947506024
38,535,Danny Ings,FWD,West Ham,0.18767735971878252
38,400,Donny van de Beek,MID,Man Utd,0.17781985947506024
38,438,Giulian Biancone,DEF,Nott'm Forest,0.18020243499800234
38,21,Albert Sambi Lokonga,MID,Luton,0.17781985947506024
38,171,Luke McNally,DEF,Burnley,0.18020243499800234
38,143,Kaoru Mitoma,MID,Brighton,0.17781985947506024
38,190,Abdul Rahman Baba,DEF,Chelsea,0.18020243499800234
38,78,Dango Ouattara,MID,Bournemouth,0.17781985947506024
38,483,Daniel Jebbison,FWD,Sheffield Utd,0.18767735971878252
38,122,Simon Adingra,MID,Brighton,0.17781985947506024
38,180,Scott Twine,MID,Burnley,0.17781985947506024
38,798,Daiki Hashioka,DEF,Luton,0.18020243499800234
38,696,Murillo Santiago Costa dos Santos,DEF,Nott'm Forest,0.18020243499800234
38,769,Owen Hesketh,MID,Wolves,0.17781985947506024
38,366,Sergio Gómez,DEF,Man City,0.18020243499800234
38,668,Wataru Endo,MID,Liverpool,0.17781985947506024
38,442,Danilo dos Santos de Oliveira,MID,Nott'm Forest,0.17781985947506024
38,113,David Raya Martin,GK,Arsenal,0.08514660217938719
38,423,Jacob Murphy,MID,Newcastle,0.17781985947506024
38,736,Reuell Walters,DEF,Arsenal,0.18020243499800234
38,614,Thomas Kaminski,GK,Luton,0.08514660217938719
38,738,Amadou Diallo,MID,Newcastle,0.17781985947506024
38,232,Jean-Philippe Mateta,FWD,Crystal Palace,0.18767735971878252
38,827,Dovydas Sasnauskas,DEF,Sheffield Utd,0.18020243499800234
38,849,Michael Dacosta Gonzalez,MID,Bournemouth,0.17781985947506024
38,79,Ben Pearson,MID,Bournemouth,0.17781985947506024
38,175,Bailey Peacock-Farrell,GK,Burnley,0.08514660217938719
38,445,Felipe Augusto de Almeida Monteiro,DEF,Nott'm Forest,0.18020243499800234
38,20,William Saliba,DEF,Arsenal,0.18020243499800234
38,174,Michael Obafemi,FWD,Burnley,0.18767735971878252
38,252,Ben Godfrey,DEF,Everton,0.18020243499800234
38,821,Franco Umeh-Chibueze,FWD,Crystal Palace,0.18767735971878252
38,182,Victor da Silva,DEF,Burnley,0.18020243499800234
38,244,André Tavares Gomes,MID,Everton,0.17781985947506024
38,519,Destiny Udogie,DEF,Spurs,0.18020243499800234
38,118,Ryan Trevitt,MID,Brentford,0.17781985947506024
38,332,Dion Pereira,MID,Luton,0.17781985947506024
38,763,Tayo Adaramola,DEF,Crystal Palace,0.18020243499800234
38,176,Connor Roberts,DEF,Burnley,0.18020243499800234
38,43,Douglas Luiz Soares de Paulo,MID,Aston Villa,0.17781985947506024
38,101,Mark Flekken,GK,Brentford,0.08514660217938719
38,409,Martin Dubravka,GK,Newcastle,0.08514660217938719
38,629,James McConnell,MID,Liverpool,0.17781985947506024
38,292,Stefan Bajcetic,MID,Liverpool,0.17781985947506024
38,267,Andreas Hoelgebaum Pereira,MID,Fulham,0.17781985947506024
38,682,Joseph Johnson,DEF,Luton,0.18020243499800234
38,826,Toby Collyer,MID,Man Utd,0.17781985947506024
38,198,Marc Cucurella Saseta,DEF,Chelsea,0.18020243499800234
38,280,João Palhinha Gonçalves,MID,Fulham,0.17781985947506024
38,494,Bryan Gil Salvatierra,MID,Spurs,0.17781985947506024
38,830,Jimi Tauriainen,MID,Chelsea,0.17781985947506024
38,467,Neco Williams,DEF,Nott'm Forest,0.18020243499800234
38,404,Harrison Ashby,DEF,Newcastle,0.18020243499800234
38,133,Billy Gilmour,MID,Brighton,0.17781985947506024
38,480,John Egan,DEF,Sheffield Utd,0.18020243499800234
38,98,Mikkel Damsgaard,MID,Brentford,0.17781985947506024
38,577,Angelo Ogbonna,DEF,West Ham,0.18020243499800234
38,474,Chris Basham,DEF,Sheffield Utd,0.18020243499800234
38,847,Teddy Sharman-Lowe,GK,Chelsea,0.08514660217938719
38,516,Son Heung-min,MID,Spurs,0.17781985947506024
38,298,Joe Gomez,DEF,Liverpool,0.18020243499800234
38,80,Darren Randolph,GK,Bournemouth,0.08514660217938719
38,536,Ben Johnson,DEF,West Ham,0.18020243499800234
38,506,Pedro Porro,DEF,Spurs,0.18020243499800234
38,159,Manuel Benson Hedilazio,MID,Burnley,0.17781985947506024
38,197,Levi Colwill,DEF,Chelsea,0.18020243499800234
38,460,Jonathan Panzo,DEF,Nott'm Forest,0.18020243499800234
38,534,Pablo Fornals Malla,MID,West Ham,0.17781985947506024
38,314,Elijah Adebayo,FWD,Luton,0.18767735971878252
38,103,Rico Henry,DEF,Brentford,0.18020243499800234
38,782,Owen Beck,DEF,Liverpool,0.18020243499800234
38,627,Bobby Clark,MID,Liverpool,0.17781985947506024
38,531,Flynn Downes,MID,West Ham,0.17781985947506024
38,802,Max Kinsey,DEF,Bournemouth,0.18020243499800234
38,619,Ben Greenwood,DEF,Bournemouth,0.18020243499800234
38,740,Alfie Dorrington,DEF,Spurs,0.18020243499800234
38,432,Joe Willock,MID,Newcastle,0.17781985947506024
38,422,Javier Manquillo Gaitán,DEF,Newcastle,0.18020243499800234
38,388,Kobbie Mainoo,MID,Man Utd,0.17781985947506024
38,246,Dominic Calvert-Lewin,FWD,Everton,0.18767735971878252
38,351,Tommy Doyle,MID,Wolves,0.17781985947506024
38,100,Halil Dervişoğlu,FWD,Brentford,0.18767735971878252
38,330,Gabriel Osho,DEF,Luton,0.18020243499800234
38,135,João Pedro Junqueira de Jesus,FWD,Brighton,0.18767735971878252
38,752,Vincent Angelini,GK,Brentford,0.08514660217938719
38,544,Kurt Zouma,DEF,West Ham,0.18020243499800234
38,461,Omar Richards,DEF,Nott'm Forest,0.18020243499800234
38,741,Mark O’Mahony,FWD,Brighton,0.18767735971878252
38,486,Iliman Ndiaye,FWD,Sheffield Utd,0.18767735971878252
38,337,Elliot Thorpe,MID,Luton,0.17781985947506024
38,348,Shea Charles,MID,Man City,0.17781985947506024
38,510,Joe Rodon,DEF,Spurs,0.18020243499800234
38,833,Habeeb Ogunneye,DEF,Man Utd,0.18020243499800234
38,258,Neal Maupay,FWD,Brentford,0.18767735971878252
38,221,Jordan Ayew,MID,Crystal Palace,0.17781985947506024
38,538,Divin Mubama,FWD,West Ham,0.18767735971878252
38,306,Nathaniel Phillips,DEF,Liverpool,0.18020243499800234
38,309,Dominik Szoboszlai,MID,Liverpool,0.17781985947506024
38,730,Ryan Oné,MID,Sheffield Utd,0.17781985947506024
38,796,Kristian Sekularac,MID,Fulham,0.17781985947506024
38,320,Jordan Clark,MID,Luton,0.17781985947506024
38,761,Elijah Campbell,DEF,Everton,0.18020243499800234
38,209,Mason Mount,MID,Man Utd,0.17781985947506024
38,91,Ellery Balcombe,GK,Brentford,0.08514660217938719
38,64,David Brooks,MID,Bournemouth,0.17781985947506024
38,134,Pascal Groß,MID,Brighton,0.17781985947506024
38,50,John McGinn,MID,Aston Villa,0.17781985947506024
38,743,Treymaurice Nyoni,MID,Liverpool,0.17781985947506024
38,505,Tanguy Ndombélé Alvaro,MID,Spurs,0.17781985947506024
38,739,Ben Parkinson,FWD,Newcastle,0.18767735971878252
38,239,Jairo Riedewald,MID,Crystal Palace,0.17781985947506024
38,119,Yoane Wissa,FWD,Brentford,0.18767735971878252
38,578,Reiss Nelson,MID,Arsenal,0.17781985947506024
38,713,Ibrahim Sangaré,MID,Nott'm Forest,0.17781985947506024
38,394,Facundo Pellistri Rebollo,MID,Man Utd,0.17781985947506024
38,69,James Hill,DEF,Bournemouth,0.18020243499800234
38,561,Bruno Cavaco Jordão,MID,Wolves,0.17781985947506024
38,147,Kjell Scherpen,GK,Brighton,0.08514660217938719
38,363,Máximo Perrone,MID,Man City,0.17781985947506024
38,278,Aleksandar Mitrović,FWD,Fulham,0.18767735971878252
38,115,Kevin Schade,MID,Brentford,0.17781985947506024
38,457,Moussa Niakhaté,DEF,Nott'm Forest,0.18020243499800234
38,581,Paul Dummett,DEF,Newcastle,0.18020243499800234
38,809,Rodrigo Duarte Ribeiro,FWD,Nott'm Forest,0.18767735971878252
38,405,Sven Botman,DEF,Newcastle,0.18020243499800234
38,841,Lewis Warrington,MID,Everton,0.17781985947506024
38,271,Issa Diop,DEF,Fulham,0.18020243499800234
38,17,Aaron Ramsdale,GK,Arsenal,0.08514660217938719
38,845,Odeluga Offiah,DEF,Brighton,0.18020243499800234
38,286,Tosin Adarabioyo,DEF,Fulham,0.18020243499800234
38,290,Trent Alexander-Arnold,DEF,Liverpool,0.18020243499800234
38,184,Anass Zaroury,MID,Burnley,0.17781985947506024
38,131,Pervis Estupiñán,DEF,Brighton,0.18020243499800234
38,698,Enso González,MID,Wolves,0.17781985947506024
38,328,Chiedozie Ogbene,FWD,Luton,0.18767735971878252
38,799,Romain Faivre,MID,Bournemouth,0.17781985947506024
38,295,Harvey Elliott,MID,Liverpool,0.17781985947506024
38,576,Jack Robinson,DEF,Sheffield Utd,0.18020243499800234
38,780,Detlef Esapa Osong,FWD,Nott'm Forest,0.18767735971878252
38,12,Gabriel Martinelli Silva,MID,Arsenal,0.17781985947506024
38,183,Wout Weghorst,FWD,Burnley,0.18767735971878252
38,44,Jhon Durán,FWD,Aston Villa,0.18767735971878252
38,345,Oscar Bobb,MID,Man City,0.17781985947506024
38,523,Michail Antonio,FWD,West Ham,0.18767735971878252
38,722,Jamie Donley,FWD,Spurs,0.18767735971878252
38,214,Malang Sarr,DEF,Chelsea,0.18020243499800234
38,834,Benjamin Arthur,DEF,Brentford,0.18020243499800234
38,589,Ângelo Gabriel Borges Damaceno,MID,Chelsea,0.17781985947506024
38,639,Micky van de Ven,DEF,Spurs,0.18020243499800234
38,662,Adama Traoré,MID,Fulham,0.17781985947506024
38,399,Shola Shoretire,FWD,Man Utd,0.18767735971878252
38,720,Ademola Ola-Adebomi,FWD,Crystal Palace,0.18767735971878252
38,391,Lisandro Martínez,DEF,Man Utd,0.18020243499800234
38,456,Alex Mighten,MID,Nott'm Forest,0.17781985947506024
38,108,Bryan Mbeumo,MID,Brentford,0.17781985947506024
38,16,Nicolas Pépé,MID,Arsenal,0.17781985947506024
38,815,Mauro Bandeira,MID,Arsenal,0.17781985947506024
38,304,Alexis Mac Allister,MID,Liverpool,0.17781985947506024
38,721,David Ozoh,MID,Crystal Palace,0.17781985947506024
38,759,Sydie Peck,MID,Sheffield Utd,0.17781985947506024
38,618,Omari Kellyman,MID,Aston Villa,0.17781985947506024
38,58,Youri Tielemans,MID,Aston Villa,0.17781985947506024
38,446,Remo Freuler,MID,Nott'm Forest,0.17781985947506024
38,89,Illia Zabarnyi,DEF,Bournemouth,0.18020243499800234
38,646,Karl Hein,GK,Arsenal,0.08514660217938719
38,127,Aaron Connolly,FWD,Brighton,0.18767735971878252
38,385,Dean Henderson,GK,Crystal Palace,0.08514660217938719
38,177,Jay Rodriguez,FWD,Burnley,0.18767735971878252
38,83,Marcos Senesi,DEF,Bournemouth,0.18020243499800234
38,30,Granit Xhaka,MID,Arsenal,0.17781985947506024
38,596,James Trafford,GK,Burnley,0.08514660217938719
38,407,Dan Burn,DEF,Newcastle,0.18020243499800234
38,525,Saïd Benrahma,MID,West Ham,0.17781985947506024
38,434,Brandon Aguilera Zamora,MID,Nott'm Forest,0.17781985947506024
38,811,Dominic Sadi,MID,Bournemouth,0.17781985947506024
38,650,Tyler Onyango,MID,Everton,0.17781985947506024
38,762,Mahamadou Susoho,MID,Man City,0.17781985947506024
38,336,Joe Taylor,FWD,Luton,0.18767735971878252
38,663,Gustavo Hamer,MID,Sheffield Utd,0.17781985947506024
38,408,Karl Darlow,GK,Newcastle,0.08514660217938719
38,701,Saman Ghoddos,MID,Brentford,0.17781985947506024
38,220,Joachim Andersen,DEF,Crystal Palace,0.18020243499800234
38,716,Alfie Gilchrist,DEF,Chelsea,0.18020243499800234
38,319,Allan Campbell,MID,Luton,0.17781985947506024
38,850,Ethan Wheatley,FWD,Man Utd,0.18767735971878252
38,325,Carlos Mendes Gomes,MID,Luton,0.17781985947506024
38,567,Pedro Lomba Neto,MID,Wolves,0.17781985947506024
38,837,Amara Nallo,DEF,Liverpool,0.18020243499800234
38,625,Luc De Fougerolles,DEF,Fulham,0.18020243499800234
38,640,Dane Scarlett,FWD,Spurs,0.18767735971878252
38,42,Lucas Digne,DEF,Aston Villa,0.18020243499800234
38,199,Enzo Fernández,MID,Chelsea,0.17781985947506024
38,775,Ben Brereton,MID,Sheffield Utd,0.17781985947506024
38,860,Mikey Moore,MID,Spurs,0.17781985947506024
38,428,Matt Targett,DEF,Newcastle,0.18020243499800234
38,253,Demarai Gray,MID,Everton,0.17781985947506024
38,749,Matthew Whittingham,MID,Wolves,0.17781985947506024
38,361,Stefan Ortega Moreno,GK,Man City,0.08514660217938719
38,230,Sam Johnstone,GK,Crystal Palace,0.08514660217938719
38,734,Zack Nelson,MID,Luton,0.17781985947506024
38,788,Yerson Mosquera,DEF,Wolves,0.18020243499800234
38,35,Emiliano Buendía Stati,MID,Aston Villa,0.17781985947506024
38,32,Alexandre Moreno Lopera,DEF,Aston Villa,0.18020243499800234
38,518,Japhet Tanganga,DEF,Spurs,0.18020243499800234
38,52,Marvelous Nakamba,MID,Luton,0.17781985947506024
38,96,Nathan Collins,DEF,Brentford,0.18020243499800234
38,26,Leandro Trossard,MID,Arsenal,0.17781985947506024
38,372,Antony Matheus dos Santos,MID,Man Utd,0.17781985947506024
38,194,Trevoh Chalobah,DEF,Chelsea,0.18020243499800234
38,550,Luke Cundle,MID,Wolves,0.17781985947506024
38,533,Lukasz Fabianski,GK,West Ham,0.08514660217938719
38,772,Ethan Nwaneri,MID,Arsenal,0.17781985947506024
38,785,Callum Marshall,FWD,West Ham,0.18767735971878252
38,633,Tino Livramento,DEF,Newcastle,0.18020243499800234
38,707,Fodé Ballo-Touré,DEF,Fulham,0.18020243499800234
38,357,Aymeric Laporte,DEF,Man City,0.18020243499800234
38,673,Tyler Adams,MID,Bournemouth,0.17781985947506024
38,430,Kieran Trippier,DEF,Newcastle,0.18020243499800234
38,779,Jamie McDonnell,MID,Nott'm Forest,0.17781985947506024
38,509,Richarlison de Andrade,MID,Spurs,0.17781985947506024
38,691,Norberto Bercique Gomes Betuncal,FWD,Everton,0.18767735971878252
38,324,John McAtee,FWD,Luton,0.18767735971878252
38,476,Jayden Bogle,DEF,Sheffield Utd,0.18020243499800234
38,148,Jason Steele,GK,Brighton,0.08514660217938719
38,424,Nick Pope,GK,Newcastle,0.08514660217938719
38,6,Kai Havertz,MID,Arsenal,0.17781985947506024
38,61,Wesley Moraes Ferreira da Silva,FWD,Aston Villa,0.18767735971878252
38,528,Vladimír Coufal,DEF,West Ham,0.18020243499800234
38,396,Marcus Rashford,MID,Man Utd,0.17781985947506024
38,458,Lewis O'Brien,MID,Nott'm Forest,0.17781985947506024
38,132,Evan Ferguson,FWD,Brighton,0.18767735971878252
38,141,Tom McGill,GK,Brighton,0.08514660217938719
38,493,Yves Bissouma,MID,Spurs,0.17781985947506024
38,559,João Victor Gomes da Silva,MID,Wolves,0.17781985947506024
38,249,Abdoulaye Doucouré,MID,Everton,0.17781985947506024
38,804,Enes Ünal,FWD,Bournemouth,0.18767735971878252
38,352,Ederson Santana de Moraes,GK,Man City,0.08514660217938719
38,803,Morgan Rogers,MID,Aston Villa,0.17781985947506024
38,313,Virgil van Dijk,DEF,Liverpool,0.18020243499800234
38,439,Willy Boly,DEF,Nott'm Forest,0.18020243499800234
38,689,Mohammed Kudus,MID,West Ham,0.17781985947506024
38,392,Scott McTominay,MID,Man Utd,0.17781985947506024
38,711,Andrew Omobamidele,DEF,Nott'm Forest,0.18020243499800234
38,822,Billy Blacker,FWD,Sheffield Utd,0.18767735971878252
38,793,Kaine Kesler-Hayden,DEF,Aston Villa,0.18020243499800234
38,358,Rico Lewis,DEF,Man City,0.18020243499800234
38,382,Alejandro Garnacho,MID,Man Utd,0.17781985947506024
38,715,Jean-Ricner Bellegarde,MID,Wolves,0.17781985947506024
38,251,Jean-Philippe Gbamin,MID,Everton,0.17781985947506024
38,820,Ollie Harrison,MID,Chelsea,0.17781985947506024
38,624,Lewis Dobbin,MID,Everton,0.17781985947506024
38,760,Jenson Metcalfe,MID,Everton,0.17781985947506024
38,359,Riyad Mahrez,MID,Man City,0.17781985947506024
38,571,Matija Šarkić,GK,Wolves,0.08514660217938719
38,27,Auston Trusty,DEF,Sheffield Utd,0.18020243499800234
38,412,Anthony Gordon,MID,Newcastle,0.17781985947506024
38,443,Emmanuel Dennis,FWD,Nott'm Forest,0.18767735971878252
38,222,Nathaniel Clyne,DEF,Crystal Palace,0.18020243499800234
38,310,Thiago Alcántara do Nascimento,MID,Liverpool,0.17781985947506024
38,823,Oliver Arblaster,MID,Sheffield Utd,0.17781985947506024
38,684,Ethan Brierley,MID,Brentford,0.17781985947506024
38,776,Timo Werner,FWD,Spurs,0.18767735971878252
38,553,Ryan Giles,DEF,Luton,0.18020243499800234
38,327,Admiral Muskwe,FWD,Luton,0.18767735971878252
38,642,Edson Álvarez Velázquez,MID,West Ham,0.17781985947506024
38,10,Jakub Kiwior,DEF,Arsenal,0.18020243499800234
38,70,Lloyd Kelly,DEF,Bournemouth,0.18020243499800234
38,260,Vitalii Mykolenko,DEF,Everton,0.18020243499800234
38,855,Callan McKenna,GK,Bournemouth,0.08514660217938719
38,648,Aidan Francis-Clarke,DEF,Luton,0.18020243499800234
38,497,Emerson Leite de Souza Junior,DEF,Spurs,0.18020243499800234
38,151,Joël Veltman,DEF,Brighton,0.18020243499800234
38,402,Miguel Almirón Rejala,MID,Newcastle,0.17781985947506024
38,179,Bobby Thomas,DEF,Burnley,0.18020243499800234
38,754,Yago de Santiago Alonso,MID,Spurs,0.17781985947506024
38,102,Charlie Goode,DEF,Brentford,0.18020243499800234
38,726,Luke Chambers,DEF,Liverpool,0.18020243499800234
38,641,Alejo Véliz,FWD,Spurs,0.18767735971878252
38,187,Kepa Arrizabalaga,GK,Chelsea,0.08514660217938719
38,88,Mark Travers,GK,Bournemouth,0.08514660217938719
38,865,Kadan Young,MID,Aston Villa,0.17781985947506024
38,758,Leo Castledine,MID,Chelsea,0.17781985947506024
38,750,Tawanda Chirewa,MID,Wolves,0.17781985947506024
38,765,Sam Proctor,GK,Aston Villa,0.08514660217938719
38,520,Guglielmo Vicario,GK,Spurs,0.08514660217938719
38,413,Isaac Hayden,MID,Newcastle,0.17781985947506024
38,706,Mike Trésor,MID,Burnley,0.17781985947506024
38,419,Jamaal Lascelles,DEF,Newcastle,0.18020243499800234
38,307,Andrew Robertson,DEF,Liverpool,0.18020243499800234
38,503,Giovani Lo Celso,MID,Spurs,0.17781985947506024
38,856,Louis Jackson,DEF,Man Utd,0.18020243499800234
38,240,Jeffrey Schlupp,MID,Crystal Palace,0.17781985947506024
38,256,Alex Iwobi,MID,Fulham,0.17781985947506024
38,840,Fletcher Holman,FWD,Wolves,0.18767735971878252
38,297,Cody Gakpo,FWD,Liverpool,0.18767735971878252
38,211,Nicolas Jackson,FWD,Chelsea,0.18767735971878252
38,543,Nikola Vlašić,MID,West Ham,0.17781985947506024
38,138,Adam Lallana,MID,Brighton,0.17781985947506024
38,548,Hugo Bueno López,DEF,Wolves,0.18020243499800234
38,524,Alphonse Areola,GK,West Ham,0.08514660217938719
38,291,Alisson Ramses Becker,GK,Liverpool,0.08514660217938719
38,513,Pape Matar Sarr,MID,Spurs,0.17781985947506024
38,331,Aribim Pepple,FWD,Luton,0.18767735971878252
38,598,Matt Doherty,DEF,Wolves,0.18020243499800234
38,554,Gonçalo Manuel Ganchinho Guedes,MID,Wolves,0.17781985947506024
38,264,Ellis Simms,FWD,Everton,0.18767735971878252
38,560,Jonathan Castro Otto,DEF,Wolves,0.18020243499800234
38,437,Taiwo Awoniyi,FWD,Nott'm Forest,0.18767735971878252
38,114,Mads Roerslev Rasmussen,DEF,Brentford,0.18020243499800234
38,610,Calvin Bassey,DEF,Fulham,0.18020243499800234
38,664,James Ward-Prowse,MID,West Ham,0.17781985947506024
38,311,Konstantinos Tsimikas,DEF,Liverpool,0.18020243499800234
38,128,Mahmoud Dahoud,MID,Brighton,0.17781985947506024
38,609,Ian Maatsen,MID,Chelsea,0.17781985947506024
38,708,Ryan Gravenberch,MID,Liverpool,0.17781985947506024
38,709,Sofyan Amrabat,MID,Man Utd,0.17781985947506024
38,484,Max Lowe,DEF,Sheffield Utd,0.18020243499800234
38,243,Joe Whitworth,GK,Crystal Palace,0.08514660217938719
38,649,Thomas Cannon,FWD,Everton,0.18767735971878252
38,383,Hannibal Mejbri,MID,Man Utd,0.17781985947506024
38,47,Boubacar Kamara,MID,Aston Villa,0.17781985947506024
38,186,Andrey Nascimento dos Santos,MID,Chelsea,0.17781985947506024
38,580,Loris Karius,GK,Newcastle,0.08514660217938719
38,747,Joshua Duffus,MID,Brighton,0.17781985947506024
38,152,Bart Verbruggen,GK,Brighton,0.08514660217938719
38,586,Tahith Chong,MID,Luton,0.17781985947506024
38,56,Morgan Sanson,MID,Aston Villa,0.17781985947506024
38,275,Bernd Leno,GK,Fulham,0.08514660217938719
38,99,Josh Dasilva,MID,Brentford,0.17781985947506024
38,440,Josh Bowler,MID,Nott'm Forest,0.17781985947506024
38,671,Bashir Humphreys,DEF,Chelsea,0.18020243499800234
38,31,Oleksandr Zinchenko,DEF,Arsenal,0.18020243499800234
38,272,Tyrese Francois,MID,Fulham,0.17781985947506024
38,433,Callum Wilson,FWD,Newcastle,0.18767735971878252
38,426,Allan Saint-Maximin,MID,Newcastle,0.17781985947506024
38,773,Lewis Orford,MID,West Ham,0.17781985947506024
38,694,Han-Noah Massengo,MID,Burnley,0.17781985947506024
38,594,Zeki Amdouni,FWD,Burnley,0.18767735971878252
38,123,Steven Alzate,MID,Brighton,0.17781985947506024
38,170,Jóhann Berg Gudmundsson,MID,Burnley,0.17781985947506024
38,665,Tim Krul,GK,Luton,0.08514660217938719
38,39,Keinan Davis,FWD,Aston Villa,0.18767735971878252
38,373,Bruno Borges Fernandes,MID,Man Utd,0.17781985947506024
38,87,Hamed Traorè,MID,Bournemouth,0.17781985947506024
38,146,Jeremy Sarmiento Morante,MID,Brighton,0.17781985947506024
38,602,Issa Kaboré,DEF,Luton,0.18020243499800234
38,464,Sam Surridge,FWD,Nott'm Forest,0.18767735971878252
38,318,Reece Burke,DEF,Luton,0.18020243499800234
38,657,Jesurun Rak-Sakyi,MID,Crystal Palace,0.17781985947506024
38,699,Clément Lenglet,DEF,Aston Villa,0.18020243499800234
38,8,Gabriel Fernando de Jesus,FWD,Arsenal,0.18767735971878252
38,674,Hannes Delcroix,DEF,Burnley,0.18020243499800234
38,173,Dara O'Shea,DEF,Burnley,0.18020243499800234
38,496,Eric Dier,DEF,Spurs,0.18020243499800234
38,783,Kaide Gordon,MID,Liverpool,0.17781985947506024
38,242,Joel Ward,DEF,Crystal Palace,0.18020243499800234
38,603,Harvey Barnes,MID,Newcastle,0.17781985947506024
38,791,Cesare Casadei,MID,Chelsea,0.17781985947506024
38,356,Mateo Kovačić,MID,Man City,0.17781985947506024
38,824,Jayden Danns,FWD,Liverpool,0.18767735971878252
38,588,Ashley Young,DEF,Everton,0.18020243499800234
38,530,Aaron Cresswell,DEF,West Ham,0.18020243499800234
38,508,Sergio Reguilón,DEF,Brentford,0.18020243499800234
38,447,Morgan Gibbs-White,MID,Nott'm Forest,0.17781985947506024
38,395,Raphaël Varane,DEF,Man Utd,0.18020243499800234
38,606,Igor Julio dos Santos de Paulo,DEF,Brighton,0.18020243499800234
38,374,Brandon Williams,DEF,Man Utd,0.18020243499800234
38,502,Hugo Lloris,GK,Spurs,0.08514660217938719
38,427,Fabian Schär,DEF,Newcastle,0.18020243499800234
38,453,Orel Mangala,MID,Nott'm Forest,0.17781985947506024
38,835,Dermot Mee,GK,Man Utd,0.08514660217938719
38,800,Noha Lemina,MID,Wolves,0.17781985947506024
38,381,Frederico Rodrigues de Paula Santos,MID,Man Utd,0.17781985947506024
38,818,Joe Gauci,GK,Aston Villa,0.08514660217938719
38,284,Marek Rodák,GK,Fulham,0.08514660217938719
38,92,Shandon Baptiste,MID,Brentford,0.17781985947506024
38,136,Michał Karbownik,DEF,Brighton,0.18020243499800234
38,623,Mason Burstow,FWD,Chelsea,0.18767735971878252
38,597,André Onana,GK,Man Utd,0.08514660217938719
38,343,Julián Álvarez,FWD,Man City,0.18767735971878252
38,527,Maxwel Cornet,MID,West Ham,0.17781985947506024
38,274,Terence Kongolo,DEF,Fulham,0.18020243499800234
38,301,Caoimhin Kelleher,GK,Liverpool,0.08514660217938719
38,269,Ivan Neves Abreu Cavaleiro,MID,Fulham,0.17781985947506024
38,75,Chris Mepham,DEF,Bournemouth,0.18020243499800234
38,125,Facundo Buonanotte,MID,Brighton,0.17781985947506024
38,158,Samuel Bastien,MID,Burnley,0.17781985947506024
38,481,John Fleck,MID,Sheffield Utd,0.17781985947506024
38,279,Rodrigo Muniz Carvalho,FWD,Fulham,0.18767735971878252
38,172,Arijanet Muric,GK,Burnley,0.08514660217938719
38,843,Samy Chouchane,MID,Brighton,0.17781985947506024
38,165,Josh Cullen,MID,Burnley,0.17781985947506024
38,819,Ishé Samuels-Smith,DEF,Chelsea,0.18020243499800234
38,116,Thomas Strakosha,GK,Brentford,0.08514660217938719
38,4,Fábio Ferreira Vieira,MID,Arsenal,0.17781985947506024
38,745,Michael Ndiweni,FWD,Newcastle,0.18767735971878252
38,223,Cheick Doucouré,MID,Crystal Palace,0.17781985947506024
38,555,Joe Hodge,MID,Wolves,0.17781985947506024
38,632,Omari Forson,MID,Man Utd,0.17781985947506024
38,305,Joel Matip,DEF,Liverpool,0.18020243499800234
38,728,Callum Scanlon,DEF,Liverpool,0.18020243499800234
38,512,Davinson Sánchez,DEF,Spurs,0.18020243499800234
38,839,Dominic Dos Santos Martins,MID,Luton,0.17781985947506024
38,551,Craig Dawson,DEF,Wolves,0.18020243499800234
38,573,Toti António Gomes,DEF,Wolves,0.18020243499800234
38,522,Nayef Aguerd,DEF,West Ham,0.18020243499800234
38,377,Diogo Dalot Teixeira,DEF,Man Utd,0.18020243499800234
38,261,Amadou Onana,MID,Everton,0.17781985947506024
38,289,Adrián San Miguel del Castillo,GK,Liverpool,0.08514660217938719
38,645,Youssef Ramalho Chermiti,FWD,Everton,0.18767735971878252
38,19,Bukayo Saka,MID,Arsenal,0.17781985947506024
38,109,Ben Mee,DEF,Brentford,0.18020243499800234
38,469,Joe Worrall,DEF,Nott'm Forest,0.18020243499800234
38,41,Diego Carlos Santos Silva,DEF,Aston Villa,0.18020243499800234
38,66,Lewis Cook,MID,Bournemouth,0.17781985947506024
38,547,Bendegúz Bolla,DEF,Wolves,0.18020243499800234
38,203,Malo Gusto,DEF,Chelsea,0.18020243499800234
38,316,Amari'i Bell,DEF,Luton,0.18020243499800234
38,248,Dele Alli,MID,Everton,0.17781985947506024
38,208,Noni Madueke,MID,Chelsea,0.17781985947506024
38,595,Milos Kerkez,DEF,Bournemouth,0.18020243499800234
38,317,Luke Berry,MID,Luton,0.17781985947506024
38,45,Kortney Hause,DEF,Aston Villa,0.18020243499800234
38,229,Will Hughes,MID,Crystal Palace,0.17781985947506024
38,415,Alexander Isak,FWD,Newcastle,0.18767735971878252
38,658,John-Kymani Gordon,FWD,Crystal Palace,0.18767735971878252
38,451,Cheikhou Kouyaté,MID,Nott'm Forest,0.17781985947506024
38,2,Cédric Alves Soares,DEF,Arsenal,0.18020243499800234
38,188,Pierre-Emerick Aubameyang,FWD,Chelsea,0.18767735971878252
38,418,Garang Kuol,MID,Newcastle,0.17781985947506024
38,666,Tom Davies,MID,Sheffield Utd,0.17781985947506024
38,656,Antwoine Hackford,FWD,Sheffield Utd,0.18767735971878252
38,735,Charles Sagoe,MID,Arsenal,0.17781985947506024
38,852,Kiano Dyer,MID,Chelsea,0.17781985947506024
38,112,Ethan Pinnock,DEF,Brentford,0.18020243499800234
38,862,Tyrese Hall,MID,Spurs,0.17781985947506024
38,651,Jay Stansfield,FWD,Fulham,0.18767735971878252
38,808,Matz Sels,GK,Nott'm Forest,0.08514660217938719
38,470,Ryan Yates,MID,Nott'm Forest,0.17781985947506024
38,672,Nicolò Zaniolo,MID,Aston Villa,0.17781985947506024
38,111,Frank Onyeka,MID,Brentford,0.17781985947506024
38,219,Naouirou Ahamada,MID,Crystal Palace,0.17781985947506024
38,63,Philip Billing,MID,Bournemouth,0.17781985947506024
38,858,Ted Curd,GK,Chelsea,0.08514660217938719
38,215,Gabriel Słonina,GK,Chelsea,0.08514660217938719
38,228,Marc Guéhi,DEF,Crystal Palace,0.18020243499800234
38,247,Seamus Coleman,DEF,Everton,0.18020243499800234
38,294,Diogo Teixeira da Silva,MID,Liverpool,0.17781985947506024
38,652,Matthew Dibley-Dias,MID,Fulham,0.17781985947506024
38,360,James McAtee,MID,Sheffield Utd,0.17781985947506024
38,733,Valintino Adedokun,DEF,Brentford,0.18020243499800234
38,355,Erling Haaland,FWD,Man City,0.18767735971878252
38,163,Jack Cork,MID,Burnley,0.17781985947506024
38,390,Anthony Martial,FWD,Man Utd,0.18767735971878252
38,154,Danny Welbeck,FWD,Brighton,0.18767735971878252
38,287,Carlos Vinícius Alves Morais,FWD,Fulham,0.18767735971878252
38,604,Olu Aina,DEF,Nott'm Forest,0.18020243499800234
38,757,Conor Bradley,DEF,Liverpool,0.18020243499800234
38,365,Rodrigo Hernandez,MID,Man City,0.17781985947506024
38,792,Daniel Muñoz,DEF,Crystal Palace,0.18020243499800234
38,863,Billy Crellin,GK,Everton,0.08514660217938719
38,386,Victor Lindelöf,DEF,Man Utd,0.18020243499800234
38,349,Kevin De Bruyne,MID,Man City,0.17781985947506024
38,636,George Shelvey,GK,Nott'm Forest,0.08514660217938719
38,659,Lucas Bergström,GK,Chelsea,0.08514660217938719
38,124,Yasin Ayari,MID,Brighton,0.17781985947506024
38,635,Lewis Miley,MID,Newcastle,0.17781985947506024
38,667,Roméo Lavia,MID,Chelsea,0.17781985947506024
38,329,Fred Onyedinma,MID,Luton,0.17781985947506024
38,462,Gustavo Henrique Furtado Scarpa,MID,Nott'm Forest,0.17781985947506024
38,104,Aaron Hickey,DEF,Brentford,0.18020243499800234
38,94,Mads Bidstrup,MID,Brentford,0.17781985947506024
38,140,Solly March,MID,Brighton,0.17781985947506024
38,200,David Datro Fofana,FWD,Burnley,0.18767735971878252
38,540,Declan Rice,MID,Arsenal,0.17781985947506024
38,748,Joe Hugill,FWD,Man Utd,0.18767735971878252
38,137,Kacper Kozłowski,MID,Brighton,0.17781985947506024
38,81,Joe Rothwell,MID,Bournemouth,0.17781985947506024
38,638,Vini de Souza Costa,MID,Sheffield Utd,0.17781985947506024
38,628,Ben Doak,MID,Liverpool,0.17781985947506024
38,475,Sander Berge,MID,Burnley,0.17781985947506024
38,296,Fabio Henrique Tavares,MID,Liverpool,0.17781985947506024
38,654,Louie Marsh,FWD,Sheffield Utd,0.18767735971878252
38,766,Willy Kambwala,DEF,Man Utd,0.18020243499800234
38,485,Oliver McBurnie,FWD,Sheffield Utd,0.18767735971878252
38,106,Mathias Jensen,MID,Brentford,0.17781985947506024
38,323,Matt Macey,GK,Luton,0.08514660217938719
38,201,Wesley Fofana,DEF,Chelsea,0.18020243499800234
38,68,Ryan Fredericks,DEF,Bournemouth,0.18020243499800234
38,563,Max Kilman,DEF,Wolves,0.18020243499800234
38,342,Nathan Aké,DEF,Man City,0.18020243499800234
38,797,Benjamin Fredrick,DEF,Brentford,0.18020243499800234
38,204,Lewis Hall,DEF,Newcastle,0.18020243499800234
38,677,Deivid Washington de Souza Eugênio,FWD,Chelsea,0.18767735971878252
38,403,Elliot Anderson,MID,Newcastle,0.17781985947506024
38,686,Oliwier Zych,GK,Aston Villa,0.08514660217938719
38,210,Mykhailo Mudryk,MID,Chelsea,0.17781985947506024
38,777,Radu Dragusin,DEF,Spurs,0.18020243499800234
38,67,Siriki Dembélé,MID,Bournemouth,0.17781985947506024
38,501,Dejan Kulusevski,MID,Spurs,0.17781985947506024
38,568,Daniel Castelo Podence,MID,Wolves,0.17781985947506024
38,202,Conor Gallagher,MID,Chelsea,0.17781985947506024
38,806,Maxime Esteve,DEF,Burnley,0.18020243499800234
38,226,Eberechi Eze,MID,Crystal Palace,0.17781985947506024
38,463,Jonjo Shelvey,MID,Nott'm Forest,0.17781985947506024
38,537,Thilo Kehrer,DEF,West Ham,0.18020243499800234
38,770,Ty Barnett,MID,Wolves,0.17781985947506024
38,719,Mackenzie Hunt,MID,Everton,0.17781985947506024
38,157,Ameen Al-Dakhil,DEF,Burnley,0.18020243499800234
38,466,Hwang Ui-jo,FWD,Nott'm Forest,0.18767735971878252
38,130,Julio Enciso,MID,Brighton,0.17781985947506024
38,692,Steven Benda,GK,Fulham,0.08514660217938719
38,77,Norberto Murara Neto,GK,Bournemouth,0.08514660217938719
38,678,Jérémy Doku,MID,Man City,0.17781985947506024
38,452,Richie Laryea,DEF,Nott'm Forest,0.18020243499800234
38,810,Joshua King,MID,Fulham,0.17781985947506024
38,283,Antonee Robinson,DEF,Fulham,0.18020243499800234
38,558,Raúl Jiménez,FWD,Fulham,0.18767735971878252
38,854,Finley Munroe,DEF,Aston Villa,0.18020243499800234
38,339,Louie Watson,MID,Luton,0.17781985947506024
38,557,Hwang Hee-chan,MID,Wolves,0.17781985947506024
38,591,Willian Borges da Silva,MID,Fulham,0.17781985947506024
38,838,Josh Acheampong,DEF,Chelsea,0.18020243499800234
38,477,Rhian Brewster,FWD,Sheffield Utd,0.18767735971878252
38,575,Tom Lockyer,DEF,Luton,0.18020243499800234
38,263,Jordan Pickford,GK,Everton,0.08514660217938719
38,620,Michael Olakigbe,MID,Brentford,0.17781985947506024
38,587,Anis Slimane,MID,Sheffield Utd,0.17781985947506024
38,406,Bruno Guimarães Rodriguez Moura,MID,Newcastle,0.17781985947506024
38,410,Ryan Fraser,MID,Newcastle,0.17781985947506024
38,273,Anthony Knockaert,MID,Fulham,0.17781985947506024
38,387,Harry Maguire,DEF,Man Utd,0.18020243499800234
38,590,Matheus Santos Carneiro Da Cunha,FWD,Wolves,0.18767735971878252
38,768,Rhys Bennett,DEF,Man Utd,0.18020243499800234
38,549,Francisco Jorge Tomás Oliveira,MID,Wolves,0.17781985947506024
38,556,Ki-Jana Hoever,DEF,Wolves,0.18020243499800234
38,608,Jacob Bruun Larsen,MID,Burnley,0.17781985947506024
38,454,Loïc Mbe Soh,DEF,Nott'm Forest,0.18020243499800234
38,853,Temple Ojinnaka,MID,Wolves,0.17781985947506024
38,599,Moussa Diaby,MID,Aston Villa,0.17781985947506024
38,321,Alfie Doughty,DEF,Luton,0.18020243499800234
38,778,James Wright,GK,Aston Villa,0.08514660217938719
38,346,João Cancelo,DEF,Man City,0.18020243499800234
38,584,Pau Torres,DEF,Aston Villa,0.18020243499800234
38,697,Santiago Bueno,DEF,Wolves,0.18020243499800234
38,3,Mohamed Elneny,MID,Arsenal,0.17781985947506024
38,245,Jarrad Branthwaite,DEF,Everton,0.18020243499800234
38,864,Yunus Konak,MID,Brentford,0.17781985947506024
38,825,Kaden Rodney,MID,Crystal Palace,0.17781985947506024
38,14,Martin Ødegaard,MID,Arsenal,0.17781985947506024
38,566,Matheus Luiz Nunes,MID,Man City,0.17781985947506024
38,683,Luke Harris,MID,Fulham,0.17781985947506024
38,564,Tom King,GK,Wolves,0.08514660217938719
38,350,Rúben Gato Alves Dias,DEF,Man City,0.18020243499800234
38,333,Dan Potts,DEF,Luton,0.18020243499800234
38,517,Djed Spence,DEF,Spurs,0.18020243499800234
38,693,Luke Thomas,DEF,Sheffield Utd,0.18020243499800234
38,33,Cameron Archer,FWD,Sheffield Utd,0.18767735971878252
38,49,Emiliano Martínez Romero,GK,Aston Villa,0.08514660217938719
38,270,Bobby De Cordova-Reid,MID,Fulham,0.17781985947506024
38,542,Tomáš Souček,MID,West Ham,0.17781985947506024
38,630,Ross Barkley,MID,Luton,0.17781985947506024
38,679,Gonzalo Montiel,DEF,Nott'm Forest,0.18020243499800234
38,801,Giovanni Reyna,MID,Nott'm Forest,0.17781985947506024
38,616,Joško Gvardiol,DEF,Man City,0.18020243499800234
38,362,Cole Palmer,MID,Chelsea,0.17781985947506024
38,507,Ivan Perišić,DEF,Spurs,0.18020243499800234
38,472,Jordan Amissah,GK,Sheffield Utd,0.08514660217938719
38,376,Carlos Henrique Casimiro,MID,Man Utd,0.17781985947506024
38,861,Noël Atom,DEF,Brighton,0.18020243499800234
38,384,Tom Heaton,GK,Man Utd,0.08514660217938719
38,814,Jacob Wright,MID,Man City,0.17781985947506024
38,312,Sepp van den Berg,DEF,Liverpool,0.18020243499800234
38,471,Anel Ahmedhodžić,DEF,Sheffield Utd,0.18020243499800234
38,643,Max Aarons,DEF,Bournemouth,0.18020243499800234
38,637,Josh Powell,DEF,Nott'm Forest,0.18020243499800234
38,511,Cristian Romero,DEF,Spurs,0.18020243499800234
38,546,Daniel Bentley,GK,Wolves,0.08514660217938719
38,831,Axel Piesold,MID,Luton,0.17781985947506024
38,185,Ethan Ampadu,DEF,Chelsea,0.18020243499800234
38,150,Jan Paul van Hecke,DEF,Brighton,0.18020243499800234
38,592,Yasser Larouci,DEF,Sheffield Utd,0.18020243499800234
38,196,Carney Chukwuemeka,MID,Chelsea,0.17781985947506024
38,326,Carlton Morris,FWD,Luton,0.18767735971878252
38,710,Odysseas Vlachodimos,GK,Nott'm Forest,0.08514660217938719
38,746,Ben Jackson,DEF,Brighton,0.18020243499800234
38,829,George Earthy,MID,West Ham,0.17781985947506024
38,479,Adam Davies,GK,Sheffield Utd,0.08514660217938719
38,744,Myles Peart-Harris,MID,Brentford,0.17781985947506024
38,234,Tyrick Mitchell,DEF,Crystal Palace,0.18020243499800234
38,504,James Maddison,MID,Spurs,0.17781985947506024
38,340,Cauley Woodrow,FWD,Luton,0.18767735971878252
38,308,Mohamed Salah,MID,Liverpool,0.17781985947506024
38,500,Harry Kane,FWD,Spurs,0.18767735971878252
38,367,Zack Steffen,GK,Man City,0.08514660217938719
38,82,Antoine Semenyo,FWD,Bournemouth,0.18767735971878252
38,737,Bradley Ibrahim,MID,Arsenal,0.17781985947506024
38,695,Altay Bayindir,GK,Man Utd,0.08514660217938719
38,213,Christian Pulisic,MID,Chelsea,0.17781985947506024
38,153,Adam Webster,DEF,Brighton,0.18020243499800234
38,293,Darwin Núñez Ribeiro,FWD,Liverpool,0.18767735971878252
38,611,Axel Disasi,DEF,Chelsea,0.18020243499800234
38,156,Enock Agyei,MID,Burnley,0.17781985947506024
38,1,Folarin Balogun,FWD,Arsenal,0.18767735971878252
38,51,Tyrone Mings,DEF,Aston Villa,0.18020243499800234
38,712,Nicolás Domínguez,MID,Nott'm Forest,0.17781985947506024
38,529,Conor Coventry,MID,West Ham,0.17781985947506024
38,478,Ismaila Coulibaly,MID,Sheffield Utd,0.17781985947506024
38,161,Josh Brownhill,MID,Burnley,0.17781985947506024
38,498,Fraser Forster,GK,Spurs,0.08514660217938719
38,231,Jefferson Lerma Solís,MID,Crystal Palace,0.17781985947506024
38,322,Luke Freeman,MID,Luton,0.17781985947506024
38,129,Lewis Dunk,DEF,Brighton,0.18020243499800234
38,189,César Azpilicueta,DEF,Chelsea,0.18020243499800234
38,756,Marcelo de Araújo Pitaluga Filho,GK,Liverpool,0.08514660217938719
38,805,Lorenz Assignon,DEF,Burnley,0.18020243499800234
38,441,Steve Cook,DEF,Nott'm Forest,0.18020243499800234
38,167,Hjalmar Ekdal,DEF,Burnley,0.18020243499800234
38,370,Alex Telles,DEF,Man Utd,0.18020243499800234
38,755,Luca Barrington,MID,Brighton,0.17781985947506024
38,569,José Malheiro de Sá,GK,Wolves,0.08514660217938719
38,266,João Neves Virgínia,GK,Everton,0.08514660217938719
38,276,Saša Lukić,MID,Fulham,0.17781985947506024
38,74,Emiliano Marcondes,MID,Bournemouth,0.17781985947506024
38,794,Joe White,MID,Newcastle,0.17781985947506024
38,55,Jacob Ramsey,MID,Aston Villa,0.17781985947506024
38,429,Sandro Tonali,MID,Newcastle,0.17781985947506024
38,771,Micah Hamilton,MID,Man City,0.17781985947506024
38,704,Nathan Fraser,FWD,Wolves,0.18767735971878252
38,107,Keane Lewis-Potter,MID,Brentford,0.17781985947506024
38,259,Dwight McNeil,MID,Everton,0.17781985947506024
38,786,Cameron Peupion,MID,Brighton,0.17781985947506024
38,126,Moisés Caicedo Corozo,MID,Chelsea,0.17781985947506024
38,9,Jorge Luiz Frello Filho,MID,Arsenal,0.17781985947506024
38,285,Kenny Tete,DEF,Fulham,0.18020243499800234
38,787,Harvey Griffiths,MID,Wolves,0.17781985947506024
38,162,Darko Churlinov,MID,Burnley,0.17781985947506024
38,661,Jack Harrison,MID,Everton,0.17781985947506024
38,338,Jack Walton,GK,Luton,0.08514660217938719
38,688,Timothy Castagne,DEF,Fulham,0.18020243499800234
38,84,Adam Smith,DEF,Bournemouth,0.18020243499800234
38,166,CJ Egan-Riley,DEF,Burnley,0.18020243499800234
38,207,Romelu Lukaku Bolingoli,FWD,Chelsea,0.18767735971878252
38,250,James Garner,MID,Everton,0.17781985947506024
38,217,Thiago Emiliano da Silva,DEF,Chelsea,0.18020243499800234
38,7,Rob Holding,DEF,Crystal Palace,0.18020243499800234
38,401,Aaron Wan-Bissaka,DEF,Man Utd,0.18020243499800234
38,149,Deniz Undav,FWD,Brighton,0.18767735971878252
38,380,Álvaro Fernández Carreras,DEF,Man Utd,0.18020243499800234
38,59,Bertrand Traoré,MID,Aston Villa,0.17781985947506024
38,262,Nathan Patterson,DEF,Everton,0.18020243499800234
38,212,Christopher Nkunku,FWD,Chelsea,0.18767735971878252
38,436,Serge Aurier,DEF,Nott'm Forest,0.18020243499800234
38,268,Tom Cairney,MID,Fulham,0.17781985947506024
38,435,Harry Arter,MID,Nott'm Forest,0.17781985947506024
38,718,Alex Matos,MID,Chelsea,0.17781985947506024
38,444,Mohamed Dräger,DEF,Nott'm Forest,0.18020243499800234
38,18,Rúnar Alex Rúnarsson,GK,Arsenal,0.08514660217938719
38,347,Scott Carson,GK,Man City,0.08514660217938719
38,859,Zak Sturge,DEF,Chelsea,0.18020243499800234
38,593,Bénie Traoré,FWD,Sheffield Utd,0.18767735971878252
38,585,Jurriën Timber,DEF,Arsenal,0.18020243499800234
38,160,Jordan Beyer,DEF,Burnley,0.18020243499800234
38,482,Wes Foderingham,GK,Sheffield Utd,0.08514660217938719
38,812,Lewis Koumas,FWD,Liverpool,0.18767735971878252
38,676,Konstantinos Mavropanos,DEF,West Ham,0.18020243499800234
38,681,Diego Manuel Jadon da Silva Moreira,MID,Chelsea,0.17781985947506024
38,225,Odsonne Edouard,FWD,Crystal Palace,0.18767735971878252
38,73,Jamal Lowe,MID,Bournemouth,0.17781985947506024
38,622,Owen Dodgson,DEF,Burnley,0.18020243499800234
38,425,Matt Ritchie,MID,Newcastle,0.17781985947506024
38,168,Lyle Foster,FWD,Burnley,0.18767735971878252
38,675,Aaron Ramsey,MID,Burnley,0.17781985947506024
38,142,James Milner,MID,Brighton,0.17781985947506024
38,600,Nathan Redmond,MID,Burnley,0.17781985947506024
38,121,Mathias Jorgensen,DEF,Brentford,0.18020243499800234
38,236,Michael Olise,MID,Crystal Palace,0.17781985947506024
38,515,Oliver Skipp,MID,Spurs,0.17781985947506024
38,40,Leander Dendoncker,MID,Aston Villa,0.17781985947506024
38,455,Scott McKenna,DEF,Nott'm Forest,0.18020243499800234
38,257,Michael Keane,DEF,Everton,0.18020243499800234
38,562,Sasa Kalajdzic,FWD,Wolves,0.18767735971878252
38,526,Jarrod Bowen,MID,West Ham,0.17781985947506024
38,28,Matt Turner,GK,Nott'm Forest,0.08514660217938719
38,216,Raheem Sterling,MID,Chelsea,0.17781985947506024
38,431,Kell Watts,DEF,Newcastle,0.18020243499800234
38,315,Mads Juel Andersen,DEF,Luton,0.18020243499800234
38,95,Sergi Canós Tenés,MID,Brentford,0.17781985947506024
38,65,Ryan Christie,MID,Bournemouth,0.17781985947506024
38,120,Yegor Yarmoliuk,MID,Brentford,0.17781985947506024
38,842,Roshaun Mathurin,MID,Crystal Palace,0.17781985947506024
38,145,Robert Sánchez,GK,Chelsea,0.08514660217938719
38,71,Gavin Kilkenny,MID,Bournemouth,0.17781985947506024
38,193,Armando Broja,FWD,Fulham,0.18767735971878252
38,85,Dominic Solanke,FWD,Bournemouth,0.18767735971878252
38,468,Chris Wood,FWD,Nott'm Forest,0.18767735971878252
38,644,Alex Scott,MID,Bournemouth,0.17781985947506024
38,54,Jaden Philogene-Bidace,MID,Aston Villa,0.17781985947506024
38,670,Filip Marschall,GK,Aston Villa,0.08514660217938719
38,364,Kalvin Phillips,MID,West Ham,0.17781985947506024
38,492,Rodrigo Bentancur,MID,Spurs,0.17781985947506024
38,36,Matty Cash,DEF,Aston Villa,0.18020243499800234
38,255,Mason Holgate,DEF,Sheffield Utd,0.18020243499800234
38,334,Glen Rea,MID,Luton,0.17781985947506024
38,62,Jaidon Anthony,MID,Bournemouth,0.17781985947506024
38,139,Tariq Lamptey,DEF,Brighton,0.18020243499800234
38,647,Joseph Anang,GK,West Ham,0.08514660217938719
38,473,George Baldock,DEF,Sheffield Utd,0.18020243499800234
38,414,Jeff Hendrick,MID,Newcastle,0.17781985947506024
38,411,Mark Gillespie,GK,Newcastle,0.08514660217938719
38,717,Ronnie Stutter,FWD,Chelsea,0.18767735971878252
38,572,Nélson Cabral Semedo,DEF,Wolves,0.18020243499800234
38,832,Wesley Okoduwa,DEF,Wolves,0.18020243499800234
38,277,Kevin Mbabu,DEF,Fulham,0.18020243499800234
38,389,Tyrell Malacia,DEF,Man Utd,0.18020243499800234
38,789,Hákon Valdimarsson,GK,Brentford,0.08514660217938719
38,687,Đorđe Petrović,GK,Chelsea,0.08514660217938719
38,727,Andros Townsend,MID,Luton,0.17781985947506024
38,238,Chris Richards,DEF,Crystal Palace,0.18020243499800234
38,299,Jordan Henderson,MID,Liverpool,0.17781985947506024
38,685,Daniel Gore,MID,Man Utd,0.17781985947506024
38,369,Kyle Walker,DEF,Man City,0.18020243499800234
38,631,Jacob Brown,FWD,Luton,0.18767735971878252
38,227,Vicente Guaita,GK,Crystal Palace,0.08514660217938719
38,459,Braian Ojeda Rodríguez,MID,Nott'm Forest,0.17781985947506024
38,93,Mads Bech Sørensen,DEF,Brentford,0.18020243499800234
